Source,Target,IntervalNumber,StartTime,EndTime,Duration,StartOrbit,EndOrbit
Ground_Point_1,SAT_1,1,01-Jan-2030 21:06:10,01-Jan-2030 21:07:15,65,NaN,NaN
Ground_Point_2,SAT_1,1,01-Jan-2030 06:43:40,01-Jan-2030 06:44:55,75,NaN,NaN
Ground_Point_2,SAT_1,2,01-Jan-2030 08:17:30,01-Jan-2030 08:18:10,40,NaN,NaN
Ground_Point_2,SAT_1,3,01-Jan-2030 12:57:20,01-Jan-2030 12:58:35,75,NaN,NaN
Ground_Point_2,SAT_1,4,01-Jan-2030 14:31:35,01-Jan-2030 14:31:50,15,NaN,NaN
Ground_Point_2,SAT_1,5,02-Jan-2030 06:22:05,02-Jan-2030 06:23:00,55,NaN,NaN
Ground_Point_2,SAT_1,6,02-Jan-2030 07:55:40,02-Jan-2030 07:56:45,65,NaN,NaN
Ground_Point_2,SAT_1,7,02-Jan-2030 12:35:50,02-Jan-2030 12:36:45,55,NaN,NaN
Ground_Point_2,SAT_1,8,02-Jan-2030 14:09:25,02-Jan-2030 14:10:30,65,NaN,NaN
Ground_Point_2,SAT_1,9,03-Jan-2030 07:33:55,03-Jan-2030 07:35:10,75,NaN,NaN
Ground_Point_2,SAT_1,10,03-Jan-2030 12:14:20,03-Jan-2030 12:15:00,40,NaN,NaN
Ground_Point_2,SAT_1,11,03-Jan-2030 13:47:35,03-Jan-2030 13:48:55,80,NaN,NaN
Ground_Point_3,SAT_1,1,01-Jan-2030 06:43:40,01-Jan-2030 06:44:55,75,NaN,NaN
Ground_Point_3,SAT_1,2,01-Jan-2030 08:17:30,01-Jan-2030 08:18:10,40,NaN,NaN
Ground_Point_3,SAT_1,3,01-Jan-2030 12:57:20,01-Jan-2030 12:58:35,75,NaN,NaN
Ground_Point_3,SAT_1,4,01-Jan-2030 14:31:35,01-Jan-2030 14:31:50,15,NaN,NaN
Ground_Point_3,SAT_1,5,02-Jan-2030 06:22:05,02-Jan-2030 06:23:00,55,NaN,NaN
Ground_Point_3,SAT_1,6,02-Jan-2030 07:55:40,02-Jan-2030 07:56:45,65,NaN,NaN
Ground_Point_3,SAT_1,7,02-Jan-2030 12:35:50,02-Jan-2030 12:36:45,55,NaN,NaN
Ground_Point_3,SAT_1,8,02-Jan-2030 14:09:25,02-Jan-2030 14:10:30,65,NaN,NaN
Ground_Point_3,SAT_1,9,03-Jan-2030 07:33:55,03-Jan-2030 07:35:10,75,NaN,NaN
Ground_Point_3,SAT_1,10,03-Jan-2030 12:14:20,03-Jan-2030 12:15:00,40,NaN,NaN
Ground_Point_3,SAT_1,11,03-Jan-2030 13:47:35,03-Jan-2030 13:48:55,80,NaN,NaN
Ground_Point_4,SAT_1,1,01-Jan-2030 06:43:40,01-Jan-2030 06:44:55,75,NaN,NaN
Ground_Point_4,SAT_1,2,01-Jan-2030 08:17:30,01-Jan-2030 08:18:10,40,NaN,NaN
Ground_Point_4,SAT_1,3,01-Jan-2030 12:57:20,01-Jan-2030 12:58:35,75,NaN,NaN
Ground_Point_4,SAT_1,4,01-Jan-2030 14:31:35,01-Jan-2030 14:31:50,15,NaN,NaN
Ground_Point_4,SAT_1,5,02-Jan-2030 06:22:05,02-Jan-2030 06:23:00,55,NaN,NaN
Ground_Point_4,SAT_1,6,02-Jan-2030 07:55:40,02-Jan-2030 07:56:45,65,NaN,NaN
Ground_Point_4,SAT_1,7,02-Jan-2030 12:35:50,02-Jan-2030 12:36:45,55,NaN,NaN
Ground_Point_4,SAT_1,8,02-Jan-2030 14:09:25,02-Jan-2030 14:10:30,65,NaN,NaN
Ground_Point_4,SAT_1,9,03-Jan-2030 07:33:55,03-Jan-2030 07:35:10,75,NaN,NaN
Ground_Point_4,SAT_1,10,03-Jan-2030 12:14:20,03-Jan-2030 12:15:00,40,NaN,NaN
Ground_Point_4,SAT_1,11,03-Jan-2030 13:47:35,03-Jan-2030 13:48:55,80,NaN,NaN
Ground_Point_5,SAT_1,1,01-Jan-2030 06:43:40,01-Jan-2030 06:44:55,75,NaN,NaN
Ground_Point_5,SAT_1,2,01-Jan-2030 08:17:30,01-Jan-2030 08:18:10,40,NaN,NaN
Ground_Point_5,SAT_1,3,01-Jan-2030 12:57:20,01-Jan-2030 12:58:35,75,NaN,NaN
Ground_Point_5,SAT_1,4,01-Jan-2030 14:31:35,01-Jan-2030 14:31:50,15,NaN,NaN
Ground_Point_5,SAT_1,5,02-Jan-2030 06:22:05,02-Jan-2030 06:23:00,55,NaN,NaN
Ground_Point_5,SAT_1,6,02-Jan-2030 07:55:40,02-Jan-2030 07:56:45,65,NaN,NaN
Ground_Point_5,SAT_1,7,02-Jan-2030 12:35:50,02-Jan-2030 12:36:45,55,NaN,NaN
Ground_Point_5,SAT_1,8,02-Jan-2030 14:09:25,02-Jan-2030 14:10:30,65,NaN,NaN
Ground_Point_5,SAT_1,9,03-Jan-2030 07:33:55,03-Jan-2030 07:35:10,75,NaN,NaN
Ground_Point_5,SAT_1,10,03-Jan-2030 12:14:20,03-Jan-2030 12:15:00,40,NaN,NaN
Ground_Point_5,SAT_1,11,03-Jan-2030 13:47:35,03-Jan-2030 13:48:55,80,NaN,NaN
Ground_Point_6,SAT_1,1,01-Jan-2030 18:34:35,01-Jan-2030 18:35:50,75,NaN,NaN
Ground_Point_6,SAT_1,2,02-Jan-2030 03:53:05,02-Jan-2030 03:54:00,55,NaN,NaN
Ground_Point_6,SAT_1,3,03-Jan-2030 03:31:10,03-Jan-2030 03:32:30,80,NaN,NaN
Ground_Point_6,SAT_1,4,03-Jan-2030 19:25:05,03-Jan-2030 19:25:50,45,NaN,NaN
Ground_Point_7,SAT_1,1,01-Jan-2030 05:11:50,01-Jan-2030 05:12:55,65,NaN,NaN
Ground_Point_7,SAT_1,2,01-Jan-2030 14:28:55,01-Jan-2030 14:30:15,80,NaN,NaN
Ground_Point_7,SAT_1,3,02-Jan-2030 14:07:30,02-Jan-2030 14:08:20,50,NaN,NaN
Ground_Point_7,SAT_1,4,03-Jan-2030 06:02:20,03-Jan-2030 06:02:55,35,NaN,NaN
Ground_Point_8,SAT_1,1,01-Jan-2030 00:18:35,01-Jan-2030 00:18:40,5,NaN,NaN
Ground_Point_8,SAT_1,2,02-Jan-2030 15:51:45,02-Jan-2030 15:52:50,65,NaN,NaN
Ground_Point_8,SAT_1,3,03-Jan-2030 01:08:20,03-Jan-2030 01:09:25,65,NaN,NaN
Ground_Point_8,SAT_1,4,03-Jan-2030 15:30:00,03-Jan-2030 15:31:15,75,NaN,NaN
Ground_Point_9,SAT_1,1,01-Jan-2030 01:51:15,01-Jan-2030 01:52:30,75,NaN,NaN
Ground_Point_9,SAT_1,2,01-Jan-2030 16:14:45,01-Jan-2030 16:16:00,75,NaN,NaN
Ground_Point_9,SAT_1,3,02-Jan-2030 15:53:30,02-Jan-2030 15:53:50,20,NaN,NaN
Ground_Point_10,SAT_1,1,01-Jan-2030 09:05:15,01-Jan-2030 09:06:30,75,NaN,NaN
Ground_Point_10,SAT_1,2,01-Jan-2030 15:18:45,01-Jan-2030 15:20:00,75,NaN,NaN
Ground_Point_10,SAT_1,3,02-Jan-2030 08:43:30,02-Jan-2030 08:44:50,80,NaN,NaN
Ground_Point_10,SAT_1,4,02-Jan-2030 14:57:10,02-Jan-2030 14:58:20,70,NaN,NaN
Ground_Point_10,SAT_1,5,02-Jan-2030 16:31:25,02-Jan-2030 16:31:30,5,NaN,NaN
Ground_Point_10,SAT_1,6,03-Jan-2030 08:21:55,03-Jan-2030 08:23:05,70,NaN,NaN
Ground_Point_10,SAT_1,7,03-Jan-2030 09:55:40,03-Jan-2030 09:56:30,50,NaN,NaN
Ground_Point_10,SAT_1,8,03-Jan-2030 14:35:35,03-Jan-2030 14:36:30,55,NaN,NaN
Ground_Point_10,SAT_1,9,03-Jan-2030 16:09:10,03-Jan-2030 16:10:15,65,NaN,NaN
Ground_Point_11,SAT_1,1,02-Jan-2030 23:01:40,02-Jan-2030 23:02:10,30,NaN,NaN
Ground_Point_11,SAT_1,2,03-Jan-2030 22:39:40,03-Jan-2030 22:40:55,75,NaN,NaN
Ground_Point_12,SAT_1,1,03-Jan-2030 17:35:00,03-Jan-2030 17:36:20,80,NaN,NaN
Ground_Point_1,SAT_2,1,03-Jan-2030 08:28:45,03-Jan-2030 08:30:00,75,NaN,NaN
Ground_Point_2,SAT_2,1,01-Jan-2030 06:20:20,01-Jan-2030 06:21:15,55,NaN,NaN
Ground_Point_2,SAT_2,2,01-Jan-2030 07:53:55,01-Jan-2030 07:55:00,65,NaN,NaN
Ground_Point_2,SAT_2,3,01-Jan-2030 12:34:05,01-Jan-2030 12:35:00,55,NaN,NaN
Ground_Point_2,SAT_2,4,01-Jan-2030 14:07:40,01-Jan-2030 14:08:45,65,NaN,NaN
Ground_Point_2,SAT_2,5,02-Jan-2030 07:32:10,02-Jan-2030 07:33:25,75,NaN,NaN
Ground_Point_2,SAT_2,6,02-Jan-2030 12:12:35,02-Jan-2030 12:13:10,35,NaN,NaN
Ground_Point_2,SAT_2,7,02-Jan-2030 13:45:50,02-Jan-2030 13:47:05,75,NaN,NaN
Ground_Point_2,SAT_2,8,03-Jan-2030 07:10:30,03-Jan-2030 07:11:45,75,NaN,NaN
Ground_Point_2,SAT_2,9,03-Jan-2030 13:24:05,03-Jan-2030 13:25:25,80,NaN,NaN
Ground_Point_3,SAT_2,1,01-Jan-2030 06:20:20,01-Jan-2030 06:21:15,55,NaN,NaN
Ground_Point_3,SAT_2,2,01-Jan-2030 07:53:55,01-Jan-2030 07:55:00,65,NaN,NaN
Ground_Point_3,SAT_2,3,01-Jan-2030 12:34:05,01-Jan-2030 12:35:00,55,NaN,NaN
Ground_Point_3,SAT_2,4,01-Jan-2030 14:07:40,01-Jan-2030 14:08:45,65,NaN,NaN
Ground_Point_3,SAT_2,5,02-Jan-2030 07:32:10,02-Jan-2030 07:33:25,75,NaN,NaN
Ground_Point_3,SAT_2,6,02-Jan-2030 12:12:35,02-Jan-2030 12:13:10,35,NaN,NaN
Ground_Point_3,SAT_2,7,02-Jan-2030 13:45:50,02-Jan-2030 13:47:05,75,NaN,NaN
Ground_Point_3,SAT_2,8,03-Jan-2030 07:10:30,03-Jan-2030 07:11:45,75,NaN,NaN
Ground_Point_3,SAT_2,9,03-Jan-2030 13:24:05,03-Jan-2030 13:25:25,80,NaN,NaN
Ground_Point_4,SAT_2,1,01-Jan-2030 06:20:20,01-Jan-2030 06:21:15,55,NaN,NaN
Ground_Point_4,SAT_2,2,01-Jan-2030 07:53:55,01-Jan-2030 07:55:00,65,NaN,NaN
Ground_Point_4,SAT_2,3,01-Jan-2030 12:34:05,01-Jan-2030 12:35:00,55,NaN,NaN
Ground_Point_4,SAT_2,4,01-Jan-2030 14:07:40,01-Jan-2030 14:08:45,65,NaN,NaN
Ground_Point_4,SAT_2,5,02-Jan-2030 07:32:10,02-Jan-2030 07:33:25,75,NaN,NaN
Ground_Point_4,SAT_2,6,02-Jan-2030 12:12:35,02-Jan-2030 12:13:10,35,NaN,NaN
Ground_Point_4,SAT_2,7,02-Jan-2030 13:45:50,02-Jan-2030 13:47:05,75,NaN,NaN
Ground_Point_4,SAT_2,8,03-Jan-2030 07:10:30,03-Jan-2030 07:11:45,75,NaN,NaN
Ground_Point_4,SAT_2,9,03-Jan-2030 13:24:05,03-Jan-2030 13:25:25,80,NaN,NaN
Ground_Point_5,SAT_2,1,01-Jan-2030 06:20:20,01-Jan-2030 06:21:15,55,NaN,NaN
Ground_Point_5,SAT_2,2,01-Jan-2030 07:53:55,01-Jan-2030 07:55:00,65,NaN,NaN
Ground_Point_5,SAT_2,3,01-Jan-2030 12:34:05,01-Jan-2030 12:35:00,55,NaN,NaN
Ground_Point_5,SAT_2,4,01-Jan-2030 14:07:40,01-Jan-2030 14:08:45,65,NaN,NaN
Ground_Point_5,SAT_2,5,02-Jan-2030 07:32:10,02-Jan-2030 07:33:25,75,NaN,NaN
Ground_Point_5,SAT_2,6,02-Jan-2030 12:12:35,02-Jan-2030 12:13:10,35,NaN,NaN
Ground_Point_5,SAT_2,7,02-Jan-2030 13:45:50,02-Jan-2030 13:47:05,75,NaN,NaN
Ground_Point_5,SAT_2,8,03-Jan-2030 07:10:30,03-Jan-2030 07:11:45,75,NaN,NaN
Ground_Point_5,SAT_2,9,03-Jan-2030 13:24:05,03-Jan-2030 13:25:25,80,NaN,NaN
Ground_Point_6,SAT_2,1,01-Jan-2030 03:51:20,01-Jan-2030 03:52:15,55,NaN,NaN
Ground_Point_6,SAT_2,2,02-Jan-2030 03:29:25,02-Jan-2030 03:30:45,80,NaN,NaN
Ground_Point_6,SAT_2,3,02-Jan-2030 19:23:20,02-Jan-2030 19:24:05,45,NaN,NaN
Ground_Point_6,SAT_2,4,03-Jan-2030 03:07:50,03-Jan-2030 03:09:00,70,NaN,NaN
Ground_Point_6,SAT_2,5,03-Jan-2030 19:01:25,03-Jan-2030 19:02:40,75,NaN,NaN
Ground_Point_7,SAT_2,1,01-Jan-2030 14:05:50,01-Jan-2030 14:06:30,40,NaN,NaN
Ground_Point_7,SAT_2,2,02-Jan-2030 06:00:30,02-Jan-2030 06:01:15,45,NaN,NaN
Ground_Point_7,SAT_2,3,03-Jan-2030 05:38:35,03-Jan-2030 05:39:50,75,NaN,NaN
Ground_Point_7,SAT_2,4,03-Jan-2030 14:55:55,03-Jan-2030 14:56:55,60,NaN,NaN
Ground_Point_8,SAT_2,1,01-Jan-2030 15:50:00,01-Jan-2030 15:51:05,65,NaN,NaN
Ground_Point_8,SAT_2,2,02-Jan-2030 01:06:35,02-Jan-2030 01:07:40,65,NaN,NaN
Ground_Point_8,SAT_2,3,02-Jan-2030 15:28:15,02-Jan-2030 15:29:30,75,NaN,NaN
Ground_Point_8,SAT_2,4,03-Jan-2030 00:44:45,03-Jan-2030 00:46:05,80,NaN,NaN
Ground_Point_8,SAT_2,5,03-Jan-2030 15:07:00,03-Jan-2030 15:07:20,20,NaN,NaN
Ground_Point_9,SAT_2,1,03-Jan-2030 02:18:15,03-Jan-2030 02:19:15,60,NaN,NaN
Ground_Point_9,SAT_2,2,03-Jan-2030 16:41:55,03-Jan-2030 16:42:30,35,NaN,NaN
Ground_Point_10,SAT_2,1,01-Jan-2030 08:41:45,01-Jan-2030 08:43:05,80,NaN,NaN
Ground_Point_10,SAT_2,2,01-Jan-2030 10:15:55,01-Jan-2030 10:16:00,5,NaN,NaN
Ground_Point_10,SAT_2,3,01-Jan-2030 14:55:25,01-Jan-2030 14:56:35,70,NaN,NaN
Ground_Point_10,SAT_2,4,01-Jan-2030 16:29:35,01-Jan-2030 16:29:50,15,NaN,NaN
Ground_Point_10,SAT_2,5,02-Jan-2030 08:20:10,02-Jan-2030 08:21:15,65,NaN,NaN
Ground_Point_10,SAT_2,6,02-Jan-2030 09:53:55,02-Jan-2030 09:54:45,50,NaN,NaN
Ground_Point_10,SAT_2,7,02-Jan-2030 14:33:55,02-Jan-2030 14:34:45,50,NaN,NaN
Ground_Point_10,SAT_2,8,02-Jan-2030 16:07:25,02-Jan-2030 16:08:30,65,NaN,NaN
Ground_Point_10,SAT_2,9,03-Jan-2030 07:58:45,03-Jan-2030 07:59:15,30,NaN,NaN
Ground_Point_10,SAT_2,10,03-Jan-2030 09:32:10,03-Jan-2030 09:33:15,65,NaN,NaN
Ground_Point_10,SAT_2,11,03-Jan-2030 14:12:30,03-Jan-2030 14:12:50,20,NaN,NaN
Ground_Point_10,SAT_2,12,03-Jan-2030 15:45:35,03-Jan-2030 15:46:55,80,NaN,NaN
Ground_Point_11,SAT_2,1,01-Jan-2030 22:59:50,01-Jan-2030 23:00:30,40,NaN,NaN
Ground_Point_11,SAT_2,2,02-Jan-2030 22:37:55,02-Jan-2030 22:39:05,70,NaN,NaN
Ground_Point_11,SAT_2,3,03-Jan-2030 09:20:25,03-Jan-2030 09:21:40,75,NaN,NaN
Ground_Point_12,SAT_2,1,02-Jan-2030 06:54:25,02-Jan-2030 06:54:50,25,NaN,NaN
Ground_Point_12,SAT_2,2,02-Jan-2030 17:33:15,02-Jan-2030 17:34:35,80,NaN,NaN
Ground_Point_12,SAT_2,3,03-Jan-2030 06:32:20,03-Jan-2030 06:33:30,70,NaN,NaN
Ground_Point_1,SAT_3,1,02-Jan-2030 08:27:00,02-Jan-2030 08:28:20,80,NaN,NaN
Ground_Point_1,SAT_3,2,03-Jan-2030 21:09:40,03-Jan-2030 21:10:55,75,NaN,NaN
Ground_Point_2,SAT_3,1,01-Jan-2030 07:30:25,01-Jan-2030 07:31:40,75,NaN,NaN
Ground_Point_2,SAT_3,2,01-Jan-2030 12:10:55,01-Jan-2030 12:11:25,30,NaN,NaN
Ground_Point_2,SAT_3,3,01-Jan-2030 13:44:05,01-Jan-2030 13:45:25,80,NaN,NaN
Ground_Point_2,SAT_3,4,02-Jan-2030 07:08:45,02-Jan-2030 07:10:05,80,NaN,NaN
Ground_Point_2,SAT_3,5,02-Jan-2030 13:22:25,02-Jan-2030 13:23:45,80,NaN,NaN
Ground_Point_2,SAT_3,6,03-Jan-2030 06:47:10,03-Jan-2030 06:48:25,75,NaN,NaN
Ground_Point_2,SAT_3,7,03-Jan-2030 08:21:05,03-Jan-2030 08:21:40,35,NaN,NaN
Ground_Point_2,SAT_3,8,03-Jan-2030 13:00:55,03-Jan-2030 13:02:05,70,NaN,NaN
Ground_Point_3,SAT_3,1,01-Jan-2030 07:30:25,01-Jan-2030 07:31:40,75,NaN,NaN
Ground_Point_3,SAT_3,2,01-Jan-2030 12:10:55,01-Jan-2030 12:11:25,30,NaN,NaN
Ground_Point_3,SAT_3,3,01-Jan-2030 13:44:05,01-Jan-2030 13:45:25,80,NaN,NaN
Ground_Point_3,SAT_3,4,02-Jan-2030 07:08:45,02-Jan-2030 07:10:05,80,NaN,NaN
Ground_Point_3,SAT_3,5,02-Jan-2030 13:22:25,02-Jan-2030 13:23:45,80,NaN,NaN
Ground_Point_3,SAT_3,6,03-Jan-2030 06:47:10,03-Jan-2030 06:48:25,75,NaN,NaN
Ground_Point_3,SAT_3,7,03-Jan-2030 08:21:05,03-Jan-2030 08:21:40,35,NaN,NaN
Ground_Point_3,SAT_3,8,03-Jan-2030 13:00:55,03-Jan-2030 13:02:05,70,NaN,NaN
Ground_Point_4,SAT_3,1,01-Jan-2030 07:30:25,01-Jan-2030 07:31:40,75,NaN,NaN
Ground_Point_4,SAT_3,2,01-Jan-2030 12:10:55,01-Jan-2030 12:11:25,30,NaN,NaN
Ground_Point_4,SAT_3,3,01-Jan-2030 13:44:05,01-Jan-2030 13:45:25,80,NaN,NaN
Ground_Point_4,SAT_3,4,02-Jan-2030 07:08:45,02-Jan-2030 07:10:05,80,NaN,NaN
Ground_Point_4,SAT_3,5,02-Jan-2030 13:22:25,02-Jan-2030 13:23:45,80,NaN,NaN
Ground_Point_4,SAT_3,6,03-Jan-2030 06:47:10,03-Jan-2030 06:48:25,75,NaN,NaN
Ground_Point_4,SAT_3,7,03-Jan-2030 08:21:05,03-Jan-2030 08:21:40,35,NaN,NaN
Ground_Point_4,SAT_3,8,03-Jan-2030 13:00:55,03-Jan-2030 13:02:05,70,NaN,NaN
Ground_Point_5,SAT_3,1,01-Jan-2030 07:30:25,01-Jan-2030 07:31:40,75,NaN,NaN
Ground_Point_5,SAT_3,2,01-Jan-2030 12:10:55,01-Jan-2030 12:11:25,30,NaN,NaN
Ground_Point_5,SAT_3,3,01-Jan-2030 13:44:05,01-Jan-2030 13:45:25,80,NaN,NaN
Ground_Point_5,SAT_3,4,02-Jan-2030 07:08:45,02-Jan-2030 07:10:05,80,NaN,NaN
Ground_Point_5,SAT_3,5,02-Jan-2030 13:22:25,02-Jan-2030 13:23:45,80,NaN,NaN
Ground_Point_5,SAT_3,6,03-Jan-2030 06:47:10,03-Jan-2030 06:48:25,75,NaN,NaN
Ground_Point_5,SAT_3,7,03-Jan-2030 08:21:05,03-Jan-2030 08:21:40,35,NaN,NaN
Ground_Point_5,SAT_3,8,03-Jan-2030 13:00:55,03-Jan-2030 13:02:05,70,NaN,NaN
Ground_Point_6,SAT_3,1,01-Jan-2030 03:27:40,01-Jan-2030 03:29:00,80,NaN,NaN
Ground_Point_6,SAT_3,2,01-Jan-2030 19:21:35,01-Jan-2030 19:22:25,50,NaN,NaN
Ground_Point_6,SAT_3,3,02-Jan-2030 03:06:10,02-Jan-2030 03:07:15,65,NaN,NaN
Ground_Point_6,SAT_3,4,02-Jan-2030 18:59:45,02-Jan-2030 19:01:05,80,NaN,NaN
Ground_Point_6,SAT_3,5,03-Jan-2030 18:38:10,03-Jan-2030 18:39:25,75,NaN,NaN
Ground_Point_7,SAT_3,1,01-Jan-2030 05:58:45,01-Jan-2030 05:59:30,45,NaN,NaN
Ground_Point_7,SAT_3,2,02-Jan-2030 05:36:55,02-Jan-2030 05:38:10,75,NaN,NaN
Ground_Point_7,SAT_3,3,02-Jan-2030 14:54:15,02-Jan-2030 14:55:20,65,NaN,NaN
Ground_Point_7,SAT_3,4,03-Jan-2030 05:15:20,03-Jan-2030 05:16:30,70,NaN,NaN
Ground_Point_7,SAT_3,5,03-Jan-2030 14:32:25,03-Jan-2030 14:33:45,80,NaN,NaN
Ground_Point_8,SAT_3,1,01-Jan-2030 01:04:45,01-Jan-2030 01:05:55,70,NaN,NaN
Ground_Point_8,SAT_3,2,01-Jan-2030 15:26:30,01-Jan-2030 15:27:50,80,NaN,NaN
Ground_Point_8,SAT_3,3,02-Jan-2030 00:43:05,02-Jan-2030 00:44:20,75,NaN,NaN
Ground_Point_8,SAT_3,4,03-Jan-2030 00:21:55,03-Jan-2030 00:22:25,30,NaN,NaN
Ground_Point_9,SAT_3,1,02-Jan-2030 02:16:35,02-Jan-2030 02:17:35,60,NaN,NaN
Ground_Point_9,SAT_3,2,02-Jan-2030 16:40:10,02-Jan-2030 16:40:55,45,NaN,NaN
Ground_Point_9,SAT_3,3,03-Jan-2030 01:54:45,03-Jan-2030 01:56:05,80,NaN,NaN
Ground_Point_9,SAT_3,4,03-Jan-2030 16:18:15,03-Jan-2030 16:19:35,80,NaN,NaN
Ground_Point_10,SAT_3,1,01-Jan-2030 08:18:25,01-Jan-2030 08:19:30,65,NaN,NaN
Ground_Point_10,SAT_3,2,01-Jan-2030 09:52:10,01-Jan-2030 09:53:05,55,NaN,NaN
Ground_Point_10,SAT_3,3,01-Jan-2030 14:32:10,01-Jan-2030 14:33:00,50,NaN,NaN
Ground_Point_10,SAT_3,4,01-Jan-2030 16:05:40,01-Jan-2030 16:06:45,65,NaN,NaN
Ground_Point_10,SAT_3,5,02-Jan-2030 07:57:05,02-Jan-2030 07:57:30,25,NaN,NaN
Ground_Point_10,SAT_3,6,02-Jan-2030 09:30:25,02-Jan-2030 09:31:35,70,NaN,NaN
Ground_Point_10,SAT_3,7,02-Jan-2030 14:10:55,02-Jan-2030 14:11:10,15,NaN,NaN
Ground_Point_10,SAT_3,8,02-Jan-2030 15:43:55,02-Jan-2030 15:45:15,80,NaN,NaN
Ground_Point_10,SAT_3,9,03-Jan-2030 09:08:45,03-Jan-2030 09:10:05,80,NaN,NaN
Ground_Point_10,SAT_3,10,03-Jan-2030 15:22:15,03-Jan-2030 15:23:35,80,NaN,NaN
Ground_Point_11,SAT_3,1,01-Jan-2030 22:36:15,01-Jan-2030 22:37:25,70,NaN,NaN
Ground_Point_11,SAT_3,2,02-Jan-2030 09:18:45,02-Jan-2030 09:20:00,75,NaN,NaN
Ground_Point_12,SAT_3,1,01-Jan-2030 06:52:30,01-Jan-2030 06:53:10,40,NaN,NaN
Ground_Point_12,SAT_3,2,01-Jan-2030 17:31:35,01-Jan-2030 17:32:50,75,NaN,NaN
Ground_Point_12,SAT_3,3,02-Jan-2030 06:30:45,02-Jan-2030 06:31:50,65,NaN,NaN
Ground_Point_1,SAT_4,1,01-Jan-2030 08:25:15,01-Jan-2030 08:26:30,75,NaN,NaN
Ground_Point_1,SAT_4,2,02-Jan-2030 21:07:50,02-Jan-2030 21:09:00,70,NaN,NaN
Ground_Point_2,SAT_4,1,01-Jan-2030 07:07:00,01-Jan-2030 07:08:20,80,NaN,NaN
Ground_Point_2,SAT_4,2,01-Jan-2030 13:20:40,01-Jan-2030 13:21:55,75,NaN,NaN
Ground_Point_2,SAT_4,3,02-Jan-2030 06:45:20,02-Jan-2030 06:46:35,75,NaN,NaN
Ground_Point_2,SAT_4,4,02-Jan-2030 08:19:10,02-Jan-2030 08:19:50,40,NaN,NaN
Ground_Point_2,SAT_4,5,02-Jan-2030 12:59:00,02-Jan-2030 13:00:15,75,NaN,NaN
Ground_Point_2,SAT_4,6,02-Jan-2030 14:33:20,02-Jan-2030 14:33:25,5,NaN,NaN
Ground_Point_2,SAT_4,7,03-Jan-2030 06:23:45,03-Jan-2030 06:24:45,60,NaN,NaN
Ground_Point_2,SAT_4,8,03-Jan-2030 07:57:25,03-Jan-2030 07:58:25,60,NaN,NaN
Ground_Point_2,SAT_4,9,03-Jan-2030 12:37:30,03-Jan-2030 12:38:30,60,NaN,NaN
Ground_Point_2,SAT_4,10,03-Jan-2030 14:11:05,03-Jan-2030 14:12:10,65,NaN,NaN
Ground_Point_3,SAT_4,1,01-Jan-2030 07:07:00,01-Jan-2030 07:08:20,80,NaN,NaN
Ground_Point_3,SAT_4,2,01-Jan-2030 13:20:40,01-Jan-2030 13:21:55,75,NaN,NaN
Ground_Point_3,SAT_4,3,02-Jan-2030 06:45:20,02-Jan-2030 06:46:35,75,NaN,NaN
Ground_Point_3,SAT_4,4,02-Jan-2030 08:19:10,02-Jan-2030 08:19:50,40,NaN,NaN
Ground_Point_3,SAT_4,5,02-Jan-2030 12:59:00,02-Jan-2030 13:00:15,75,NaN,NaN
Ground_Point_3,SAT_4,6,02-Jan-2030 14:33:20,02-Jan-2030 14:33:25,5,NaN,NaN
Ground_Point_3,SAT_4,7,03-Jan-2030 06:23:45,03-Jan-2030 06:24:45,60,NaN,NaN
Ground_Point_3,SAT_4,8,03-Jan-2030 07:57:25,03-Jan-2030 07:58:25,60,NaN,NaN
Ground_Point_3,SAT_4,9,03-Jan-2030 12:37:30,03-Jan-2030 12:38:30,60,NaN,NaN
Ground_Point_3,SAT_4,10,03-Jan-2030 14:11:05,03-Jan-2030 14:12:10,65,NaN,NaN
Ground_Point_4,SAT_4,1,01-Jan-2030 07:07:00,01-Jan-2030 07:08:20,80,NaN,NaN
Ground_Point_4,SAT_4,2,01-Jan-2030 13:20:40,01-Jan-2030 13:21:55,75,NaN,NaN
Ground_Point_4,SAT_4,3,02-Jan-2030 06:45:20,02-Jan-2030 06:46:35,75,NaN,NaN
Ground_Point_4,SAT_4,4,02-Jan-2030 08:19:10,02-Jan-2030 08:19:50,40,NaN,NaN
Ground_Point_4,SAT_4,5,02-Jan-2030 12:59:00,02-Jan-2030 13:00:15,75,NaN,NaN
Ground_Point_4,SAT_4,6,02-Jan-2030 14:33:20,02-Jan-2030 14:33:25,5,NaN,NaN
Ground_Point_4,SAT_4,7,03-Jan-2030 06:23:45,03-Jan-2030 06:24:45,60,NaN,NaN
Ground_Point_4,SAT_4,8,03-Jan-2030 07:57:25,03-Jan-2030 07:58:25,60,NaN,NaN
Ground_Point_4,SAT_4,9,03-Jan-2030 12:37:30,03-Jan-2030 12:38:30,60,NaN,NaN
Ground_Point_4,SAT_4,10,03-Jan-2030 14:11:05,03-Jan-2030 14:12:10,65,NaN,NaN
Ground_Point_5,SAT_4,1,01-Jan-2030 07:07:00,01-Jan-2030 07:08:20,80,NaN,NaN
Ground_Point_5,SAT_4,2,01-Jan-2030 13:20:40,01-Jan-2030 13:21:55,75,NaN,NaN
Ground_Point_5,SAT_4,3,02-Jan-2030 06:45:20,02-Jan-2030 06:46:35,75,NaN,NaN
Ground_Point_5,SAT_4,4,02-Jan-2030 08:19:10,02-Jan-2030 08:19:50,40,NaN,NaN
Ground_Point_5,SAT_4,5,02-Jan-2030 12:59:00,02-Jan-2030 13:00:15,75,NaN,NaN
Ground_Point_5,SAT_4,6,02-Jan-2030 14:33:20,02-Jan-2030 14:33:25,5,NaN,NaN
Ground_Point_5,SAT_4,7,03-Jan-2030 06:23:45,03-Jan-2030 06:24:45,60,NaN,NaN
Ground_Point_5,SAT_4,8,03-Jan-2030 07:57:25,03-Jan-2030 07:58:25,60,NaN,NaN
Ground_Point_5,SAT_4,9,03-Jan-2030 12:37:30,03-Jan-2030 12:38:30,60,NaN,NaN
Ground_Point_5,SAT_4,10,03-Jan-2030 14:11:05,03-Jan-2030 14:12:10,65,NaN,NaN
Ground_Point_6,SAT_4,1,01-Jan-2030 03:04:25,01-Jan-2030 03:05:30,65,NaN,NaN
Ground_Point_6,SAT_4,2,01-Jan-2030 18:57:55,01-Jan-2030 18:59:15,80,NaN,NaN
Ground_Point_6,SAT_4,3,02-Jan-2030 18:36:15,02-Jan-2030 18:37:30,75,NaN,NaN
Ground_Point_6,SAT_4,4,03-Jan-2030 03:54:45,03-Jan-2030 03:55:40,55,NaN,NaN
Ground_Point_6,SAT_4,5,03-Jan-2030 18:15:00,03-Jan-2030 18:15:15,15,NaN,NaN
Ground_Point_7,SAT_4,1,01-Jan-2030 05:35:05,01-Jan-2030 05:36:25,80,NaN,NaN
Ground_Point_7,SAT_4,2,01-Jan-2030 14:52:25,01-Jan-2030 14:53:30,65,NaN,NaN
Ground_Point_7,SAT_4,3,02-Jan-2030 05:13:30,02-Jan-2030 05:14:35,65,NaN,NaN
Ground_Point_7,SAT_4,4,02-Jan-2030 14:30:35,02-Jan-2030 14:31:55,80,NaN,NaN
Ground_Point_7,SAT_4,5,03-Jan-2030 14:09:10,03-Jan-2030 14:10:00,50,NaN,NaN
Ground_Point_8,SAT_4,1,01-Jan-2030 00:41:20,01-Jan-2030 00:42:35,75,NaN,NaN
Ground_Point_8,SAT_4,2,02-Jan-2030 00:20:10,02-Jan-2030 00:20:30,20,NaN,NaN
Ground_Point_8,SAT_4,3,03-Jan-2030 15:53:25,03-Jan-2030 15:54:30,65,NaN,NaN
Ground_Point_9,SAT_4,1,01-Jan-2030 02:14:45,01-Jan-2030 02:15:45,60,NaN,NaN
Ground_Point_9,SAT_4,2,01-Jan-2030 16:38:15,01-Jan-2030 16:39:10,55,NaN,NaN
Ground_Point_9,SAT_4,3,02-Jan-2030 01:52:55,02-Jan-2030 01:54:15,80,NaN,NaN
Ground_Point_9,SAT_4,4,02-Jan-2030 16:16:25,02-Jan-2030 16:17:45,80,NaN,NaN
Ground_Point_9,SAT_4,5,03-Jan-2030 15:55:05,03-Jan-2030 15:55:35,30,NaN,NaN
Ground_Point_10,SAT_4,1,01-Jan-2030 07:55:20,01-Jan-2030 07:55:40,20,NaN,NaN
Ground_Point_10,SAT_4,2,01-Jan-2030 09:28:40,01-Jan-2030 09:29:50,70,NaN,NaN
Ground_Point_10,SAT_4,3,01-Jan-2030 14:09:10,01-Jan-2030 14:09:15,5,NaN,NaN
Ground_Point_10,SAT_4,4,01-Jan-2030 15:42:05,01-Jan-2030 15:43:25,80,NaN,NaN
Ground_Point_10,SAT_4,5,02-Jan-2030 09:06:55,02-Jan-2030 09:08:10,75,NaN,NaN
Ground_Point_10,SAT_4,6,02-Jan-2030 15:20:25,02-Jan-2030 15:21:45,80,NaN,NaN
Ground_Point_10,SAT_4,7,03-Jan-2030 08:45:10,03-Jan-2030 08:46:30,80,NaN,NaN
Ground_Point_10,SAT_4,8,03-Jan-2030 14:58:50,03-Jan-2030 15:00:00,70,NaN,NaN
Ground_Point_11,SAT_4,1,01-Jan-2030 09:16:55,01-Jan-2030 09:18:15,80,NaN,NaN
Ground_Point_11,SAT_4,2,03-Jan-2030 23:03:25,03-Jan-2030 23:03:45,20,NaN,NaN
Ground_Point_12,SAT_4,1,01-Jan-2030 06:29:00,01-Jan-2030 06:30:00,60,NaN,NaN
Ground_Point_1,SAT_5,1,03-Jan-2030 10:26:55,03-Jan-2030 10:28:15,80,NaN,NaN
Ground_Point_2,SAT_5,1,01-Jan-2030 08:18:30,01-Jan-2030 08:19:30,60,NaN,NaN
Ground_Point_2,SAT_5,2,01-Jan-2030 09:52:10,01-Jan-2030 09:53:10,60,NaN,NaN
Ground_Point_2,SAT_5,3,01-Jan-2030 14:32:20,01-Jan-2030 14:33:15,55,NaN,NaN
Ground_Point_2,SAT_5,4,01-Jan-2030 16:05:50,01-Jan-2030 16:07:00,70,NaN,NaN
Ground_Point_2,SAT_5,5,02-Jan-2030 09:30:25,02-Jan-2030 09:31:40,75,NaN,NaN
Ground_Point_2,SAT_5,6,02-Jan-2030 14:10:55,02-Jan-2030 14:11:20,25,NaN,NaN
Ground_Point_2,SAT_5,7,02-Jan-2030 15:44:05,02-Jan-2030 15:45:20,75,NaN,NaN
Ground_Point_2,SAT_5,8,03-Jan-2030 09:08:40,03-Jan-2030 09:10:00,80,NaN,NaN
Ground_Point_2,SAT_5,9,03-Jan-2030 15:22:20,03-Jan-2030 15:23:40,80,NaN,NaN
Ground_Point_3,SAT_5,1,01-Jan-2030 08:18:30,01-Jan-2030 08:19:30,60,NaN,NaN
Ground_Point_3,SAT_5,2,01-Jan-2030 09:52:10,01-Jan-2030 09:53:10,60,NaN,NaN
Ground_Point_3,SAT_5,3,01-Jan-2030 14:32:20,01-Jan-2030 14:33:15,55,NaN,NaN
Ground_Point_3,SAT_5,4,01-Jan-2030 16:05:50,01-Jan-2030 16:07:00,70,NaN,NaN
Ground_Point_3,SAT_5,5,02-Jan-2030 09:30:25,02-Jan-2030 09:31:40,75,NaN,NaN
Ground_Point_3,SAT_5,6,02-Jan-2030 14:10:55,02-Jan-2030 14:11:20,25,NaN,NaN
Ground_Point_3,SAT_5,7,02-Jan-2030 15:44:05,02-Jan-2030 15:45:20,75,NaN,NaN
Ground_Point_3,SAT_5,8,03-Jan-2030 09:08:40,03-Jan-2030 09:10:00,80,NaN,NaN
Ground_Point_3,SAT_5,9,03-Jan-2030 15:22:20,03-Jan-2030 15:23:40,80,NaN,NaN
Ground_Point_4,SAT_5,1,01-Jan-2030 08:18:30,01-Jan-2030 08:19:30,60,NaN,NaN
Ground_Point_4,SAT_5,2,01-Jan-2030 09:52:10,01-Jan-2030 09:53:10,60,NaN,NaN
Ground_Point_4,SAT_5,3,01-Jan-2030 14:32:20,01-Jan-2030 14:33:15,55,NaN,NaN
Ground_Point_4,SAT_5,4,01-Jan-2030 16:05:50,01-Jan-2030 16:07:00,70,NaN,NaN
Ground_Point_4,SAT_5,5,02-Jan-2030 09:30:25,02-Jan-2030 09:31:40,75,NaN,NaN
Ground_Point_4,SAT_5,6,02-Jan-2030 14:10:55,02-Jan-2030 14:11:20,25,NaN,NaN
Ground_Point_4,SAT_5,7,02-Jan-2030 15:44:05,02-Jan-2030 15:45:20,75,NaN,NaN
Ground_Point_4,SAT_5,8,03-Jan-2030 09:08:40,03-Jan-2030 09:10:00,80,NaN,NaN
Ground_Point_4,SAT_5,9,03-Jan-2030 15:22:20,03-Jan-2030 15:23:40,80,NaN,NaN
Ground_Point_5,SAT_5,1,01-Jan-2030 08:18:30,01-Jan-2030 08:19:30,60,NaN,NaN
Ground_Point_5,SAT_5,2,01-Jan-2030 09:52:10,01-Jan-2030 09:53:10,60,NaN,NaN
Ground_Point_5,SAT_5,3,01-Jan-2030 14:32:20,01-Jan-2030 14:33:15,55,NaN,NaN
Ground_Point_5,SAT_5,4,01-Jan-2030 16:05:50,01-Jan-2030 16:07:00,70,NaN,NaN
Ground_Point_5,SAT_5,5,02-Jan-2030 09:30:25,02-Jan-2030 09:31:40,75,NaN,NaN
Ground_Point_5,SAT_5,6,02-Jan-2030 14:10:55,02-Jan-2030 14:11:20,25,NaN,NaN
Ground_Point_5,SAT_5,7,02-Jan-2030 15:44:05,02-Jan-2030 15:45:20,75,NaN,NaN
Ground_Point_5,SAT_5,8,03-Jan-2030 09:08:40,03-Jan-2030 09:10:00,80,NaN,NaN
Ground_Point_5,SAT_5,9,03-Jan-2030 15:22:20,03-Jan-2030 15:23:40,80,NaN,NaN
Ground_Point_6,SAT_5,1,01-Jan-2030 05:49:30,01-Jan-2030 05:50:30,60,NaN,NaN
Ground_Point_6,SAT_5,2,02-Jan-2030 05:27:40,02-Jan-2030 05:29:00,80,NaN,NaN
Ground_Point_6,SAT_5,3,02-Jan-2030 21:21:35,02-Jan-2030 21:22:20,45,NaN,NaN
Ground_Point_6,SAT_5,4,03-Jan-2030 05:06:05,03-Jan-2030 05:07:10,65,NaN,NaN
Ground_Point_6,SAT_5,5,03-Jan-2030 20:59:40,03-Jan-2030 21:00:55,75,NaN,NaN
Ground_Point_7,SAT_5,1,01-Jan-2030 16:04:05,01-Jan-2030 16:04:40,35,NaN,NaN
Ground_Point_7,SAT_5,2,02-Jan-2030 07:58:45,02-Jan-2030 07:59:30,45,NaN,NaN
Ground_Point_7,SAT_5,3,03-Jan-2030 07:36:50,03-Jan-2030 07:38:05,75,NaN,NaN
Ground_Point_7,SAT_5,4,03-Jan-2030 16:54:05,03-Jan-2030 16:55:15,70,NaN,NaN
Ground_Point_8,SAT_5,1,01-Jan-2030 17:48:10,01-Jan-2030 17:49:20,70,NaN,NaN
Ground_Point_8,SAT_5,2,02-Jan-2030 03:04:45,02-Jan-2030 03:05:55,70,NaN,NaN
Ground_Point_8,SAT_5,3,02-Jan-2030 17:26:30,02-Jan-2030 17:27:45,75,NaN,NaN
Ground_Point_8,SAT_5,4,03-Jan-2030 02:43:00,03-Jan-2030 02:44:20,80,NaN,NaN
Ground_Point_8,SAT_5,5,03-Jan-2030 17:05:15,03-Jan-2030 17:05:30,15,NaN,NaN
Ground_Point_9,SAT_5,1,03-Jan-2030 04:16:30,03-Jan-2030 04:17:30,60,NaN,NaN
Ground_Point_9,SAT_5,2,03-Jan-2030 18:40:05,03-Jan-2030 18:40:45,40,NaN,NaN
Ground_Point_10,SAT_5,1,01-Jan-2030 10:40:00,01-Jan-2030 10:41:20,80,NaN,NaN
Ground_Point_10,SAT_5,2,01-Jan-2030 16:53:40,01-Jan-2030 16:54:45,65,NaN,NaN
Ground_Point_10,SAT_5,3,01-Jan-2030 18:27:40,01-Jan-2030 18:28:10,30,NaN,NaN
Ground_Point_10,SAT_5,4,02-Jan-2030 10:18:25,02-Jan-2030 10:19:30,65,NaN,NaN
Ground_Point_10,SAT_5,5,02-Jan-2030 11:52:10,02-Jan-2030 11:53:00,50,NaN,NaN
Ground_Point_10,SAT_5,6,02-Jan-2030 16:32:10,02-Jan-2030 16:32:55,45,NaN,NaN
Ground_Point_10,SAT_5,7,02-Jan-2030 18:05:35,02-Jan-2030 18:06:45,70,NaN,NaN
Ground_Point_10,SAT_5,8,03-Jan-2030 09:56:55,03-Jan-2030 09:57:30,35,NaN,NaN
Ground_Point_10,SAT_5,9,03-Jan-2030 11:30:20,03-Jan-2030 11:31:30,70,NaN,NaN
Ground_Point_10,SAT_5,10,03-Jan-2030 17:43:50,03-Jan-2030 17:45:05,75,NaN,NaN
Ground_Point_11,SAT_5,1,02-Jan-2030 00:58:00,02-Jan-2030 00:58:50,50,NaN,NaN
Ground_Point_11,SAT_5,2,03-Jan-2030 00:36:10,03-Jan-2030 00:37:20,70,NaN,NaN
Ground_Point_11,SAT_5,3,03-Jan-2030 11:18:40,03-Jan-2030 11:19:55,75,NaN,NaN
Ground_Point_12,SAT_5,1,02-Jan-2030 08:52:30,02-Jan-2030 08:53:10,40,NaN,NaN
Ground_Point_12,SAT_5,2,02-Jan-2030 19:31:30,02-Jan-2030 19:32:45,75,NaN,NaN
Ground_Point_12,SAT_5,3,03-Jan-2030 08:30:40,03-Jan-2030 08:31:45,65,NaN,NaN
Ground_Point_1,SAT_6,1,02-Jan-2030 10:25:15,02-Jan-2030 10:26:35,80,NaN,NaN
Ground_Point_1,SAT_6,2,03-Jan-2030 23:07:55,03-Jan-2030 23:09:05,70,NaN,NaN
Ground_Point_2,SAT_6,1,01-Jan-2030 09:28:45,01-Jan-2030 09:30:00,75,NaN,NaN
Ground_Point_2,SAT_6,2,01-Jan-2030 14:09:15,01-Jan-2030 14:09:40,25,NaN,NaN
Ground_Point_2,SAT_6,3,01-Jan-2030 15:42:25,01-Jan-2030 15:43:40,75,NaN,NaN
Ground_Point_2,SAT_6,4,02-Jan-2030 09:07:05,02-Jan-2030 09:08:20,75,NaN,NaN
Ground_Point_2,SAT_6,5,02-Jan-2030 15:20:40,02-Jan-2030 15:22:00,80,NaN,NaN
Ground_Point_2,SAT_6,6,03-Jan-2030 08:45:25,03-Jan-2030 08:46:40,75,NaN,NaN
Ground_Point_2,SAT_6,7,03-Jan-2030 10:19:20,03-Jan-2030 10:19:55,35,NaN,NaN
Ground_Point_2,SAT_6,8,03-Jan-2030 14:59:05,03-Jan-2030 15:00:20,75,NaN,NaN
Ground_Point_2,SAT_6,9,03-Jan-2030 16:33:15,03-Jan-2030 16:33:35,20,NaN,NaN
Ground_Point_3,SAT_6,1,01-Jan-2030 09:28:45,01-Jan-2030 09:30:00,75,NaN,NaN
Ground_Point_3,SAT_6,2,01-Jan-2030 14:09:15,01-Jan-2030 14:09:40,25,NaN,NaN
Ground_Point_3,SAT_6,3,01-Jan-2030 15:42:25,01-Jan-2030 15:43:40,75,NaN,NaN
Ground_Point_3,SAT_6,4,02-Jan-2030 09:07:05,02-Jan-2030 09:08:20,75,NaN,NaN
Ground_Point_3,SAT_6,5,02-Jan-2030 15:20:40,02-Jan-2030 15:22:00,80,NaN,NaN
Ground_Point_3,SAT_6,6,03-Jan-2030 08:45:25,03-Jan-2030 08:46:40,75,NaN,NaN
Ground_Point_3,SAT_6,7,03-Jan-2030 10:19:20,03-Jan-2030 10:19:55,35,NaN,NaN
Ground_Point_3,SAT_6,8,03-Jan-2030 14:59:05,03-Jan-2030 15:00:20,75,NaN,NaN
Ground_Point_3,SAT_6,9,03-Jan-2030 16:33:15,03-Jan-2030 16:33:35,20,NaN,NaN
Ground_Point_4,SAT_6,1,01-Jan-2030 09:28:45,01-Jan-2030 09:30:00,75,NaN,NaN
Ground_Point_4,SAT_6,2,01-Jan-2030 14:09:15,01-Jan-2030 14:09:40,25,NaN,NaN
Ground_Point_4,SAT_6,3,01-Jan-2030 15:42:25,01-Jan-2030 15:43:40,75,NaN,NaN
Ground_Point_4,SAT_6,4,02-Jan-2030 09:07:05,02-Jan-2030 09:08:20,75,NaN,NaN
Ground_Point_4,SAT_6,5,02-Jan-2030 15:20:40,02-Jan-2030 15:22:00,80,NaN,NaN
Ground_Point_4,SAT_6,6,03-Jan-2030 08:45:25,03-Jan-2030 08:46:40,75,NaN,NaN
Ground_Point_4,SAT_6,7,03-Jan-2030 10:19:20,03-Jan-2030 10:19:55,35,NaN,NaN
Ground_Point_4,SAT_6,8,03-Jan-2030 14:59:05,03-Jan-2030 15:00:20,75,NaN,NaN
Ground_Point_4,SAT_6,9,03-Jan-2030 16:33:15,03-Jan-2030 16:33:35,20,NaN,NaN
Ground_Point_5,SAT_6,1,01-Jan-2030 09:28:45,01-Jan-2030 09:30:00,75,NaN,NaN
Ground_Point_5,SAT_6,2,01-Jan-2030 14:09:15,01-Jan-2030 14:09:40,25,NaN,NaN
Ground_Point_5,SAT_6,3,01-Jan-2030 15:42:25,01-Jan-2030 15:43:40,75,NaN,NaN
Ground_Point_5,SAT_6,4,02-Jan-2030 09:07:05,02-Jan-2030 09:08:20,75,NaN,NaN
Ground_Point_5,SAT_6,5,02-Jan-2030 15:20:40,02-Jan-2030 15:22:00,80,NaN,NaN
Ground_Point_5,SAT_6,6,03-Jan-2030 08:45:25,03-Jan-2030 08:46:40,75,NaN,NaN
Ground_Point_5,SAT_6,7,03-Jan-2030 10:19:20,03-Jan-2030 10:19:55,35,NaN,NaN
Ground_Point_5,SAT_6,8,03-Jan-2030 14:59:05,03-Jan-2030 15:00:20,75,NaN,NaN
Ground_Point_5,SAT_6,9,03-Jan-2030 16:33:15,03-Jan-2030 16:33:35,20,NaN,NaN
Ground_Point_6,SAT_6,1,01-Jan-2030 05:26:00,01-Jan-2030 05:27:20,80,NaN,NaN
Ground_Point_6,SAT_6,2,01-Jan-2030 21:19:50,01-Jan-2030 21:20:45,55,NaN,NaN
Ground_Point_6,SAT_6,3,02-Jan-2030 05:04:30,02-Jan-2030 05:05:30,60,NaN,NaN
Ground_Point_6,SAT_6,4,02-Jan-2030 20:58:00,02-Jan-2030 20:59:20,80,NaN,NaN
Ground_Point_6,SAT_6,5,03-Jan-2030 20:36:20,03-Jan-2030 20:37:35,75,NaN,NaN
Ground_Point_7,SAT_6,1,01-Jan-2030 07:57:05,01-Jan-2030 07:57:50,45,NaN,NaN
Ground_Point_7,SAT_6,2,02-Jan-2030 07:35:10,02-Jan-2030 07:36:25,75,NaN,NaN
Ground_Point_7,SAT_6,3,02-Jan-2030 16:52:25,02-Jan-2030 16:53:35,70,NaN,NaN
Ground_Point_7,SAT_6,4,03-Jan-2030 07:13:35,03-Jan-2030 07:14:40,65,NaN,NaN
Ground_Point_7,SAT_6,5,03-Jan-2030 16:30:40,03-Jan-2030 16:32:00,80,NaN,NaN
Ground_Point_8,SAT_6,1,01-Jan-2030 03:03:05,01-Jan-2030 03:04:15,70,NaN,NaN
Ground_Point_8,SAT_6,2,01-Jan-2030 17:24:50,01-Jan-2030 17:26:05,75,NaN,NaN
Ground_Point_8,SAT_6,3,02-Jan-2030 02:41:25,02-Jan-2030 02:42:40,75,NaN,NaN
Ground_Point_8,SAT_6,4,03-Jan-2030 02:20:20,03-Jan-2030 02:20:25,5,NaN,NaN
Ground_Point_9,SAT_6,1,02-Jan-2030 04:14:45,02-Jan-2030 04:15:50,65,NaN,NaN
Ground_Point_9,SAT_6,2,02-Jan-2030 18:38:25,02-Jan-2030 18:39:10,45,NaN,NaN
Ground_Point_9,SAT_6,3,03-Jan-2030 03:53:00,03-Jan-2030 03:54:15,75,NaN,NaN
Ground_Point_9,SAT_6,4,03-Jan-2030 18:16:30,03-Jan-2030 18:17:45,75,NaN,NaN
Ground_Point_10,SAT_6,1,01-Jan-2030 10:16:45,01-Jan-2030 10:17:50,65,NaN,NaN
Ground_Point_10,SAT_6,2,01-Jan-2030 11:50:30,01-Jan-2030 11:51:20,50,NaN,NaN
Ground_Point_10,SAT_6,3,01-Jan-2030 16:30:30,01-Jan-2030 16:31:15,45,NaN,NaN
Ground_Point_10,SAT_6,4,01-Jan-2030 18:04:00,01-Jan-2030 18:05:05,65,NaN,NaN
Ground_Point_10,SAT_6,5,02-Jan-2030 09:55:20,02-Jan-2030 09:55:45,25,NaN,NaN
Ground_Point_10,SAT_6,6,02-Jan-2030 11:28:45,02-Jan-2030 11:29:50,65,NaN,NaN
Ground_Point_10,SAT_6,7,02-Jan-2030 17:42:10,02-Jan-2030 17:43:30,80,NaN,NaN
Ground_Point_10,SAT_6,8,03-Jan-2030 11:07:00,03-Jan-2030 11:08:15,75,NaN,NaN
Ground_Point_10,SAT_6,9,03-Jan-2030 17:20:30,03-Jan-2030 17:21:45,75,NaN,NaN
Ground_Point_11,SAT_6,1,01-Jan-2030 00:56:15,01-Jan-2030 00:57:15,60,NaN,NaN
Ground_Point_11,SAT_6,2,02-Jan-2030 00:34:35,02-Jan-2030 00:35:40,65,NaN,NaN
Ground_Point_11,SAT_6,3,02-Jan-2030 11:17:00,02-Jan-2030 11:18:15,75,NaN,NaN
Ground_Point_12,SAT_6,1,01-Jan-2030 08:50:45,01-Jan-2030 08:51:35,50,NaN,NaN
Ground_Point_12,SAT_6,2,01-Jan-2030 19:29:50,01-Jan-2030 19:31:10,80,NaN,NaN
Ground_Point_12,SAT_6,3,02-Jan-2030 08:29:00,02-Jan-2030 08:30:05,65,NaN,NaN
Ground_Point_1,SAT_7,1,01-Jan-2030 10:23:40,01-Jan-2030 10:24:55,75,NaN,NaN
Ground_Point_1,SAT_7,2,02-Jan-2030 23:06:15,02-Jan-2030 23:07:20,65,NaN,NaN
Ground_Point_2,SAT_7,1,01-Jan-2030 09:05:25,01-Jan-2030 09:06:40,75,NaN,NaN
Ground_Point_2,SAT_7,2,01-Jan-2030 15:19:00,01-Jan-2030 15:20:20,80,NaN,NaN
Ground_Point_2,SAT_7,3,02-Jan-2030 08:43:40,02-Jan-2030 08:45:00,80,NaN,NaN
Ground_Point_2,SAT_7,4,02-Jan-2030 10:17:35,02-Jan-2030 10:18:15,40,NaN,NaN
Ground_Point_2,SAT_7,5,02-Jan-2030 14:57:25,02-Jan-2030 14:58:35,70,NaN,NaN
Ground_Point_2,SAT_7,6,02-Jan-2030 16:31:35,02-Jan-2030 16:32:00,25,NaN,NaN
Ground_Point_2,SAT_7,7,03-Jan-2030 08:22:05,03-Jan-2030 08:23:05,60,NaN,NaN
Ground_Point_2,SAT_7,8,03-Jan-2030 09:55:45,03-Jan-2030 09:56:45,60,NaN,NaN
Ground_Point_2,SAT_7,9,03-Jan-2030 14:35:55,03-Jan-2030 14:36:50,55,NaN,NaN
Ground_Point_2,SAT_7,10,03-Jan-2030 16:09:30,03-Jan-2030 16:10:35,65,NaN,NaN
Ground_Point_3,SAT_7,1,01-Jan-2030 09:05:25,01-Jan-2030 09:06:40,75,NaN,NaN
Ground_Point_3,SAT_7,2,01-Jan-2030 15:19:00,01-Jan-2030 15:20:20,80,NaN,NaN
Ground_Point_3,SAT_7,3,02-Jan-2030 08:43:40,02-Jan-2030 08:45:00,80,NaN,NaN
Ground_Point_3,SAT_7,4,02-Jan-2030 10:17:35,02-Jan-2030 10:18:15,40,NaN,NaN
Ground_Point_3,SAT_7,5,02-Jan-2030 14:57:25,02-Jan-2030 14:58:35,70,NaN,NaN
Ground_Point_3,SAT_7,6,02-Jan-2030 16:31:35,02-Jan-2030 16:32:00,25,NaN,NaN
Ground_Point_3,SAT_7,7,03-Jan-2030 08:22:05,03-Jan-2030 08:23:05,60,NaN,NaN
Ground_Point_3,SAT_7,8,03-Jan-2030 09:55:45,03-Jan-2030 09:56:45,60,NaN,NaN
Ground_Point_3,SAT_7,9,03-Jan-2030 14:35:55,03-Jan-2030 14:36:50,55,NaN,NaN
Ground_Point_3,SAT_7,10,03-Jan-2030 16:09:30,03-Jan-2030 16:10:35,65,NaN,NaN
Ground_Point_4,SAT_7,1,01-Jan-2030 09:05:25,01-Jan-2030 09:06:40,75,NaN,NaN
Ground_Point_4,SAT_7,2,01-Jan-2030 15:19:00,01-Jan-2030 15:20:20,80,NaN,NaN
Ground_Point_4,SAT_7,3,02-Jan-2030 08:43:40,02-Jan-2030 08:45:00,80,NaN,NaN
Ground_Point_4,SAT_7,4,02-Jan-2030 10:17:35,02-Jan-2030 10:18:15,40,NaN,NaN
Ground_Point_4,SAT_7,5,02-Jan-2030 14:57:25,02-Jan-2030 14:58:35,70,NaN,NaN
Ground_Point_4,SAT_7,6,02-Jan-2030 16:31:35,02-Jan-2030 16:32:00,25,NaN,NaN
Ground_Point_4,SAT_7,7,03-Jan-2030 08:22:05,03-Jan-2030 08:23:05,60,NaN,NaN
Ground_Point_4,SAT_7,8,03-Jan-2030 09:55:45,03-Jan-2030 09:56:45,60,NaN,NaN
Ground_Point_4,SAT_7,9,03-Jan-2030 14:35:55,03-Jan-2030 14:36:50,55,NaN,NaN
Ground_Point_4,SAT_7,10,03-Jan-2030 16:09:30,03-Jan-2030 16:10:35,65,NaN,NaN
Ground_Point_5,SAT_7,1,01-Jan-2030 09:05:25,01-Jan-2030 09:06:40,75,NaN,NaN
Ground_Point_5,SAT_7,2,01-Jan-2030 15:19:00,01-Jan-2030 15:20:20,80,NaN,NaN
Ground_Point_5,SAT_7,3,02-Jan-2030 08:43:40,02-Jan-2030 08:45:00,80,NaN,NaN
Ground_Point_5,SAT_7,4,02-Jan-2030 10:17:35,02-Jan-2030 10:18:15,40,NaN,NaN
Ground_Point_5,SAT_7,5,02-Jan-2030 14:57:25,02-Jan-2030 14:58:35,70,NaN,NaN
Ground_Point_5,SAT_7,6,02-Jan-2030 16:31:35,02-Jan-2030 16:32:00,25,NaN,NaN
Ground_Point_5,SAT_7,7,03-Jan-2030 08:22:05,03-Jan-2030 08:23:05,60,NaN,NaN
Ground_Point_5,SAT_7,8,03-Jan-2030 09:55:45,03-Jan-2030 09:56:45,60,NaN,NaN
Ground_Point_5,SAT_7,9,03-Jan-2030 14:35:55,03-Jan-2030 14:36:50,55,NaN,NaN
Ground_Point_5,SAT_7,10,03-Jan-2030 16:09:30,03-Jan-2030 16:10:35,65,NaN,NaN
Ground_Point_6,SAT_7,1,01-Jan-2030 05:02:50,01-Jan-2030 05:03:50,60,NaN,NaN
Ground_Point_6,SAT_7,2,01-Jan-2030 20:56:20,01-Jan-2030 20:57:40,80,NaN,NaN
Ground_Point_6,SAT_7,3,02-Jan-2030 20:34:40,02-Jan-2030 20:35:55,75,NaN,NaN
Ground_Point_6,SAT_7,4,03-Jan-2030 05:53:05,03-Jan-2030 05:54:05,60,NaN,NaN
Ground_Point_6,SAT_7,5,03-Jan-2030 20:13:25,03-Jan-2030 20:13:40,15,NaN,NaN
Ground_Point_7,SAT_7,1,01-Jan-2030 07:33:30,01-Jan-2030 07:34:50,80,NaN,NaN
Ground_Point_7,SAT_7,2,01-Jan-2030 16:50:45,01-Jan-2030 16:51:55,70,NaN,NaN
Ground_Point_7,SAT_7,3,02-Jan-2030 07:11:55,02-Jan-2030 07:13:00,65,NaN,NaN
Ground_Point_7,SAT_7,4,02-Jan-2030 16:29:00,02-Jan-2030 16:30:15,75,NaN,NaN
Ground_Point_7,SAT_7,5,03-Jan-2030 16:07:35,03-Jan-2030 16:08:20,45,NaN,NaN
Ground_Point_8,SAT_7,1,01-Jan-2030 02:39:45,01-Jan-2030 02:40:55,70,NaN,NaN
Ground_Point_8,SAT_7,2,03-Jan-2030 17:51:50,03-Jan-2030 17:52:55,65,NaN,NaN
Ground_Point_9,SAT_7,1,01-Jan-2030 04:13:05,01-Jan-2030 04:14:15,70,NaN,NaN
Ground_Point_9,SAT_7,2,01-Jan-2030 18:36:40,01-Jan-2030 18:37:35,55,NaN,NaN
Ground_Point_9,SAT_7,3,02-Jan-2030 03:51:20,02-Jan-2030 03:52:35,75,NaN,NaN
Ground_Point_9,SAT_7,4,02-Jan-2030 18:14:50,02-Jan-2030 18:16:05,75,NaN,NaN
Ground_Point_9,SAT_7,5,03-Jan-2030 17:53:30,03-Jan-2030 17:53:55,25,NaN,NaN
Ground_Point_10,SAT_7,1,01-Jan-2030 09:53:45,01-Jan-2030 09:54:05,20,NaN,NaN
Ground_Point_10,SAT_7,2,01-Jan-2030 11:27:05,01-Jan-2030 11:28:10,65,NaN,NaN
Ground_Point_10,SAT_7,3,01-Jan-2030 17:40:30,01-Jan-2030 17:41:50,80,NaN,NaN
Ground_Point_10,SAT_7,4,02-Jan-2030 11:05:20,02-Jan-2030 11:06:35,75,NaN,NaN
Ground_Point_10,SAT_7,5,02-Jan-2030 17:18:50,02-Jan-2030 17:20:05,75,NaN,NaN
Ground_Point_10,SAT_7,6,03-Jan-2030 10:43:35,03-Jan-2030 10:44:55,80,NaN,NaN
Ground_Point_10,SAT_7,7,03-Jan-2030 16:57:10,03-Jan-2030 16:58:20,70,NaN,NaN
Ground_Point_10,SAT_7,8,03-Jan-2030 18:31:20,03-Jan-2030 18:31:40,20,NaN,NaN
Ground_Point_11,SAT_7,1,01-Jan-2030 00:32:55,01-Jan-2030 00:33:55,60,NaN,NaN
Ground_Point_11,SAT_7,2,01-Jan-2030 11:15:20,01-Jan-2030 11:16:35,75,NaN,NaN
Ground_Point_12,SAT_7,1,01-Jan-2030 08:27:25,01-Jan-2030 08:28:20,55,NaN,NaN
Ground_Point_1,SAT_8,1,01-Jan-2030 23:04:40,01-Jan-2030 23:05:40,60,NaN,NaN
Ground_Point_2,SAT_8,1,01-Jan-2030 08:42:05,01-Jan-2030 08:43:20,75,NaN,NaN
Ground_Point_2,SAT_8,2,01-Jan-2030 10:16:00,01-Jan-2030 10:16:35,35,NaN,NaN
Ground_Point_2,SAT_8,3,01-Jan-2030 14:55:50,01-Jan-2030 14:57:00,70,NaN,NaN
Ground_Point_2,SAT_8,4,01-Jan-2030 16:29:50,01-Jan-2030 16:30:20,30,NaN,NaN
Ground_Point_2,SAT_8,5,02-Jan-2030 08:20:30,02-Jan-2030 08:21:30,60,NaN,NaN
Ground_Point_2,SAT_8,6,02-Jan-2030 09:54:10,02-Jan-2030 09:55:10,60,NaN,NaN
Ground_Point_2,SAT_8,7,02-Jan-2030 14:34:15,02-Jan-2030 14:35:10,55,NaN,NaN
Ground_Point_2,SAT_8,8,02-Jan-2030 16:07:50,02-Jan-2030 16:08:55,65,NaN,NaN
Ground_Point_2,SAT_8,9,03-Jan-2030 09:32:25,03-Jan-2030 09:33:35,70,NaN,NaN
Ground_Point_2,SAT_8,10,03-Jan-2030 14:12:50,03-Jan-2030 14:13:20,30,NaN,NaN
Ground_Point_2,SAT_8,11,03-Jan-2030 15:46:00,03-Jan-2030 15:47:20,80,NaN,NaN
Ground_Point_3,SAT_8,1,01-Jan-2030 08:42:05,01-Jan-2030 08:43:20,75,NaN,NaN
Ground_Point_3,SAT_8,2,01-Jan-2030 10:16:00,01-Jan-2030 10:16:35,35,NaN,NaN
Ground_Point_3,SAT_8,3,01-Jan-2030 14:55:50,01-Jan-2030 14:57:00,70,NaN,NaN
Ground_Point_3,SAT_8,4,01-Jan-2030 16:29:50,01-Jan-2030 16:30:20,30,NaN,NaN
Ground_Point_3,SAT_8,5,02-Jan-2030 08:20:30,02-Jan-2030 08:21:30,60,NaN,NaN
Ground_Point_3,SAT_8,6,02-Jan-2030 09:54:10,02-Jan-2030 09:55:10,60,NaN,NaN
Ground_Point_3,SAT_8,7,02-Jan-2030 14:34:15,02-Jan-2030 14:35:10,55,NaN,NaN
Ground_Point_3,SAT_8,8,02-Jan-2030 16:07:50,02-Jan-2030 16:08:55,65,NaN,NaN
Ground_Point_3,SAT_8,9,03-Jan-2030 09:32:25,03-Jan-2030 09:33:35,70,NaN,NaN
Ground_Point_3,SAT_8,10,03-Jan-2030 14:12:50,03-Jan-2030 14:13:20,30,NaN,NaN
Ground_Point_3,SAT_8,11,03-Jan-2030 15:46:00,03-Jan-2030 15:47:20,80,NaN,NaN
Ground_Point_4,SAT_8,1,01-Jan-2030 08:42:05,01-Jan-2030 08:43:20,75,NaN,NaN
Ground_Point_4,SAT_8,2,01-Jan-2030 10:16:00,01-Jan-2030 10:16:35,35,NaN,NaN
Ground_Point_4,SAT_8,3,01-Jan-2030 14:55:50,01-Jan-2030 14:57:00,70,NaN,NaN
Ground_Point_4,SAT_8,4,01-Jan-2030 16:29:50,01-Jan-2030 16:30:20,30,NaN,NaN
Ground_Point_4,SAT_8,5,02-Jan-2030 08:20:30,02-Jan-2030 08:21:30,60,NaN,NaN
Ground_Point_4,SAT_8,6,02-Jan-2030 09:54:10,02-Jan-2030 09:55:10,60,NaN,NaN
Ground_Point_4,SAT_8,7,02-Jan-2030 14:34:15,02-Jan-2030 14:35:10,55,NaN,NaN
Ground_Point_4,SAT_8,8,02-Jan-2030 16:07:50,02-Jan-2030 16:08:55,65,NaN,NaN
Ground_Point_4,SAT_8,9,03-Jan-2030 09:32:25,03-Jan-2030 09:33:35,70,NaN,NaN
Ground_Point_4,SAT_8,10,03-Jan-2030 14:12:50,03-Jan-2030 14:13:20,30,NaN,NaN
Ground_Point_4,SAT_8,11,03-Jan-2030 15:46:00,03-Jan-2030 15:47:20,80,NaN,NaN
Ground_Point_5,SAT_8,1,01-Jan-2030 08:42:05,01-Jan-2030 08:43:20,75,NaN,NaN
Ground_Point_5,SAT_8,2,01-Jan-2030 10:16:00,01-Jan-2030 10:16:35,35,NaN,NaN
Ground_Point_5,SAT_8,3,01-Jan-2030 14:55:50,01-Jan-2030 14:57:00,70,NaN,NaN
Ground_Point_5,SAT_8,4,01-Jan-2030 16:29:50,01-Jan-2030 16:30:20,30,NaN,NaN
Ground_Point_5,SAT_8,5,02-Jan-2030 08:20:30,02-Jan-2030 08:21:30,60,NaN,NaN
Ground_Point_5,SAT_8,6,02-Jan-2030 09:54:10,02-Jan-2030 09:55:10,60,NaN,NaN
Ground_Point_5,SAT_8,7,02-Jan-2030 14:34:15,02-Jan-2030 14:35:10,55,NaN,NaN
Ground_Point_5,SAT_8,8,02-Jan-2030 16:07:50,02-Jan-2030 16:08:55,65,NaN,NaN
Ground_Point_5,SAT_8,9,03-Jan-2030 09:32:25,03-Jan-2030 09:33:35,70,NaN,NaN
Ground_Point_5,SAT_8,10,03-Jan-2030 14:12:50,03-Jan-2030 14:13:20,30,NaN,NaN
Ground_Point_5,SAT_8,11,03-Jan-2030 15:46:00,03-Jan-2030 15:47:20,80,NaN,NaN
Ground_Point_6,SAT_8,1,01-Jan-2030 20:33:05,01-Jan-2030 20:34:15,70,NaN,NaN
Ground_Point_6,SAT_8,2,02-Jan-2030 05:51:30,02-Jan-2030 05:52:30,60,NaN,NaN
Ground_Point_6,SAT_8,3,03-Jan-2030 05:29:35,03-Jan-2030 05:30:55,80,NaN,NaN
Ground_Point_6,SAT_8,4,03-Jan-2030 21:23:35,03-Jan-2030 21:24:15,40,NaN,NaN
Ground_Point_7,SAT_8,1,01-Jan-2030 07:10:15,01-Jan-2030 07:11:20,65,NaN,NaN
Ground_Point_7,SAT_8,2,01-Jan-2030 16:27:20,01-Jan-2030 16:28:40,80,NaN,NaN
Ground_Point_7,SAT_8,3,02-Jan-2030 16:06:05,02-Jan-2030 16:06:40,35,NaN,NaN
Ground_Point_7,SAT_8,4,03-Jan-2030 08:00:45,03-Jan-2030 08:01:25,40,NaN,NaN
Ground_Point_8,SAT_8,1,02-Jan-2030 17:50:10,02-Jan-2030 17:51:20,70,NaN,NaN
Ground_Point_8,SAT_8,2,03-Jan-2030 03:06:45,03-Jan-2030 03:07:55,70,NaN,NaN
Ground_Point_8,SAT_8,3,03-Jan-2030 17:28:25,03-Jan-2030 17:29:45,80,NaN,NaN
Ground_Point_9,SAT_8,1,01-Jan-2030 03:49:45,01-Jan-2030 03:50:55,70,NaN,NaN
Ground_Point_9,SAT_8,2,01-Jan-2030 18:13:10,01-Jan-2030 18:14:30,80,NaN,NaN
Ground_Point_9,SAT_8,3,02-Jan-2030 17:52:05,02-Jan-2030 17:52:10,5,NaN,NaN
Ground_Point_10,SAT_8,1,01-Jan-2030 11:03:40,01-Jan-2030 11:05:00,80,NaN,NaN
Ground_Point_10,SAT_8,2,01-Jan-2030 17:17:10,01-Jan-2030 17:18:30,80,NaN,NaN
Ground_Point_10,SAT_8,3,02-Jan-2030 10:42:00,02-Jan-2030 10:43:15,75,NaN,NaN
Ground_Point_10,SAT_8,4,02-Jan-2030 16:55:35,02-Jan-2030 16:56:45,70,NaN,NaN
Ground_Point_10,SAT_8,5,02-Jan-2030 18:29:40,02-Jan-2030 18:30:05,25,NaN,NaN
Ground_Point_10,SAT_8,6,03-Jan-2030 10:20:20,03-Jan-2030 10:21:30,70,NaN,NaN
Ground_Point_10,SAT_8,7,03-Jan-2030 11:54:10,03-Jan-2030 11:54:55,45,NaN,NaN
Ground_Point_10,SAT_8,8,03-Jan-2030 16:34:05,03-Jan-2030 16:34:55,50,NaN,NaN
Ground_Point_10,SAT_8,9,03-Jan-2030 18:07:35,03-Jan-2030 18:08:40,65,NaN,NaN
Ground_Point_11,SAT_8,1,03-Jan-2030 01:00:00,03-Jan-2030 01:00:45,45,NaN,NaN
Ground_Point_12,SAT_8,1,03-Jan-2030 08:54:35,03-Jan-2030 08:55:00,25,NaN,NaN
Ground_Point_12,SAT_8,2,03-Jan-2030 19:33:30,03-Jan-2030 19:34:45,75,NaN,NaN
Ground_Point_1,SAT_9,1,02-Jan-2030 12:23:30,02-Jan-2030 12:24:45,75,NaN,NaN
Ground_Point_2,SAT_9,1,01-Jan-2030 11:26:55,01-Jan-2030 11:28:10,75,NaN,NaN
Ground_Point_2,SAT_9,2,01-Jan-2030 16:07:30,01-Jan-2030 16:07:45,15,NaN,NaN
Ground_Point_2,SAT_9,3,01-Jan-2030 17:40:30,01-Jan-2030 17:41:50,80,NaN,NaN
Ground_Point_2,SAT_9,4,02-Jan-2030 11:05:10,02-Jan-2030 11:06:30,80,NaN,NaN
Ground_Point_2,SAT_9,5,02-Jan-2030 17:18:50,02-Jan-2030 17:20:10,80,NaN,NaN
Ground_Point_2,SAT_9,6,03-Jan-2030 10:43:35,03-Jan-2030 10:44:50,75,NaN,NaN
Ground_Point_2,SAT_9,7,03-Jan-2030 12:17:30,03-Jan-2030 12:18:05,35,NaN,NaN
Ground_Point_2,SAT_9,8,03-Jan-2030 16:57:20,03-Jan-2030 16:58:30,70,NaN,NaN
Ground_Point_2,SAT_9,9,03-Jan-2030 18:31:20,03-Jan-2030 18:31:55,35,NaN,NaN
Ground_Point_3,SAT_9,1,01-Jan-2030 11:26:55,01-Jan-2030 11:28:10,75,NaN,NaN
Ground_Point_3,SAT_9,2,01-Jan-2030 16:07:30,01-Jan-2030 16:07:45,15,NaN,NaN
Ground_Point_3,SAT_9,3,01-Jan-2030 17:40:30,01-Jan-2030 17:41:50,80,NaN,NaN
Ground_Point_3,SAT_9,4,02-Jan-2030 11:05:10,02-Jan-2030 11:06:30,80,NaN,NaN
Ground_Point_3,SAT_9,5,02-Jan-2030 17:18:50,02-Jan-2030 17:20:10,80,NaN,NaN
Ground_Point_3,SAT_9,6,03-Jan-2030 10:43:35,03-Jan-2030 10:44:50,75,NaN,NaN
Ground_Point_3,SAT_9,7,03-Jan-2030 12:17:30,03-Jan-2030 12:18:05,35,NaN,NaN
Ground_Point_3,SAT_9,8,03-Jan-2030 16:57:20,03-Jan-2030 16:58:30,70,NaN,NaN
Ground_Point_3,SAT_9,9,03-Jan-2030 18:31:20,03-Jan-2030 18:31:55,35,NaN,NaN
Ground_Point_4,SAT_9,1,01-Jan-2030 11:26:55,01-Jan-2030 11:28:10,75,NaN,NaN
Ground_Point_4,SAT_9,2,01-Jan-2030 16:07:30,01-Jan-2030 16:07:45,15,NaN,NaN
Ground_Point_4,SAT_9,3,01-Jan-2030 17:40:30,01-Jan-2030 17:41:50,80,NaN,NaN
Ground_Point_4,SAT_9,4,02-Jan-2030 11:05:10,02-Jan-2030 11:06:30,80,NaN,NaN
Ground_Point_4,SAT_9,5,02-Jan-2030 17:18:50,02-Jan-2030 17:20:10,80,NaN,NaN
Ground_Point_4,SAT_9,6,03-Jan-2030 10:43:35,03-Jan-2030 10:44:50,75,NaN,NaN
Ground_Point_4,SAT_9,7,03-Jan-2030 12:17:30,03-Jan-2030 12:18:05,35,NaN,NaN
Ground_Point_4,SAT_9,8,03-Jan-2030 16:57:20,03-Jan-2030 16:58:30,70,NaN,NaN
Ground_Point_4,SAT_9,9,03-Jan-2030 18:31:20,03-Jan-2030 18:31:55,35,NaN,NaN
Ground_Point_5,SAT_9,1,01-Jan-2030 11:26:55,01-Jan-2030 11:28:10,75,NaN,NaN
Ground_Point_5,SAT_9,2,01-Jan-2030 16:07:30,01-Jan-2030 16:07:45,15,NaN,NaN
Ground_Point_5,SAT_9,3,01-Jan-2030 17:40:30,01-Jan-2030 17:41:50,80,NaN,NaN
Ground_Point_5,SAT_9,4,02-Jan-2030 11:05:10,02-Jan-2030 11:06:30,80,NaN,NaN
Ground_Point_5,SAT_9,5,02-Jan-2030 17:18:50,02-Jan-2030 17:20:10,80,NaN,NaN
Ground_Point_5,SAT_9,6,03-Jan-2030 10:43:35,03-Jan-2030 10:44:50,75,NaN,NaN
Ground_Point_5,SAT_9,7,03-Jan-2030 12:17:30,03-Jan-2030 12:18:05,35,NaN,NaN
Ground_Point_5,SAT_9,8,03-Jan-2030 16:57:20,03-Jan-2030 16:58:30,70,NaN,NaN
Ground_Point_5,SAT_9,9,03-Jan-2030 18:31:20,03-Jan-2030 18:31:55,35,NaN,NaN
Ground_Point_6,SAT_9,1,01-Jan-2030 07:24:10,01-Jan-2030 07:25:25,75,NaN,NaN
Ground_Point_6,SAT_9,2,01-Jan-2030 23:18:00,01-Jan-2030 23:18:55,55,NaN,NaN
Ground_Point_6,SAT_9,3,02-Jan-2030 07:02:40,02-Jan-2030 07:03:40,60,NaN,NaN
Ground_Point_6,SAT_9,4,02-Jan-2030 22:56:10,02-Jan-2030 22:57:30,80,NaN,NaN
Ground_Point_6,SAT_9,5,03-Jan-2030 22:34:30,03-Jan-2030 22:35:45,75,NaN,NaN
Ground_Point_7,SAT_9,1,01-Jan-2030 09:55:10,01-Jan-2030 09:56:00,50,NaN,NaN
Ground_Point_7,SAT_9,2,02-Jan-2030 09:33:20,02-Jan-2030 09:34:35,75,NaN,NaN
Ground_Point_7,SAT_9,3,02-Jan-2030 18:50:35,02-Jan-2030 18:51:45,70,NaN,NaN
Ground_Point_7,SAT_9,4,03-Jan-2030 09:11:45,03-Jan-2030 09:12:50,65,NaN,NaN
Ground_Point_7,SAT_9,5,03-Jan-2030 18:28:50,03-Jan-2030 18:30:10,80,NaN,NaN
Ground_Point_8,SAT_9,1,01-Jan-2030 05:01:10,01-Jan-2030 05:02:25,75,NaN,NaN
Ground_Point_8,SAT_9,2,01-Jan-2030 19:23:00,01-Jan-2030 19:24:15,75,NaN,NaN
Ground_Point_8,SAT_9,3,02-Jan-2030 04:39:35,02-Jan-2030 04:40:45,70,NaN,NaN
Ground_Point_9,SAT_9,1,02-Jan-2030 06:12:55,02-Jan-2030 06:14:05,70,NaN,NaN
Ground_Point_9,SAT_9,2,02-Jan-2030 20:36:30,02-Jan-2030 20:37:25,55,NaN,NaN
Ground_Point_9,SAT_9,3,03-Jan-2030 05:51:15,03-Jan-2030 05:52:25,70,NaN,NaN
Ground_Point_9,SAT_9,4,03-Jan-2030 20:14:40,03-Jan-2030 20:16:00,80,NaN,NaN
Ground_Point_10,SAT_9,1,01-Jan-2030 12:14:55,01-Jan-2030 12:16:00,65,NaN,NaN
Ground_Point_10,SAT_9,2,01-Jan-2030 13:48:40,01-Jan-2030 13:49:30,50,NaN,NaN
Ground_Point_10,SAT_9,3,01-Jan-2030 18:28:45,01-Jan-2030 18:29:25,40,NaN,NaN
Ground_Point_10,SAT_9,4,01-Jan-2030 20:02:05,01-Jan-2030 20:03:15,70,NaN,NaN
Ground_Point_10,SAT_9,5,02-Jan-2030 11:53:30,02-Jan-2030 11:53:55,25,NaN,NaN
Ground_Point_10,SAT_9,6,02-Jan-2030 13:26:55,02-Jan-2030 13:28:00,65,NaN,NaN
Ground_Point_10,SAT_9,7,02-Jan-2030 19:40:20,02-Jan-2030 19:41:40,80,NaN,NaN
Ground_Point_10,SAT_9,8,03-Jan-2030 13:05:10,03-Jan-2030 13:06:25,75,NaN,NaN
Ground_Point_10,SAT_9,9,03-Jan-2030 19:18:40,03-Jan-2030 19:20:00,80,NaN,NaN
Ground_Point_11,SAT_9,1,01-Jan-2030 02:54:20,01-Jan-2030 02:55:25,65,NaN,NaN
Ground_Point_11,SAT_9,2,01-Jan-2030 13:37:15,01-Jan-2030 13:37:40,25,NaN,NaN
Ground_Point_11,SAT_9,3,02-Jan-2030 02:32:45,02-Jan-2030 02:33:45,60,NaN,NaN
Ground_Point_11,SAT_9,4,02-Jan-2030 13:15:10,02-Jan-2030 13:16:25,75,NaN,NaN
Ground_Point_12,SAT_9,1,01-Jan-2030 10:48:50,01-Jan-2030 10:49:50,60,NaN,NaN
Ground_Point_12,SAT_9,2,01-Jan-2030 21:28:00,01-Jan-2030 21:29:15,75,NaN,NaN
Ground_Point_12,SAT_9,3,02-Jan-2030 10:27:15,02-Jan-2030 10:28:10,55,NaN,NaN
Ground_Point_1,SAT_10,1,01-Jan-2030 12:21:50,01-Jan-2030 12:23:00,70,NaN,NaN
Ground_Point_1,SAT_10,2,03-Jan-2030 01:04:30,03-Jan-2030 01:05:25,55,NaN,NaN
Ground_Point_2,SAT_10,1,01-Jan-2030 11:03:30,01-Jan-2030 11:04:50,80,NaN,NaN
Ground_Point_2,SAT_10,2,01-Jan-2030 17:17:10,01-Jan-2030 17:18:30,80,NaN,NaN
Ground_Point_2,SAT_10,3,02-Jan-2030 10:41:50,02-Jan-2030 10:43:05,75,NaN,NaN
Ground_Point_2,SAT_10,4,02-Jan-2030 12:15:45,02-Jan-2030 12:16:25,40,NaN,NaN
Ground_Point_2,SAT_10,5,02-Jan-2030 16:55:35,02-Jan-2030 16:56:45,70,NaN,NaN
Ground_Point_2,SAT_10,6,02-Jan-2030 18:29:35,02-Jan-2030 18:30:10,35,NaN,NaN
Ground_Point_2,SAT_10,7,03-Jan-2030 10:20:15,03-Jan-2030 10:21:15,60,NaN,NaN
Ground_Point_2,SAT_10,8,03-Jan-2030 11:54:00,03-Jan-2030 11:54:55,55,NaN,NaN
Ground_Point_2,SAT_10,9,03-Jan-2030 16:34:05,03-Jan-2030 16:35:00,55,NaN,NaN
Ground_Point_2,SAT_10,10,03-Jan-2030 18:07:35,03-Jan-2030 18:08:45,70,NaN,NaN
Ground_Point_3,SAT_10,1,01-Jan-2030 11:03:30,01-Jan-2030 11:04:50,80,NaN,NaN
Ground_Point_3,SAT_10,2,01-Jan-2030 17:17:10,01-Jan-2030 17:18:30,80,NaN,NaN
Ground_Point_3,SAT_10,3,02-Jan-2030 10:41:50,02-Jan-2030 10:43:05,75,NaN,NaN
Ground_Point_3,SAT_10,4,02-Jan-2030 12:15:45,02-Jan-2030 12:16:25,40,NaN,NaN
Ground_Point_3,SAT_10,5,02-Jan-2030 16:55:35,02-Jan-2030 16:56:45,70,NaN,NaN
Ground_Point_3,SAT_10,6,02-Jan-2030 18:29:35,02-Jan-2030 18:30:10,35,NaN,NaN
Ground_Point_3,SAT_10,7,03-Jan-2030 10:20:15,03-Jan-2030 10:21:15,60,NaN,NaN
Ground_Point_3,SAT_10,8,03-Jan-2030 11:54:00,03-Jan-2030 11:54:55,55,NaN,NaN
Ground_Point_3,SAT_10,9,03-Jan-2030 16:34:05,03-Jan-2030 16:35:00,55,NaN,NaN
Ground_Point_3,SAT_10,10,03-Jan-2030 18:07:35,03-Jan-2030 18:08:45,70,NaN,NaN
Ground_Point_4,SAT_10,1,01-Jan-2030 11:03:30,01-Jan-2030 11:04:50,80,NaN,NaN
Ground_Point_4,SAT_10,2,01-Jan-2030 17:17:10,01-Jan-2030 17:18:30,80,NaN,NaN
Ground_Point_4,SAT_10,3,02-Jan-2030 10:41:50,02-Jan-2030 10:43:05,75,NaN,NaN
Ground_Point_4,SAT_10,4,02-Jan-2030 12:15:45,02-Jan-2030 12:16:25,40,NaN,NaN
Ground_Point_4,SAT_10,5,02-Jan-2030 16:55:35,02-Jan-2030 16:56:45,70,NaN,NaN
Ground_Point_4,SAT_10,6,02-Jan-2030 18:29:35,02-Jan-2030 18:30:10,35,NaN,NaN
Ground_Point_4,SAT_10,7,03-Jan-2030 10:20:15,03-Jan-2030 10:21:15,60,NaN,NaN
Ground_Point_4,SAT_10,8,03-Jan-2030 11:54:00,03-Jan-2030 11:54:55,55,NaN,NaN
Ground_Point_4,SAT_10,9,03-Jan-2030 16:34:05,03-Jan-2030 16:35:00,55,NaN,NaN
Ground_Point_4,SAT_10,10,03-Jan-2030 18:07:35,03-Jan-2030 18:08:45,70,NaN,NaN
Ground_Point_5,SAT_10,1,01-Jan-2030 11:03:30,01-Jan-2030 11:04:50,80,NaN,NaN
Ground_Point_5,SAT_10,2,01-Jan-2030 17:17:10,01-Jan-2030 17:18:30,80,NaN,NaN
Ground_Point_5,SAT_10,3,02-Jan-2030 10:41:50,02-Jan-2030 10:43:05,75,NaN,NaN
Ground_Point_5,SAT_10,4,02-Jan-2030 12:15:45,02-Jan-2030 12:16:25,40,NaN,NaN
Ground_Point_5,SAT_10,5,02-Jan-2030 16:55:35,02-Jan-2030 16:56:45,70,NaN,NaN
Ground_Point_5,SAT_10,6,02-Jan-2030 18:29:35,02-Jan-2030 18:30:10,35,NaN,NaN
Ground_Point_5,SAT_10,7,03-Jan-2030 10:20:15,03-Jan-2030 10:21:15,60,NaN,NaN
Ground_Point_5,SAT_10,8,03-Jan-2030 11:54:00,03-Jan-2030 11:54:55,55,NaN,NaN
Ground_Point_5,SAT_10,9,03-Jan-2030 16:34:05,03-Jan-2030 16:35:00,55,NaN,NaN
Ground_Point_5,SAT_10,10,03-Jan-2030 18:07:35,03-Jan-2030 18:08:45,70,NaN,NaN
Ground_Point_6,SAT_10,1,01-Jan-2030 07:01:00,01-Jan-2030 07:01:55,55,NaN,NaN
Ground_Point_6,SAT_10,2,01-Jan-2030 22:54:30,01-Jan-2030 22:55:45,75,NaN,NaN
Ground_Point_6,SAT_10,3,02-Jan-2030 22:32:50,02-Jan-2030 22:34:00,70,NaN,NaN
Ground_Point_6,SAT_10,4,03-Jan-2030 07:51:15,03-Jan-2030 07:52:20,65,NaN,NaN
Ground_Point_7,SAT_10,1,01-Jan-2030 09:31:35,01-Jan-2030 09:32:55,80,NaN,NaN
Ground_Point_7,SAT_10,2,01-Jan-2030 18:48:50,01-Jan-2030 18:50:05,75,NaN,NaN
Ground_Point_7,SAT_10,3,02-Jan-2030 09:10:05,02-Jan-2030 09:11:05,60,NaN,NaN
Ground_Point_7,SAT_10,4,02-Jan-2030 18:27:10,02-Jan-2030 18:28:25,75,NaN,NaN
Ground_Point_7,SAT_10,5,03-Jan-2030 18:05:55,03-Jan-2030 18:06:25,30,NaN,NaN
Ground_Point_8,SAT_10,1,01-Jan-2030 04:37:55,01-Jan-2030 04:39:05,70,NaN,NaN
Ground_Point_8,SAT_10,2,03-Jan-2030 19:50:00,03-Jan-2030 19:51:05,65,NaN,NaN
Ground_Point_9,SAT_10,1,01-Jan-2030 06:11:10,01-Jan-2030 06:12:25,75,NaN,NaN
Ground_Point_9,SAT_10,2,01-Jan-2030 20:34:50,01-Jan-2030 20:35:45,55,NaN,NaN
Ground_Point_9,SAT_10,3,02-Jan-2030 05:49:30,02-Jan-2030 05:50:45,75,NaN,NaN
Ground_Point_9,SAT_10,4,02-Jan-2030 20:12:55,02-Jan-2030 20:14:15,80,NaN,NaN
Ground_Point_9,SAT_10,5,03-Jan-2030 19:51:50,03-Jan-2030 19:52:00,10,NaN,NaN
Ground_Point_10,SAT_10,1,01-Jan-2030 11:51:50,01-Jan-2030 11:52:10,20,NaN,NaN
Ground_Point_10,SAT_10,2,01-Jan-2030 13:25:10,01-Jan-2030 13:26:20,70,NaN,NaN
Ground_Point_10,SAT_10,3,01-Jan-2030 19:38:40,01-Jan-2030 19:39:55,75,NaN,NaN
Ground_Point_10,SAT_10,4,02-Jan-2030 13:03:25,02-Jan-2030 13:04:45,80,NaN,NaN
Ground_Point_10,SAT_10,5,02-Jan-2030 19:17:00,02-Jan-2030 19:18:15,75,NaN,NaN
Ground_Point_10,SAT_10,6,03-Jan-2030 12:41:45,03-Jan-2030 12:43:05,80,NaN,NaN
Ground_Point_10,SAT_10,7,03-Jan-2030 18:55:25,03-Jan-2030 18:56:30,65,NaN,NaN
Ground_Point_10,SAT_10,8,03-Jan-2030 20:29:25,03-Jan-2030 20:29:55,30,NaN,NaN
Ground_Point_11,SAT_10,1,01-Jan-2030 02:31:05,01-Jan-2030 02:32:00,55,NaN,NaN
Ground_Point_11,SAT_10,2,01-Jan-2030 13:13:30,01-Jan-2030 13:14:45,75,NaN,NaN
Ground_Point_12,SAT_10,1,01-Jan-2030 10:25:40,01-Jan-2030 10:26:25,45,NaN,NaN
Ground_Point_1,SAT_11,1,01-Jan-2030 01:24:40,01-Jan-2030 01:25:10,30,NaN,NaN
Ground_Point_1,SAT_11,2,02-Jan-2030 01:02:50,02-Jan-2030 01:03:40,50,NaN,NaN
Ground_Point_2,SAT_11,1,01-Jan-2030 10:40:10,01-Jan-2030 10:41:25,75,NaN,NaN
Ground_Point_2,SAT_11,2,01-Jan-2030 12:14:05,01-Jan-2030 12:14:45,40,NaN,NaN
Ground_Point_2,SAT_11,3,01-Jan-2030 16:53:55,01-Jan-2030 16:55:05,70,NaN,NaN
Ground_Point_2,SAT_11,4,01-Jan-2030 18:27:55,01-Jan-2030 18:28:35,40,NaN,NaN
Ground_Point_2,SAT_11,5,02-Jan-2030 10:18:35,02-Jan-2030 10:19:35,60,NaN,NaN
Ground_Point_2,SAT_11,6,02-Jan-2030 11:52:15,02-Jan-2030 11:53:15,60,NaN,NaN
Ground_Point_2,SAT_11,7,02-Jan-2030 16:32:25,02-Jan-2030 16:33:15,50,NaN,NaN
Ground_Point_2,SAT_11,8,02-Jan-2030 18:05:55,02-Jan-2030 18:07:00,65,NaN,NaN
Ground_Point_2,SAT_11,9,03-Jan-2030 11:30:25,03-Jan-2030 11:31:40,75,NaN,NaN
Ground_Point_2,SAT_11,10,03-Jan-2030 16:11:00,03-Jan-2030 16:11:20,20,NaN,NaN
Ground_Point_2,SAT_11,11,03-Jan-2030 17:44:05,03-Jan-2030 17:45:25,80,NaN,NaN
Ground_Point_3,SAT_11,1,01-Jan-2030 10:40:10,01-Jan-2030 10:41:25,75,NaN,NaN
Ground_Point_3,SAT_11,2,01-Jan-2030 12:14:05,01-Jan-2030 12:14:45,40,NaN,NaN
Ground_Point_3,SAT_11,3,01-Jan-2030 16:53:55,01-Jan-2030 16:55:05,70,NaN,NaN
Ground_Point_3,SAT_11,4,01-Jan-2030 18:27:55,01-Jan-2030 18:28:35,40,NaN,NaN
Ground_Point_3,SAT_11,5,02-Jan-2030 10:18:35,02-Jan-2030 10:19:35,60,NaN,NaN
Ground_Point_3,SAT_11,6,02-Jan-2030 11:52:15,02-Jan-2030 11:53:15,60,NaN,NaN
Ground_Point_3,SAT_11,7,02-Jan-2030 16:32:25,02-Jan-2030 16:33:15,50,NaN,NaN
Ground_Point_3,SAT_11,8,02-Jan-2030 18:05:55,02-Jan-2030 18:07:00,65,NaN,NaN
Ground_Point_3,SAT_11,9,03-Jan-2030 11:30:25,03-Jan-2030 11:31:40,75,NaN,NaN
Ground_Point_3,SAT_11,10,03-Jan-2030 16:11:00,03-Jan-2030 16:11:20,20,NaN,NaN
Ground_Point_3,SAT_11,11,03-Jan-2030 17:44:05,03-Jan-2030 17:45:25,80,NaN,NaN
Ground_Point_4,SAT_11,1,01-Jan-2030 10:40:10,01-Jan-2030 10:41:25,75,NaN,NaN
Ground_Point_4,SAT_11,2,01-Jan-2030 12:14:05,01-Jan-2030 12:14:45,40,NaN,NaN
Ground_Point_4,SAT_11,3,01-Jan-2030 16:53:55,01-Jan-2030 16:55:05,70,NaN,NaN
Ground_Point_4,SAT_11,4,01-Jan-2030 18:27:55,01-Jan-2030 18:28:35,40,NaN,NaN
Ground_Point_4,SAT_11,5,02-Jan-2030 10:18:35,02-Jan-2030 10:19:35,60,NaN,NaN
Ground_Point_4,SAT_11,6,02-Jan-2030 11:52:15,02-Jan-2030 11:53:15,60,NaN,NaN
Ground_Point_4,SAT_11,7,02-Jan-2030 16:32:25,02-Jan-2030 16:33:15,50,NaN,NaN
Ground_Point_4,SAT_11,8,02-Jan-2030 18:05:55,02-Jan-2030 18:07:00,65,NaN,NaN
Ground_Point_4,SAT_11,9,03-Jan-2030 11:30:25,03-Jan-2030 11:31:40,75,NaN,NaN
Ground_Point_4,SAT_11,10,03-Jan-2030 16:11:00,03-Jan-2030 16:11:20,20,NaN,NaN
Ground_Point_4,SAT_11,11,03-Jan-2030 17:44:05,03-Jan-2030 17:45:25,80,NaN,NaN
Ground_Point_5,SAT_11,1,01-Jan-2030 10:40:10,01-Jan-2030 10:41:25,75,NaN,NaN
Ground_Point_5,SAT_11,2,01-Jan-2030 12:14:05,01-Jan-2030 12:14:45,40,NaN,NaN
Ground_Point_5,SAT_11,3,01-Jan-2030 16:53:55,01-Jan-2030 16:55:05,70,NaN,NaN
Ground_Point_5,SAT_11,4,01-Jan-2030 18:27:55,01-Jan-2030 18:28:35,40,NaN,NaN
Ground_Point_5,SAT_11,5,02-Jan-2030 10:18:35,02-Jan-2030 10:19:35,60,NaN,NaN
Ground_Point_5,SAT_11,6,02-Jan-2030 11:52:15,02-Jan-2030 11:53:15,60,NaN,NaN
Ground_Point_5,SAT_11,7,02-Jan-2030 16:32:25,02-Jan-2030 16:33:15,50,NaN,NaN
Ground_Point_5,SAT_11,8,02-Jan-2030 18:05:55,02-Jan-2030 18:07:00,65,NaN,NaN
Ground_Point_5,SAT_11,9,03-Jan-2030 11:30:25,03-Jan-2030 11:31:40,75,NaN,NaN
Ground_Point_5,SAT_11,10,03-Jan-2030 16:11:00,03-Jan-2030 16:11:20,20,NaN,NaN
Ground_Point_5,SAT_11,11,03-Jan-2030 17:44:05,03-Jan-2030 17:45:25,80,NaN,NaN
Ground_Point_6,SAT_11,1,01-Jan-2030 22:31:10,01-Jan-2030 22:32:20,70,NaN,NaN
Ground_Point_6,SAT_11,2,02-Jan-2030 07:49:30,02-Jan-2030 07:50:35,65,NaN,NaN
Ground_Point_6,SAT_11,3,03-Jan-2030 07:27:40,03-Jan-2030 07:29:00,80,NaN,NaN
Ground_Point_6,SAT_11,4,03-Jan-2030 23:21:35,03-Jan-2030 23:22:20,45,NaN,NaN
Ground_Point_7,SAT_11,1,01-Jan-2030 09:08:25,01-Jan-2030 09:09:25,60,NaN,NaN
Ground_Point_7,SAT_11,2,01-Jan-2030 18:25:30,01-Jan-2030 18:26:45,75,NaN,NaN
Ground_Point_7,SAT_11,3,02-Jan-2030 18:04:15,02-Jan-2030 18:04:40,25,NaN,NaN
Ground_Point_7,SAT_11,4,03-Jan-2030 09:58:45,03-Jan-2030 09:59:30,45,NaN,NaN
Ground_Point_8,SAT_11,1,02-Jan-2030 19:48:15,02-Jan-2030 19:49:25,70,NaN,NaN
Ground_Point_8,SAT_11,2,03-Jan-2030 05:04:45,03-Jan-2030 05:06:00,75,NaN,NaN
Ground_Point_8,SAT_11,3,03-Jan-2030 19:26:30,03-Jan-2030 19:27:45,75,NaN,NaN
Ground_Point_9,SAT_11,1,01-Jan-2030 05:47:55,01-Jan-2030 05:49:00,65,NaN,NaN
Ground_Point_9,SAT_11,2,01-Jan-2030 20:11:15,01-Jan-2030 20:12:35,80,NaN,NaN
Ground_Point_10,SAT_11,1,01-Jan-2030 13:01:45,01-Jan-2030 13:03:05,80,NaN,NaN
Ground_Point_10,SAT_11,2,01-Jan-2030 19:15:20,01-Jan-2030 19:16:35,75,NaN,NaN
Ground_Point_10,SAT_11,3,02-Jan-2030 12:40:05,02-Jan-2030 12:41:20,75,NaN,NaN
Ground_Point_10,SAT_11,4,02-Jan-2030 18:53:40,02-Jan-2030 18:54:50,70,NaN,NaN
Ground_Point_10,SAT_11,5,02-Jan-2030 20:27:40,02-Jan-2030 20:28:15,35,NaN,NaN
Ground_Point_10,SAT_11,6,03-Jan-2030 12:18:25,03-Jan-2030 12:19:35,70,NaN,NaN
Ground_Point_10,SAT_11,7,03-Jan-2030 13:52:15,03-Jan-2030 13:53:00,45,NaN,NaN
Ground_Point_10,SAT_11,8,03-Jan-2030 18:32:10,03-Jan-2030 18:32:55,45,NaN,NaN
Ground_Point_10,SAT_11,9,03-Jan-2030 20:05:40,03-Jan-2030 20:06:45,65,NaN,NaN
Ground_Point_11,SAT_11,1,03-Jan-2030 02:58:00,03-Jan-2030 02:58:50,50,NaN,NaN
Ground_Point_12,SAT_11,1,03-Jan-2030 10:52:30,03-Jan-2030 10:53:10,40,NaN,NaN
Ground_Point_12,SAT_11,2,03-Jan-2030 21:31:30,03-Jan-2030 21:32:50,80,NaN,NaN
Ground_Point_1,SAT_12,1,01-Jan-2030 01:01:20,01-Jan-2030 01:02:00,40,NaN,NaN
Ground_Point_1,SAT_12,2,03-Jan-2030 12:25:25,03-Jan-2030 12:26:45,80,NaN,NaN
Ground_Point_2,SAT_12,1,01-Jan-2030 10:17:00,01-Jan-2030 10:17:55,55,NaN,NaN
Ground_Point_2,SAT_12,2,01-Jan-2030 11:50:35,01-Jan-2030 11:51:40,65,NaN,NaN
Ground_Point_2,SAT_12,3,01-Jan-2030 16:30:50,01-Jan-2030 16:31:40,50,NaN,NaN
Ground_Point_2,SAT_12,4,01-Jan-2030 18:04:15,01-Jan-2030 18:05:25,70,NaN,NaN
Ground_Point_2,SAT_12,5,02-Jan-2030 11:28:55,02-Jan-2030 11:30:05,70,NaN,NaN
Ground_Point_2,SAT_12,6,02-Jan-2030 16:09:30,02-Jan-2030 16:09:45,15,NaN,NaN
Ground_Point_2,SAT_12,7,02-Jan-2030 17:42:30,02-Jan-2030 17:43:50,80,NaN,NaN
Ground_Point_2,SAT_12,8,03-Jan-2030 11:07:10,03-Jan-2030 11:08:30,80,NaN,NaN
Ground_Point_2,SAT_12,9,03-Jan-2030 17:20:50,03-Jan-2030 17:22:10,80,NaN,NaN
Ground_Point_3,SAT_12,1,01-Jan-2030 10:17:00,01-Jan-2030 10:17:55,55,NaN,NaN
Ground_Point_3,SAT_12,2,01-Jan-2030 11:50:35,01-Jan-2030 11:51:40,65,NaN,NaN
Ground_Point_3,SAT_12,3,01-Jan-2030 16:30:50,01-Jan-2030 16:31:40,50,NaN,NaN
Ground_Point_3,SAT_12,4,01-Jan-2030 18:04:15,01-Jan-2030 18:05:25,70,NaN,NaN
Ground_Point_3,SAT_12,5,02-Jan-2030 11:28:55,02-Jan-2030 11:30:05,70,NaN,NaN
Ground_Point_3,SAT_12,6,02-Jan-2030 16:09:30,02-Jan-2030 16:09:45,15,NaN,NaN
Ground_Point_3,SAT_12,7,02-Jan-2030 17:42:30,02-Jan-2030 17:43:50,80,NaN,NaN
Ground_Point_3,SAT_12,8,03-Jan-2030 11:07:10,03-Jan-2030 11:08:30,80,NaN,NaN
Ground_Point_3,SAT_12,9,03-Jan-2030 17:20:50,03-Jan-2030 17:22:10,80,NaN,NaN
Ground_Point_4,SAT_12,1,01-Jan-2030 10:17:00,01-Jan-2030 10:17:55,55,NaN,NaN
Ground_Point_4,SAT_12,2,01-Jan-2030 11:50:35,01-Jan-2030 11:51:40,65,NaN,NaN
Ground_Point_4,SAT_12,3,01-Jan-2030 16:30:50,01-Jan-2030 16:31:40,50,NaN,NaN
Ground_Point_4,SAT_12,4,01-Jan-2030 18:04:15,01-Jan-2030 18:05:25,70,NaN,NaN
Ground_Point_4,SAT_12,5,02-Jan-2030 11:28:55,02-Jan-2030 11:30:05,70,NaN,NaN
Ground_Point_4,SAT_12,6,02-Jan-2030 16:09:30,02-Jan-2030 16:09:45,15,NaN,NaN
Ground_Point_4,SAT_12,7,02-Jan-2030 17:42:30,02-Jan-2030 17:43:50,80,NaN,NaN
Ground_Point_4,SAT_12,8,03-Jan-2030 11:07:10,03-Jan-2030 11:08:30,80,NaN,NaN
Ground_Point_4,SAT_12,9,03-Jan-2030 17:20:50,03-Jan-2030 17:22:10,80,NaN,NaN
Ground_Point_5,SAT_12,1,01-Jan-2030 10:17:00,01-Jan-2030 10:17:55,55,NaN,NaN
Ground_Point_5,SAT_12,2,01-Jan-2030 11:50:35,01-Jan-2030 11:51:40,65,NaN,NaN
Ground_Point_5,SAT_12,3,01-Jan-2030 16:30:50,01-Jan-2030 16:31:40,50,NaN,NaN
Ground_Point_5,SAT_12,4,01-Jan-2030 18:04:15,01-Jan-2030 18:05:25,70,NaN,NaN
Ground_Point_5,SAT_12,5,02-Jan-2030 11:28:55,02-Jan-2030 11:30:05,70,NaN,NaN
Ground_Point_5,SAT_12,6,02-Jan-2030 16:09:30,02-Jan-2030 16:09:45,15,NaN,NaN
Ground_Point_5,SAT_12,7,02-Jan-2030 17:42:30,02-Jan-2030 17:43:50,80,NaN,NaN
Ground_Point_5,SAT_12,8,03-Jan-2030 11:07:10,03-Jan-2030 11:08:30,80,NaN,NaN
Ground_Point_5,SAT_12,9,03-Jan-2030 17:20:50,03-Jan-2030 17:22:10,80,NaN,NaN
Ground_Point_6,SAT_12,1,01-Jan-2030 07:47:55,01-Jan-2030 07:49:00,65,NaN,NaN
Ground_Point_6,SAT_12,2,02-Jan-2030 07:26:05,02-Jan-2030 07:27:25,80,NaN,NaN
Ground_Point_6,SAT_12,3,02-Jan-2030 23:20:00,02-Jan-2030 23:20:50,50,NaN,NaN
Ground_Point_6,SAT_12,4,03-Jan-2030 07:04:35,03-Jan-2030 07:05:40,65,NaN,NaN
Ground_Point_6,SAT_12,5,03-Jan-2030 22:58:10,03-Jan-2030 22:59:25,75,NaN,NaN
Ground_Point_7,SAT_12,1,01-Jan-2030 18:02:45,01-Jan-2030 18:03:00,15,NaN,NaN
Ground_Point_7,SAT_12,2,02-Jan-2030 09:57:10,02-Jan-2030 09:58:00,50,NaN,NaN
Ground_Point_7,SAT_12,3,03-Jan-2030 09:35:15,03-Jan-2030 09:36:35,80,NaN,NaN
Ground_Point_7,SAT_12,4,03-Jan-2030 18:52:35,03-Jan-2030 18:53:45,70,NaN,NaN
Ground_Point_8,SAT_12,1,01-Jan-2030 19:46:40,01-Jan-2030 19:47:50,70,NaN,NaN
Ground_Point_8,SAT_12,2,02-Jan-2030 05:03:10,02-Jan-2030 05:04:25,75,NaN,NaN
Ground_Point_8,SAT_12,3,02-Jan-2030 19:24:55,02-Jan-2030 19:26:10,75,NaN,NaN
Ground_Point_8,SAT_12,4,03-Jan-2030 04:41:30,03-Jan-2030 04:42:45,75,NaN,NaN
Ground_Point_9,SAT_12,1,03-Jan-2030 06:14:55,03-Jan-2030 06:16:00,65,NaN,NaN
Ground_Point_9,SAT_12,2,03-Jan-2030 20:38:30,03-Jan-2030 20:39:20,50,NaN,NaN
Ground_Point_10,SAT_12,1,01-Jan-2030 12:38:25,01-Jan-2030 12:39:45,80,NaN,NaN
Ground_Point_10,SAT_12,2,01-Jan-2030 18:52:05,01-Jan-2030 18:53:10,65,NaN,NaN
Ground_Point_10,SAT_12,3,01-Jan-2030 20:26:00,01-Jan-2030 20:26:40,40,NaN,NaN
Ground_Point_10,SAT_12,4,02-Jan-2030 12:16:50,02-Jan-2030 12:18:00,70,NaN,NaN
Ground_Point_10,SAT_12,5,02-Jan-2030 13:50:40,02-Jan-2030 13:51:25,45,NaN,NaN
Ground_Point_10,SAT_12,6,02-Jan-2030 18:30:40,02-Jan-2030 18:31:25,45,NaN,NaN
Ground_Point_10,SAT_12,7,02-Jan-2030 20:04:05,02-Jan-2030 20:05:15,70,NaN,NaN
Ground_Point_10,SAT_12,8,03-Jan-2030 11:55:25,03-Jan-2030 11:55:55,30,NaN,NaN
Ground_Point_10,SAT_12,9,03-Jan-2030 13:28:50,03-Jan-2030 13:30:00,70,NaN,NaN
Ground_Point_10,SAT_12,10,03-Jan-2030 19:42:20,03-Jan-2030 19:43:35,75,NaN,NaN
Ground_Point_11,SAT_12,1,02-Jan-2030 02:56:25,02-Jan-2030 02:57:20,55,NaN,NaN
Ground_Point_11,SAT_12,2,03-Jan-2030 02:34:40,03-Jan-2030 02:35:45,65,NaN,NaN
Ground_Point_11,SAT_12,3,03-Jan-2030 13:17:10,03-Jan-2030 13:18:25,75,NaN,NaN
Ground_Point_12,SAT_12,1,02-Jan-2030 10:50:55,02-Jan-2030 10:51:40,45,NaN,NaN
Ground_Point_12,SAT_12,2,02-Jan-2030 21:30:00,02-Jan-2030 21:31:15,75,NaN,NaN
Ground_Point_12,SAT_12,3,03-Jan-2030 10:29:10,03-Jan-2030 10:30:10,60,NaN,NaN
Ground_Point_1,SAT_13,1,01-Jan-2030 14:20:00,01-Jan-2030 14:21:10,70,NaN,NaN
Ground_Point_1,SAT_13,2,02-Jan-2030 03:24:30,02-Jan-2030 03:25:00,30,NaN,NaN
Ground_Point_1,SAT_13,3,03-Jan-2030 03:02:40,03-Jan-2030 03:03:30,50,NaN,NaN
Ground_Point_2,SAT_13,1,01-Jan-2030 13:01:40,01-Jan-2030 13:03:00,80,NaN,NaN
Ground_Point_2,SAT_13,2,01-Jan-2030 19:15:20,01-Jan-2030 19:16:35,75,NaN,NaN
Ground_Point_2,SAT_13,3,02-Jan-2030 12:40:00,02-Jan-2030 12:41:15,75,NaN,NaN
Ground_Point_2,SAT_13,4,02-Jan-2030 14:13:55,02-Jan-2030 14:14:30,35,NaN,NaN
Ground_Point_2,SAT_13,5,02-Jan-2030 18:53:45,02-Jan-2030 18:54:55,70,NaN,NaN
Ground_Point_2,SAT_13,6,02-Jan-2030 20:27:40,02-Jan-2030 20:28:25,45,NaN,NaN
Ground_Point_2,SAT_13,7,03-Jan-2030 12:18:25,03-Jan-2030 12:19:25,60,NaN,NaN
Ground_Point_2,SAT_13,8,03-Jan-2030 13:52:05,03-Jan-2030 13:53:05,60,NaN,NaN
Ground_Point_2,SAT_13,9,03-Jan-2030 18:32:15,03-Jan-2030 18:33:05,50,NaN,NaN
Ground_Point_2,SAT_13,10,03-Jan-2030 20:05:45,03-Jan-2030 20:06:55,70,NaN,NaN
Ground_Point_3,SAT_13,1,01-Jan-2030 13:01:40,01-Jan-2030 13:03:00,80,NaN,NaN
Ground_Point_3,SAT_13,2,01-Jan-2030 19:15:20,01-Jan-2030 19:16:35,75,NaN,NaN
Ground_Point_3,SAT_13,3,02-Jan-2030 12:40:00,02-Jan-2030 12:41:15,75,NaN,NaN
Ground_Point_3,SAT_13,4,02-Jan-2030 14:13:55,02-Jan-2030 14:14:30,35,NaN,NaN
Ground_Point_3,SAT_13,5,02-Jan-2030 18:53:45,02-Jan-2030 18:54:55,70,NaN,NaN
Ground_Point_3,SAT_13,6,02-Jan-2030 20:27:40,02-Jan-2030 20:28:25,45,NaN,NaN
Ground_Point_3,SAT_13,7,03-Jan-2030 12:18:25,03-Jan-2030 12:19:25,60,NaN,NaN
Ground_Point_3,SAT_13,8,03-Jan-2030 13:52:05,03-Jan-2030 13:53:05,60,NaN,NaN
Ground_Point_3,SAT_13,9,03-Jan-2030 18:32:15,03-Jan-2030 18:33:05,50,NaN,NaN
Ground_Point_3,SAT_13,10,03-Jan-2030 20:05:45,03-Jan-2030 20:06:55,70,NaN,NaN
Ground_Point_4,SAT_13,1,01-Jan-2030 13:01:40,01-Jan-2030 13:03:00,80,NaN,NaN
Ground_Point_4,SAT_13,2,01-Jan-2030 19:15:20,01-Jan-2030 19:16:35,75,NaN,NaN
Ground_Point_4,SAT_13,3,02-Jan-2030 12:40:00,02-Jan-2030 12:41:15,75,NaN,NaN
Ground_Point_4,SAT_13,4,02-Jan-2030 14:13:55,02-Jan-2030 14:14:30,35,NaN,NaN
Ground_Point_4,SAT_13,5,02-Jan-2030 18:53:45,02-Jan-2030 18:54:55,70,NaN,NaN
Ground_Point_4,SAT_13,6,02-Jan-2030 20:27:40,02-Jan-2030 20:28:25,45,NaN,NaN
Ground_Point_4,SAT_13,7,03-Jan-2030 12:18:25,03-Jan-2030 12:19:25,60,NaN,NaN
Ground_Point_4,SAT_13,8,03-Jan-2030 13:52:05,03-Jan-2030 13:53:05,60,NaN,NaN
Ground_Point_4,SAT_13,9,03-Jan-2030 18:32:15,03-Jan-2030 18:33:05,50,NaN,NaN
Ground_Point_4,SAT_13,10,03-Jan-2030 20:05:45,03-Jan-2030 20:06:55,70,NaN,NaN
Ground_Point_5,SAT_13,1,01-Jan-2030 13:01:40,01-Jan-2030 13:03:00,80,NaN,NaN
Ground_Point_5,SAT_13,2,01-Jan-2030 19:15:20,01-Jan-2030 19:16:35,75,NaN,NaN
Ground_Point_5,SAT_13,3,02-Jan-2030 12:40:00,02-Jan-2030 12:41:15,75,NaN,NaN
Ground_Point_5,SAT_13,4,02-Jan-2030 14:13:55,02-Jan-2030 14:14:30,35,NaN,NaN
Ground_Point_5,SAT_13,5,02-Jan-2030 18:53:45,02-Jan-2030 18:54:55,70,NaN,NaN
Ground_Point_5,SAT_13,6,02-Jan-2030 20:27:40,02-Jan-2030 20:28:25,45,NaN,NaN
Ground_Point_5,SAT_13,7,03-Jan-2030 12:18:25,03-Jan-2030 12:19:25,60,NaN,NaN
Ground_Point_5,SAT_13,8,03-Jan-2030 13:52:05,03-Jan-2030 13:53:05,60,NaN,NaN
Ground_Point_5,SAT_13,9,03-Jan-2030 18:32:15,03-Jan-2030 18:33:05,50,NaN,NaN
Ground_Point_5,SAT_13,10,03-Jan-2030 20:05:45,03-Jan-2030 20:06:55,70,NaN,NaN
Ground_Point_6,SAT_13,1,01-Jan-2030 01:14:25,01-Jan-2030 01:15:25,60,NaN,NaN
Ground_Point_6,SAT_13,2,01-Jan-2030 08:59:10,01-Jan-2030 09:00:00,50,NaN,NaN
Ground_Point_6,SAT_13,3,02-Jan-2030 00:52:35,02-Jan-2030 00:53:55,80,NaN,NaN
Ground_Point_6,SAT_13,4,03-Jan-2030 00:31:00,03-Jan-2030 00:32:10,70,NaN,NaN
Ground_Point_6,SAT_13,5,03-Jan-2030 09:49:20,03-Jan-2030 09:50:25,65,NaN,NaN
Ground_Point_7,SAT_13,1,01-Jan-2030 11:29:45,01-Jan-2030 11:31:05,80,NaN,NaN
Ground_Point_7,SAT_13,2,01-Jan-2030 20:47:00,01-Jan-2030 20:48:15,75,NaN,NaN
Ground_Point_7,SAT_13,3,02-Jan-2030 11:08:15,02-Jan-2030 11:09:10,55,NaN,NaN
Ground_Point_7,SAT_13,4,02-Jan-2030 20:25:20,02-Jan-2030 20:26:35,75,NaN,NaN
Ground_Point_7,SAT_13,5,03-Jan-2030 20:04:05,03-Jan-2030 20:04:30,25,NaN,NaN
Ground_Point_8,SAT_13,1,01-Jan-2030 06:36:05,01-Jan-2030 06:37:10,65,NaN,NaN
Ground_Point_8,SAT_13,2,03-Jan-2030 21:48:05,03-Jan-2030 21:49:15,70,NaN,NaN
Ground_Point_9,SAT_13,1,01-Jan-2030 08:09:20,01-Jan-2030 08:10:35,75,NaN,NaN
Ground_Point_9,SAT_13,2,01-Jan-2030 22:32:55,01-Jan-2030 22:33:55,60,NaN,NaN
Ground_Point_9,SAT_13,3,02-Jan-2030 07:47:40,02-Jan-2030 07:48:50,70,NaN,NaN
Ground_Point_9,SAT_13,4,02-Jan-2030 22:11:05,02-Jan-2030 22:12:25,80,NaN,NaN
Ground_Point_10,SAT_13,1,01-Jan-2030 13:50:05,01-Jan-2030 13:50:15,10,NaN,NaN
Ground_Point_10,SAT_13,2,01-Jan-2030 15:23:20,01-Jan-2030 15:24:30,70,NaN,NaN
Ground_Point_10,SAT_13,3,01-Jan-2030 21:36:45,01-Jan-2030 21:38:05,80,NaN,NaN
Ground_Point_10,SAT_13,4,02-Jan-2030 15:01:35,02-Jan-2030 15:02:55,80,NaN,NaN
Ground_Point_10,SAT_13,5,02-Jan-2030 21:15:05,02-Jan-2030 21:16:25,80,NaN,NaN
Ground_Point_10,SAT_13,6,03-Jan-2030 14:39:55,03-Jan-2030 14:41:10,75,NaN,NaN
Ground_Point_10,SAT_13,7,03-Jan-2030 20:53:35,03-Jan-2030 20:54:40,65,NaN,NaN
Ground_Point_10,SAT_13,8,03-Jan-2030 22:27:30,03-Jan-2030 22:28:10,40,NaN,NaN
Ground_Point_11,SAT_13,1,01-Jan-2030 04:29:20,01-Jan-2030 04:30:05,45,NaN,NaN
Ground_Point_11,SAT_13,2,01-Jan-2030 15:11:40,01-Jan-2030 15:12:50,70,NaN,NaN
Ground_Point_12,SAT_13,1,01-Jan-2030 12:23:55,01-Jan-2030 12:24:25,30,NaN,NaN
Ground_Point_1,SAT_14,1,01-Jan-2030 03:22:40,01-Jan-2030 03:23:25,45,NaN,NaN
Ground_Point_1,SAT_14,2,02-Jan-2030 03:01:10,02-Jan-2030 03:01:45,35,NaN,NaN
Ground_Point_2,SAT_14,1,01-Jan-2030 12:38:20,01-Jan-2030 12:39:35,75,NaN,NaN
Ground_Point_2,SAT_14,2,01-Jan-2030 14:12:15,01-Jan-2030 14:12:55,40,NaN,NaN
Ground_Point_2,SAT_14,3,01-Jan-2030 18:52:05,01-Jan-2030 18:53:15,70,NaN,NaN
Ground_Point_2,SAT_14,4,01-Jan-2030 20:26:00,01-Jan-2030 20:26:45,45,NaN,NaN
Ground_Point_2,SAT_14,5,02-Jan-2030 12:16:45,02-Jan-2030 12:17:45,60,NaN,NaN
Ground_Point_2,SAT_14,6,02-Jan-2030 13:50:25,02-Jan-2030 13:51:25,60,NaN,NaN
Ground_Point_2,SAT_14,7,02-Jan-2030 18:30:35,02-Jan-2030 18:31:25,50,NaN,NaN
Ground_Point_2,SAT_14,8,02-Jan-2030 20:04:05,02-Jan-2030 20:05:15,70,NaN,NaN
Ground_Point_2,SAT_14,9,03-Jan-2030 13:28:40,03-Jan-2030 13:29:55,75,NaN,NaN
Ground_Point_2,SAT_14,10,03-Jan-2030 18:09:20,03-Jan-2030 18:09:30,10,NaN,NaN
Ground_Point_2,SAT_14,11,03-Jan-2030 19:42:20,03-Jan-2030 19:43:40,80,NaN,NaN
Ground_Point_3,SAT_14,1,01-Jan-2030 12:38:20,01-Jan-2030 12:39:35,75,NaN,NaN
Ground_Point_3,SAT_14,2,01-Jan-2030 14:12:15,01-Jan-2030 14:12:55,40,NaN,NaN
Ground_Point_3,SAT_14,3,01-Jan-2030 18:52:05,01-Jan-2030 18:53:15,70,NaN,NaN
Ground_Point_3,SAT_14,4,01-Jan-2030 20:26:00,01-Jan-2030 20:26:45,45,NaN,NaN
Ground_Point_3,SAT_14,5,02-Jan-2030 12:16:45,02-Jan-2030 12:17:45,60,NaN,NaN
Ground_Point_3,SAT_14,6,02-Jan-2030 13:50:25,02-Jan-2030 13:51:25,60,NaN,NaN
Ground_Point_3,SAT_14,7,02-Jan-2030 18:30:35,02-Jan-2030 18:31:25,50,NaN,NaN
Ground_Point_3,SAT_14,8,02-Jan-2030 20:04:05,02-Jan-2030 20:05:15,70,NaN,NaN
Ground_Point_3,SAT_14,9,03-Jan-2030 13:28:40,03-Jan-2030 13:29:55,75,NaN,NaN
Ground_Point_3,SAT_14,10,03-Jan-2030 18:09:20,03-Jan-2030 18:09:30,10,NaN,NaN
Ground_Point_3,SAT_14,11,03-Jan-2030 19:42:20,03-Jan-2030 19:43:40,80,NaN,NaN
Ground_Point_4,SAT_14,1,01-Jan-2030 12:38:20,01-Jan-2030 12:39:35,75,NaN,NaN
Ground_Point_4,SAT_14,2,01-Jan-2030 14:12:15,01-Jan-2030 14:12:55,40,NaN,NaN
Ground_Point_4,SAT_14,3,01-Jan-2030 18:52:05,01-Jan-2030 18:53:15,70,NaN,NaN
Ground_Point_4,SAT_14,4,01-Jan-2030 20:26:00,01-Jan-2030 20:26:45,45,NaN,NaN
Ground_Point_4,SAT_14,5,02-Jan-2030 12:16:45,02-Jan-2030 12:17:45,60,NaN,NaN
Ground_Point_4,SAT_14,6,02-Jan-2030 13:50:25,02-Jan-2030 13:51:25,60,NaN,NaN
Ground_Point_4,SAT_14,7,02-Jan-2030 18:30:35,02-Jan-2030 18:31:25,50,NaN,NaN
Ground_Point_4,SAT_14,8,02-Jan-2030 20:04:05,02-Jan-2030 20:05:15,70,NaN,NaN
Ground_Point_4,SAT_14,9,03-Jan-2030 13:28:40,03-Jan-2030 13:29:55,75,NaN,NaN
Ground_Point_4,SAT_14,10,03-Jan-2030 18:09:20,03-Jan-2030 18:09:30,10,NaN,NaN
Ground_Point_4,SAT_14,11,03-Jan-2030 19:42:20,03-Jan-2030 19:43:40,80,NaN,NaN
Ground_Point_5,SAT_14,1,01-Jan-2030 12:38:20,01-Jan-2030 12:39:35,75,NaN,NaN
Ground_Point_5,SAT_14,2,01-Jan-2030 14:12:15,01-Jan-2030 14:12:55,40,NaN,NaN
Ground_Point_5,SAT_14,3,01-Jan-2030 18:52:05,01-Jan-2030 18:53:15,70,NaN,NaN
Ground_Point_5,SAT_14,4,01-Jan-2030 20:26:00,01-Jan-2030 20:26:45,45,NaN,NaN
Ground_Point_5,SAT_14,5,02-Jan-2030 12:16:45,02-Jan-2030 12:17:45,60,NaN,NaN
Ground_Point_5,SAT_14,6,02-Jan-2030 13:50:25,02-Jan-2030 13:51:25,60,NaN,NaN
Ground_Point_5,SAT_14,7,02-Jan-2030 18:30:35,02-Jan-2030 18:31:25,50,NaN,NaN
Ground_Point_5,SAT_14,8,02-Jan-2030 20:04:05,02-Jan-2030 20:05:15,70,NaN,NaN
Ground_Point_5,SAT_14,9,03-Jan-2030 13:28:40,03-Jan-2030 13:29:55,75,NaN,NaN
Ground_Point_5,SAT_14,10,03-Jan-2030 18:09:20,03-Jan-2030 18:09:30,10,NaN,NaN
Ground_Point_5,SAT_14,11,03-Jan-2030 19:42:20,03-Jan-2030 19:43:40,80,NaN,NaN
Ground_Point_6,SAT_14,1,01-Jan-2030 00:50:55,01-Jan-2030 00:52:15,80,NaN,NaN
Ground_Point_6,SAT_14,2,02-Jan-2030 00:29:20,02-Jan-2030 00:30:30,70,NaN,NaN
Ground_Point_6,SAT_14,3,02-Jan-2030 09:47:40,02-Jan-2030 09:48:50,70,NaN,NaN
Ground_Point_6,SAT_14,4,03-Jan-2030 09:25:55,03-Jan-2030 09:27:15,80,NaN,NaN
Ground_Point_7,SAT_14,1,01-Jan-2030 11:06:35,01-Jan-2030 11:07:30,55,NaN,NaN
Ground_Point_7,SAT_14,2,01-Jan-2030 20:23:40,01-Jan-2030 20:24:55,75,NaN,NaN
Ground_Point_7,SAT_14,3,02-Jan-2030 20:02:35,02-Jan-2030 20:02:45,10,NaN,NaN
Ground_Point_7,SAT_14,4,03-Jan-2030 11:57:00,03-Jan-2030 11:57:45,45,NaN,NaN
Ground_Point_8,SAT_14,1,02-Jan-2030 21:46:25,02-Jan-2030 21:47:40,75,NaN,NaN
Ground_Point_8,SAT_14,2,03-Jan-2030 07:03:00,03-Jan-2030 07:04:15,75,NaN,NaN
Ground_Point_8,SAT_14,3,03-Jan-2030 21:24:45,03-Jan-2030 21:26:00,75,NaN,NaN
Ground_Point_9,SAT_14,1,01-Jan-2030 07:46:05,01-Jan-2030 07:47:10,65,NaN,NaN
Ground_Point_9,SAT_14,2,01-Jan-2030 22:09:25,01-Jan-2030 22:10:45,80,NaN,NaN
Ground_Point_10,SAT_14,1,01-Jan-2030 14:59:55,01-Jan-2030 15:01:15,80,NaN,NaN
Ground_Point_10,SAT_14,2,01-Jan-2030 21:13:30,01-Jan-2030 21:14:45,75,NaN,NaN
Ground_Point_10,SAT_14,3,02-Jan-2030 14:38:15,02-Jan-2030 14:39:35,80,NaN,NaN
Ground_Point_10,SAT_14,4,02-Jan-2030 20:51:55,02-Jan-2030 20:53:00,65,NaN,NaN
Ground_Point_10,SAT_14,5,02-Jan-2030 22:25:50,02-Jan-2030 22:26:30,40,NaN,NaN
Ground_Point_10,SAT_14,6,03-Jan-2030 14:16:40,03-Jan-2030 14:17:45,65,NaN,NaN
Ground_Point_10,SAT_14,7,03-Jan-2030 15:50:25,03-Jan-2030 15:51:15,50,NaN,NaN
Ground_Point_10,SAT_14,8,03-Jan-2030 20:30:30,03-Jan-2030 20:31:10,40,NaN,NaN
Ground_Point_10,SAT_14,9,03-Jan-2030 22:03:50,03-Jan-2030 22:05:00,70,NaN,NaN
Ground_Point_11,SAT_14,1,03-Jan-2030 04:56:10,03-Jan-2030 04:57:10,60,NaN,NaN
Ground_Point_12,SAT_14,1,03-Jan-2030 12:50:40,03-Jan-2030 12:51:30,50,NaN,NaN
Ground_Point_12,SAT_14,2,03-Jan-2030 23:29:45,03-Jan-2030 23:31:05,80,NaN,NaN
Ground_Point_1,SAT_15,1,01-Jan-2030 02:59:40,01-Jan-2030 02:59:55,15,NaN,NaN
Ground_Point_1,SAT_15,2,03-Jan-2030 14:23:30,03-Jan-2030 14:24:50,80,NaN,NaN
Ground_Point_2,SAT_15,1,01-Jan-2030 12:15:05,01-Jan-2030 12:16:00,55,NaN,NaN
Ground_Point_2,SAT_15,2,01-Jan-2030 13:48:45,01-Jan-2030 13:49:45,60,NaN,NaN
Ground_Point_2,SAT_15,3,01-Jan-2030 18:28:55,01-Jan-2030 18:29:45,50,NaN,NaN
Ground_Point_2,SAT_15,4,01-Jan-2030 20:02:25,01-Jan-2030 20:03:35,70,NaN,NaN
Ground_Point_2,SAT_15,5,02-Jan-2030 13:27:00,02-Jan-2030 13:28:15,75,NaN,NaN
Ground_Point_2,SAT_15,6,02-Jan-2030 18:07:40,02-Jan-2030 18:07:45,5,NaN,NaN
Ground_Point_2,SAT_15,7,02-Jan-2030 19:40:35,02-Jan-2030 19:41:55,80,NaN,NaN
Ground_Point_2,SAT_15,8,03-Jan-2030 13:05:15,03-Jan-2030 13:06:35,80,NaN,NaN
Ground_Point_2,SAT_15,9,03-Jan-2030 19:18:55,03-Jan-2030 19:20:15,80,NaN,NaN
Ground_Point_3,SAT_15,1,01-Jan-2030 12:15:05,01-Jan-2030 12:16:00,55,NaN,NaN
Ground_Point_3,SAT_15,2,01-Jan-2030 13:48:45,01-Jan-2030 13:49:45,60,NaN,NaN
Ground_Point_3,SAT_15,3,01-Jan-2030 18:28:55,01-Jan-2030 18:29:45,50,NaN,NaN
Ground_Point_3,SAT_15,4,01-Jan-2030 20:02:25,01-Jan-2030 20:03:35,70,NaN,NaN
Ground_Point_3,SAT_15,5,02-Jan-2030 13:27:00,02-Jan-2030 13:28:15,75,NaN,NaN
Ground_Point_3,SAT_15,6,02-Jan-2030 18:07:40,02-Jan-2030 18:07:45,5,NaN,NaN
Ground_Point_3,SAT_15,7,02-Jan-2030 19:40:35,02-Jan-2030 19:41:55,80,NaN,NaN
Ground_Point_3,SAT_15,8,03-Jan-2030 13:05:15,03-Jan-2030 13:06:35,80,NaN,NaN
Ground_Point_3,SAT_15,9,03-Jan-2030 19:18:55,03-Jan-2030 19:20:15,80,NaN,NaN
Ground_Point_4,SAT_15,1,01-Jan-2030 12:15:05,01-Jan-2030 12:16:00,55,NaN,NaN
Ground_Point_4,SAT_15,2,01-Jan-2030 13:48:45,01-Jan-2030 13:49:45,60,NaN,NaN
Ground_Point_4,SAT_15,3,01-Jan-2030 18:28:55,01-Jan-2030 18:29:45,50,NaN,NaN
Ground_Point_4,SAT_15,4,01-Jan-2030 20:02:25,01-Jan-2030 20:03:35,70,NaN,NaN
Ground_Point_4,SAT_15,5,02-Jan-2030 13:27:00,02-Jan-2030 13:28:15,75,NaN,NaN
Ground_Point_4,SAT_15,6,02-Jan-2030 18:07:40,02-Jan-2030 18:07:45,5,NaN,NaN
Ground_Point_4,SAT_15,7,02-Jan-2030 19:40:35,02-Jan-2030 19:41:55,80,NaN,NaN
Ground_Point_4,SAT_15,8,03-Jan-2030 13:05:15,03-Jan-2030 13:06:35,80,NaN,NaN
Ground_Point_4,SAT_15,9,03-Jan-2030 19:18:55,03-Jan-2030 19:20:15,80,NaN,NaN
Ground_Point_5,SAT_15,1,01-Jan-2030 12:15:05,01-Jan-2030 12:16:00,55,NaN,NaN
Ground_Point_5,SAT_15,2,01-Jan-2030 13:48:45,01-Jan-2030 13:49:45,60,NaN,NaN
Ground_Point_5,SAT_15,3,01-Jan-2030 18:28:55,01-Jan-2030 18:29:45,50,NaN,NaN
Ground_Point_5,SAT_15,4,01-Jan-2030 20:02:25,01-Jan-2030 20:03:35,70,NaN,NaN
Ground_Point_5,SAT_15,5,02-Jan-2030 13:27:00,02-Jan-2030 13:28:15,75,NaN,NaN
Ground_Point_5,SAT_15,6,02-Jan-2030 18:07:40,02-Jan-2030 18:07:45,5,NaN,NaN
Ground_Point_5,SAT_15,7,02-Jan-2030 19:40:35,02-Jan-2030 19:41:55,80,NaN,NaN
Ground_Point_5,SAT_15,8,03-Jan-2030 13:05:15,03-Jan-2030 13:06:35,80,NaN,NaN
Ground_Point_5,SAT_15,9,03-Jan-2030 19:18:55,03-Jan-2030 19:20:15,80,NaN,NaN
Ground_Point_6,SAT_15,1,01-Jan-2030 00:27:40,01-Jan-2030 00:28:50,70,NaN,NaN
Ground_Point_6,SAT_15,2,01-Jan-2030 09:46:00,01-Jan-2030 09:47:10,70,NaN,NaN
Ground_Point_6,SAT_15,3,02-Jan-2030 09:24:15,02-Jan-2030 09:25:30,75,NaN,NaN
Ground_Point_6,SAT_15,4,03-Jan-2030 01:18:05,03-Jan-2030 01:19:00,55,NaN,NaN
Ground_Point_6,SAT_15,5,03-Jan-2030 09:02:45,03-Jan-2030 09:03:40,55,NaN,NaN
Ground_Point_7,SAT_15,1,02-Jan-2030 11:55:15,02-Jan-2030 11:56:05,50,NaN,NaN
Ground_Point_7,SAT_15,2,03-Jan-2030 11:33:20,03-Jan-2030 11:34:40,80,NaN,NaN
Ground_Point_7,SAT_15,3,03-Jan-2030 20:50:40,03-Jan-2030 20:51:50,70,NaN,NaN
Ground_Point_8,SAT_15,1,01-Jan-2030 21:44:45,01-Jan-2030 21:46:00,75,NaN,NaN
Ground_Point_8,SAT_15,2,02-Jan-2030 07:01:15,02-Jan-2030 07:02:35,80,NaN,NaN
Ground_Point_8,SAT_15,3,02-Jan-2030 21:23:05,02-Jan-2030 21:24:15,70,NaN,NaN
Ground_Point_8,SAT_15,4,03-Jan-2030 06:39:40,03-Jan-2030 06:40:50,70,NaN,NaN
Ground_Point_9,SAT_15,1,03-Jan-2030 08:13:00,03-Jan-2030 08:14:10,70,NaN,NaN
Ground_Point_9,SAT_15,2,03-Jan-2030 22:36:35,03-Jan-2030 22:37:25,50,NaN,NaN
Ground_Point_10,SAT_15,1,01-Jan-2030 14:36:35,01-Jan-2030 14:37:55,80,NaN,NaN
Ground_Point_10,SAT_15,2,01-Jan-2030 20:50:15,01-Jan-2030 20:51:20,65,NaN,NaN
Ground_Point_10,SAT_15,3,01-Jan-2030 22:24:05,01-Jan-2030 22:24:50,45,NaN,NaN
Ground_Point_10,SAT_15,4,02-Jan-2030 14:15:00,02-Jan-2030 14:16:05,65,NaN,NaN
Ground_Point_10,SAT_15,5,02-Jan-2030 15:48:45,02-Jan-2030 15:49:35,50,NaN,NaN
Ground_Point_10,SAT_15,6,02-Jan-2030 20:28:50,02-Jan-2030 20:29:25,35,NaN,NaN
Ground_Point_10,SAT_15,7,02-Jan-2030 22:02:10,02-Jan-2030 22:03:20,70,NaN,NaN
Ground_Point_10,SAT_15,8,03-Jan-2030 13:53:35,03-Jan-2030 13:54:00,25,NaN,NaN
Ground_Point_10,SAT_15,9,03-Jan-2030 15:26:55,03-Jan-2030 15:28:05,70,NaN,NaN
Ground_Point_10,SAT_15,10,03-Jan-2030 21:40:25,03-Jan-2030 21:41:40,75,NaN,NaN
Ground_Point_11,SAT_15,1,02-Jan-2030 04:54:25,02-Jan-2030 04:55:30,65,NaN,NaN
Ground_Point_11,SAT_15,2,02-Jan-2030 15:37:20,02-Jan-2030 15:37:45,25,NaN,NaN
Ground_Point_11,SAT_15,3,03-Jan-2030 04:32:50,03-Jan-2030 04:33:50,60,NaN,NaN
Ground_Point_11,SAT_15,4,03-Jan-2030 15:15:15,03-Jan-2030 15:16:30,75,NaN,NaN
Ground_Point_12,SAT_15,1,02-Jan-2030 12:48:55,02-Jan-2030 12:49:55,60,NaN,NaN
Ground_Point_12,SAT_15,2,02-Jan-2030 23:28:05,02-Jan-2030 23:29:20,75,NaN,NaN
Ground_Point_12,SAT_15,3,03-Jan-2030 12:27:20,03-Jan-2030 12:28:10,50,NaN,NaN
Ground_Point_1,SAT_16,1,02-Jan-2030 14:21:55,02-Jan-2030 14:23:10,75,NaN,NaN
Ground_Point_2,SAT_16,1,01-Jan-2030 13:25:20,01-Jan-2030 13:26:35,75,NaN,NaN
Ground_Point_2,SAT_16,2,01-Jan-2030 19:39:00,01-Jan-2030 19:40:20,80,NaN,NaN
Ground_Point_2,SAT_16,3,02-Jan-2030 13:03:40,02-Jan-2030 13:05:00,80,NaN,NaN
Ground_Point_2,SAT_16,4,02-Jan-2030 19:17:20,02-Jan-2030 19:18:40,80,NaN,NaN
Ground_Point_2,SAT_16,5,03-Jan-2030 12:42:00,03-Jan-2030 12:43:15,75,NaN,NaN
Ground_Point_2,SAT_16,6,03-Jan-2030 14:15:55,03-Jan-2030 14:16:30,35,NaN,NaN
Ground_Point_2,SAT_16,7,03-Jan-2030 18:55:45,03-Jan-2030 18:56:55,70,NaN,NaN
Ground_Point_2,SAT_16,8,03-Jan-2030 20:29:45,03-Jan-2030 20:30:25,40,NaN,NaN
Ground_Point_3,SAT_16,1,01-Jan-2030 13:25:20,01-Jan-2030 13:26:35,75,NaN,NaN
Ground_Point_3,SAT_16,2,01-Jan-2030 19:39:00,01-Jan-2030 19:40:20,80,NaN,NaN
Ground_Point_3,SAT_16,3,02-Jan-2030 13:03:40,02-Jan-2030 13:05:00,80,NaN,NaN
Ground_Point_3,SAT_16,4,02-Jan-2030 19:17:20,02-Jan-2030 19:18:40,80,NaN,NaN
Ground_Point_3,SAT_16,5,03-Jan-2030 12:42:00,03-Jan-2030 12:43:15,75,NaN,NaN
Ground_Point_3,SAT_16,6,03-Jan-2030 14:15:55,03-Jan-2030 14:16:30,35,NaN,NaN
Ground_Point_3,SAT_16,7,03-Jan-2030 18:55:45,03-Jan-2030 18:56:55,70,NaN,NaN
Ground_Point_3,SAT_16,8,03-Jan-2030 20:29:45,03-Jan-2030 20:30:25,40,NaN,NaN
Ground_Point_4,SAT_16,1,01-Jan-2030 13:25:20,01-Jan-2030 13:26:35,75,NaN,NaN
Ground_Point_4,SAT_16,2,01-Jan-2030 19:39:00,01-Jan-2030 19:40:20,80,NaN,NaN
Ground_Point_4,SAT_16,3,02-Jan-2030 13:03:40,02-Jan-2030 13:05:00,80,NaN,NaN
Ground_Point_4,SAT_16,4,02-Jan-2030 19:17:20,02-Jan-2030 19:18:40,80,NaN,NaN
Ground_Point_4,SAT_16,5,03-Jan-2030 12:42:00,03-Jan-2030 12:43:15,75,NaN,NaN
Ground_Point_4,SAT_16,6,03-Jan-2030 14:15:55,03-Jan-2030 14:16:30,35,NaN,NaN
Ground_Point_4,SAT_16,7,03-Jan-2030 18:55:45,03-Jan-2030 18:56:55,70,NaN,NaN
Ground_Point_4,SAT_16,8,03-Jan-2030 20:29:45,03-Jan-2030 20:30:25,40,NaN,NaN
Ground_Point_5,SAT_16,1,01-Jan-2030 13:25:20,01-Jan-2030 13:26:35,75,NaN,NaN
Ground_Point_5,SAT_16,2,01-Jan-2030 19:39:00,01-Jan-2030 19:40:20,80,NaN,NaN
Ground_Point_5,SAT_16,3,02-Jan-2030 13:03:40,02-Jan-2030 13:05:00,80,NaN,NaN
Ground_Point_5,SAT_16,4,02-Jan-2030 19:17:20,02-Jan-2030 19:18:40,80,NaN,NaN
Ground_Point_5,SAT_16,5,03-Jan-2030 12:42:00,03-Jan-2030 12:43:15,75,NaN,NaN
Ground_Point_5,SAT_16,6,03-Jan-2030 14:15:55,03-Jan-2030 14:16:30,35,NaN,NaN
Ground_Point_5,SAT_16,7,03-Jan-2030 18:55:45,03-Jan-2030 18:56:55,70,NaN,NaN
Ground_Point_5,SAT_16,8,03-Jan-2030 20:29:45,03-Jan-2030 20:30:25,40,NaN,NaN
Ground_Point_6,SAT_16,1,01-Jan-2030 09:22:35,01-Jan-2030 09:23:55,80,NaN,NaN
Ground_Point_6,SAT_16,2,02-Jan-2030 01:16:25,02-Jan-2030 01:17:20,55,NaN,NaN
Ground_Point_6,SAT_16,3,02-Jan-2030 09:01:10,02-Jan-2030 09:02:05,55,NaN,NaN
Ground_Point_6,SAT_16,4,03-Jan-2030 00:54:35,03-Jan-2030 00:55:55,80,NaN,NaN
Ground_Point_7,SAT_16,1,01-Jan-2030 11:53:35,01-Jan-2030 11:54:30,55,NaN,NaN
Ground_Point_7,SAT_16,2,02-Jan-2030 11:31:45,02-Jan-2030 11:33:05,80,NaN,NaN
Ground_Point_7,SAT_16,3,02-Jan-2030 20:49:00,02-Jan-2030 20:50:15,75,NaN,NaN
Ground_Point_7,SAT_16,4,03-Jan-2030 11:10:15,03-Jan-2030 11:11:15,60,NaN,NaN
Ground_Point_7,SAT_16,5,03-Jan-2030 20:27:20,03-Jan-2030 20:28:35,75,NaN,NaN
Ground_Point_8,SAT_16,1,01-Jan-2030 06:59:35,01-Jan-2030 07:00:55,80,NaN,NaN
Ground_Point_8,SAT_16,2,01-Jan-2030 21:21:25,01-Jan-2030 21:22:40,75,NaN,NaN
Ground_Point_8,SAT_16,3,02-Jan-2030 06:38:00,02-Jan-2030 06:39:10,70,NaN,NaN
Ground_Point_9,SAT_16,1,02-Jan-2030 08:11:20,02-Jan-2030 08:12:30,70,NaN,NaN
Ground_Point_9,SAT_16,2,02-Jan-2030 22:34:55,02-Jan-2030 22:35:55,60,NaN,NaN
Ground_Point_9,SAT_16,3,03-Jan-2030 07:49:40,03-Jan-2030 07:50:50,70,NaN,NaN
Ground_Point_9,SAT_16,4,03-Jan-2030 22:13:05,03-Jan-2030 22:14:25,80,NaN,NaN
Ground_Point_10,SAT_16,1,01-Jan-2030 14:13:20,01-Jan-2030 14:14:25,65,NaN,NaN
Ground_Point_10,SAT_16,2,01-Jan-2030 15:47:05,01-Jan-2030 15:47:55,50,NaN,NaN
Ground_Point_10,SAT_16,3,01-Jan-2030 20:27:10,01-Jan-2030 20:27:50,40,NaN,NaN
Ground_Point_10,SAT_16,4,01-Jan-2030 22:00:30,01-Jan-2030 22:01:45,75,NaN,NaN
Ground_Point_10,SAT_16,5,02-Jan-2030 13:52:00,02-Jan-2030 13:52:20,20,NaN,NaN
Ground_Point_10,SAT_16,6,02-Jan-2030 15:25:20,02-Jan-2030 15:26:30,70,NaN,NaN
Ground_Point_10,SAT_16,7,02-Jan-2030 21:38:45,02-Jan-2030 21:40:05,80,NaN,NaN
Ground_Point_10,SAT_16,8,03-Jan-2030 15:03:35,03-Jan-2030 15:04:55,80,NaN,NaN
Ground_Point_10,SAT_16,9,03-Jan-2030 21:17:10,03-Jan-2030 21:18:25,75,NaN,NaN
Ground_Point_11,SAT_16,1,01-Jan-2030 04:52:45,01-Jan-2030 04:53:55,70,NaN,NaN
Ground_Point_11,SAT_16,2,01-Jan-2030 15:35:35,01-Jan-2030 15:36:15,40,NaN,NaN
Ground_Point_11,SAT_16,3,02-Jan-2030 04:31:15,02-Jan-2030 04:32:10,55,NaN,NaN
Ground_Point_11,SAT_16,4,02-Jan-2030 15:13:40,02-Jan-2030 15:14:50,70,NaN,NaN
Ground_Point_12,SAT_16,1,01-Jan-2030 12:47:15,01-Jan-2030 12:48:20,65,NaN,NaN
Ground_Point_12,SAT_16,2,01-Jan-2030 23:26:30,01-Jan-2030 23:27:45,75,NaN,NaN
Ground_Point_12,SAT_16,3,02-Jan-2030 12:25:45,02-Jan-2030 12:26:30,45,NaN,NaN
Ground_Point_1,SAT_17,1,01-Jan-2030 05:20:45,01-Jan-2030 05:21:40,55,NaN,NaN
Ground_Point_2,SAT_17,1,01-Jan-2030 14:36:30,01-Jan-2030 14:37:40,70,NaN,NaN
Ground_Point_2,SAT_17,2,01-Jan-2030 16:10:20,01-Jan-2030 16:11:05,45,NaN,NaN
Ground_Point_2,SAT_17,3,01-Jan-2030 20:50:15,01-Jan-2030 20:51:20,65,NaN,NaN
Ground_Point_2,SAT_17,4,01-Jan-2030 22:24:10,01-Jan-2030 22:24:55,45,NaN,NaN
Ground_Point_2,SAT_17,5,02-Jan-2030 14:14:55,02-Jan-2030 14:15:50,55,NaN,NaN
Ground_Point_2,SAT_17,6,02-Jan-2030 15:48:35,02-Jan-2030 15:49:35,60,NaN,NaN
Ground_Point_2,SAT_17,7,02-Jan-2030 20:28:45,02-Jan-2030 20:29:35,50,NaN,NaN
Ground_Point_2,SAT_17,8,02-Jan-2030 22:02:15,02-Jan-2030 22:03:25,70,NaN,NaN
Ground_Point_2,SAT_17,9,03-Jan-2030 15:26:50,03-Jan-2030 15:28:05,75,NaN,NaN
Ground_Point_2,SAT_17,10,03-Jan-2030 20:07:30,03-Jan-2030 20:07:40,10,NaN,NaN
Ground_Point_2,SAT_17,11,03-Jan-2030 21:40:25,03-Jan-2030 21:41:45,80,NaN,NaN
Ground_Point_3,SAT_17,1,01-Jan-2030 14:36:30,01-Jan-2030 14:37:40,70,NaN,NaN
Ground_Point_3,SAT_17,2,01-Jan-2030 16:10:20,01-Jan-2030 16:11:05,45,NaN,NaN
Ground_Point_3,SAT_17,3,01-Jan-2030 20:50:15,01-Jan-2030 20:51:20,65,NaN,NaN
Ground_Point_3,SAT_17,4,01-Jan-2030 22:24:10,01-Jan-2030 22:24:55,45,NaN,NaN
Ground_Point_3,SAT_17,5,02-Jan-2030 14:14:55,02-Jan-2030 14:15:50,55,NaN,NaN
Ground_Point_3,SAT_17,6,02-Jan-2030 15:48:35,02-Jan-2030 15:49:35,60,NaN,NaN
Ground_Point_3,SAT_17,7,02-Jan-2030 20:28:45,02-Jan-2030 20:29:35,50,NaN,NaN
Ground_Point_3,SAT_17,8,02-Jan-2030 22:02:15,02-Jan-2030 22:03:25,70,NaN,NaN
Ground_Point_3,SAT_17,9,03-Jan-2030 15:26:50,03-Jan-2030 15:28:05,75,NaN,NaN
Ground_Point_3,SAT_17,10,03-Jan-2030 20:07:30,03-Jan-2030 20:07:40,10,NaN,NaN
Ground_Point_3,SAT_17,11,03-Jan-2030 21:40:25,03-Jan-2030 21:41:45,80,NaN,NaN
Ground_Point_4,SAT_17,1,01-Jan-2030 14:36:30,01-Jan-2030 14:37:40,70,NaN,NaN
Ground_Point_4,SAT_17,2,01-Jan-2030 16:10:20,01-Jan-2030 16:11:05,45,NaN,NaN
Ground_Point_4,SAT_17,3,01-Jan-2030 20:50:15,01-Jan-2030 20:51:20,65,NaN,NaN
Ground_Point_4,SAT_17,4,01-Jan-2030 22:24:10,01-Jan-2030 22:24:55,45,NaN,NaN
Ground_Point_4,SAT_17,5,02-Jan-2030 14:14:55,02-Jan-2030 14:15:50,55,NaN,NaN
Ground_Point_4,SAT_17,6,02-Jan-2030 15:48:35,02-Jan-2030 15:49:35,60,NaN,NaN
Ground_Point_4,SAT_17,7,02-Jan-2030 20:28:45,02-Jan-2030 20:29:35,50,NaN,NaN
Ground_Point_4,SAT_17,8,02-Jan-2030 22:02:15,02-Jan-2030 22:03:25,70,NaN,NaN
Ground_Point_4,SAT_17,9,03-Jan-2030 15:26:50,03-Jan-2030 15:28:05,75,NaN,NaN
Ground_Point_4,SAT_17,10,03-Jan-2030 20:07:30,03-Jan-2030 20:07:40,10,NaN,NaN
Ground_Point_4,SAT_17,11,03-Jan-2030 21:40:25,03-Jan-2030 21:41:45,80,NaN,NaN
Ground_Point_5,SAT_17,1,01-Jan-2030 14:36:30,01-Jan-2030 14:37:40,70,NaN,NaN
Ground_Point_5,SAT_17,2,01-Jan-2030 16:10:20,01-Jan-2030 16:11:05,45,NaN,NaN
Ground_Point_5,SAT_17,3,01-Jan-2030 20:50:15,01-Jan-2030 20:51:20,65,NaN,NaN
Ground_Point_5,SAT_17,4,01-Jan-2030 22:24:10,01-Jan-2030 22:24:55,45,NaN,NaN
Ground_Point_5,SAT_17,5,02-Jan-2030 14:14:55,02-Jan-2030 14:15:50,55,NaN,NaN
Ground_Point_5,SAT_17,6,02-Jan-2030 15:48:35,02-Jan-2030 15:49:35,60,NaN,NaN
Ground_Point_5,SAT_17,7,02-Jan-2030 20:28:45,02-Jan-2030 20:29:35,50,NaN,NaN
Ground_Point_5,SAT_17,8,02-Jan-2030 22:02:15,02-Jan-2030 22:03:25,70,NaN,NaN
Ground_Point_5,SAT_17,9,03-Jan-2030 15:26:50,03-Jan-2030 15:28:05,75,NaN,NaN
Ground_Point_5,SAT_17,10,03-Jan-2030 20:07:30,03-Jan-2030 20:07:40,10,NaN,NaN
Ground_Point_5,SAT_17,11,03-Jan-2030 21:40:25,03-Jan-2030 21:41:45,80,NaN,NaN
Ground_Point_6,SAT_17,1,01-Jan-2030 02:49:05,01-Jan-2030 02:50:25,80,NaN,NaN
Ground_Point_6,SAT_17,2,02-Jan-2030 02:27:30,02-Jan-2030 02:28:35,65,NaN,NaN
Ground_Point_6,SAT_17,3,02-Jan-2030 11:45:50,02-Jan-2030 11:47:00,70,NaN,NaN
Ground_Point_6,SAT_17,4,03-Jan-2030 11:24:05,03-Jan-2030 11:25:20,75,NaN,NaN
Ground_Point_7,SAT_17,1,01-Jan-2030 13:04:45,01-Jan-2030 13:05:35,50,NaN,NaN
Ground_Point_7,SAT_17,2,01-Jan-2030 22:21:50,01-Jan-2030 22:23:00,70,NaN,NaN
Ground_Point_7,SAT_17,3,03-Jan-2030 13:55:05,03-Jan-2030 13:55:55,50,NaN,NaN
Ground_Point_8,SAT_17,1,02-Jan-2030 23:44:35,02-Jan-2030 23:45:45,70,NaN,NaN
Ground_Point_8,SAT_17,2,03-Jan-2030 09:01:05,03-Jan-2030 09:02:20,75,NaN,NaN
Ground_Point_8,SAT_17,3,03-Jan-2030 23:22:55,03-Jan-2030 23:24:10,75,NaN,NaN
Ground_Point_9,SAT_17,1,01-Jan-2030 00:29:20,01-Jan-2030 00:30:25,65,NaN,NaN
Ground_Point_9,SAT_17,2,01-Jan-2030 09:44:15,01-Jan-2030 09:45:15,60,NaN,NaN
Ground_Point_9,SAT_17,3,02-Jan-2030 00:07:35,02-Jan-2030 00:08:50,75,NaN,NaN
Ground_Point_10,SAT_17,1,01-Jan-2030 16:58:05,01-Jan-2030 16:59:25,80,NaN,NaN
Ground_Point_10,SAT_17,2,01-Jan-2030 23:11:35,01-Jan-2030 23:12:50,75,NaN,NaN
Ground_Point_10,SAT_17,3,02-Jan-2030 16:36:25,02-Jan-2030 16:37:40,75,NaN,NaN
Ground_Point_10,SAT_17,4,02-Jan-2030 18:10:35,02-Jan-2030 18:10:40,5,NaN,NaN
Ground_Point_10,SAT_17,5,02-Jan-2030 22:50:05,02-Jan-2030 22:51:05,60,NaN,NaN
Ground_Point_10,SAT_17,6,03-Jan-2030 00:23:55,03-Jan-2030 00:24:40,45,NaN,NaN
Ground_Point_10,SAT_17,7,03-Jan-2030 16:14:50,03-Jan-2030 16:15:55,65,NaN,NaN
Ground_Point_10,SAT_17,8,03-Jan-2030 17:48:35,03-Jan-2030 17:49:25,50,NaN,NaN
Ground_Point_10,SAT_17,9,03-Jan-2030 22:28:40,03-Jan-2030 22:29:20,40,NaN,NaN
Ground_Point_11,SAT_17,1,03-Jan-2030 06:54:15,03-Jan-2030 06:55:20,65,NaN,NaN
Ground_Point_11,SAT_17,2,03-Jan-2030 17:37:10,03-Jan-2030 17:37:35,25,NaN,NaN
Ground_Point_12,SAT_17,1,03-Jan-2030 14:48:45,03-Jan-2030 14:49:45,60,NaN,NaN
Ground_Point_1,SAT_18,1,03-Jan-2030 16:21:45,03-Jan-2030 16:22:55,70,NaN,NaN
Ground_Point_2,SAT_18,1,01-Jan-2030 14:13:15,01-Jan-2030 14:14:10,55,NaN,NaN
Ground_Point_2,SAT_18,2,01-Jan-2030 15:46:50,01-Jan-2030 15:47:55,65,NaN,NaN
Ground_Point_2,SAT_18,3,01-Jan-2030 20:27:05,01-Jan-2030 20:27:55,50,NaN,NaN
Ground_Point_2,SAT_18,4,01-Jan-2030 22:00:30,01-Jan-2030 22:01:45,75,NaN,NaN
Ground_Point_2,SAT_18,5,02-Jan-2030 15:25:05,02-Jan-2030 15:26:25,80,NaN,NaN
Ground_Point_2,SAT_18,6,02-Jan-2030 20:05:50,02-Jan-2030 20:05:55,5,NaN,NaN
Ground_Point_2,SAT_18,7,02-Jan-2030 21:38:45,02-Jan-2030 21:40:05,80,NaN,NaN
Ground_Point_2,SAT_18,8,03-Jan-2030 15:03:25,03-Jan-2030 15:04:45,80,NaN,NaN
Ground_Point_2,SAT_18,9,03-Jan-2030 21:17:05,03-Jan-2030 21:18:25,80,NaN,NaN
Ground_Point_3,SAT_18,1,01-Jan-2030 14:13:15,01-Jan-2030 14:14:10,55,NaN,NaN
Ground_Point_3,SAT_18,2,01-Jan-2030 15:46:50,01-Jan-2030 15:47:55,65,NaN,NaN
Ground_Point_3,SAT_18,3,01-Jan-2030 20:27:05,01-Jan-2030 20:27:55,50,NaN,NaN
Ground_Point_3,SAT_18,4,01-Jan-2030 22:00:30,01-Jan-2030 22:01:45,75,NaN,NaN
Ground_Point_3,SAT_18,5,02-Jan-2030 15:25:05,02-Jan-2030 15:26:25,80,NaN,NaN
Ground_Point_3,SAT_18,6,02-Jan-2030 20:05:50,02-Jan-2030 20:05:55,5,NaN,NaN
Ground_Point_3,SAT_18,7,02-Jan-2030 21:38:45,02-Jan-2030 21:40:05,80,NaN,NaN
Ground_Point_3,SAT_18,8,03-Jan-2030 15:03:25,03-Jan-2030 15:04:45,80,NaN,NaN
Ground_Point_3,SAT_18,9,03-Jan-2030 21:17:05,03-Jan-2030 21:18:25,80,NaN,NaN
Ground_Point_4,SAT_18,1,01-Jan-2030 14:13:15,01-Jan-2030 14:14:10,55,NaN,NaN
Ground_Point_4,SAT_18,2,01-Jan-2030 15:46:50,01-Jan-2030 15:47:55,65,NaN,NaN
Ground_Point_4,SAT_18,3,01-Jan-2030 20:27:05,01-Jan-2030 20:27:55,50,NaN,NaN
Ground_Point_4,SAT_18,4,01-Jan-2030 22:00:30,01-Jan-2030 22:01:45,75,NaN,NaN
Ground_Point_4,SAT_18,5,02-Jan-2030 15:25:05,02-Jan-2030 15:26:25,80,NaN,NaN
Ground_Point_4,SAT_18,6,02-Jan-2030 20:05:50,02-Jan-2030 20:05:55,5,NaN,NaN
Ground_Point_4,SAT_18,7,02-Jan-2030 21:38:45,02-Jan-2030 21:40:05,80,NaN,NaN
Ground_Point_4,SAT_18,8,03-Jan-2030 15:03:25,03-Jan-2030 15:04:45,80,NaN,NaN
Ground_Point_4,SAT_18,9,03-Jan-2030 21:17:05,03-Jan-2030 21:18:25,80,NaN,NaN
Ground_Point_5,SAT_18,1,01-Jan-2030 14:13:15,01-Jan-2030 14:14:10,55,NaN,NaN
Ground_Point_5,SAT_18,2,01-Jan-2030 15:46:50,01-Jan-2030 15:47:55,65,NaN,NaN
Ground_Point_5,SAT_18,3,01-Jan-2030 20:27:05,01-Jan-2030 20:27:55,50,NaN,NaN
Ground_Point_5,SAT_18,4,01-Jan-2030 22:00:30,01-Jan-2030 22:01:45,75,NaN,NaN
Ground_Point_5,SAT_18,5,02-Jan-2030 15:25:05,02-Jan-2030 15:26:25,80,NaN,NaN
Ground_Point_5,SAT_18,6,02-Jan-2030 20:05:50,02-Jan-2030 20:05:55,5,NaN,NaN
Ground_Point_5,SAT_18,7,02-Jan-2030 21:38:45,02-Jan-2030 21:40:05,80,NaN,NaN
Ground_Point_5,SAT_18,8,03-Jan-2030 15:03:25,03-Jan-2030 15:04:45,80,NaN,NaN
Ground_Point_5,SAT_18,9,03-Jan-2030 21:17:05,03-Jan-2030 21:18:25,80,NaN,NaN
Ground_Point_6,SAT_18,1,01-Jan-2030 02:25:50,01-Jan-2030 02:26:55,65,NaN,NaN
Ground_Point_6,SAT_18,2,01-Jan-2030 11:44:05,01-Jan-2030 11:45:20,75,NaN,NaN
Ground_Point_6,SAT_18,3,02-Jan-2030 11:22:20,02-Jan-2030 11:23:40,80,NaN,NaN
Ground_Point_6,SAT_18,4,03-Jan-2030 03:16:10,03-Jan-2030 03:17:10,60,NaN,NaN
Ground_Point_6,SAT_18,5,03-Jan-2030 11:00:55,03-Jan-2030 11:01:50,55,NaN,NaN
Ground_Point_7,SAT_18,1,02-Jan-2030 13:53:20,02-Jan-2030 13:54:20,60,NaN,NaN
Ground_Point_7,SAT_18,2,03-Jan-2030 13:31:30,03-Jan-2030 13:32:50,80,NaN,NaN
Ground_Point_7,SAT_18,3,03-Jan-2030 22:48:45,03-Jan-2030 22:50:00,75,NaN,NaN
Ground_Point_8,SAT_18,1,01-Jan-2030 00:05:00,01-Jan-2030 00:05:15,15,NaN,NaN
Ground_Point_8,SAT_18,2,01-Jan-2030 09:21:35,01-Jan-2030 09:21:55,20,NaN,NaN
Ground_Point_8,SAT_18,3,01-Jan-2030 23:42:50,01-Jan-2030 23:44:05,75,NaN,NaN
Ground_Point_8,SAT_18,4,02-Jan-2030 08:59:25,02-Jan-2030 09:00:40,75,NaN,NaN
Ground_Point_8,SAT_18,5,02-Jan-2030 23:21:15,02-Jan-2030 23:22:25,70,NaN,NaN
Ground_Point_8,SAT_18,6,03-Jan-2030 08:37:50,03-Jan-2030 08:39:00,70,NaN,NaN
Ground_Point_9,SAT_18,1,01-Jan-2030 00:05:55,01-Jan-2030 00:07:10,75,NaN,NaN
Ground_Point_9,SAT_18,2,03-Jan-2030 10:11:05,03-Jan-2030 10:12:20,75,NaN,NaN
Ground_Point_10,SAT_18,1,01-Jan-2030 16:34:45,01-Jan-2030 16:36:00,75,NaN,NaN
Ground_Point_10,SAT_18,2,01-Jan-2030 18:08:50,01-Jan-2030 18:09:00,10,NaN,NaN
Ground_Point_10,SAT_18,3,01-Jan-2030 22:48:25,01-Jan-2030 22:49:25,60,NaN,NaN
Ground_Point_10,SAT_18,4,02-Jan-2030 00:22:15,02-Jan-2030 00:23:00,45,NaN,NaN
Ground_Point_10,SAT_18,5,02-Jan-2030 16:13:05,02-Jan-2030 16:14:10,65,NaN,NaN
Ground_Point_10,SAT_18,6,02-Jan-2030 17:46:55,02-Jan-2030 17:47:45,50,NaN,NaN
Ground_Point_10,SAT_18,7,02-Jan-2030 22:27:00,02-Jan-2030 22:27:35,35,NaN,NaN
Ground_Point_10,SAT_18,8,03-Jan-2030 00:00:20,03-Jan-2030 00:01:30,70,NaN,NaN
Ground_Point_10,SAT_18,9,03-Jan-2030 15:51:45,03-Jan-2030 15:52:05,20,NaN,NaN
Ground_Point_10,SAT_18,10,03-Jan-2030 17:25:05,03-Jan-2030 17:26:15,70,NaN,NaN
Ground_Point_10,SAT_18,11,03-Jan-2030 23:38:30,03-Jan-2030 23:39:50,80,NaN,NaN
Ground_Point_11,SAT_18,1,02-Jan-2030 06:52:35,02-Jan-2030 06:53:40,65,NaN,NaN
Ground_Point_11,SAT_18,2,02-Jan-2030 17:35:20,02-Jan-2030 17:36:00,40,NaN,NaN
Ground_Point_11,SAT_18,3,03-Jan-2030 06:31:00,03-Jan-2030 06:31:55,55,NaN,NaN
Ground_Point_11,SAT_18,4,03-Jan-2030 17:13:25,03-Jan-2030 17:14:35,70,NaN,NaN
Ground_Point_12,SAT_18,1,02-Jan-2030 14:47:00,02-Jan-2030 14:48:05,65,NaN,NaN
Ground_Point_12,SAT_18,2,03-Jan-2030 01:26:15,03-Jan-2030 01:27:30,75,NaN,NaN
Ground_Point_12,SAT_18,3,03-Jan-2030 14:25:35,03-Jan-2030 14:26:15,40,NaN,NaN
Ground_Point_1,SAT_19,1,02-Jan-2030 16:20:05,02-Jan-2030 16:21:15,70,NaN,NaN
Ground_Point_1,SAT_19,2,03-Jan-2030 05:24:35,03-Jan-2030 05:25:05,30,NaN,NaN
Ground_Point_2,SAT_19,1,01-Jan-2030 15:23:30,01-Jan-2030 15:24:45,75,NaN,NaN
Ground_Point_2,SAT_19,2,01-Jan-2030 21:37:05,01-Jan-2030 21:38:25,80,NaN,NaN
Ground_Point_2,SAT_19,3,02-Jan-2030 15:01:45,02-Jan-2030 15:03:05,80,NaN,NaN
Ground_Point_2,SAT_19,4,02-Jan-2030 21:15:25,02-Jan-2030 21:16:45,80,NaN,NaN
Ground_Point_2,SAT_19,5,03-Jan-2030 14:40:05,03-Jan-2030 14:41:20,75,NaN,NaN
Ground_Point_2,SAT_19,6,03-Jan-2030 16:14:00,03-Jan-2030 16:14:40,40,NaN,NaN
Ground_Point_2,SAT_19,7,03-Jan-2030 20:53:50,03-Jan-2030 20:55:00,70,NaN,NaN
Ground_Point_2,SAT_19,8,03-Jan-2030 22:27:50,03-Jan-2030 22:28:30,40,NaN,NaN
Ground_Point_3,SAT_19,1,01-Jan-2030 15:23:30,01-Jan-2030 15:24:45,75,NaN,NaN
Ground_Point_3,SAT_19,2,01-Jan-2030 21:37:05,01-Jan-2030 21:38:25,80,NaN,NaN
Ground_Point_3,SAT_19,3,02-Jan-2030 15:01:45,02-Jan-2030 15:03:05,80,NaN,NaN
Ground_Point_3,SAT_19,4,02-Jan-2030 21:15:25,02-Jan-2030 21:16:45,80,NaN,NaN
Ground_Point_3,SAT_19,5,03-Jan-2030 14:40:05,03-Jan-2030 14:41:20,75,NaN,NaN
Ground_Point_3,SAT_19,6,03-Jan-2030 16:14:00,03-Jan-2030 16:14:40,40,NaN,NaN
Ground_Point_3,SAT_19,7,03-Jan-2030 20:53:50,03-Jan-2030 20:55:00,70,NaN,NaN
Ground_Point_3,SAT_19,8,03-Jan-2030 22:27:50,03-Jan-2030 22:28:30,40,NaN,NaN
Ground_Point_4,SAT_19,1,01-Jan-2030 15:23:30,01-Jan-2030 15:24:45,75,NaN,NaN
Ground_Point_4,SAT_19,2,01-Jan-2030 21:37:05,01-Jan-2030 21:38:25,80,NaN,NaN
Ground_Point_4,SAT_19,3,02-Jan-2030 15:01:45,02-Jan-2030 15:03:05,80,NaN,NaN
Ground_Point_4,SAT_19,4,02-Jan-2030 21:15:25,02-Jan-2030 21:16:45,80,NaN,NaN
Ground_Point_4,SAT_19,5,03-Jan-2030 14:40:05,03-Jan-2030 14:41:20,75,NaN,NaN
Ground_Point_4,SAT_19,6,03-Jan-2030 16:14:00,03-Jan-2030 16:14:40,40,NaN,NaN
Ground_Point_4,SAT_19,7,03-Jan-2030 20:53:50,03-Jan-2030 20:55:00,70,NaN,NaN
Ground_Point_4,SAT_19,8,03-Jan-2030 22:27:50,03-Jan-2030 22:28:30,40,NaN,NaN
Ground_Point_5,SAT_19,1,01-Jan-2030 15:23:30,01-Jan-2030 15:24:45,75,NaN,NaN
Ground_Point_5,SAT_19,2,01-Jan-2030 21:37:05,01-Jan-2030 21:38:25,80,NaN,NaN
Ground_Point_5,SAT_19,3,02-Jan-2030 15:01:45,02-Jan-2030 15:03:05,80,NaN,NaN
Ground_Point_5,SAT_19,4,02-Jan-2030 21:15:25,02-Jan-2030 21:16:45,80,NaN,NaN
Ground_Point_5,SAT_19,5,03-Jan-2030 14:40:05,03-Jan-2030 14:41:20,75,NaN,NaN
Ground_Point_5,SAT_19,6,03-Jan-2030 16:14:00,03-Jan-2030 16:14:40,40,NaN,NaN
Ground_Point_5,SAT_19,7,03-Jan-2030 20:53:50,03-Jan-2030 20:55:00,70,NaN,NaN
Ground_Point_5,SAT_19,8,03-Jan-2030 22:27:50,03-Jan-2030 22:28:30,40,NaN,NaN
Ground_Point_6,SAT_19,1,01-Jan-2030 11:20:45,01-Jan-2030 11:22:00,75,NaN,NaN
Ground_Point_6,SAT_19,2,02-Jan-2030 03:14:30,02-Jan-2030 03:15:30,60,NaN,NaN
Ground_Point_6,SAT_19,3,02-Jan-2030 10:59:15,02-Jan-2030 11:00:10,55,NaN,NaN
Ground_Point_6,SAT_19,4,03-Jan-2030 02:52:40,03-Jan-2030 02:54:00,80,NaN,NaN
Ground_Point_7,SAT_19,1,01-Jan-2030 13:51:40,01-Jan-2030 13:52:40,60,NaN,NaN
Ground_Point_7,SAT_19,2,02-Jan-2030 13:29:50,02-Jan-2030 13:31:10,80,NaN,NaN
Ground_Point_7,SAT_19,3,02-Jan-2030 22:47:05,02-Jan-2030 22:48:20,75,NaN,NaN
Ground_Point_7,SAT_19,4,03-Jan-2030 13:08:20,03-Jan-2030 13:09:20,60,NaN,NaN
Ground_Point_7,SAT_19,5,03-Jan-2030 22:25:25,03-Jan-2030 22:26:40,75,NaN,NaN
Ground_Point_8,SAT_19,1,01-Jan-2030 08:57:45,01-Jan-2030 08:59:00,75,NaN,NaN
Ground_Point_8,SAT_19,2,01-Jan-2030 23:19:35,01-Jan-2030 23:20:45,70,NaN,NaN
Ground_Point_8,SAT_19,3,02-Jan-2030 08:36:10,02-Jan-2030 08:37:20,70,NaN,NaN
Ground_Point_9,SAT_19,1,02-Jan-2030 10:09:25,02-Jan-2030 10:10:40,75,NaN,NaN
Ground_Point_9,SAT_19,2,03-Jan-2030 00:33:00,03-Jan-2030 00:34:00,60,NaN,NaN
Ground_Point_9,SAT_19,3,03-Jan-2030 09:47:50,03-Jan-2030 09:48:55,65,NaN,NaN
Ground_Point_10,SAT_19,1,01-Jan-2030 00:20:35,01-Jan-2030 00:21:25,50,NaN,NaN
Ground_Point_10,SAT_19,2,01-Jan-2030 16:11:30,01-Jan-2030 16:12:30,60,NaN,NaN
Ground_Point_10,SAT_19,3,01-Jan-2030 17:45:15,01-Jan-2030 17:46:05,50,NaN,NaN
Ground_Point_10,SAT_19,4,01-Jan-2030 22:25:20,01-Jan-2030 22:25:55,35,NaN,NaN
Ground_Point_10,SAT_19,5,01-Jan-2030 23:58:40,01-Jan-2030 23:59:50,70,NaN,NaN
Ground_Point_10,SAT_19,6,02-Jan-2030 15:50:15,02-Jan-2030 15:50:20,5,NaN,NaN
Ground_Point_10,SAT_19,7,02-Jan-2030 17:23:25,02-Jan-2030 17:24:35,70,NaN,NaN
Ground_Point_10,SAT_19,8,02-Jan-2030 23:36:50,02-Jan-2030 23:38:10,80,NaN,NaN
Ground_Point_10,SAT_19,9,03-Jan-2030 17:01:40,03-Jan-2030 17:03:00,80,NaN,NaN
Ground_Point_10,SAT_19,10,03-Jan-2030 23:15:15,03-Jan-2030 23:16:30,75,NaN,NaN
Ground_Point_11,SAT_19,1,01-Jan-2030 06:50:55,01-Jan-2030 06:52:05,70,NaN,NaN
Ground_Point_11,SAT_19,2,01-Jan-2030 17:33:35,01-Jan-2030 17:34:25,50,NaN,NaN
Ground_Point_11,SAT_19,3,02-Jan-2030 06:29:25,02-Jan-2030 06:30:10,45,NaN,NaN
Ground_Point_11,SAT_19,4,02-Jan-2030 17:11:50,02-Jan-2030 17:12:55,65,NaN,NaN
Ground_Point_12,SAT_19,1,01-Jan-2030 01:46:40,01-Jan-2030 01:47:05,25,NaN,NaN
Ground_Point_12,SAT_19,2,01-Jan-2030 14:45:20,01-Jan-2030 14:46:30,70,NaN,NaN
Ground_Point_12,SAT_19,3,02-Jan-2030 01:24:40,02-Jan-2030 01:25:50,70,NaN,NaN
Ground_Point_12,SAT_19,4,02-Jan-2030 14:24:05,02-Jan-2030 14:24:25,20,NaN,NaN
Ground_Point_1,SAT_20,1,01-Jan-2030 16:18:30,01-Jan-2030 16:19:35,65,NaN,NaN
Ground_Point_1,SAT_20,2,02-Jan-2030 05:22:50,02-Jan-2030 05:23:35,45,NaN,NaN
Ground_Point_1,SAT_20,3,03-Jan-2030 05:01:20,03-Jan-2030 05:01:50,30,NaN,NaN
Ground_Point_2,SAT_20,1,01-Jan-2030 15:00:05,01-Jan-2030 15:01:25,80,NaN,NaN
Ground_Point_2,SAT_20,2,01-Jan-2030 21:13:50,01-Jan-2030 21:15:05,75,NaN,NaN
Ground_Point_2,SAT_20,3,02-Jan-2030 14:38:30,02-Jan-2030 14:39:45,75,NaN,NaN
Ground_Point_2,SAT_20,4,02-Jan-2030 16:12:20,02-Jan-2030 16:13:05,45,NaN,NaN
Ground_Point_2,SAT_20,5,02-Jan-2030 20:52:15,02-Jan-2030 20:53:20,65,NaN,NaN
Ground_Point_2,SAT_20,6,02-Jan-2030 22:26:10,02-Jan-2030 22:26:55,45,NaN,NaN
Ground_Point_2,SAT_20,7,03-Jan-2030 14:16:55,03-Jan-2030 14:17:50,55,NaN,NaN
Ground_Point_2,SAT_20,8,03-Jan-2030 15:50:35,03-Jan-2030 15:51:35,60,NaN,NaN
Ground_Point_2,SAT_20,9,03-Jan-2030 20:30:45,03-Jan-2030 20:31:35,50,NaN,NaN
Ground_Point_2,SAT_20,10,03-Jan-2030 22:04:15,03-Jan-2030 22:05:25,70,NaN,NaN
Ground_Point_3,SAT_20,1,01-Jan-2030 15:00:05,01-Jan-2030 15:01:25,80,NaN,NaN
Ground_Point_3,SAT_20,2,01-Jan-2030 21:13:50,01-Jan-2030 21:15:05,75,NaN,NaN
Ground_Point_3,SAT_20,3,02-Jan-2030 14:38:30,02-Jan-2030 14:39:45,75,NaN,NaN
Ground_Point_3,SAT_20,4,02-Jan-2030 16:12:20,02-Jan-2030 16:13:05,45,NaN,NaN
Ground_Point_3,SAT_20,5,02-Jan-2030 20:52:15,02-Jan-2030 20:53:20,65,NaN,NaN
Ground_Point_3,SAT_20,6,02-Jan-2030 22:26:10,02-Jan-2030 22:26:55,45,NaN,NaN
Ground_Point_3,SAT_20,7,03-Jan-2030 14:16:55,03-Jan-2030 14:17:50,55,NaN,NaN
Ground_Point_3,SAT_20,8,03-Jan-2030 15:50:35,03-Jan-2030 15:51:35,60,NaN,NaN
Ground_Point_3,SAT_20,9,03-Jan-2030 20:30:45,03-Jan-2030 20:31:35,50,NaN,NaN
Ground_Point_3,SAT_20,10,03-Jan-2030 22:04:15,03-Jan-2030 22:05:25,70,NaN,NaN
Ground_Point_4,SAT_20,1,01-Jan-2030 15:00:05,01-Jan-2030 15:01:25,80,NaN,NaN
Ground_Point_4,SAT_20,2,01-Jan-2030 21:13:50,01-Jan-2030 21:15:05,75,NaN,NaN
Ground_Point_4,SAT_20,3,02-Jan-2030 14:38:30,02-Jan-2030 14:39:45,75,NaN,NaN
Ground_Point_4,SAT_20,4,02-Jan-2030 16:12:20,02-Jan-2030 16:13:05,45,NaN,NaN
Ground_Point_4,SAT_20,5,02-Jan-2030 20:52:15,02-Jan-2030 20:53:20,65,NaN,NaN
Ground_Point_4,SAT_20,6,02-Jan-2030 22:26:10,02-Jan-2030 22:26:55,45,NaN,NaN
Ground_Point_4,SAT_20,7,03-Jan-2030 14:16:55,03-Jan-2030 14:17:50,55,NaN,NaN
Ground_Point_4,SAT_20,8,03-Jan-2030 15:50:35,03-Jan-2030 15:51:35,60,NaN,NaN
Ground_Point_4,SAT_20,9,03-Jan-2030 20:30:45,03-Jan-2030 20:31:35,50,NaN,NaN
Ground_Point_4,SAT_20,10,03-Jan-2030 22:04:15,03-Jan-2030 22:05:25,70,NaN,NaN
Ground_Point_5,SAT_20,1,01-Jan-2030 15:00:05,01-Jan-2030 15:01:25,80,NaN,NaN
Ground_Point_5,SAT_20,2,01-Jan-2030 21:13:50,01-Jan-2030 21:15:05,75,NaN,NaN
Ground_Point_5,SAT_20,3,02-Jan-2030 14:38:30,02-Jan-2030 14:39:45,75,NaN,NaN
Ground_Point_5,SAT_20,4,02-Jan-2030 16:12:20,02-Jan-2030 16:13:05,45,NaN,NaN
Ground_Point_5,SAT_20,5,02-Jan-2030 20:52:15,02-Jan-2030 20:53:20,65,NaN,NaN
Ground_Point_5,SAT_20,6,02-Jan-2030 22:26:10,02-Jan-2030 22:26:55,45,NaN,NaN
Ground_Point_5,SAT_20,7,03-Jan-2030 14:16:55,03-Jan-2030 14:17:50,55,NaN,NaN
Ground_Point_5,SAT_20,8,03-Jan-2030 15:50:35,03-Jan-2030 15:51:35,60,NaN,NaN
Ground_Point_5,SAT_20,9,03-Jan-2030 20:30:45,03-Jan-2030 20:31:35,50,NaN,NaN
Ground_Point_5,SAT_20,10,03-Jan-2030 22:04:15,03-Jan-2030 22:05:25,70,NaN,NaN
Ground_Point_6,SAT_20,1,01-Jan-2030 03:12:50,01-Jan-2030 03:13:55,65,NaN,NaN
Ground_Point_6,SAT_20,2,01-Jan-2030 10:57:40,01-Jan-2030 10:58:30,50,NaN,NaN
Ground_Point_6,SAT_20,3,02-Jan-2030 02:51:05,02-Jan-2030 02:52:25,80,NaN,NaN
Ground_Point_6,SAT_20,4,03-Jan-2030 02:29:30,03-Jan-2030 02:30:40,70,NaN,NaN
Ground_Point_6,SAT_20,5,03-Jan-2030 11:47:50,03-Jan-2030 11:49:00,70,NaN,NaN
Ground_Point_7,SAT_20,1,01-Jan-2030 13:28:15,01-Jan-2030 13:29:30,75,NaN,NaN
Ground_Point_7,SAT_20,2,01-Jan-2030 22:45:25,01-Jan-2030 22:46:45,80,NaN,NaN
Ground_Point_7,SAT_20,3,02-Jan-2030 13:06:45,02-Jan-2030 13:07:40,55,NaN,NaN
Ground_Point_7,SAT_20,4,02-Jan-2030 22:23:50,02-Jan-2030 22:25:05,75,NaN,NaN
Ground_Point_7,SAT_20,5,03-Jan-2030 22:02:45,03-Jan-2030 22:02:55,10,NaN,NaN
Ground_Point_8,SAT_20,1,01-Jan-2030 08:34:30,01-Jan-2030 08:35:35,65,NaN,NaN
Ground_Point_8,SAT_20,2,03-Jan-2030 23:46:35,03-Jan-2030 23:47:45,70,NaN,NaN
Ground_Point_9,SAT_20,1,01-Jan-2030 10:07:45,01-Jan-2030 10:09:00,75,NaN,NaN
Ground_Point_9,SAT_20,2,02-Jan-2030 00:31:20,02-Jan-2030 00:32:25,65,NaN,NaN
Ground_Point_9,SAT_20,3,02-Jan-2030 09:46:10,02-Jan-2030 09:47:15,65,NaN,NaN
Ground_Point_9,SAT_20,4,03-Jan-2030 00:09:35,03-Jan-2030 00:10:50,75,NaN,NaN
Ground_Point_10,SAT_20,1,01-Jan-2030 17:21:45,01-Jan-2030 17:23:00,75,NaN,NaN
Ground_Point_10,SAT_20,2,01-Jan-2030 23:35:15,01-Jan-2030 23:36:35,80,NaN,NaN
Ground_Point_10,SAT_20,3,02-Jan-2030 17:00:05,02-Jan-2030 17:01:25,80,NaN,NaN
Ground_Point_10,SAT_20,4,02-Jan-2030 23:13:35,02-Jan-2030 23:14:55,80,NaN,NaN
Ground_Point_10,SAT_20,5,03-Jan-2030 16:38:25,03-Jan-2030 16:39:40,75,NaN,NaN
Ground_Point_10,SAT_20,6,03-Jan-2030 22:52:05,03-Jan-2030 22:53:10,65,NaN,NaN
Ground_Point_11,SAT_20,1,01-Jan-2030 06:27:55,01-Jan-2030 06:28:25,30,NaN,NaN
Ground_Point_11,SAT_20,2,01-Jan-2030 17:10:10,01-Jan-2030 17:11:15,65,NaN,NaN
Ground_Point_12,SAT_20,1,01-Jan-2030 01:23:00,01-Jan-2030 01:24:05,65,NaN,NaN
Ground_Point_1,SAT_21,1,03-Jan-2030 18:19:55,03-Jan-2030 18:21:05,70,NaN,NaN
Ground_Point_2,SAT_21,1,01-Jan-2030 00:20:35,01-Jan-2030 00:21:25,50,NaN,NaN
Ground_Point_2,SAT_21,2,01-Jan-2030 16:11:30,01-Jan-2030 16:12:15,45,NaN,NaN
Ground_Point_2,SAT_21,3,01-Jan-2030 17:45:00,01-Jan-2030 17:46:05,65,NaN,NaN
Ground_Point_2,SAT_21,4,01-Jan-2030 22:25:15,01-Jan-2030 22:26:00,45,NaN,NaN
Ground_Point_2,SAT_21,5,01-Jan-2030 23:58:40,01-Jan-2030 23:59:50,70,NaN,NaN
Ground_Point_2,SAT_21,6,02-Jan-2030 17:23:15,02-Jan-2030 17:24:35,80,NaN,NaN
Ground_Point_2,SAT_21,7,02-Jan-2030 22:04:00,02-Jan-2030 22:04:05,5,NaN,NaN
Ground_Point_2,SAT_21,8,02-Jan-2030 23:36:55,02-Jan-2030 23:38:15,80,NaN,NaN
Ground_Point_2,SAT_21,9,03-Jan-2030 17:01:35,03-Jan-2030 17:02:55,80,NaN,NaN
Ground_Point_2,SAT_21,10,03-Jan-2030 23:15:15,03-Jan-2030 23:16:35,80,NaN,NaN
Ground_Point_3,SAT_21,1,01-Jan-2030 00:20:35,01-Jan-2030 00:21:25,50,NaN,NaN
Ground_Point_3,SAT_21,2,01-Jan-2030 16:11:30,01-Jan-2030 16:12:15,45,NaN,NaN
Ground_Point_3,SAT_21,3,01-Jan-2030 17:45:00,01-Jan-2030 17:46:05,65,NaN,NaN
Ground_Point_3,SAT_21,4,01-Jan-2030 22:25:15,01-Jan-2030 22:26:00,45,NaN,NaN
Ground_Point_3,SAT_21,5,01-Jan-2030 23:58:40,01-Jan-2030 23:59:50,70,NaN,NaN
Ground_Point_3,SAT_21,6,02-Jan-2030 17:23:15,02-Jan-2030 17:24:35,80,NaN,NaN
Ground_Point_3,SAT_21,7,02-Jan-2030 22:04:00,02-Jan-2030 22:04:05,5,NaN,NaN
Ground_Point_3,SAT_21,8,02-Jan-2030 23:36:55,02-Jan-2030 23:38:15,80,NaN,NaN
Ground_Point_3,SAT_21,9,03-Jan-2030 17:01:35,03-Jan-2030 17:02:55,80,NaN,NaN
Ground_Point_3,SAT_21,10,03-Jan-2030 23:15:15,03-Jan-2030 23:16:35,80,NaN,NaN
Ground_Point_4,SAT_21,1,01-Jan-2030 00:20:35,01-Jan-2030 00:21:25,50,NaN,NaN
Ground_Point_4,SAT_21,2,01-Jan-2030 16:11:30,01-Jan-2030 16:12:15,45,NaN,NaN
Ground_Point_4,SAT_21,3,01-Jan-2030 17:45:00,01-Jan-2030 17:46:05,65,NaN,NaN
Ground_Point_4,SAT_21,4,01-Jan-2030 22:25:15,01-Jan-2030 22:26:00,45,NaN,NaN
Ground_Point_4,SAT_21,5,01-Jan-2030 23:58:40,01-Jan-2030 23:59:50,70,NaN,NaN
Ground_Point_4,SAT_21,6,02-Jan-2030 17:23:15,02-Jan-2030 17:24:35,80,NaN,NaN
Ground_Point_4,SAT_21,7,02-Jan-2030 22:04:00,02-Jan-2030 22:04:05,5,NaN,NaN
Ground_Point_4,SAT_21,8,02-Jan-2030 23:36:55,02-Jan-2030 23:38:15,80,NaN,NaN
Ground_Point_4,SAT_21,9,03-Jan-2030 17:01:35,03-Jan-2030 17:02:55,80,NaN,NaN
Ground_Point_4,SAT_21,10,03-Jan-2030 23:15:15,03-Jan-2030 23:16:35,80,NaN,NaN
Ground_Point_5,SAT_21,1,01-Jan-2030 00:20:35,01-Jan-2030 00:21:25,50,NaN,NaN
Ground_Point_5,SAT_21,2,01-Jan-2030 16:11:30,01-Jan-2030 16:12:15,45,NaN,NaN
Ground_Point_5,SAT_21,3,01-Jan-2030 17:45:00,01-Jan-2030 17:46:05,65,NaN,NaN
Ground_Point_5,SAT_21,4,01-Jan-2030 22:25:15,01-Jan-2030 22:26:00,45,NaN,NaN
Ground_Point_5,SAT_21,5,01-Jan-2030 23:58:40,01-Jan-2030 23:59:50,70,NaN,NaN
Ground_Point_5,SAT_21,6,02-Jan-2030 17:23:15,02-Jan-2030 17:24:35,80,NaN,NaN
Ground_Point_5,SAT_21,7,02-Jan-2030 22:04:00,02-Jan-2030 22:04:05,5,NaN,NaN
Ground_Point_5,SAT_21,8,02-Jan-2030 23:36:55,02-Jan-2030 23:38:15,80,NaN,NaN
Ground_Point_5,SAT_21,9,03-Jan-2030 17:01:35,03-Jan-2030 17:02:55,80,NaN,NaN
Ground_Point_5,SAT_21,10,03-Jan-2030 23:15:15,03-Jan-2030 23:16:35,80,NaN,NaN
Ground_Point_6,SAT_21,1,01-Jan-2030 04:24:00,01-Jan-2030 04:25:00,60,NaN,NaN
Ground_Point_6,SAT_21,2,01-Jan-2030 13:42:15,01-Jan-2030 13:43:25,70,NaN,NaN
Ground_Point_6,SAT_21,3,02-Jan-2030 13:20:30,02-Jan-2030 13:21:50,80,NaN,NaN
Ground_Point_6,SAT_21,4,03-Jan-2030 05:14:20,03-Jan-2030 05:15:20,60,NaN,NaN
Ground_Point_6,SAT_21,5,03-Jan-2030 12:59:05,03-Jan-2030 13:00:00,55,NaN,NaN
Ground_Point_7,SAT_21,1,01-Jan-2030 00:18:20,01-Jan-2030 00:19:30,70,NaN,NaN
Ground_Point_7,SAT_21,2,02-Jan-2030 15:51:30,02-Jan-2030 15:52:30,60,NaN,NaN
Ground_Point_7,SAT_21,3,03-Jan-2030 15:29:40,03-Jan-2030 15:31:00,80,NaN,NaN
Ground_Point_8,SAT_21,1,01-Jan-2030 02:03:00,01-Jan-2030 02:03:30,30,NaN,NaN
Ground_Point_8,SAT_21,2,01-Jan-2030 11:19:40,01-Jan-2030 11:20:10,30,NaN,NaN
Ground_Point_8,SAT_21,3,02-Jan-2030 01:41:00,02-Jan-2030 01:42:15,75,NaN,NaN
Ground_Point_8,SAT_21,4,02-Jan-2030 10:57:35,02-Jan-2030 10:58:50,75,NaN,NaN
Ground_Point_8,SAT_21,5,03-Jan-2030 01:19:25,03-Jan-2030 01:20:35,70,NaN,NaN
Ground_Point_8,SAT_21,6,03-Jan-2030 10:36:00,03-Jan-2030 10:37:10,70,NaN,NaN
Ground_Point_9,SAT_21,1,01-Jan-2030 02:04:05,01-Jan-2030 02:05:15,70,NaN,NaN
Ground_Point_9,SAT_21,2,03-Jan-2030 12:09:15,03-Jan-2030 12:10:30,75,NaN,NaN
Ground_Point_10,SAT_21,1,01-Jan-2030 01:08:05,01-Jan-2030 01:09:20,75,NaN,NaN
Ground_Point_10,SAT_21,2,01-Jan-2030 18:32:50,01-Jan-2030 18:34:10,80,NaN,NaN
Ground_Point_10,SAT_21,3,01-Jan-2030 20:06:55,01-Jan-2030 20:07:20,25,NaN,NaN
Ground_Point_10,SAT_21,4,02-Jan-2030 00:46:35,02-Jan-2030 00:47:35,60,NaN,NaN
Ground_Point_10,SAT_21,5,02-Jan-2030 02:20:20,02-Jan-2030 02:21:10,50,NaN,NaN
Ground_Point_10,SAT_21,6,02-Jan-2030 18:11:20,02-Jan-2030 18:12:20,60,NaN,NaN
Ground_Point_10,SAT_21,7,02-Jan-2030 19:45:00,02-Jan-2030 19:45:55,55,NaN,NaN
Ground_Point_10,SAT_21,8,03-Jan-2030 00:25:10,03-Jan-2030 00:25:45,35,NaN,NaN
Ground_Point_10,SAT_21,9,03-Jan-2030 01:58:30,03-Jan-2030 01:59:40,70,NaN,NaN
Ground_Point_10,SAT_21,10,03-Jan-2030 19:23:15,03-Jan-2030 19:24:25,70,NaN,NaN
Ground_Point_11,SAT_21,1,02-Jan-2030 08:50:40,02-Jan-2030 08:51:55,75,NaN,NaN
Ground_Point_11,SAT_21,2,02-Jan-2030 19:33:25,02-Jan-2030 19:34:15,50,NaN,NaN
Ground_Point_11,SAT_21,3,03-Jan-2030 08:29:20,03-Jan-2030 08:30:00,40,NaN,NaN
Ground_Point_11,SAT_21,4,03-Jan-2030 19:11:40,03-Jan-2030 19:12:45,65,NaN,NaN
Ground_Point_12,SAT_21,1,02-Jan-2030 03:46:30,02-Jan-2030 03:46:50,20,NaN,NaN
Ground_Point_12,SAT_21,2,02-Jan-2030 16:45:10,02-Jan-2030 16:46:20,70,NaN,NaN
Ground_Point_12,SAT_21,3,03-Jan-2030 03:24:30,03-Jan-2030 03:25:35,65,NaN,NaN
Ground_Point_12,SAT_21,4,03-Jan-2030 16:24:00,03-Jan-2030 16:24:10,10,NaN,NaN
Ground_Point_1,SAT_22,1,02-Jan-2030 18:18:15,02-Jan-2030 18:19:20,65,NaN,NaN
Ground_Point_1,SAT_22,2,03-Jan-2030 07:22:30,03-Jan-2030 07:23:20,50,NaN,NaN
Ground_Point_2,SAT_22,1,01-Jan-2030 17:21:35,01-Jan-2030 17:22:50,75,NaN,NaN
Ground_Point_2,SAT_22,2,01-Jan-2030 23:35:15,01-Jan-2030 23:36:30,75,NaN,NaN
Ground_Point_2,SAT_22,3,02-Jan-2030 16:59:50,02-Jan-2030 17:01:10,80,NaN,NaN
Ground_Point_2,SAT_22,4,02-Jan-2030 23:13:30,02-Jan-2030 23:14:50,80,NaN,NaN
Ground_Point_2,SAT_22,5,03-Jan-2030 16:38:10,03-Jan-2030 16:39:25,75,NaN,NaN
Ground_Point_2,SAT_22,6,03-Jan-2030 18:12:05,03-Jan-2030 18:12:45,40,NaN,NaN
Ground_Point_2,SAT_22,7,03-Jan-2030 22:51:55,03-Jan-2030 22:53:05,70,NaN,NaN
Ground_Point_3,SAT_22,1,01-Jan-2030 17:21:35,01-Jan-2030 17:22:50,75,NaN,NaN
Ground_Point_3,SAT_22,2,01-Jan-2030 23:35:15,01-Jan-2030 23:36:30,75,NaN,NaN
Ground_Point_3,SAT_22,3,02-Jan-2030 16:59:50,02-Jan-2030 17:01:10,80,NaN,NaN
Ground_Point_3,SAT_22,4,02-Jan-2030 23:13:30,02-Jan-2030 23:14:50,80,NaN,NaN
Ground_Point_3,SAT_22,5,03-Jan-2030 16:38:10,03-Jan-2030 16:39:25,75,NaN,NaN
Ground_Point_3,SAT_22,6,03-Jan-2030 18:12:05,03-Jan-2030 18:12:45,40,NaN,NaN
Ground_Point_3,SAT_22,7,03-Jan-2030 22:51:55,03-Jan-2030 22:53:05,70,NaN,NaN
Ground_Point_4,SAT_22,1,01-Jan-2030 17:21:35,01-Jan-2030 17:22:50,75,NaN,NaN
Ground_Point_4,SAT_22,2,01-Jan-2030 23:35:15,01-Jan-2030 23:36:30,75,NaN,NaN
Ground_Point_4,SAT_22,3,02-Jan-2030 16:59:50,02-Jan-2030 17:01:10,80,NaN,NaN
Ground_Point_4,SAT_22,4,02-Jan-2030 23:13:30,02-Jan-2030 23:14:50,80,NaN,NaN
Ground_Point_4,SAT_22,5,03-Jan-2030 16:38:10,03-Jan-2030 16:39:25,75,NaN,NaN
Ground_Point_4,SAT_22,6,03-Jan-2030 18:12:05,03-Jan-2030 18:12:45,40,NaN,NaN
Ground_Point_4,SAT_22,7,03-Jan-2030 22:51:55,03-Jan-2030 22:53:05,70,NaN,NaN
Ground_Point_5,SAT_22,1,01-Jan-2030 17:21:35,01-Jan-2030 17:22:50,75,NaN,NaN
Ground_Point_5,SAT_22,2,01-Jan-2030 23:35:15,01-Jan-2030 23:36:30,75,NaN,NaN
Ground_Point_5,SAT_22,3,02-Jan-2030 16:59:50,02-Jan-2030 17:01:10,80,NaN,NaN
Ground_Point_5,SAT_22,4,02-Jan-2030 23:13:30,02-Jan-2030 23:14:50,80,NaN,NaN
Ground_Point_5,SAT_22,5,03-Jan-2030 16:38:10,03-Jan-2030 16:39:25,75,NaN,NaN
Ground_Point_5,SAT_22,6,03-Jan-2030 18:12:05,03-Jan-2030 18:12:45,40,NaN,NaN
Ground_Point_5,SAT_22,7,03-Jan-2030 22:51:55,03-Jan-2030 22:53:05,70,NaN,NaN
Ground_Point_6,SAT_22,1,01-Jan-2030 13:18:50,01-Jan-2030 13:20:10,80,NaN,NaN
Ground_Point_6,SAT_22,2,02-Jan-2030 05:12:35,02-Jan-2030 05:13:40,65,NaN,NaN
Ground_Point_6,SAT_22,3,02-Jan-2030 12:57:25,02-Jan-2030 12:58:15,50,NaN,NaN
Ground_Point_6,SAT_22,4,03-Jan-2030 04:50:50,03-Jan-2030 04:52:10,80,NaN,NaN
Ground_Point_7,SAT_22,1,01-Jan-2030 15:49:45,01-Jan-2030 15:50:50,65,NaN,NaN
Ground_Point_7,SAT_22,2,02-Jan-2030 01:07:25,02-Jan-2030 01:07:40,15,NaN,NaN
Ground_Point_7,SAT_22,3,02-Jan-2030 15:28:00,02-Jan-2030 15:29:15,75,NaN,NaN
Ground_Point_7,SAT_22,4,03-Jan-2030 00:45:10,03-Jan-2030 00:46:25,75,NaN,NaN
Ground_Point_7,SAT_22,5,03-Jan-2030 15:06:30,03-Jan-2030 15:07:20,50,NaN,NaN
Ground_Point_8,SAT_22,1,01-Jan-2030 01:39:20,01-Jan-2030 01:40:35,75,NaN,NaN
Ground_Point_8,SAT_22,2,01-Jan-2030 10:55:50,01-Jan-2030 10:57:10,80,NaN,NaN
Ground_Point_8,SAT_22,3,02-Jan-2030 01:17:45,02-Jan-2030 01:18:50,65,NaN,NaN
Ground_Point_8,SAT_22,4,02-Jan-2030 10:34:15,02-Jan-2030 10:35:25,70,NaN,NaN
Ground_Point_9,SAT_22,1,02-Jan-2030 12:07:30,02-Jan-2030 12:08:45,75,NaN,NaN
Ground_Point_9,SAT_22,2,03-Jan-2030 02:31:05,03-Jan-2030 02:32:10,65,NaN,NaN
Ground_Point_9,SAT_22,3,03-Jan-2030 11:45:55,03-Jan-2030 11:47:00,65,NaN,NaN
Ground_Point_10,SAT_22,1,01-Jan-2030 00:44:55,01-Jan-2030 00:45:55,60,NaN,NaN
Ground_Point_10,SAT_22,2,01-Jan-2030 02:18:40,01-Jan-2030 02:19:30,50,NaN,NaN
Ground_Point_10,SAT_22,3,01-Jan-2030 18:09:35,01-Jan-2030 18:10:35,60,NaN,NaN
Ground_Point_10,SAT_22,4,01-Jan-2030 19:43:20,01-Jan-2030 19:44:15,55,NaN,NaN
Ground_Point_10,SAT_22,5,02-Jan-2030 00:23:25,02-Jan-2030 00:24:05,40,NaN,NaN
Ground_Point_10,SAT_22,6,02-Jan-2030 01:56:45,02-Jan-2030 01:57:55,70,NaN,NaN
Ground_Point_10,SAT_22,7,02-Jan-2030 19:21:30,02-Jan-2030 19:22:45,75,NaN,NaN
Ground_Point_10,SAT_22,8,03-Jan-2030 01:35:00,03-Jan-2030 01:36:20,80,NaN,NaN
Ground_Point_10,SAT_22,9,03-Jan-2030 18:59:45,03-Jan-2030 19:01:05,80,NaN,NaN
Ground_Point_11,SAT_22,1,01-Jan-2030 08:49:00,01-Jan-2030 08:50:15,75,NaN,NaN
Ground_Point_11,SAT_22,2,01-Jan-2030 19:31:40,01-Jan-2030 19:32:35,55,NaN,NaN
Ground_Point_11,SAT_22,3,02-Jan-2030 08:27:40,02-Jan-2030 08:28:10,30,NaN,NaN
Ground_Point_11,SAT_22,4,02-Jan-2030 19:09:55,02-Jan-2030 19:11:00,65,NaN,NaN
Ground_Point_12,SAT_22,1,01-Jan-2030 03:44:40,01-Jan-2030 03:45:20,40,NaN,NaN
Ground_Point_12,SAT_22,2,01-Jan-2030 16:43:25,01-Jan-2030 16:44:40,75,NaN,NaN
Ground_Point_12,SAT_22,3,02-Jan-2030 03:22:50,02-Jan-2030 03:23:50,60,NaN,NaN
Ground_Point_1,SAT_23,1,01-Jan-2030 18:16:40,01-Jan-2030 18:17:35,55,NaN,NaN
Ground_Point_1,SAT_23,2,02-Jan-2030 07:20:50,02-Jan-2030 07:21:50,60,NaN,NaN
Ground_Point_2,SAT_23,1,01-Jan-2030 16:58:15,01-Jan-2030 16:59:35,80,NaN,NaN
Ground_Point_2,SAT_23,2,01-Jan-2030 23:11:55,01-Jan-2030 23:13:10,75,NaN,NaN
Ground_Point_2,SAT_23,3,02-Jan-2030 16:36:35,02-Jan-2030 16:37:50,75,NaN,NaN
Ground_Point_2,SAT_23,4,02-Jan-2030 18:10:25,02-Jan-2030 18:11:10,45,NaN,NaN
Ground_Point_2,SAT_23,5,02-Jan-2030 22:50:20,02-Jan-2030 22:51:30,70,NaN,NaN
Ground_Point_2,SAT_23,6,03-Jan-2030 00:24:15,03-Jan-2030 00:25:00,45,NaN,NaN
Ground_Point_2,SAT_23,7,03-Jan-2030 16:15:05,03-Jan-2030 16:15:55,50,NaN,NaN
Ground_Point_2,SAT_23,8,03-Jan-2030 17:48:40,03-Jan-2030 17:49:45,65,NaN,NaN
Ground_Point_2,SAT_23,9,03-Jan-2030 22:28:50,03-Jan-2030 22:29:40,50,NaN,NaN
Ground_Point_3,SAT_23,1,01-Jan-2030 16:58:15,01-Jan-2030 16:59:35,80,NaN,NaN
Ground_Point_3,SAT_23,2,01-Jan-2030 23:11:55,01-Jan-2030 23:13:10,75,NaN,NaN
Ground_Point_3,SAT_23,3,02-Jan-2030 16:36:35,02-Jan-2030 16:37:50,75,NaN,NaN
Ground_Point_3,SAT_23,4,02-Jan-2030 18:10:25,02-Jan-2030 18:11:10,45,NaN,NaN
Ground_Point_3,SAT_23,5,02-Jan-2030 22:50:20,02-Jan-2030 22:51:30,70,NaN,NaN
Ground_Point_3,SAT_23,6,03-Jan-2030 00:24:15,03-Jan-2030 00:25:00,45,NaN,NaN
Ground_Point_3,SAT_23,7,03-Jan-2030 16:15:05,03-Jan-2030 16:15:55,50,NaN,NaN
Ground_Point_3,SAT_23,8,03-Jan-2030 17:48:40,03-Jan-2030 17:49:45,65,NaN,NaN
Ground_Point_3,SAT_23,9,03-Jan-2030 22:28:50,03-Jan-2030 22:29:40,50,NaN,NaN
Ground_Point_4,SAT_23,1,01-Jan-2030 16:58:15,01-Jan-2030 16:59:35,80,NaN,NaN
Ground_Point_4,SAT_23,2,01-Jan-2030 23:11:55,01-Jan-2030 23:13:10,75,NaN,NaN
Ground_Point_4,SAT_23,3,02-Jan-2030 16:36:35,02-Jan-2030 16:37:50,75,NaN,NaN
Ground_Point_4,SAT_23,4,02-Jan-2030 18:10:25,02-Jan-2030 18:11:10,45,NaN,NaN
Ground_Point_4,SAT_23,5,02-Jan-2030 22:50:20,02-Jan-2030 22:51:30,70,NaN,NaN
Ground_Point_4,SAT_23,6,03-Jan-2030 00:24:15,03-Jan-2030 00:25:00,45,NaN,NaN
Ground_Point_4,SAT_23,7,03-Jan-2030 16:15:05,03-Jan-2030 16:15:55,50,NaN,NaN
Ground_Point_4,SAT_23,8,03-Jan-2030 17:48:40,03-Jan-2030 17:49:45,65,NaN,NaN
Ground_Point_4,SAT_23,9,03-Jan-2030 22:28:50,03-Jan-2030 22:29:40,50,NaN,NaN
Ground_Point_5,SAT_23,1,01-Jan-2030 16:58:15,01-Jan-2030 16:59:35,80,NaN,NaN
Ground_Point_5,SAT_23,2,01-Jan-2030 23:11:55,01-Jan-2030 23:13:10,75,NaN,NaN
Ground_Point_5,SAT_23,3,02-Jan-2030 16:36:35,02-Jan-2030 16:37:50,75,NaN,NaN
Ground_Point_5,SAT_23,4,02-Jan-2030 18:10:25,02-Jan-2030 18:11:10,45,NaN,NaN
Ground_Point_5,SAT_23,5,02-Jan-2030 22:50:20,02-Jan-2030 22:51:30,70,NaN,NaN
Ground_Point_5,SAT_23,6,03-Jan-2030 00:24:15,03-Jan-2030 00:25:00,45,NaN,NaN
Ground_Point_5,SAT_23,7,03-Jan-2030 16:15:05,03-Jan-2030 16:15:55,50,NaN,NaN
Ground_Point_5,SAT_23,8,03-Jan-2030 17:48:40,03-Jan-2030 17:49:45,65,NaN,NaN
Ground_Point_5,SAT_23,9,03-Jan-2030 22:28:50,03-Jan-2030 22:29:40,50,NaN,NaN
Ground_Point_6,SAT_23,1,01-Jan-2030 05:10:55,01-Jan-2030 05:12:05,70,NaN,NaN
Ground_Point_6,SAT_23,2,01-Jan-2030 12:55:50,01-Jan-2030 12:56:35,45,NaN,NaN
Ground_Point_6,SAT_23,3,02-Jan-2030 04:49:10,02-Jan-2030 04:50:30,80,NaN,NaN
Ground_Point_6,SAT_23,4,03-Jan-2030 04:27:35,03-Jan-2030 04:28:40,65,NaN,NaN
Ground_Point_6,SAT_23,5,03-Jan-2030 13:45:55,03-Jan-2030 13:47:05,70,NaN,NaN
Ground_Point_7,SAT_23,1,01-Jan-2030 01:05:40,01-Jan-2030 01:06:05,25,NaN,NaN
Ground_Point_7,SAT_23,2,01-Jan-2030 15:26:20,01-Jan-2030 15:27:40,80,NaN,NaN
Ground_Point_7,SAT_23,3,02-Jan-2030 00:43:35,02-Jan-2030 00:44:50,75,NaN,NaN
Ground_Point_7,SAT_23,4,02-Jan-2030 15:04:55,02-Jan-2030 15:05:40,45,NaN,NaN
Ground_Point_7,SAT_23,5,03-Jan-2030 00:21:55,03-Jan-2030 00:23:10,75,NaN,NaN
Ground_Point_8,SAT_23,1,01-Jan-2030 01:16:05,01-Jan-2030 01:17:10,65,NaN,NaN
Ground_Point_8,SAT_23,2,01-Jan-2030 10:32:40,01-Jan-2030 10:33:45,65,NaN,NaN
Ground_Point_8,SAT_23,3,03-Jan-2030 02:06:50,03-Jan-2030 02:07:00,10,NaN,NaN
Ground_Point_9,SAT_23,1,01-Jan-2030 12:05:50,01-Jan-2030 12:07:10,80,NaN,NaN
Ground_Point_9,SAT_23,2,02-Jan-2030 02:29:25,02-Jan-2030 02:30:35,70,NaN,NaN
Ground_Point_9,SAT_23,3,02-Jan-2030 11:44:20,02-Jan-2030 11:45:25,65,NaN,NaN
Ground_Point_9,SAT_23,4,03-Jan-2030 02:07:45,03-Jan-2030 02:08:55,70,NaN,NaN
Ground_Point_10,SAT_23,1,01-Jan-2030 00:21:50,01-Jan-2030 00:22:25,35,NaN,NaN
Ground_Point_10,SAT_23,2,01-Jan-2030 01:55:05,01-Jan-2030 01:56:20,75,NaN,NaN
Ground_Point_10,SAT_23,3,01-Jan-2030 19:19:55,01-Jan-2030 19:21:05,70,NaN,NaN
Ground_Point_10,SAT_23,4,02-Jan-2030 01:33:20,02-Jan-2030 01:34:40,80,NaN,NaN
Ground_Point_10,SAT_23,5,02-Jan-2030 18:58:10,02-Jan-2030 18:59:30,80,NaN,NaN
Ground_Point_10,SAT_23,6,03-Jan-2030 01:11:45,03-Jan-2030 01:13:00,75,NaN,NaN
Ground_Point_10,SAT_23,7,03-Jan-2030 18:36:30,03-Jan-2030 18:37:45,75,NaN,NaN
Ground_Point_10,SAT_23,8,03-Jan-2030 20:10:35,03-Jan-2030 20:10:50,15,NaN,NaN
Ground_Point_11,SAT_23,1,01-Jan-2030 19:08:20,01-Jan-2030 19:09:20,60,NaN,NaN
Ground_Point_12,SAT_23,1,01-Jan-2030 03:21:15,01-Jan-2030 03:22:10,55,NaN,NaN
Ground_Point_1,SAT_24,1,01-Jan-2030 07:19:05,01-Jan-2030 07:20:10,65,NaN,NaN
Ground_Point_2,SAT_24,1,01-Jan-2030 16:34:55,01-Jan-2030 16:36:10,75,NaN,NaN
Ground_Point_2,SAT_24,2,01-Jan-2030 18:08:45,01-Jan-2030 18:09:35,50,NaN,NaN
Ground_Point_2,SAT_24,3,01-Jan-2030 22:48:40,01-Jan-2030 22:49:50,70,NaN,NaN
Ground_Point_2,SAT_24,4,02-Jan-2030 00:22:35,02-Jan-2030 00:23:20,45,NaN,NaN
Ground_Point_2,SAT_24,5,02-Jan-2030 16:13:25,02-Jan-2030 16:14:15,50,NaN,NaN
Ground_Point_2,SAT_24,6,02-Jan-2030 17:47:00,02-Jan-2030 17:48:05,65,NaN,NaN
Ground_Point_2,SAT_24,7,02-Jan-2030 22:27:15,02-Jan-2030 22:28:00,45,NaN,NaN
Ground_Point_2,SAT_24,8,03-Jan-2030 00:00:40,03-Jan-2030 00:01:50,70,NaN,NaN
Ground_Point_2,SAT_24,9,03-Jan-2030 17:25:15,03-Jan-2030 17:26:30,75,NaN,NaN
Ground_Point_2,SAT_24,10,03-Jan-2030 22:05:55,03-Jan-2030 22:06:10,15,NaN,NaN
Ground_Point_2,SAT_24,11,03-Jan-2030 23:38:55,03-Jan-2030 23:40:15,80,NaN,NaN
Ground_Point_3,SAT_24,1,01-Jan-2030 16:34:55,01-Jan-2030 16:36:10,75,NaN,NaN
Ground_Point_3,SAT_24,2,01-Jan-2030 18:08:45,01-Jan-2030 18:09:35,50,NaN,NaN
Ground_Point_3,SAT_24,3,01-Jan-2030 22:48:40,01-Jan-2030 22:49:50,70,NaN,NaN
Ground_Point_3,SAT_24,4,02-Jan-2030 00:22:35,02-Jan-2030 00:23:20,45,NaN,NaN
Ground_Point_3,SAT_24,5,02-Jan-2030 16:13:25,02-Jan-2030 16:14:15,50,NaN,NaN
Ground_Point_3,SAT_24,6,02-Jan-2030 17:47:00,02-Jan-2030 17:48:05,65,NaN,NaN
Ground_Point_3,SAT_24,7,02-Jan-2030 22:27:15,02-Jan-2030 22:28:00,45,NaN,NaN
Ground_Point_3,SAT_24,8,03-Jan-2030 00:00:40,03-Jan-2030 00:01:50,70,NaN,NaN
Ground_Point_3,SAT_24,9,03-Jan-2030 17:25:15,03-Jan-2030 17:26:30,75,NaN,NaN
Ground_Point_3,SAT_24,10,03-Jan-2030 22:05:55,03-Jan-2030 22:06:10,15,NaN,NaN
Ground_Point_3,SAT_24,11,03-Jan-2030 23:38:55,03-Jan-2030 23:40:15,80,NaN,NaN
Ground_Point_4,SAT_24,1,01-Jan-2030 16:34:55,01-Jan-2030 16:36:10,75,NaN,NaN
Ground_Point_4,SAT_24,2,01-Jan-2030 18:08:45,01-Jan-2030 18:09:35,50,NaN,NaN
Ground_Point_4,SAT_24,3,01-Jan-2030 22:48:40,01-Jan-2030 22:49:50,70,NaN,NaN
Ground_Point_4,SAT_24,4,02-Jan-2030 00:22:35,02-Jan-2030 00:23:20,45,NaN,NaN
Ground_Point_4,SAT_24,5,02-Jan-2030 16:13:25,02-Jan-2030 16:14:15,50,NaN,NaN
Ground_Point_4,SAT_24,6,02-Jan-2030 17:47:00,02-Jan-2030 17:48:05,65,NaN,NaN
Ground_Point_4,SAT_24,7,02-Jan-2030 22:27:15,02-Jan-2030 22:28:00,45,NaN,NaN
Ground_Point_4,SAT_24,8,03-Jan-2030 00:00:40,03-Jan-2030 00:01:50,70,NaN,NaN
Ground_Point_4,SAT_24,9,03-Jan-2030 17:25:15,03-Jan-2030 17:26:30,75,NaN,NaN
Ground_Point_4,SAT_24,10,03-Jan-2030 22:05:55,03-Jan-2030 22:06:10,15,NaN,NaN
Ground_Point_4,SAT_24,11,03-Jan-2030 23:38:55,03-Jan-2030 23:40:15,80,NaN,NaN
Ground_Point_5,SAT_24,1,01-Jan-2030 16:34:55,01-Jan-2030 16:36:10,75,NaN,NaN
Ground_Point_5,SAT_24,2,01-Jan-2030 18:08:45,01-Jan-2030 18:09:35,50,NaN,NaN
Ground_Point_5,SAT_24,3,01-Jan-2030 22:48:40,01-Jan-2030 22:49:50,70,NaN,NaN
Ground_Point_5,SAT_24,4,02-Jan-2030 00:22:35,02-Jan-2030 00:23:20,45,NaN,NaN
Ground_Point_5,SAT_24,5,02-Jan-2030 16:13:25,02-Jan-2030 16:14:15,50,NaN,NaN
Ground_Point_5,SAT_24,6,02-Jan-2030 17:47:00,02-Jan-2030 17:48:05,65,NaN,NaN
Ground_Point_5,SAT_24,7,02-Jan-2030 22:27:15,02-Jan-2030 22:28:00,45,NaN,NaN
Ground_Point_5,SAT_24,8,03-Jan-2030 00:00:40,03-Jan-2030 00:01:50,70,NaN,NaN
Ground_Point_5,SAT_24,9,03-Jan-2030 17:25:15,03-Jan-2030 17:26:30,75,NaN,NaN
Ground_Point_5,SAT_24,10,03-Jan-2030 22:05:55,03-Jan-2030 22:06:10,15,NaN,NaN
Ground_Point_5,SAT_24,11,03-Jan-2030 23:38:55,03-Jan-2030 23:40:15,80,NaN,NaN
Ground_Point_6,SAT_24,1,01-Jan-2030 04:47:30,01-Jan-2030 04:48:50,80,NaN,NaN
Ground_Point_6,SAT_24,2,02-Jan-2030 04:26:00,02-Jan-2030 04:27:00,60,NaN,NaN
Ground_Point_6,SAT_24,3,02-Jan-2030 13:44:15,02-Jan-2030 13:45:25,70,NaN,NaN
Ground_Point_6,SAT_24,4,03-Jan-2030 13:22:30,03-Jan-2030 13:23:50,80,NaN,NaN
Ground_Point_7,SAT_24,1,01-Jan-2030 00:41:55,01-Jan-2030 00:43:10,75,NaN,NaN
Ground_Point_7,SAT_24,2,01-Jan-2030 15:03:15,01-Jan-2030 15:04:00,45,NaN,NaN
Ground_Point_7,SAT_24,3,02-Jan-2030 00:20:15,02-Jan-2030 00:21:30,75,NaN,NaN
Ground_Point_7,SAT_24,4,03-Jan-2030 15:53:30,03-Jan-2030 15:54:30,60,NaN,NaN
Ground_Point_8,SAT_24,1,02-Jan-2030 02:05:05,02-Jan-2030 02:05:25,20,NaN,NaN
Ground_Point_8,SAT_24,2,02-Jan-2030 11:21:45,02-Jan-2030 11:22:00,15,NaN,NaN
Ground_Point_8,SAT_24,3,03-Jan-2030 01:43:00,03-Jan-2030 01:44:15,75,NaN,NaN
Ground_Point_8,SAT_24,4,03-Jan-2030 10:59:35,03-Jan-2030 11:00:50,75,NaN,NaN
Ground_Point_9,SAT_24,1,01-Jan-2030 02:27:45,01-Jan-2030 02:28:55,70,NaN,NaN
Ground_Point_9,SAT_24,2,01-Jan-2030 11:42:40,01-Jan-2030 11:43:40,60,NaN,NaN
Ground_Point_9,SAT_24,3,02-Jan-2030 02:06:05,02-Jan-2030 02:07:15,70,NaN,NaN
Ground_Point_10,SAT_24,1,01-Jan-2030 01:31:40,01-Jan-2030 01:33:00,80,NaN,NaN
Ground_Point_10,SAT_24,2,01-Jan-2030 18:56:30,01-Jan-2030 18:57:50,80,NaN,NaN
Ground_Point_10,SAT_24,3,02-Jan-2030 01:10:05,02-Jan-2030 01:11:20,75,NaN,NaN
Ground_Point_10,SAT_24,4,02-Jan-2030 18:34:50,02-Jan-2030 18:36:10,80,NaN,NaN
Ground_Point_10,SAT_24,5,02-Jan-2030 20:08:55,02-Jan-2030 20:09:15,20,NaN,NaN
Ground_Point_10,SAT_24,6,03-Jan-2030 00:48:30,03-Jan-2030 00:49:35,65,NaN,NaN
Ground_Point_10,SAT_24,7,03-Jan-2030 02:22:20,03-Jan-2030 02:23:10,50,NaN,NaN
Ground_Point_10,SAT_24,8,03-Jan-2030 18:13:15,03-Jan-2030 18:14:20,65,NaN,NaN
Ground_Point_10,SAT_24,9,03-Jan-2030 19:47:00,03-Jan-2030 19:47:55,55,NaN,NaN
Ground_Point_11,SAT_24,1,03-Jan-2030 08:52:40,03-Jan-2030 08:53:50,70,NaN,NaN
Ground_Point_11,SAT_24,2,03-Jan-2030 19:35:30,03-Jan-2030 19:36:10,40,NaN,NaN
Ground_Point_12,SAT_24,1,03-Jan-2030 16:47:10,03-Jan-2030 16:48:15,65,NaN,NaN
Ground_Point_1,SAT_25,1,01-Jan-2030 20:38:25,01-Jan-2030 20:38:45,20,NaN,NaN
Ground_Point_1,SAT_25,2,02-Jan-2030 20:16:35,02-Jan-2030 20:17:30,55,NaN,NaN
Ground_Point_1,SAT_25,3,03-Jan-2030 09:20:40,03-Jan-2030 09:21:40,60,NaN,NaN
Ground_Point_2,SAT_25,1,01-Jan-2030 00:21:40,01-Jan-2030 00:22:30,50,NaN,NaN
Ground_Point_2,SAT_25,2,01-Jan-2030 01:55:05,01-Jan-2030 01:56:20,75,NaN,NaN
Ground_Point_2,SAT_25,3,01-Jan-2030 19:19:45,01-Jan-2030 19:21:00,75,NaN,NaN
Ground_Point_2,SAT_25,4,02-Jan-2030 00:00:25,02-Jan-2030 00:00:35,10,NaN,NaN
Ground_Point_2,SAT_25,5,02-Jan-2030 01:33:25,02-Jan-2030 01:34:45,80,NaN,NaN
Ground_Point_2,SAT_25,6,02-Jan-2030 18:58:05,02-Jan-2030 18:59:25,80,NaN,NaN
Ground_Point_2,SAT_25,7,02-Jan-2030 20:32:10,02-Jan-2030 20:32:25,15,NaN,NaN
Ground_Point_2,SAT_25,8,03-Jan-2030 01:11:45,03-Jan-2030 01:13:05,80,NaN,NaN
Ground_Point_2,SAT_25,9,03-Jan-2030 18:36:30,03-Jan-2030 18:37:40,70,NaN,NaN
Ground_Point_2,SAT_25,10,03-Jan-2030 20:10:20,03-Jan-2030 20:11:05,45,NaN,NaN
Ground_Point_3,SAT_25,1,01-Jan-2030 00:21:40,01-Jan-2030 00:22:30,50,NaN,NaN
Ground_Point_3,SAT_25,2,01-Jan-2030 01:55:05,01-Jan-2030 01:56:20,75,NaN,NaN
Ground_Point_3,SAT_25,3,01-Jan-2030 19:19:45,01-Jan-2030 19:21:00,75,NaN,NaN
Ground_Point_3,SAT_25,4,02-Jan-2030 00:00:25,02-Jan-2030 00:00:35,10,NaN,NaN
Ground_Point_3,SAT_25,5,02-Jan-2030 01:33:25,02-Jan-2030 01:34:45,80,NaN,NaN
Ground_Point_3,SAT_25,6,02-Jan-2030 18:58:05,02-Jan-2030 18:59:25,80,NaN,NaN
Ground_Point_3,SAT_25,7,02-Jan-2030 20:32:10,02-Jan-2030 20:32:25,15,NaN,NaN
Ground_Point_3,SAT_25,8,03-Jan-2030 01:11:45,03-Jan-2030 01:13:05,80,NaN,NaN
Ground_Point_3,SAT_25,9,03-Jan-2030 18:36:30,03-Jan-2030 18:37:40,70,NaN,NaN
Ground_Point_3,SAT_25,10,03-Jan-2030 20:10:20,03-Jan-2030 20:11:05,45,NaN,NaN
Ground_Point_4,SAT_25,1,01-Jan-2030 00:21:40,01-Jan-2030 00:22:30,50,NaN,NaN
Ground_Point_4,SAT_25,2,01-Jan-2030 01:55:05,01-Jan-2030 01:56:20,75,NaN,NaN
Ground_Point_4,SAT_25,3,01-Jan-2030 19:19:45,01-Jan-2030 19:21:00,75,NaN,NaN
Ground_Point_4,SAT_25,4,02-Jan-2030 00:00:25,02-Jan-2030 00:00:35,10,NaN,NaN
Ground_Point_4,SAT_25,5,02-Jan-2030 01:33:25,02-Jan-2030 01:34:45,80,NaN,NaN
Ground_Point_4,SAT_25,6,02-Jan-2030 18:58:05,02-Jan-2030 18:59:25,80,NaN,NaN
Ground_Point_4,SAT_25,7,02-Jan-2030 20:32:10,02-Jan-2030 20:32:25,15,NaN,NaN
Ground_Point_4,SAT_25,8,03-Jan-2030 01:11:45,03-Jan-2030 01:13:05,80,NaN,NaN
Ground_Point_4,SAT_25,9,03-Jan-2030 18:36:30,03-Jan-2030 18:37:40,70,NaN,NaN
Ground_Point_4,SAT_25,10,03-Jan-2030 20:10:20,03-Jan-2030 20:11:05,45,NaN,NaN
Ground_Point_5,SAT_25,1,01-Jan-2030 00:21:40,01-Jan-2030 00:22:30,50,NaN,NaN
Ground_Point_5,SAT_25,2,01-Jan-2030 01:55:05,01-Jan-2030 01:56:20,75,NaN,NaN
Ground_Point_5,SAT_25,3,01-Jan-2030 19:19:45,01-Jan-2030 19:21:00,75,NaN,NaN
Ground_Point_5,SAT_25,4,02-Jan-2030 00:00:25,02-Jan-2030 00:00:35,10,NaN,NaN
Ground_Point_5,SAT_25,5,02-Jan-2030 01:33:25,02-Jan-2030 01:34:45,80,NaN,NaN
Ground_Point_5,SAT_25,6,02-Jan-2030 18:58:05,02-Jan-2030 18:59:25,80,NaN,NaN
Ground_Point_5,SAT_25,7,02-Jan-2030 20:32:10,02-Jan-2030 20:32:25,15,NaN,NaN
Ground_Point_5,SAT_25,8,03-Jan-2030 01:11:45,03-Jan-2030 01:13:05,80,NaN,NaN
Ground_Point_5,SAT_25,9,03-Jan-2030 18:36:30,03-Jan-2030 18:37:40,70,NaN,NaN
Ground_Point_5,SAT_25,10,03-Jan-2030 20:10:20,03-Jan-2030 20:11:05,45,NaN,NaN
Ground_Point_6,SAT_25,1,01-Jan-2030 15:17:00,01-Jan-2030 15:18:15,75,NaN,NaN
Ground_Point_6,SAT_25,2,02-Jan-2030 07:10:45,02-Jan-2030 07:11:55,70,NaN,NaN
Ground_Point_6,SAT_25,3,02-Jan-2030 14:55:40,02-Jan-2030 14:56:25,45,NaN,NaN
Ground_Point_6,SAT_25,4,03-Jan-2030 06:49:05,03-Jan-2030 06:50:20,75,NaN,NaN
Ground_Point_7,SAT_25,1,01-Jan-2030 17:47:55,01-Jan-2030 17:49:00,65,NaN,NaN
Ground_Point_7,SAT_25,2,02-Jan-2030 03:05:30,02-Jan-2030 03:05:55,25,NaN,NaN
Ground_Point_7,SAT_25,3,02-Jan-2030 17:26:10,02-Jan-2030 17:27:30,80,NaN,NaN
Ground_Point_7,SAT_25,4,03-Jan-2030 02:43:25,03-Jan-2030 02:44:40,75,NaN,NaN
Ground_Point_7,SAT_25,5,03-Jan-2030 17:04:50,03-Jan-2030 17:05:30,40,NaN,NaN
Ground_Point_8,SAT_25,1,01-Jan-2030 03:37:25,01-Jan-2030 03:38:45,80,NaN,NaN
Ground_Point_8,SAT_25,2,01-Jan-2030 12:54:00,01-Jan-2030 12:55:20,80,NaN,NaN
Ground_Point_8,SAT_25,3,02-Jan-2030 03:15:55,02-Jan-2030 03:16:55,60,NaN,NaN
Ground_Point_8,SAT_25,4,02-Jan-2030 12:32:30,02-Jan-2030 12:33:35,65,NaN,NaN
Ground_Point_9,SAT_25,1,02-Jan-2030 14:05:40,02-Jan-2030 14:07:00,80,NaN,NaN
Ground_Point_9,SAT_25,2,03-Jan-2030 04:29:15,03-Jan-2030 04:30:25,70,NaN,NaN
Ground_Point_9,SAT_25,3,03-Jan-2030 13:44:10,03-Jan-2030 13:45:15,65,NaN,NaN
Ground_Point_10,SAT_25,1,01-Jan-2030 02:43:00,01-Jan-2030 02:44:00,60,NaN,NaN
Ground_Point_10,SAT_25,2,01-Jan-2030 04:16:45,01-Jan-2030 04:17:40,55,NaN,NaN
Ground_Point_10,SAT_25,3,01-Jan-2030 20:07:50,01-Jan-2030 20:08:45,55,NaN,NaN
Ground_Point_10,SAT_25,4,01-Jan-2030 21:41:25,01-Jan-2030 21:42:25,60,NaN,NaN
Ground_Point_10,SAT_25,5,02-Jan-2030 02:21:35,02-Jan-2030 02:22:15,40,NaN,NaN
Ground_Point_10,SAT_25,6,02-Jan-2030 03:54:55,02-Jan-2030 03:56:10,75,NaN,NaN
Ground_Point_10,SAT_25,7,02-Jan-2030 21:19:45,02-Jan-2030 21:20:55,70,NaN,NaN
Ground_Point_10,SAT_25,8,03-Jan-2030 03:33:10,03-Jan-2030 03:34:30,80,NaN,NaN
Ground_Point_10,SAT_25,9,03-Jan-2030 20:58:00,03-Jan-2030 20:59:20,80,NaN,NaN
Ground_Point_11,SAT_25,1,01-Jan-2030 10:47:05,01-Jan-2030 10:48:25,80,NaN,NaN
Ground_Point_11,SAT_25,2,01-Jan-2030 21:29:50,01-Jan-2030 21:30:50,60,NaN,NaN
Ground_Point_11,SAT_25,3,02-Jan-2030 21:08:10,02-Jan-2030 21:09:10,60,NaN,NaN
Ground_Point_12,SAT_25,1,01-Jan-2030 05:42:45,01-Jan-2030 05:43:35,50,NaN,NaN
Ground_Point_12,SAT_25,2,01-Jan-2030 18:41:35,01-Jan-2030 18:42:50,75,NaN,NaN
Ground_Point_12,SAT_25,3,02-Jan-2030 05:21:05,02-Jan-2030 05:22:00,55,NaN,NaN
Ground_Point_1,SAT_26,1,01-Jan-2030 20:14:55,01-Jan-2030 20:15:40,45,NaN,NaN
Ground_Point_1,SAT_26,2,02-Jan-2030 09:18:50,02-Jan-2030 09:20:00,70,NaN,NaN
Ground_Point_2,SAT_26,1,01-Jan-2030 01:31:40,01-Jan-2030 01:33:00,80,NaN,NaN
Ground_Point_2,SAT_26,2,01-Jan-2030 18:56:20,01-Jan-2030 18:57:40,80,NaN,NaN
Ground_Point_2,SAT_26,3,01-Jan-2030 20:30:20,01-Jan-2030 20:30:40,20,NaN,NaN
Ground_Point_2,SAT_26,4,02-Jan-2030 01:10:00,02-Jan-2030 01:11:15,75,NaN,NaN
Ground_Point_2,SAT_26,5,02-Jan-2030 18:34:40,02-Jan-2030 18:35:50,70,NaN,NaN
Ground_Point_2,SAT_26,6,02-Jan-2030 20:08:30,02-Jan-2030 20:09:20,50,NaN,NaN
Ground_Point_2,SAT_26,7,03-Jan-2030 00:48:25,03-Jan-2030 00:49:30,65,NaN,NaN
Ground_Point_2,SAT_26,8,03-Jan-2030 02:22:20,03-Jan-2030 02:23:00,40,NaN,NaN
Ground_Point_2,SAT_26,9,03-Jan-2030 18:13:10,03-Jan-2030 18:13:55,45,NaN,NaN
Ground_Point_2,SAT_26,10,03-Jan-2030 19:46:40,03-Jan-2030 19:47:45,65,NaN,NaN
Ground_Point_3,SAT_26,1,01-Jan-2030 01:31:40,01-Jan-2030 01:33:00,80,NaN,NaN
Ground_Point_3,SAT_26,2,01-Jan-2030 18:56:20,01-Jan-2030 18:57:40,80,NaN,NaN
Ground_Point_3,SAT_26,3,01-Jan-2030 20:30:20,01-Jan-2030 20:30:40,20,NaN,NaN
Ground_Point_3,SAT_26,4,02-Jan-2030 01:10:00,02-Jan-2030 01:11:15,75,NaN,NaN
Ground_Point_3,SAT_26,5,02-Jan-2030 18:34:40,02-Jan-2030 18:35:50,70,NaN,NaN
Ground_Point_3,SAT_26,6,02-Jan-2030 20:08:30,02-Jan-2030 20:09:20,50,NaN,NaN
Ground_Point_3,SAT_26,7,03-Jan-2030 00:48:25,03-Jan-2030 00:49:30,65,NaN,NaN
Ground_Point_3,SAT_26,8,03-Jan-2030 02:22:20,03-Jan-2030 02:23:00,40,NaN,NaN
Ground_Point_3,SAT_26,9,03-Jan-2030 18:13:10,03-Jan-2030 18:13:55,45,NaN,NaN
Ground_Point_3,SAT_26,10,03-Jan-2030 19:46:40,03-Jan-2030 19:47:45,65,NaN,NaN
Ground_Point_4,SAT_26,1,01-Jan-2030 01:31:40,01-Jan-2030 01:33:00,80,NaN,NaN
Ground_Point_4,SAT_26,2,01-Jan-2030 18:56:20,01-Jan-2030 18:57:40,80,NaN,NaN
Ground_Point_4,SAT_26,3,01-Jan-2030 20:30:20,01-Jan-2030 20:30:40,20,NaN,NaN
Ground_Point_4,SAT_26,4,02-Jan-2030 01:10:00,02-Jan-2030 01:11:15,75,NaN,NaN
Ground_Point_4,SAT_26,5,02-Jan-2030 18:34:40,02-Jan-2030 18:35:50,70,NaN,NaN
Ground_Point_4,SAT_26,6,02-Jan-2030 20:08:30,02-Jan-2030 20:09:20,50,NaN,NaN
Ground_Point_4,SAT_26,7,03-Jan-2030 00:48:25,03-Jan-2030 00:49:30,65,NaN,NaN
Ground_Point_4,SAT_26,8,03-Jan-2030 02:22:20,03-Jan-2030 02:23:00,40,NaN,NaN
Ground_Point_4,SAT_26,9,03-Jan-2030 18:13:10,03-Jan-2030 18:13:55,45,NaN,NaN
Ground_Point_4,SAT_26,10,03-Jan-2030 19:46:40,03-Jan-2030 19:47:45,65,NaN,NaN
Ground_Point_5,SAT_26,1,01-Jan-2030 01:31:40,01-Jan-2030 01:33:00,80,NaN,NaN
Ground_Point_5,SAT_26,2,01-Jan-2030 18:56:20,01-Jan-2030 18:57:40,80,NaN,NaN
Ground_Point_5,SAT_26,3,01-Jan-2030 20:30:20,01-Jan-2030 20:30:40,20,NaN,NaN
Ground_Point_5,SAT_26,4,02-Jan-2030 01:10:00,02-Jan-2030 01:11:15,75,NaN,NaN
Ground_Point_5,SAT_26,5,02-Jan-2030 18:34:40,02-Jan-2030 18:35:50,70,NaN,NaN
Ground_Point_5,SAT_26,6,02-Jan-2030 20:08:30,02-Jan-2030 20:09:20,50,NaN,NaN
Ground_Point_5,SAT_26,7,03-Jan-2030 00:48:25,03-Jan-2030 00:49:30,65,NaN,NaN
Ground_Point_5,SAT_26,8,03-Jan-2030 02:22:20,03-Jan-2030 02:23:00,40,NaN,NaN
Ground_Point_5,SAT_26,9,03-Jan-2030 18:13:10,03-Jan-2030 18:13:55,45,NaN,NaN
Ground_Point_5,SAT_26,10,03-Jan-2030 19:46:40,03-Jan-2030 19:47:45,65,NaN,NaN
Ground_Point_6,SAT_26,1,01-Jan-2030 07:09:00,01-Jan-2030 07:10:10,70,NaN,NaN
Ground_Point_6,SAT_26,2,01-Jan-2030 14:53:55,01-Jan-2030 14:54:40,45,NaN,NaN
Ground_Point_6,SAT_26,3,02-Jan-2030 06:47:15,02-Jan-2030 06:48:35,80,NaN,NaN
Ground_Point_6,SAT_26,4,03-Jan-2030 06:25:45,03-Jan-2030 06:26:40,55,NaN,NaN
Ground_Point_6,SAT_26,5,03-Jan-2030 15:43:55,03-Jan-2030 15:45:05,70,NaN,NaN
Ground_Point_7,SAT_26,1,01-Jan-2030 03:03:45,01-Jan-2030 03:04:15,30,NaN,NaN
Ground_Point_7,SAT_26,2,01-Jan-2030 17:24:25,01-Jan-2030 17:25:45,80,NaN,NaN
Ground_Point_7,SAT_26,3,02-Jan-2030 02:41:40,02-Jan-2030 02:42:55,75,NaN,NaN
Ground_Point_7,SAT_26,4,02-Jan-2030 17:03:05,02-Jan-2030 17:03:40,35,NaN,NaN
Ground_Point_7,SAT_26,5,03-Jan-2030 02:20:00,03-Jan-2030 02:21:10,70,NaN,NaN
Ground_Point_8,SAT_26,1,01-Jan-2030 03:14:15,01-Jan-2030 03:15:15,60,NaN,NaN
Ground_Point_8,SAT_26,2,01-Jan-2030 12:30:50,01-Jan-2030 12:31:50,60,NaN,NaN
Ground_Point_8,SAT_26,3,03-Jan-2030 04:04:40,03-Jan-2030 04:05:15,35,NaN,NaN
Ground_Point_8,SAT_26,4,03-Jan-2030 13:21:30,03-Jan-2030 13:21:40,10,NaN,NaN
Ground_Point_9,SAT_26,1,01-Jan-2030 14:04:00,01-Jan-2030 14:05:15,75,NaN,NaN
Ground_Point_9,SAT_26,2,02-Jan-2030 04:27:30,02-Jan-2030 04:28:40,70,NaN,NaN
Ground_Point_9,SAT_26,3,02-Jan-2030 13:42:25,02-Jan-2030 13:43:25,60,NaN,NaN
Ground_Point_9,SAT_26,4,03-Jan-2030 04:05:50,03-Jan-2030 04:06:55,65,NaN,NaN
Ground_Point_10,SAT_26,1,01-Jan-2030 02:19:55,01-Jan-2030 02:20:30,35,NaN,NaN
Ground_Point_10,SAT_26,2,01-Jan-2030 03:53:10,01-Jan-2030 03:54:25,75,NaN,NaN
Ground_Point_10,SAT_26,3,01-Jan-2030 21:18:00,01-Jan-2030 21:19:10,70,NaN,NaN
Ground_Point_10,SAT_26,4,02-Jan-2030 03:31:25,02-Jan-2030 03:32:45,80,NaN,NaN
Ground_Point_10,SAT_26,5,02-Jan-2030 20:56:15,02-Jan-2030 20:57:35,80,NaN,NaN
Ground_Point_10,SAT_26,6,03-Jan-2030 03:09:45,03-Jan-2030 03:11:00,75,NaN,NaN
Ground_Point_10,SAT_26,7,03-Jan-2030 20:34:30,03-Jan-2030 20:35:50,80,NaN,NaN
Ground_Point_10,SAT_26,8,03-Jan-2030 22:08:30,03-Jan-2030 22:09:00,30,NaN,NaN
Ground_Point_11,SAT_26,1,01-Jan-2030 21:06:30,01-Jan-2030 21:07:25,55,NaN,NaN
Ground_Point_12,SAT_26,1,01-Jan-2030 05:19:25,01-Jan-2030 05:20:15,50,NaN,NaN
Ground_Point_1,SAT_27,1,01-Jan-2030 09:17:10,01-Jan-2030 09:18:25,75,NaN,NaN
Ground_Point_2,SAT_27,1,01-Jan-2030 01:08:20,01-Jan-2030 01:09:40,80,NaN,NaN
Ground_Point_2,SAT_27,2,01-Jan-2030 18:33:05,01-Jan-2030 18:34:15,70,NaN,NaN
Ground_Point_2,SAT_27,3,01-Jan-2030 20:06:50,01-Jan-2030 20:07:40,50,NaN,NaN
Ground_Point_2,SAT_27,4,02-Jan-2030 00:46:50,02-Jan-2030 00:47:55,65,NaN,NaN
Ground_Point_2,SAT_27,5,02-Jan-2030 02:20:40,02-Jan-2030 02:21:25,45,NaN,NaN
Ground_Point_2,SAT_27,6,02-Jan-2030 18:11:35,02-Jan-2030 18:12:15,40,NaN,NaN
Ground_Point_2,SAT_27,7,02-Jan-2030 19:45:05,02-Jan-2030 19:46:10,65,NaN,NaN
Ground_Point_2,SAT_27,8,03-Jan-2030 00:25:20,03-Jan-2030 00:26:10,50,NaN,NaN
Ground_Point_2,SAT_27,9,03-Jan-2030 01:58:45,03-Jan-2030 01:59:55,70,NaN,NaN
Ground_Point_2,SAT_27,10,03-Jan-2030 19:23:20,03-Jan-2030 19:24:35,75,NaN,NaN
Ground_Point_3,SAT_27,1,01-Jan-2030 01:08:20,01-Jan-2030 01:09:40,80,NaN,NaN
Ground_Point_3,SAT_27,2,01-Jan-2030 18:33:05,01-Jan-2030 18:34:15,70,NaN,NaN
Ground_Point_3,SAT_27,3,01-Jan-2030 20:06:50,01-Jan-2030 20:07:40,50,NaN,NaN
Ground_Point_3,SAT_27,4,02-Jan-2030 00:46:50,02-Jan-2030 00:47:55,65,NaN,NaN
Ground_Point_3,SAT_27,5,02-Jan-2030 02:20:40,02-Jan-2030 02:21:25,45,NaN,NaN
Ground_Point_3,SAT_27,6,02-Jan-2030 18:11:35,02-Jan-2030 18:12:15,40,NaN,NaN
Ground_Point_3,SAT_27,7,02-Jan-2030 19:45:05,02-Jan-2030 19:46:10,65,NaN,NaN
Ground_Point_3,SAT_27,8,03-Jan-2030 00:25:20,03-Jan-2030 00:26:10,50,NaN,NaN
Ground_Point_3,SAT_27,9,03-Jan-2030 01:58:45,03-Jan-2030 01:59:55,70,NaN,NaN
Ground_Point_3,SAT_27,10,03-Jan-2030 19:23:20,03-Jan-2030 19:24:35,75,NaN,NaN
Ground_Point_4,SAT_27,1,01-Jan-2030 01:08:20,01-Jan-2030 01:09:40,80,NaN,NaN
Ground_Point_4,SAT_27,2,01-Jan-2030 18:33:05,01-Jan-2030 18:34:15,70,NaN,NaN
Ground_Point_4,SAT_27,3,01-Jan-2030 20:06:50,01-Jan-2030 20:07:40,50,NaN,NaN
Ground_Point_4,SAT_27,4,02-Jan-2030 00:46:50,02-Jan-2030 00:47:55,65,NaN,NaN
Ground_Point_4,SAT_27,5,02-Jan-2030 02:20:40,02-Jan-2030 02:21:25,45,NaN,NaN
Ground_Point_4,SAT_27,6,02-Jan-2030 18:11:35,02-Jan-2030 18:12:15,40,NaN,NaN
Ground_Point_4,SAT_27,7,02-Jan-2030 19:45:05,02-Jan-2030 19:46:10,65,NaN,NaN
Ground_Point_4,SAT_27,8,03-Jan-2030 00:25:20,03-Jan-2030 00:26:10,50,NaN,NaN
Ground_Point_4,SAT_27,9,03-Jan-2030 01:58:45,03-Jan-2030 01:59:55,70,NaN,NaN
Ground_Point_4,SAT_27,10,03-Jan-2030 19:23:20,03-Jan-2030 19:24:35,75,NaN,NaN
Ground_Point_5,SAT_27,1,01-Jan-2030 01:08:20,01-Jan-2030 01:09:40,80,NaN,NaN
Ground_Point_5,SAT_27,2,01-Jan-2030 18:33:05,01-Jan-2030 18:34:15,70,NaN,NaN
Ground_Point_5,SAT_27,3,01-Jan-2030 20:06:50,01-Jan-2030 20:07:40,50,NaN,NaN
Ground_Point_5,SAT_27,4,02-Jan-2030 00:46:50,02-Jan-2030 00:47:55,65,NaN,NaN
Ground_Point_5,SAT_27,5,02-Jan-2030 02:20:40,02-Jan-2030 02:21:25,45,NaN,NaN
Ground_Point_5,SAT_27,6,02-Jan-2030 18:11:35,02-Jan-2030 18:12:15,40,NaN,NaN
Ground_Point_5,SAT_27,7,02-Jan-2030 19:45:05,02-Jan-2030 19:46:10,65,NaN,NaN
Ground_Point_5,SAT_27,8,03-Jan-2030 00:25:20,03-Jan-2030 00:26:10,50,NaN,NaN
Ground_Point_5,SAT_27,9,03-Jan-2030 01:58:45,03-Jan-2030 01:59:55,70,NaN,NaN
Ground_Point_5,SAT_27,10,03-Jan-2030 19:23:20,03-Jan-2030 19:24:35,75,NaN,NaN
Ground_Point_6,SAT_27,1,01-Jan-2030 06:45:40,01-Jan-2030 06:47:00,80,NaN,NaN
Ground_Point_6,SAT_27,2,02-Jan-2030 06:24:10,02-Jan-2030 06:25:05,55,NaN,NaN
Ground_Point_6,SAT_27,3,02-Jan-2030 15:42:20,02-Jan-2030 15:43:30,70,NaN,NaN
Ground_Point_6,SAT_27,4,03-Jan-2030 15:20:35,03-Jan-2030 15:21:55,80,NaN,NaN
Ground_Point_7,SAT_27,1,01-Jan-2030 02:40:00,01-Jan-2030 02:41:20,80,NaN,NaN
Ground_Point_7,SAT_27,2,01-Jan-2030 17:01:30,01-Jan-2030 17:02:00,30,NaN,NaN
Ground_Point_7,SAT_27,3,02-Jan-2030 02:18:25,02-Jan-2030 02:19:35,70,NaN,NaN
Ground_Point_7,SAT_27,4,03-Jan-2030 17:51:30,03-Jan-2030 17:52:35,65,NaN,NaN
Ground_Point_8,SAT_27,1,02-Jan-2030 04:03:05,02-Jan-2030 04:03:40,35,NaN,NaN
Ground_Point_8,SAT_27,2,02-Jan-2030 13:19:45,02-Jan-2030 13:20:10,25,NaN,NaN
Ground_Point_8,SAT_27,3,03-Jan-2030 03:41:05,03-Jan-2030 03:42:20,75,NaN,NaN
Ground_Point_8,SAT_27,4,03-Jan-2030 12:57:35,03-Jan-2030 12:58:55,80,NaN,NaN
Ground_Point_9,SAT_27,1,01-Jan-2030 04:25:50,01-Jan-2030 04:27:05,75,NaN,NaN
Ground_Point_9,SAT_27,2,01-Jan-2030 13:40:50,01-Jan-2030 13:41:45,55,NaN,NaN
Ground_Point_9,SAT_27,3,02-Jan-2030 04:04:15,02-Jan-2030 04:05:20,65,NaN,NaN
Ground_Point_10,SAT_27,1,01-Jan-2030 03:29:50,01-Jan-2030 03:31:10,80,NaN,NaN
Ground_Point_10,SAT_27,2,01-Jan-2030 20:54:35,01-Jan-2030 20:55:55,80,NaN,NaN
Ground_Point_10,SAT_27,3,02-Jan-2030 03:08:10,02-Jan-2030 03:09:25,75,NaN,NaN
Ground_Point_10,SAT_27,4,02-Jan-2030 20:32:55,02-Jan-2030 20:34:10,75,NaN,NaN
Ground_Point_10,SAT_27,5,02-Jan-2030 22:06:55,02-Jan-2030 22:07:25,30,NaN,NaN
Ground_Point_10,SAT_27,6,03-Jan-2030 02:46:35,03-Jan-2030 02:47:40,65,NaN,NaN
Ground_Point_10,SAT_27,7,03-Jan-2030 04:20:25,03-Jan-2030 04:21:10,45,NaN,NaN
Ground_Point_10,SAT_27,8,03-Jan-2030 20:11:25,03-Jan-2030 20:12:20,55,NaN,NaN
Ground_Point_10,SAT_27,9,03-Jan-2030 21:45:00,03-Jan-2030 21:46:00,60,NaN,NaN
Ground_Point_11,SAT_27,1,03-Jan-2030 10:50:45,03-Jan-2030 10:52:00,75,NaN,NaN
Ground_Point_11,SAT_27,2,03-Jan-2030 21:33:30,03-Jan-2030 21:34:20,50,NaN,NaN
Ground_Point_12,SAT_27,1,03-Jan-2030 05:46:35,03-Jan-2030 05:46:55,20,NaN,NaN
Ground_Point_12,SAT_27,2,03-Jan-2030 18:45:10,03-Jan-2030 18:46:25,75,NaN,NaN
Ground_Point_1,SAT_28,1,03-Jan-2030 20:18:25,03-Jan-2030 20:19:25,60,NaN,NaN
Ground_Point_2,SAT_28,1,01-Jan-2030 00:45:10,01-Jan-2030 00:46:15,65,NaN,NaN
Ground_Point_2,SAT_28,2,01-Jan-2030 02:19:00,01-Jan-2030 02:19:50,50,NaN,NaN
Ground_Point_2,SAT_28,3,01-Jan-2030 18:09:55,01-Jan-2030 18:10:35,40,NaN,NaN
Ground_Point_2,SAT_28,4,01-Jan-2030 19:43:25,01-Jan-2030 19:44:35,70,NaN,NaN
Ground_Point_2,SAT_28,5,02-Jan-2030 00:23:40,02-Jan-2030 00:24:30,50,NaN,NaN
Ground_Point_2,SAT_28,6,02-Jan-2030 01:57:05,02-Jan-2030 01:58:15,70,NaN,NaN
Ground_Point_2,SAT_28,7,02-Jan-2030 19:21:40,02-Jan-2030 19:23:00,80,NaN,NaN
Ground_Point_2,SAT_28,8,03-Jan-2030 00:02:20,03-Jan-2030 00:02:35,15,NaN,NaN
Ground_Point_2,SAT_28,9,03-Jan-2030 01:35:20,03-Jan-2030 01:36:40,80,NaN,NaN
Ground_Point_2,SAT_28,10,03-Jan-2030 19:00:00,03-Jan-2030 19:01:20,80,NaN,NaN
Ground_Point_2,SAT_28,11,03-Jan-2030 20:34:05,03-Jan-2030 20:34:20,15,NaN,NaN
Ground_Point_3,SAT_28,1,01-Jan-2030 00:45:10,01-Jan-2030 00:46:15,65,NaN,NaN
Ground_Point_3,SAT_28,2,01-Jan-2030 02:19:00,01-Jan-2030 02:19:50,50,NaN,NaN
Ground_Point_3,SAT_28,3,01-Jan-2030 18:09:55,01-Jan-2030 18:10:35,40,NaN,NaN
Ground_Point_3,SAT_28,4,01-Jan-2030 19:43:25,01-Jan-2030 19:44:35,70,NaN,NaN
Ground_Point_3,SAT_28,5,02-Jan-2030 00:23:40,02-Jan-2030 00:24:30,50,NaN,NaN
Ground_Point_3,SAT_28,6,02-Jan-2030 01:57:05,02-Jan-2030 01:58:15,70,NaN,NaN
Ground_Point_3,SAT_28,7,02-Jan-2030 19:21:40,02-Jan-2030 19:23:00,80,NaN,NaN
Ground_Point_3,SAT_28,8,03-Jan-2030 00:02:20,03-Jan-2030 00:02:35,15,NaN,NaN
Ground_Point_3,SAT_28,9,03-Jan-2030 01:35:20,03-Jan-2030 01:36:40,80,NaN,NaN
Ground_Point_3,SAT_28,10,03-Jan-2030 19:00:00,03-Jan-2030 19:01:20,80,NaN,NaN
Ground_Point_3,SAT_28,11,03-Jan-2030 20:34:05,03-Jan-2030 20:34:20,15,NaN,NaN
Ground_Point_4,SAT_28,1,01-Jan-2030 00:45:10,01-Jan-2030 00:46:15,65,NaN,NaN
Ground_Point_4,SAT_28,2,01-Jan-2030 02:19:00,01-Jan-2030 02:19:50,50,NaN,NaN
Ground_Point_4,SAT_28,3,01-Jan-2030 18:09:55,01-Jan-2030 18:10:35,40,NaN,NaN
Ground_Point_4,SAT_28,4,01-Jan-2030 19:43:25,01-Jan-2030 19:44:35,70,NaN,NaN
Ground_Point_4,SAT_28,5,02-Jan-2030 00:23:40,02-Jan-2030 00:24:30,50,NaN,NaN
Ground_Point_4,SAT_28,6,02-Jan-2030 01:57:05,02-Jan-2030 01:58:15,70,NaN,NaN
Ground_Point_4,SAT_28,7,02-Jan-2030 19:21:40,02-Jan-2030 19:23:00,80,NaN,NaN
Ground_Point_4,SAT_28,8,03-Jan-2030 00:02:20,03-Jan-2030 00:02:35,15,NaN,NaN
Ground_Point_4,SAT_28,9,03-Jan-2030 01:35:20,03-Jan-2030 01:36:40,80,NaN,NaN
Ground_Point_4,SAT_28,10,03-Jan-2030 19:00:00,03-Jan-2030 19:01:20,80,NaN,NaN
Ground_Point_4,SAT_28,11,03-Jan-2030 20:34:05,03-Jan-2030 20:34:20,15,NaN,NaN
Ground_Point_5,SAT_28,1,01-Jan-2030 00:45:10,01-Jan-2030 00:46:15,65,NaN,NaN
Ground_Point_5,SAT_28,2,01-Jan-2030 02:19:00,01-Jan-2030 02:19:50,50,NaN,NaN
Ground_Point_5,SAT_28,3,01-Jan-2030 18:09:55,01-Jan-2030 18:10:35,40,NaN,NaN
Ground_Point_5,SAT_28,4,01-Jan-2030 19:43:25,01-Jan-2030 19:44:35,70,NaN,NaN
Ground_Point_5,SAT_28,5,02-Jan-2030 00:23:40,02-Jan-2030 00:24:30,50,NaN,NaN
Ground_Point_5,SAT_28,6,02-Jan-2030 01:57:05,02-Jan-2030 01:58:15,70,NaN,NaN
Ground_Point_5,SAT_28,7,02-Jan-2030 19:21:40,02-Jan-2030 19:23:00,80,NaN,NaN
Ground_Point_5,SAT_28,8,03-Jan-2030 00:02:20,03-Jan-2030 00:02:35,15,NaN,NaN
Ground_Point_5,SAT_28,9,03-Jan-2030 01:35:20,03-Jan-2030 01:36:40,80,NaN,NaN
Ground_Point_5,SAT_28,10,03-Jan-2030 19:00:00,03-Jan-2030 19:01:20,80,NaN,NaN
Ground_Point_5,SAT_28,11,03-Jan-2030 20:34:05,03-Jan-2030 20:34:20,15,NaN,NaN
Ground_Point_6,SAT_28,1,01-Jan-2030 06:22:30,01-Jan-2030 06:23:25,55,NaN,NaN
Ground_Point_6,SAT_28,2,01-Jan-2030 15:40:40,01-Jan-2030 15:41:55,75,NaN,NaN
Ground_Point_6,SAT_28,3,02-Jan-2030 15:18:55,02-Jan-2030 15:20:15,80,NaN,NaN
Ground_Point_6,SAT_28,4,03-Jan-2030 07:12:45,03-Jan-2030 07:13:50,65,NaN,NaN
Ground_Point_6,SAT_28,5,03-Jan-2030 14:57:30,03-Jan-2030 14:58:25,55,NaN,NaN
Ground_Point_7,SAT_28,1,01-Jan-2030 02:16:45,01-Jan-2030 02:17:55,70,NaN,NaN
Ground_Point_7,SAT_28,2,02-Jan-2030 17:49:50,02-Jan-2030 17:51:00,70,NaN,NaN
Ground_Point_7,SAT_28,3,03-Jan-2030 03:07:35,03-Jan-2030 03:07:45,10,NaN,NaN
Ground_Point_7,SAT_28,4,03-Jan-2030 17:28:05,03-Jan-2030 17:29:25,80,NaN,NaN
Ground_Point_8,SAT_28,1,01-Jan-2030 04:01:20,01-Jan-2030 04:02:05,45,NaN,NaN
Ground_Point_8,SAT_28,2,01-Jan-2030 13:18:05,01-Jan-2030 13:18:35,30,NaN,NaN
Ground_Point_8,SAT_28,3,02-Jan-2030 03:39:25,02-Jan-2030 03:40:45,80,NaN,NaN
Ground_Point_8,SAT_28,4,02-Jan-2030 12:56:00,02-Jan-2030 12:57:15,75,NaN,NaN
Ground_Point_8,SAT_28,5,03-Jan-2030 03:17:50,03-Jan-2030 03:18:55,65,NaN,NaN
Ground_Point_8,SAT_28,6,03-Jan-2030 12:34:25,03-Jan-2030 12:35:35,70,NaN,NaN
Ground_Point_9,SAT_28,1,01-Jan-2030 04:02:35,01-Jan-2030 04:03:40,65,NaN,NaN
Ground_Point_9,SAT_28,2,03-Jan-2030 14:07:40,03-Jan-2030 14:08:55,75,NaN,NaN
Ground_Point_10,SAT_28,1,01-Jan-2030 03:06:30,01-Jan-2030 03:07:45,75,NaN,NaN
Ground_Point_10,SAT_28,2,01-Jan-2030 20:31:20,01-Jan-2030 20:32:35,75,NaN,NaN
Ground_Point_10,SAT_28,3,01-Jan-2030 22:05:15,01-Jan-2030 22:05:50,35,NaN,NaN
Ground_Point_10,SAT_28,4,02-Jan-2030 02:45:00,02-Jan-2030 02:46:00,60,NaN,NaN
Ground_Point_10,SAT_28,5,02-Jan-2030 04:18:45,02-Jan-2030 04:19:35,50,NaN,NaN
Ground_Point_10,SAT_28,6,02-Jan-2030 20:09:45,02-Jan-2030 20:10:40,55,NaN,NaN
Ground_Point_10,SAT_28,7,02-Jan-2030 21:43:25,02-Jan-2030 21:44:25,60,NaN,NaN
Ground_Point_10,SAT_28,8,03-Jan-2030 02:23:30,03-Jan-2030 02:24:10,40,NaN,NaN
Ground_Point_10,SAT_28,9,03-Jan-2030 03:56:50,03-Jan-2030 03:58:05,75,NaN,NaN
Ground_Point_10,SAT_28,10,03-Jan-2030 21:21:40,03-Jan-2030 21:22:50,70,NaN,NaN
Ground_Point_11,SAT_28,1,02-Jan-2030 10:49:05,02-Jan-2030 10:50:20,75,NaN,NaN
Ground_Point_11,SAT_28,2,02-Jan-2030 21:31:50,02-Jan-2030 21:32:45,55,NaN,NaN
Ground_Point_11,SAT_28,3,03-Jan-2030 10:27:55,03-Jan-2030 10:28:10,15,NaN,NaN
Ground_Point_11,SAT_28,4,03-Jan-2030 21:10:05,03-Jan-2030 21:11:10,65,NaN,NaN
Ground_Point_12,SAT_28,1,02-Jan-2030 05:44:45,02-Jan-2030 05:45:25,40,NaN,NaN
Ground_Point_12,SAT_28,2,02-Jan-2030 18:43:30,02-Jan-2030 18:44:45,75,NaN,NaN
Ground_Point_12,SAT_28,3,03-Jan-2030 05:22:55,03-Jan-2030 05:24:00,65,NaN,NaN
Ground_Point_1,SAT_29,1,01-Jan-2030 22:13:10,01-Jan-2030 22:13:35,25,NaN,NaN
Ground_Point_1,SAT_29,2,02-Jan-2030 11:16:55,02-Jan-2030 11:18:10,75,NaN,NaN
Ground_Point_2,SAT_29,1,01-Jan-2030 01:56:50,01-Jan-2030 01:57:00,10,NaN,NaN
Ground_Point_2,SAT_29,2,01-Jan-2030 03:29:45,01-Jan-2030 03:31:05,80,NaN,NaN
Ground_Point_2,SAT_29,3,01-Jan-2030 20:54:25,01-Jan-2030 20:55:45,80,NaN,NaN
Ground_Point_2,SAT_29,4,01-Jan-2030 22:28:25,01-Jan-2030 22:28:55,30,NaN,NaN
Ground_Point_2,SAT_29,5,02-Jan-2030 03:08:05,02-Jan-2030 03:09:25,80,NaN,NaN
Ground_Point_2,SAT_29,6,02-Jan-2030 20:32:50,02-Jan-2030 20:33:55,65,NaN,NaN
Ground_Point_2,SAT_29,7,02-Jan-2030 22:06:35,02-Jan-2030 22:07:30,55,NaN,NaN
Ground_Point_2,SAT_29,8,03-Jan-2030 02:46:30,03-Jan-2030 02:47:40,70,NaN,NaN
Ground_Point_2,SAT_29,9,03-Jan-2030 04:20:25,03-Jan-2030 04:21:10,45,NaN,NaN
Ground_Point_2,SAT_29,10,03-Jan-2030 20:11:20,03-Jan-2030 20:11:55,35,NaN,NaN
Ground_Point_2,SAT_29,11,03-Jan-2030 21:44:45,03-Jan-2030 21:45:55,70,NaN,NaN
Ground_Point_3,SAT_29,1,01-Jan-2030 01:56:50,01-Jan-2030 01:57:00,10,NaN,NaN
Ground_Point_3,SAT_29,2,01-Jan-2030 03:29:45,01-Jan-2030 03:31:05,80,NaN,NaN
Ground_Point_3,SAT_29,3,01-Jan-2030 20:54:25,01-Jan-2030 20:55:45,80,NaN,NaN
Ground_Point_3,SAT_29,4,01-Jan-2030 22:28:25,01-Jan-2030 22:28:55,30,NaN,NaN
Ground_Point_3,SAT_29,5,02-Jan-2030 03:08:05,02-Jan-2030 03:09:25,80,NaN,NaN
Ground_Point_3,SAT_29,6,02-Jan-2030 20:32:50,02-Jan-2030 20:33:55,65,NaN,NaN
Ground_Point_3,SAT_29,7,02-Jan-2030 22:06:35,02-Jan-2030 22:07:30,55,NaN,NaN
Ground_Point_3,SAT_29,8,03-Jan-2030 02:46:30,03-Jan-2030 02:47:40,70,NaN,NaN
Ground_Point_3,SAT_29,9,03-Jan-2030 04:20:25,03-Jan-2030 04:21:10,45,NaN,NaN
Ground_Point_3,SAT_29,10,03-Jan-2030 20:11:20,03-Jan-2030 20:11:55,35,NaN,NaN
Ground_Point_3,SAT_29,11,03-Jan-2030 21:44:45,03-Jan-2030 21:45:55,70,NaN,NaN
Ground_Point_4,SAT_29,1,01-Jan-2030 01:56:50,01-Jan-2030 01:57:00,10,NaN,NaN
Ground_Point_4,SAT_29,2,01-Jan-2030 03:29:45,01-Jan-2030 03:31:05,80,NaN,NaN
Ground_Point_4,SAT_29,3,01-Jan-2030 20:54:25,01-Jan-2030 20:55:45,80,NaN,NaN
Ground_Point_4,SAT_29,4,01-Jan-2030 22:28:25,01-Jan-2030 22:28:55,30,NaN,NaN
Ground_Point_4,SAT_29,5,02-Jan-2030 03:08:05,02-Jan-2030 03:09:25,80,NaN,NaN
Ground_Point_4,SAT_29,6,02-Jan-2030 20:32:50,02-Jan-2030 20:33:55,65,NaN,NaN
Ground_Point_4,SAT_29,7,02-Jan-2030 22:06:35,02-Jan-2030 22:07:30,55,NaN,NaN
Ground_Point_4,SAT_29,8,03-Jan-2030 02:46:30,03-Jan-2030 02:47:40,70,NaN,NaN
Ground_Point_4,SAT_29,9,03-Jan-2030 04:20:25,03-Jan-2030 04:21:10,45,NaN,NaN
Ground_Point_4,SAT_29,10,03-Jan-2030 20:11:20,03-Jan-2030 20:11:55,35,NaN,NaN
Ground_Point_4,SAT_29,11,03-Jan-2030 21:44:45,03-Jan-2030 21:45:55,70,NaN,NaN
Ground_Point_5,SAT_29,1,01-Jan-2030 01:56:50,01-Jan-2030 01:57:00,10,NaN,NaN
Ground_Point_5,SAT_29,2,01-Jan-2030 03:29:45,01-Jan-2030 03:31:05,80,NaN,NaN
Ground_Point_5,SAT_29,3,01-Jan-2030 20:54:25,01-Jan-2030 20:55:45,80,NaN,NaN
Ground_Point_5,SAT_29,4,01-Jan-2030 22:28:25,01-Jan-2030 22:28:55,30,NaN,NaN
Ground_Point_5,SAT_29,5,02-Jan-2030 03:08:05,02-Jan-2030 03:09:25,80,NaN,NaN
Ground_Point_5,SAT_29,6,02-Jan-2030 20:32:50,02-Jan-2030 20:33:55,65,NaN,NaN
Ground_Point_5,SAT_29,7,02-Jan-2030 22:06:35,02-Jan-2030 22:07:30,55,NaN,NaN
Ground_Point_5,SAT_29,8,03-Jan-2030 02:46:30,03-Jan-2030 02:47:40,70,NaN,NaN
Ground_Point_5,SAT_29,9,03-Jan-2030 04:20:25,03-Jan-2030 04:21:10,45,NaN,NaN
Ground_Point_5,SAT_29,10,03-Jan-2030 20:11:20,03-Jan-2030 20:11:55,35,NaN,NaN
Ground_Point_5,SAT_29,11,03-Jan-2030 21:44:45,03-Jan-2030 21:45:55,70,NaN,NaN
Ground_Point_6,SAT_29,1,01-Jan-2030 09:07:10,01-Jan-2030 09:08:20,70,NaN,NaN
Ground_Point_6,SAT_29,2,01-Jan-2030 16:52:05,01-Jan-2030 16:52:45,40,NaN,NaN
Ground_Point_6,SAT_29,3,02-Jan-2030 08:45:25,02-Jan-2030 08:46:40,75,NaN,NaN
Ground_Point_6,SAT_29,4,03-Jan-2030 08:23:55,03-Jan-2030 08:24:45,50,NaN,NaN
Ground_Point_6,SAT_29,5,03-Jan-2030 17:42:05,03-Jan-2030 17:43:15,70,NaN,NaN
Ground_Point_7,SAT_29,1,01-Jan-2030 05:01:50,01-Jan-2030 05:02:25,35,NaN,NaN
Ground_Point_7,SAT_29,2,01-Jan-2030 19:22:35,01-Jan-2030 19:23:50,75,NaN,NaN
Ground_Point_7,SAT_29,3,02-Jan-2030 04:39:45,02-Jan-2030 04:41:05,80,NaN,NaN
Ground_Point_7,SAT_29,4,02-Jan-2030 19:01:20,02-Jan-2030 19:01:35,15,NaN,NaN
Ground_Point_7,SAT_29,5,03-Jan-2030 04:18:10,03-Jan-2030 04:19:20,70,NaN,NaN
Ground_Point_8,SAT_29,1,01-Jan-2030 05:12:25,01-Jan-2030 05:13:15,50,NaN,NaN
Ground_Point_8,SAT_29,2,01-Jan-2030 14:28:55,01-Jan-2030 14:29:55,60,NaN,NaN
Ground_Point_8,SAT_29,3,03-Jan-2030 06:02:45,03-Jan-2030 06:03:30,45,NaN,NaN
Ground_Point_8,SAT_29,4,03-Jan-2030 15:19:30,03-Jan-2030 15:19:55,25,NaN,NaN
Ground_Point_9,SAT_29,1,01-Jan-2030 16:02:05,01-Jan-2030 16:03:25,80,NaN,NaN
Ground_Point_9,SAT_29,2,02-Jan-2030 06:25:35,02-Jan-2030 06:26:50,75,NaN,NaN
Ground_Point_9,SAT_29,3,02-Jan-2030 15:40:35,02-Jan-2030 15:41:30,55,NaN,NaN
Ground_Point_9,SAT_29,4,03-Jan-2030 06:04:00,03-Jan-2030 06:05:00,60,NaN,NaN
Ground_Point_10,SAT_29,1,01-Jan-2030 04:18:00,01-Jan-2030 04:18:40,40,NaN,NaN
Ground_Point_10,SAT_29,2,01-Jan-2030 05:51:20,01-Jan-2030 05:52:30,70,NaN,NaN
Ground_Point_10,SAT_29,3,01-Jan-2030 23:16:05,01-Jan-2030 23:17:20,75,NaN,NaN
Ground_Point_10,SAT_29,4,02-Jan-2030 05:29:35,02-Jan-2030 05:30:55,80,NaN,NaN
Ground_Point_10,SAT_29,5,02-Jan-2030 22:54:20,02-Jan-2030 22:55:40,80,NaN,NaN
Ground_Point_10,SAT_29,6,03-Jan-2030 05:07:55,03-Jan-2030 05:09:10,75,NaN,NaN
Ground_Point_10,SAT_29,7,03-Jan-2030 22:32:40,03-Jan-2030 22:33:55,75,NaN,NaN
Ground_Point_11,SAT_29,1,01-Jan-2030 23:04:40,01-Jan-2030 23:05:30,50,NaN,NaN
Ground_Point_12,SAT_29,1,01-Jan-2030 07:17:35,01-Jan-2030 07:18:15,40,NaN,NaN
Ground_Point_1,SAT_30,1,01-Jan-2030 11:15:15,01-Jan-2030 11:16:30,75,NaN,NaN
Ground_Point_2,SAT_30,1,01-Jan-2030 03:06:30,01-Jan-2030 03:07:45,75,NaN,NaN
Ground_Point_2,SAT_30,2,01-Jan-2030 20:31:10,01-Jan-2030 20:32:15,65,NaN,NaN
Ground_Point_2,SAT_30,3,01-Jan-2030 22:04:55,01-Jan-2030 22:05:50,55,NaN,NaN
Ground_Point_2,SAT_30,4,02-Jan-2030 02:44:55,02-Jan-2030 02:46:00,65,NaN,NaN
Ground_Point_2,SAT_30,5,02-Jan-2030 04:18:45,02-Jan-2030 04:19:30,45,NaN,NaN
Ground_Point_2,SAT_30,6,02-Jan-2030 20:09:45,02-Jan-2030 20:10:15,30,NaN,NaN
Ground_Point_2,SAT_30,7,02-Jan-2030 21:43:05,02-Jan-2030 21:44:20,75,NaN,NaN
Ground_Point_2,SAT_30,8,03-Jan-2030 02:23:20,03-Jan-2030 02:24:15,55,NaN,NaN
Ground_Point_2,SAT_30,9,03-Jan-2030 03:56:50,03-Jan-2030 03:58:00,70,NaN,NaN
Ground_Point_2,SAT_30,10,03-Jan-2030 21:21:25,03-Jan-2030 21:22:40,75,NaN,NaN
Ground_Point_3,SAT_30,1,01-Jan-2030 03:06:30,01-Jan-2030 03:07:45,75,NaN,NaN
Ground_Point_3,SAT_30,2,01-Jan-2030 20:31:10,01-Jan-2030 20:32:15,65,NaN,NaN
Ground_Point_3,SAT_30,3,01-Jan-2030 22:04:55,01-Jan-2030 22:05:50,55,NaN,NaN
Ground_Point_3,SAT_30,4,02-Jan-2030 02:44:55,02-Jan-2030 02:46:00,65,NaN,NaN
Ground_Point_3,SAT_30,5,02-Jan-2030 04:18:45,02-Jan-2030 04:19:30,45,NaN,NaN
Ground_Point_3,SAT_30,6,02-Jan-2030 20:09:45,02-Jan-2030 20:10:15,30,NaN,NaN
Ground_Point_3,SAT_30,7,02-Jan-2030 21:43:05,02-Jan-2030 21:44:20,75,NaN,NaN
Ground_Point_3,SAT_30,8,03-Jan-2030 02:23:20,03-Jan-2030 02:24:15,55,NaN,NaN
Ground_Point_3,SAT_30,9,03-Jan-2030 03:56:50,03-Jan-2030 03:58:00,70,NaN,NaN
Ground_Point_3,SAT_30,10,03-Jan-2030 21:21:25,03-Jan-2030 21:22:40,75,NaN,NaN
Ground_Point_4,SAT_30,1,01-Jan-2030 03:06:30,01-Jan-2030 03:07:45,75,NaN,NaN
Ground_Point_4,SAT_30,2,01-Jan-2030 20:31:10,01-Jan-2030 20:32:15,65,NaN,NaN
Ground_Point_4,SAT_30,3,01-Jan-2030 22:04:55,01-Jan-2030 22:05:50,55,NaN,NaN
Ground_Point_4,SAT_30,4,02-Jan-2030 02:44:55,02-Jan-2030 02:46:00,65,NaN,NaN
Ground_Point_4,SAT_30,5,02-Jan-2030 04:18:45,02-Jan-2030 04:19:30,45,NaN,NaN
Ground_Point_4,SAT_30,6,02-Jan-2030 20:09:45,02-Jan-2030 20:10:15,30,NaN,NaN
Ground_Point_4,SAT_30,7,02-Jan-2030 21:43:05,02-Jan-2030 21:44:20,75,NaN,NaN
Ground_Point_4,SAT_30,8,03-Jan-2030 02:23:20,03-Jan-2030 02:24:15,55,NaN,NaN
Ground_Point_4,SAT_30,9,03-Jan-2030 03:56:50,03-Jan-2030 03:58:00,70,NaN,NaN
Ground_Point_4,SAT_30,10,03-Jan-2030 21:21:25,03-Jan-2030 21:22:40,75,NaN,NaN
Ground_Point_5,SAT_30,1,01-Jan-2030 03:06:30,01-Jan-2030 03:07:45,75,NaN,NaN
Ground_Point_5,SAT_30,2,01-Jan-2030 20:31:10,01-Jan-2030 20:32:15,65,NaN,NaN
Ground_Point_5,SAT_30,3,01-Jan-2030 22:04:55,01-Jan-2030 22:05:50,55,NaN,NaN
Ground_Point_5,SAT_30,4,02-Jan-2030 02:44:55,02-Jan-2030 02:46:00,65,NaN,NaN
Ground_Point_5,SAT_30,5,02-Jan-2030 04:18:45,02-Jan-2030 04:19:30,45,NaN,NaN
Ground_Point_5,SAT_30,6,02-Jan-2030 20:09:45,02-Jan-2030 20:10:15,30,NaN,NaN
Ground_Point_5,SAT_30,7,02-Jan-2030 21:43:05,02-Jan-2030 21:44:20,75,NaN,NaN
Ground_Point_5,SAT_30,8,03-Jan-2030 02:23:20,03-Jan-2030 02:24:15,55,NaN,NaN
Ground_Point_5,SAT_30,9,03-Jan-2030 03:56:50,03-Jan-2030 03:58:00,70,NaN,NaN
Ground_Point_5,SAT_30,10,03-Jan-2030 21:21:25,03-Jan-2030 21:22:40,75,NaN,NaN
Ground_Point_6,SAT_30,1,01-Jan-2030 08:43:45,01-Jan-2030 08:45:05,80,NaN,NaN
Ground_Point_6,SAT_30,2,01-Jan-2030 18:02:40,01-Jan-2030 18:02:50,10,NaN,NaN
Ground_Point_6,SAT_30,3,02-Jan-2030 08:22:15,02-Jan-2030 08:23:05,50,NaN,NaN
Ground_Point_6,SAT_30,4,02-Jan-2030 17:40:25,02-Jan-2030 17:41:35,70,NaN,NaN
Ground_Point_6,SAT_30,5,03-Jan-2030 17:18:40,03-Jan-2030 17:19:55,75,NaN,NaN
Ground_Point_7,SAT_30,1,01-Jan-2030 04:38:05,01-Jan-2030 04:39:25,80,NaN,NaN
Ground_Point_7,SAT_30,2,02-Jan-2030 04:16:30,02-Jan-2030 04:17:40,70,NaN,NaN
Ground_Point_7,SAT_30,3,03-Jan-2030 19:49:35,03-Jan-2030 19:50:40,65,NaN,NaN
Ground_Point_8,SAT_30,1,02-Jan-2030 06:01:05,02-Jan-2030 06:01:50,45,NaN,NaN
Ground_Point_8,SAT_30,2,02-Jan-2030 15:17:50,02-Jan-2030 15:18:20,30,NaN,NaN
Ground_Point_8,SAT_30,3,03-Jan-2030 05:39:10,03-Jan-2030 05:40:25,75,NaN,NaN
Ground_Point_8,SAT_30,4,03-Jan-2030 14:55:40,03-Jan-2030 14:57:00,80,NaN,NaN
Ground_Point_9,SAT_30,1,01-Jan-2030 06:23:55,01-Jan-2030 06:25:10,75,NaN,NaN
Ground_Point_9,SAT_30,2,01-Jan-2030 15:39:00,01-Jan-2030 15:39:50,50,NaN,NaN
Ground_Point_9,SAT_30,3,02-Jan-2030 06:02:20,02-Jan-2030 06:03:20,60,NaN,NaN
Ground_Point_10,SAT_30,1,01-Jan-2030 05:27:55,01-Jan-2030 05:29:15,80,NaN,NaN
Ground_Point_10,SAT_30,2,01-Jan-2030 22:52:40,01-Jan-2030 22:54:00,80,NaN,NaN
Ground_Point_10,SAT_30,3,02-Jan-2030 05:06:15,02-Jan-2030 05:07:30,75,NaN,NaN
Ground_Point_10,SAT_30,4,02-Jan-2030 22:31:05,02-Jan-2030 22:32:15,70,NaN,NaN
Ground_Point_10,SAT_30,5,03-Jan-2030 00:04:55,03-Jan-2030 00:05:35,40,NaN,NaN
Ground_Point_10,SAT_30,6,03-Jan-2030 04:44:40,03-Jan-2030 04:45:45,65,NaN,NaN
Ground_Point_10,SAT_30,7,03-Jan-2030 06:18:30,03-Jan-2030 06:19:15,45,NaN,NaN
Ground_Point_10,SAT_30,8,03-Jan-2030 22:09:30,03-Jan-2030 22:10:20,50,NaN,NaN
Ground_Point_10,SAT_30,9,03-Jan-2030 23:43:05,03-Jan-2030 23:44:05,60,NaN,NaN
Ground_Point_11,SAT_30,1,03-Jan-2030 12:48:45,03-Jan-2030 12:50:05,80,NaN,NaN
Ground_Point_11,SAT_30,2,03-Jan-2030 23:31:30,03-Jan-2030 23:32:25,55,NaN,NaN
Ground_Point_12,SAT_30,1,03-Jan-2030 07:44:30,03-Jan-2030 07:45:10,40,NaN,NaN
Ground_Point_12,SAT_30,2,03-Jan-2030 20:43:15,03-Jan-2030 20:44:30,75,NaN,NaN
Ground_Point_1,SAT_31,1,02-Jan-2030 22:38:25,02-Jan-2030 22:38:50,25,NaN,NaN
Ground_Point_1,SAT_31,2,03-Jan-2030 22:16:35,03-Jan-2030 22:17:25,50,NaN,NaN
Ground_Point_2,SAT_31,1,01-Jan-2030 02:43:15,01-Jan-2030 02:44:20,65,NaN,NaN
Ground_Point_2,SAT_31,2,01-Jan-2030 04:17:05,01-Jan-2030 04:17:55,50,NaN,NaN
Ground_Point_2,SAT_31,3,01-Jan-2030 20:08:10,01-Jan-2030 20:08:35,25,NaN,NaN
Ground_Point_2,SAT_31,4,01-Jan-2030 21:41:30,01-Jan-2030 21:42:40,70,NaN,NaN
Ground_Point_2,SAT_31,5,02-Jan-2030 02:21:45,02-Jan-2030 02:22:35,50,NaN,NaN
Ground_Point_2,SAT_31,6,02-Jan-2030 03:55:10,02-Jan-2030 03:56:25,75,NaN,NaN
Ground_Point_2,SAT_31,7,02-Jan-2030 21:19:45,02-Jan-2030 21:21:05,80,NaN,NaN
Ground_Point_2,SAT_31,8,03-Jan-2030 02:00:25,03-Jan-2030 02:00:40,15,NaN,NaN
Ground_Point_2,SAT_31,9,03-Jan-2030 03:33:25,03-Jan-2030 03:34:45,80,NaN,NaN
Ground_Point_2,SAT_31,10,03-Jan-2030 20:58:05,03-Jan-2030 20:59:25,80,NaN,NaN
Ground_Point_2,SAT_31,11,03-Jan-2030 22:32:05,03-Jan-2030 22:32:30,25,NaN,NaN
Ground_Point_3,SAT_31,1,01-Jan-2030 02:43:15,01-Jan-2030 02:44:20,65,NaN,NaN
Ground_Point_3,SAT_31,2,01-Jan-2030 04:17:05,01-Jan-2030 04:17:55,50,NaN,NaN
Ground_Point_3,SAT_31,3,01-Jan-2030 20:08:10,01-Jan-2030 20:08:35,25,NaN,NaN
Ground_Point_3,SAT_31,4,01-Jan-2030 21:41:30,01-Jan-2030 21:42:40,70,NaN,NaN
Ground_Point_3,SAT_31,5,02-Jan-2030 02:21:45,02-Jan-2030 02:22:35,50,NaN,NaN
Ground_Point_3,SAT_31,6,02-Jan-2030 03:55:10,02-Jan-2030 03:56:25,75,NaN,NaN
Ground_Point_3,SAT_31,7,02-Jan-2030 21:19:45,02-Jan-2030 21:21:05,80,NaN,NaN
Ground_Point_3,SAT_31,8,03-Jan-2030 02:00:25,03-Jan-2030 02:00:40,15,NaN,NaN
Ground_Point_3,SAT_31,9,03-Jan-2030 03:33:25,03-Jan-2030 03:34:45,80,NaN,NaN
Ground_Point_3,SAT_31,10,03-Jan-2030 20:58:05,03-Jan-2030 20:59:25,80,NaN,NaN
Ground_Point_3,SAT_31,11,03-Jan-2030 22:32:05,03-Jan-2030 22:32:30,25,NaN,NaN
Ground_Point_4,SAT_31,1,01-Jan-2030 02:43:15,01-Jan-2030 02:44:20,65,NaN,NaN
Ground_Point_4,SAT_31,2,01-Jan-2030 04:17:05,01-Jan-2030 04:17:55,50,NaN,NaN
Ground_Point_4,SAT_31,3,01-Jan-2030 20:08:10,01-Jan-2030 20:08:35,25,NaN,NaN
Ground_Point_4,SAT_31,4,01-Jan-2030 21:41:30,01-Jan-2030 21:42:40,70,NaN,NaN
Ground_Point_4,SAT_31,5,02-Jan-2030 02:21:45,02-Jan-2030 02:22:35,50,NaN,NaN
Ground_Point_4,SAT_31,6,02-Jan-2030 03:55:10,02-Jan-2030 03:56:25,75,NaN,NaN
Ground_Point_4,SAT_31,7,02-Jan-2030 21:19:45,02-Jan-2030 21:21:05,80,NaN,NaN
Ground_Point_4,SAT_31,8,03-Jan-2030 02:00:25,03-Jan-2030 02:00:40,15,NaN,NaN
Ground_Point_4,SAT_31,9,03-Jan-2030 03:33:25,03-Jan-2030 03:34:45,80,NaN,NaN
Ground_Point_4,SAT_31,10,03-Jan-2030 20:58:05,03-Jan-2030 20:59:25,80,NaN,NaN
Ground_Point_4,SAT_31,11,03-Jan-2030 22:32:05,03-Jan-2030 22:32:30,25,NaN,NaN
Ground_Point_5,SAT_31,1,01-Jan-2030 02:43:15,01-Jan-2030 02:44:20,65,NaN,NaN
Ground_Point_5,SAT_31,2,01-Jan-2030 04:17:05,01-Jan-2030 04:17:55,50,NaN,NaN
Ground_Point_5,SAT_31,3,01-Jan-2030 20:08:10,01-Jan-2030 20:08:35,25,NaN,NaN
Ground_Point_5,SAT_31,4,01-Jan-2030 21:41:30,01-Jan-2030 21:42:40,70,NaN,NaN
Ground_Point_5,SAT_31,5,02-Jan-2030 02:21:45,02-Jan-2030 02:22:35,50,NaN,NaN
Ground_Point_5,SAT_31,6,02-Jan-2030 03:55:10,02-Jan-2030 03:56:25,75,NaN,NaN
Ground_Point_5,SAT_31,7,02-Jan-2030 21:19:45,02-Jan-2030 21:21:05,80,NaN,NaN
Ground_Point_5,SAT_31,8,03-Jan-2030 02:00:25,03-Jan-2030 02:00:40,15,NaN,NaN
Ground_Point_5,SAT_31,9,03-Jan-2030 03:33:25,03-Jan-2030 03:34:45,80,NaN,NaN
Ground_Point_5,SAT_31,10,03-Jan-2030 20:58:05,03-Jan-2030 20:59:25,80,NaN,NaN
Ground_Point_5,SAT_31,11,03-Jan-2030 22:32:05,03-Jan-2030 22:32:30,25,NaN,NaN
Ground_Point_6,SAT_31,1,01-Jan-2030 08:20:40,01-Jan-2030 08:21:25,45,NaN,NaN
Ground_Point_6,SAT_31,2,01-Jan-2030 17:38:45,01-Jan-2030 17:40:00,75,NaN,NaN
Ground_Point_6,SAT_31,3,02-Jan-2030 09:32:55,02-Jan-2030 09:33:05,10,NaN,NaN
Ground_Point_6,SAT_31,4,02-Jan-2030 17:17:05,02-Jan-2030 17:18:20,75,NaN,NaN
Ground_Point_6,SAT_31,5,03-Jan-2030 09:10:45,03-Jan-2030 09:11:55,70,NaN,NaN
Ground_Point_6,SAT_31,6,03-Jan-2030 16:55:35,03-Jan-2030 16:56:25,50,NaN,NaN
Ground_Point_7,SAT_31,1,01-Jan-2030 04:14:55,01-Jan-2030 04:16:00,65,NaN,NaN
Ground_Point_7,SAT_31,2,02-Jan-2030 19:47:55,02-Jan-2030 19:49:05,70,NaN,NaN
Ground_Point_7,SAT_31,3,03-Jan-2030 05:05:35,03-Jan-2030 05:05:55,20,NaN,NaN
Ground_Point_7,SAT_31,4,03-Jan-2030 19:26:10,03-Jan-2030 19:27:30,80,NaN,NaN
Ground_Point_8,SAT_31,1,01-Jan-2030 05:59:25,01-Jan-2030 06:00:15,50,NaN,NaN
Ground_Point_8,SAT_31,2,01-Jan-2030 15:16:05,01-Jan-2030 15:16:45,40,NaN,NaN
Ground_Point_8,SAT_31,3,02-Jan-2030 05:37:30,02-Jan-2030 05:38:50,80,NaN,NaN
Ground_Point_8,SAT_31,4,02-Jan-2030 14:54:05,02-Jan-2030 14:55:20,75,NaN,NaN
Ground_Point_8,SAT_31,5,03-Jan-2030 05:16:00,03-Jan-2030 05:16:55,55,NaN,NaN
Ground_Point_8,SAT_31,6,03-Jan-2030 14:32:30,03-Jan-2030 14:33:35,65,NaN,NaN
Ground_Point_9,SAT_31,1,01-Jan-2030 06:00:45,01-Jan-2030 06:01:40,55,NaN,NaN
Ground_Point_9,SAT_31,2,03-Jan-2030 16:05:40,03-Jan-2030 16:07:00,80,NaN,NaN
Ground_Point_10,SAT_31,1,01-Jan-2030 05:04:40,01-Jan-2030 05:05:55,75,NaN,NaN
Ground_Point_10,SAT_31,2,01-Jan-2030 22:29:25,01-Jan-2030 22:30:40,75,NaN,NaN
Ground_Point_10,SAT_31,3,02-Jan-2030 00:03:15,02-Jan-2030 00:04:00,45,NaN,NaN
Ground_Point_10,SAT_31,4,02-Jan-2030 04:43:05,02-Jan-2030 04:44:05,60,NaN,NaN
Ground_Point_10,SAT_31,5,02-Jan-2030 06:16:50,02-Jan-2030 06:17:40,50,NaN,NaN
Ground_Point_10,SAT_31,6,02-Jan-2030 22:07:55,02-Jan-2030 22:08:45,50,NaN,NaN
Ground_Point_10,SAT_31,7,02-Jan-2030 23:41:25,02-Jan-2030 23:42:30,65,NaN,NaN
Ground_Point_10,SAT_31,8,03-Jan-2030 04:21:35,03-Jan-2030 04:22:15,40,NaN,NaN
Ground_Point_10,SAT_31,9,03-Jan-2030 05:54:55,03-Jan-2030 05:56:10,75,NaN,NaN
Ground_Point_10,SAT_31,10,03-Jan-2030 23:19:40,03-Jan-2030 23:20:55,75,NaN,NaN
Ground_Point_11,SAT_31,1,02-Jan-2030 12:47:10,02-Jan-2030 12:48:30,80,NaN,NaN
Ground_Point_11,SAT_31,2,02-Jan-2030 23:29:50,02-Jan-2030 23:30:50,60,NaN,NaN
Ground_Point_11,SAT_31,3,03-Jan-2030 23:08:10,03-Jan-2030 23:09:10,60,NaN,NaN
Ground_Point_12,SAT_31,1,02-Jan-2030 07:42:45,02-Jan-2030 07:43:35,50,NaN,NaN
Ground_Point_12,SAT_31,2,02-Jan-2030 20:41:35,02-Jan-2030 20:42:55,80,NaN,NaN
Ground_Point_12,SAT_31,3,03-Jan-2030 07:21:05,03-Jan-2030 07:22:00,55,NaN,NaN
Ground_Point_1,SAT_32,1,01-Jan-2030 22:36:40,01-Jan-2030 22:37:20,40,NaN,NaN
Ground_Point_1,SAT_32,2,02-Jan-2030 22:15:00,02-Jan-2030 22:15:45,45,NaN,NaN
Ground_Point_1,SAT_32,3,03-Jan-2030 11:19:00,03-Jan-2030 11:20:10,70,NaN,NaN
Ground_Point_2,SAT_32,1,01-Jan-2030 02:20:05,01-Jan-2030 02:20:55,50,NaN,NaN
Ground_Point_2,SAT_32,2,01-Jan-2030 03:53:30,01-Jan-2030 03:54:45,75,NaN,NaN
Ground_Point_2,SAT_32,3,01-Jan-2030 21:18:10,01-Jan-2030 21:19:25,75,NaN,NaN
Ground_Point_2,SAT_32,4,02-Jan-2030 01:58:45,02-Jan-2030 01:59:05,20,NaN,NaN
Ground_Point_2,SAT_32,5,02-Jan-2030 03:31:45,02-Jan-2030 03:33:05,80,NaN,NaN
Ground_Point_2,SAT_32,6,02-Jan-2030 20:56:30,02-Jan-2030 20:57:45,75,NaN,NaN
Ground_Point_2,SAT_32,7,02-Jan-2030 22:30:25,02-Jan-2030 22:30:55,30,NaN,NaN
Ground_Point_2,SAT_32,8,03-Jan-2030 03:10:10,03-Jan-2030 03:11:25,75,NaN,NaN
Ground_Point_2,SAT_32,9,03-Jan-2030 20:34:55,03-Jan-2030 20:36:00,65,NaN,NaN
Ground_Point_2,SAT_32,10,03-Jan-2030 22:08:35,03-Jan-2030 22:09:30,55,NaN,NaN
Ground_Point_3,SAT_32,1,01-Jan-2030 02:20:05,01-Jan-2030 02:20:55,50,NaN,NaN
Ground_Point_3,SAT_32,2,01-Jan-2030 03:53:30,01-Jan-2030 03:54:45,75,NaN,NaN
Ground_Point_3,SAT_32,3,01-Jan-2030 21:18:10,01-Jan-2030 21:19:25,75,NaN,NaN
Ground_Point_3,SAT_32,4,02-Jan-2030 01:58:45,02-Jan-2030 01:59:05,20,NaN,NaN
Ground_Point_3,SAT_32,5,02-Jan-2030 03:31:45,02-Jan-2030 03:33:05,80,NaN,NaN
Ground_Point_3,SAT_32,6,02-Jan-2030 20:56:30,02-Jan-2030 20:57:45,75,NaN,NaN
Ground_Point_3,SAT_32,7,02-Jan-2030 22:30:25,02-Jan-2030 22:30:55,30,NaN,NaN
Ground_Point_3,SAT_32,8,03-Jan-2030 03:10:10,03-Jan-2030 03:11:25,75,NaN,NaN
Ground_Point_3,SAT_32,9,03-Jan-2030 20:34:55,03-Jan-2030 20:36:00,65,NaN,NaN
Ground_Point_3,SAT_32,10,03-Jan-2030 22:08:35,03-Jan-2030 22:09:30,55,NaN,NaN
Ground_Point_4,SAT_32,1,01-Jan-2030 02:20:05,01-Jan-2030 02:20:55,50,NaN,NaN
Ground_Point_4,SAT_32,2,01-Jan-2030 03:53:30,01-Jan-2030 03:54:45,75,NaN,NaN
Ground_Point_4,SAT_32,3,01-Jan-2030 21:18:10,01-Jan-2030 21:19:25,75,NaN,NaN
Ground_Point_4,SAT_32,4,02-Jan-2030 01:58:45,02-Jan-2030 01:59:05,20,NaN,NaN
Ground_Point_4,SAT_32,5,02-Jan-2030 03:31:45,02-Jan-2030 03:33:05,80,NaN,NaN
Ground_Point_4,SAT_32,6,02-Jan-2030 20:56:30,02-Jan-2030 20:57:45,75,NaN,NaN
Ground_Point_4,SAT_32,7,02-Jan-2030 22:30:25,02-Jan-2030 22:30:55,30,NaN,NaN
Ground_Point_4,SAT_32,8,03-Jan-2030 03:10:10,03-Jan-2030 03:11:25,75,NaN,NaN
Ground_Point_4,SAT_32,9,03-Jan-2030 20:34:55,03-Jan-2030 20:36:00,65,NaN,NaN
Ground_Point_4,SAT_32,10,03-Jan-2030 22:08:35,03-Jan-2030 22:09:30,55,NaN,NaN
Ground_Point_5,SAT_32,1,01-Jan-2030 02:20:05,01-Jan-2030 02:20:55,50,NaN,NaN
Ground_Point_5,SAT_32,2,01-Jan-2030 03:53:30,01-Jan-2030 03:54:45,75,NaN,NaN
Ground_Point_5,SAT_32,3,01-Jan-2030 21:18:10,01-Jan-2030 21:19:25,75,NaN,NaN
Ground_Point_5,SAT_32,4,02-Jan-2030 01:58:45,02-Jan-2030 01:59:05,20,NaN,NaN
Ground_Point_5,SAT_32,5,02-Jan-2030 03:31:45,02-Jan-2030 03:33:05,80,NaN,NaN
Ground_Point_5,SAT_32,6,02-Jan-2030 20:56:30,02-Jan-2030 20:57:45,75,NaN,NaN
Ground_Point_5,SAT_32,7,02-Jan-2030 22:30:25,02-Jan-2030 22:30:55,30,NaN,NaN
Ground_Point_5,SAT_32,8,03-Jan-2030 03:10:10,03-Jan-2030 03:11:25,75,NaN,NaN
Ground_Point_5,SAT_32,9,03-Jan-2030 20:34:55,03-Jan-2030 20:36:00,65,NaN,NaN
Ground_Point_5,SAT_32,10,03-Jan-2030 22:08:35,03-Jan-2030 22:09:30,55,NaN,NaN
Ground_Point_6,SAT_32,1,01-Jan-2030 09:31:10,01-Jan-2030 09:31:30,20,NaN,NaN
Ground_Point_6,SAT_32,2,01-Jan-2030 17:15:25,01-Jan-2030 17:16:40,75,NaN,NaN
Ground_Point_6,SAT_32,3,02-Jan-2030 09:09:10,02-Jan-2030 09:10:20,70,NaN,NaN
Ground_Point_6,SAT_32,4,02-Jan-2030 16:54:00,02-Jan-2030 16:54:50,50,NaN,NaN
Ground_Point_6,SAT_32,5,03-Jan-2030 08:47:25,03-Jan-2030 08:48:45,80,NaN,NaN
Ground_Point_7,SAT_32,1,01-Jan-2030 19:46:15,01-Jan-2030 19:47:30,75,NaN,NaN
Ground_Point_7,SAT_32,2,02-Jan-2030 05:03:55,02-Jan-2030 05:04:20,25,NaN,NaN
Ground_Point_7,SAT_32,3,02-Jan-2030 19:24:35,02-Jan-2030 19:25:50,75,NaN,NaN
Ground_Point_7,SAT_32,4,03-Jan-2030 04:41:45,03-Jan-2030 04:43:05,80,NaN,NaN
Ground_Point_7,SAT_32,5,03-Jan-2030 19:03:20,03-Jan-2030 19:03:45,25,NaN,NaN
Ground_Point_8,SAT_32,1,01-Jan-2030 05:35:50,01-Jan-2030 05:37:10,80,NaN,NaN
Ground_Point_8,SAT_32,2,01-Jan-2030 14:52:25,01-Jan-2030 14:53:45,80,NaN,NaN
Ground_Point_8,SAT_32,3,02-Jan-2030 05:14:25,02-Jan-2030 05:15:20,55,NaN,NaN
Ground_Point_8,SAT_32,4,02-Jan-2030 14:30:55,02-Jan-2030 14:32:00,65,NaN,NaN
Ground_Point_9,SAT_32,1,02-Jan-2030 16:04:05,02-Jan-2030 16:05:25,80,NaN,NaN
Ground_Point_9,SAT_32,2,03-Jan-2030 06:27:35,03-Jan-2030 06:28:50,75,NaN,NaN
Ground_Point_9,SAT_32,3,03-Jan-2030 15:42:35,03-Jan-2030 15:43:35,60,NaN,NaN
Ground_Point_10,SAT_32,1,01-Jan-2030 00:01:35,01-Jan-2030 00:02:20,45,NaN,NaN
Ground_Point_10,SAT_32,2,01-Jan-2030 04:41:25,01-Jan-2030 04:42:30,65,NaN,NaN
Ground_Point_10,SAT_32,3,01-Jan-2030 06:15:10,01-Jan-2030 06:16:05,55,NaN,NaN
Ground_Point_10,SAT_32,4,01-Jan-2030 22:06:15,01-Jan-2030 22:07:05,50,NaN,NaN
Ground_Point_10,SAT_32,5,01-Jan-2030 23:39:50,01-Jan-2030 23:40:55,65,NaN,NaN
Ground_Point_10,SAT_32,6,02-Jan-2030 04:20:00,02-Jan-2030 04:20:40,40,NaN,NaN
Ground_Point_10,SAT_32,7,02-Jan-2030 05:53:20,02-Jan-2030 05:54:30,70,NaN,NaN
Ground_Point_10,SAT_32,8,02-Jan-2030 23:18:05,02-Jan-2030 23:19:20,75,NaN,NaN
Ground_Point_10,SAT_32,9,03-Jan-2030 05:31:35,03-Jan-2030 05:32:55,80,NaN,NaN
Ground_Point_10,SAT_32,10,03-Jan-2030 22:56:25,03-Jan-2030 22:57:45,80,NaN,NaN
Ground_Point_11,SAT_32,1,01-Jan-2030 12:45:30,01-Jan-2030 12:46:50,80,NaN,NaN
Ground_Point_11,SAT_32,2,01-Jan-2030 23:28:10,01-Jan-2030 23:29:15,65,NaN,NaN
Ground_Point_11,SAT_32,3,02-Jan-2030 23:06:40,02-Jan-2030 23:07:35,55,NaN,NaN
Ground_Point_12,SAT_32,1,01-Jan-2030 07:41:05,01-Jan-2030 07:42:00,55,NaN,NaN
Ground_Point_12,SAT_32,2,01-Jan-2030 20:40:00,01-Jan-2030 20:41:15,75,NaN,NaN
Ground_Point_12,SAT_32,3,02-Jan-2030 07:19:30,02-Jan-2030 07:20:20,50,NaN,NaN
Ground_Point_1,SAT_33,1,01-Jan-2030 13:13:20,01-Jan-2030 13:14:40,80,NaN,NaN
Ground_Point_2,SAT_33,1,01-Jan-2030 00:24:50,01-Jan-2030 00:25:25,35,NaN,NaN
Ground_Point_2,SAT_33,2,01-Jan-2030 05:04:35,01-Jan-2030 05:05:50,75,NaN,NaN
Ground_Point_2,SAT_33,3,01-Jan-2030 22:29:20,01-Jan-2030 22:30:20,60,NaN,NaN
Ground_Point_2,SAT_33,4,02-Jan-2030 00:03:00,02-Jan-2030 00:03:55,55,NaN,NaN
Ground_Point_2,SAT_33,5,02-Jan-2030 04:43:00,02-Jan-2030 04:44:05,65,NaN,NaN
Ground_Point_2,SAT_33,6,02-Jan-2030 06:16:50,02-Jan-2030 06:17:35,45,NaN,NaN
Ground_Point_2,SAT_33,7,02-Jan-2030 22:07:55,02-Jan-2030 22:08:15,20,NaN,NaN
Ground_Point_2,SAT_33,8,02-Jan-2030 23:41:10,02-Jan-2030 23:42:25,75,NaN,NaN
Ground_Point_2,SAT_33,9,03-Jan-2030 04:21:25,03-Jan-2030 04:22:20,55,NaN,NaN
Ground_Point_2,SAT_33,10,03-Jan-2030 05:54:50,03-Jan-2030 05:56:05,75,NaN,NaN
Ground_Point_2,SAT_33,11,03-Jan-2030 23:19:25,03-Jan-2030 23:20:45,80,NaN,NaN
Ground_Point_3,SAT_33,1,01-Jan-2030 00:24:50,01-Jan-2030 00:25:25,35,NaN,NaN
Ground_Point_3,SAT_33,2,01-Jan-2030 05:04:35,01-Jan-2030 05:05:50,75,NaN,NaN
Ground_Point_3,SAT_33,3,01-Jan-2030 22:29:20,01-Jan-2030 22:30:20,60,NaN,NaN
Ground_Point_3,SAT_33,4,02-Jan-2030 00:03:00,02-Jan-2030 00:03:55,55,NaN,NaN
Ground_Point_3,SAT_33,5,02-Jan-2030 04:43:00,02-Jan-2030 04:44:05,65,NaN,NaN
Ground_Point_3,SAT_33,6,02-Jan-2030 06:16:50,02-Jan-2030 06:17:35,45,NaN,NaN
Ground_Point_3,SAT_33,7,02-Jan-2030 22:07:55,02-Jan-2030 22:08:15,20,NaN,NaN
Ground_Point_3,SAT_33,8,02-Jan-2030 23:41:10,02-Jan-2030 23:42:25,75,NaN,NaN
Ground_Point_3,SAT_33,9,03-Jan-2030 04:21:25,03-Jan-2030 04:22:20,55,NaN,NaN
Ground_Point_3,SAT_33,10,03-Jan-2030 05:54:50,03-Jan-2030 05:56:05,75,NaN,NaN
Ground_Point_3,SAT_33,11,03-Jan-2030 23:19:25,03-Jan-2030 23:20:45,80,NaN,NaN
Ground_Point_4,SAT_33,1,01-Jan-2030 00:24:50,01-Jan-2030 00:25:25,35,NaN,NaN
Ground_Point_4,SAT_33,2,01-Jan-2030 05:04:35,01-Jan-2030 05:05:50,75,NaN,NaN
Ground_Point_4,SAT_33,3,01-Jan-2030 22:29:20,01-Jan-2030 22:30:20,60,NaN,NaN
Ground_Point_4,SAT_33,4,02-Jan-2030 00:03:00,02-Jan-2030 00:03:55,55,NaN,NaN
Ground_Point_4,SAT_33,5,02-Jan-2030 04:43:00,02-Jan-2030 04:44:05,65,NaN,NaN
Ground_Point_4,SAT_33,6,02-Jan-2030 06:16:50,02-Jan-2030 06:17:35,45,NaN,NaN
Ground_Point_4,SAT_33,7,02-Jan-2030 22:07:55,02-Jan-2030 22:08:15,20,NaN,NaN
Ground_Point_4,SAT_33,8,02-Jan-2030 23:41:10,02-Jan-2030 23:42:25,75,NaN,NaN
Ground_Point_4,SAT_33,9,03-Jan-2030 04:21:25,03-Jan-2030 04:22:20,55,NaN,NaN
Ground_Point_4,SAT_33,10,03-Jan-2030 05:54:50,03-Jan-2030 05:56:05,75,NaN,NaN
Ground_Point_4,SAT_33,11,03-Jan-2030 23:19:25,03-Jan-2030 23:20:45,80,NaN,NaN
Ground_Point_5,SAT_33,1,01-Jan-2030 00:24:50,01-Jan-2030 00:25:25,35,NaN,NaN
Ground_Point_5,SAT_33,2,01-Jan-2030 05:04:35,01-Jan-2030 05:05:50,75,NaN,NaN
Ground_Point_5,SAT_33,3,01-Jan-2030 22:29:20,01-Jan-2030 22:30:20,60,NaN,NaN
Ground_Point_5,SAT_33,4,02-Jan-2030 00:03:00,02-Jan-2030 00:03:55,55,NaN,NaN
Ground_Point_5,SAT_33,5,02-Jan-2030 04:43:00,02-Jan-2030 04:44:05,65,NaN,NaN
Ground_Point_5,SAT_33,6,02-Jan-2030 06:16:50,02-Jan-2030 06:17:35,45,NaN,NaN
Ground_Point_5,SAT_33,7,02-Jan-2030 22:07:55,02-Jan-2030 22:08:15,20,NaN,NaN
Ground_Point_5,SAT_33,8,02-Jan-2030 23:41:10,02-Jan-2030 23:42:25,75,NaN,NaN
Ground_Point_5,SAT_33,9,03-Jan-2030 04:21:25,03-Jan-2030 04:22:20,55,NaN,NaN
Ground_Point_5,SAT_33,10,03-Jan-2030 05:54:50,03-Jan-2030 05:56:05,75,NaN,NaN
Ground_Point_5,SAT_33,11,03-Jan-2030 23:19:25,03-Jan-2030 23:20:45,80,NaN,NaN
Ground_Point_6,SAT_33,1,01-Jan-2030 10:41:50,01-Jan-2030 10:43:10,80,NaN,NaN
Ground_Point_6,SAT_33,2,01-Jan-2030 20:00:40,01-Jan-2030 20:01:00,20,NaN,NaN
Ground_Point_6,SAT_33,3,02-Jan-2030 10:20:25,02-Jan-2030 10:21:05,40,NaN,NaN
Ground_Point_6,SAT_33,4,02-Jan-2030 19:38:25,02-Jan-2030 19:39:40,75,NaN,NaN
Ground_Point_6,SAT_33,5,03-Jan-2030 11:32:30,03-Jan-2030 11:32:50,20,NaN,NaN
Ground_Point_6,SAT_33,6,03-Jan-2030 19:16:45,03-Jan-2030 19:18:00,75,NaN,NaN
Ground_Point_7,SAT_33,1,01-Jan-2030 06:36:10,01-Jan-2030 06:37:30,80,NaN,NaN
Ground_Point_7,SAT_33,2,02-Jan-2030 06:14:35,02-Jan-2030 06:15:45,70,NaN,NaN
Ground_Point_7,SAT_33,3,03-Jan-2030 21:47:35,03-Jan-2030 21:48:45,70,NaN,NaN
Ground_Point_8,SAT_33,1,02-Jan-2030 07:59:05,02-Jan-2030 08:00:00,55,NaN,NaN
Ground_Point_8,SAT_33,2,02-Jan-2030 17:15:50,02-Jan-2030 17:16:25,35,NaN,NaN
Ground_Point_8,SAT_33,3,03-Jan-2030 07:37:10,03-Jan-2030 07:38:30,80,NaN,NaN
Ground_Point_8,SAT_33,4,03-Jan-2030 16:53:45,03-Jan-2030 16:55:05,80,NaN,NaN
Ground_Point_9,SAT_33,1,01-Jan-2030 08:22:00,01-Jan-2030 08:23:20,80,NaN,NaN
Ground_Point_9,SAT_33,2,01-Jan-2030 17:37:05,01-Jan-2030 17:37:55,50,NaN,NaN
Ground_Point_9,SAT_33,3,02-Jan-2030 08:00:30,02-Jan-2030 08:01:25,55,NaN,NaN
Ground_Point_10,SAT_33,1,01-Jan-2030 01:12:30,01-Jan-2030 01:13:50,80,NaN,NaN
Ground_Point_10,SAT_33,2,01-Jan-2030 07:26:00,01-Jan-2030 07:27:20,80,NaN,NaN
Ground_Point_10,SAT_33,3,02-Jan-2030 00:50:45,02-Jan-2030 00:52:05,80,NaN,NaN
Ground_Point_10,SAT_33,4,02-Jan-2030 07:04:20,02-Jan-2030 07:05:35,75,NaN,NaN
Ground_Point_10,SAT_33,5,03-Jan-2030 00:29:05,03-Jan-2030 00:30:20,75,NaN,NaN
Ground_Point_10,SAT_33,6,03-Jan-2030 02:02:55,03-Jan-2030 02:03:40,45,NaN,NaN
Ground_Point_10,SAT_33,7,03-Jan-2030 06:42:45,03-Jan-2030 06:43:50,65,NaN,NaN
Ground_Point_10,SAT_33,8,03-Jan-2030 08:16:35,03-Jan-2030 08:17:20,45,NaN,NaN
Ground_Point_11,SAT_33,1,01-Jan-2030 01:01:20,01-Jan-2030 01:01:45,25,NaN,NaN
Ground_Point_11,SAT_33,2,03-Jan-2030 14:46:50,03-Jan-2030 14:48:10,80,NaN,NaN
Ground_Point_12,SAT_33,1,03-Jan-2030 09:42:25,03-Jan-2030 09:43:20,55,NaN,NaN
Ground_Point_12,SAT_33,2,03-Jan-2030 22:41:15,03-Jan-2030 22:42:35,80,NaN,NaN
Ground_Point_1,SAT_34,1,03-Jan-2030 00:36:20,03-Jan-2030 00:37:05,45,NaN,NaN
Ground_Point_2,SAT_34,1,01-Jan-2030 00:01:20,01-Jan-2030 00:02:20,60,NaN,NaN
Ground_Point_2,SAT_34,2,01-Jan-2030 04:41:20,01-Jan-2030 04:42:30,70,NaN,NaN
Ground_Point_2,SAT_34,3,01-Jan-2030 06:15:10,01-Jan-2030 06:16:00,50,NaN,NaN
Ground_Point_2,SAT_34,4,01-Jan-2030 22:06:20,01-Jan-2030 22:06:35,15,NaN,NaN
Ground_Point_2,SAT_34,5,01-Jan-2030 23:39:35,01-Jan-2030 23:40:50,75,NaN,NaN
Ground_Point_2,SAT_34,6,02-Jan-2030 04:19:50,02-Jan-2030 04:20:40,50,NaN,NaN
Ground_Point_2,SAT_34,7,02-Jan-2030 05:53:15,02-Jan-2030 05:54:30,75,NaN,NaN
Ground_Point_2,SAT_34,8,02-Jan-2030 23:17:50,02-Jan-2030 23:19:10,80,NaN,NaN
Ground_Point_2,SAT_34,9,03-Jan-2030 03:58:30,03-Jan-2030 03:58:50,20,NaN,NaN
Ground_Point_2,SAT_34,10,03-Jan-2030 05:31:30,03-Jan-2030 05:32:50,80,NaN,NaN
Ground_Point_2,SAT_34,11,03-Jan-2030 22:56:10,03-Jan-2030 22:57:30,80,NaN,NaN
Ground_Point_3,SAT_34,1,01-Jan-2030 00:01:20,01-Jan-2030 00:02:20,60,NaN,NaN
Ground_Point_3,SAT_34,2,01-Jan-2030 04:41:20,01-Jan-2030 04:42:30,70,NaN,NaN
Ground_Point_3,SAT_34,3,01-Jan-2030 06:15:10,01-Jan-2030 06:16:00,50,NaN,NaN
Ground_Point_3,SAT_34,4,01-Jan-2030 22:06:20,01-Jan-2030 22:06:35,15,NaN,NaN
Ground_Point_3,SAT_34,5,01-Jan-2030 23:39:35,01-Jan-2030 23:40:50,75,NaN,NaN
Ground_Point_3,SAT_34,6,02-Jan-2030 04:19:50,02-Jan-2030 04:20:40,50,NaN,NaN
Ground_Point_3,SAT_34,7,02-Jan-2030 05:53:15,02-Jan-2030 05:54:30,75,NaN,NaN
Ground_Point_3,SAT_34,8,02-Jan-2030 23:17:50,02-Jan-2030 23:19:10,80,NaN,NaN
Ground_Point_3,SAT_34,9,03-Jan-2030 03:58:30,03-Jan-2030 03:58:50,20,NaN,NaN
Ground_Point_3,SAT_34,10,03-Jan-2030 05:31:30,03-Jan-2030 05:32:50,80,NaN,NaN
Ground_Point_3,SAT_34,11,03-Jan-2030 22:56:10,03-Jan-2030 22:57:30,80,NaN,NaN
Ground_Point_4,SAT_34,1,01-Jan-2030 00:01:20,01-Jan-2030 00:02:20,60,NaN,NaN
Ground_Point_4,SAT_34,2,01-Jan-2030 04:41:20,01-Jan-2030 04:42:30,70,NaN,NaN
Ground_Point_4,SAT_34,3,01-Jan-2030 06:15:10,01-Jan-2030 06:16:00,50,NaN,NaN
Ground_Point_4,SAT_34,4,01-Jan-2030 22:06:20,01-Jan-2030 22:06:35,15,NaN,NaN
Ground_Point_4,SAT_34,5,01-Jan-2030 23:39:35,01-Jan-2030 23:40:50,75,NaN,NaN
Ground_Point_4,SAT_34,6,02-Jan-2030 04:19:50,02-Jan-2030 04:20:40,50,NaN,NaN
Ground_Point_4,SAT_34,7,02-Jan-2030 05:53:15,02-Jan-2030 05:54:30,75,NaN,NaN
Ground_Point_4,SAT_34,8,02-Jan-2030 23:17:50,02-Jan-2030 23:19:10,80,NaN,NaN
Ground_Point_4,SAT_34,9,03-Jan-2030 03:58:30,03-Jan-2030 03:58:50,20,NaN,NaN
Ground_Point_4,SAT_34,10,03-Jan-2030 05:31:30,03-Jan-2030 05:32:50,80,NaN,NaN
Ground_Point_4,SAT_34,11,03-Jan-2030 22:56:10,03-Jan-2030 22:57:30,80,NaN,NaN
Ground_Point_5,SAT_34,1,01-Jan-2030 00:01:20,01-Jan-2030 00:02:20,60,NaN,NaN
Ground_Point_5,SAT_34,2,01-Jan-2030 04:41:20,01-Jan-2030 04:42:30,70,NaN,NaN
Ground_Point_5,SAT_34,3,01-Jan-2030 06:15:10,01-Jan-2030 06:16:00,50,NaN,NaN
Ground_Point_5,SAT_34,4,01-Jan-2030 22:06:20,01-Jan-2030 22:06:35,15,NaN,NaN
Ground_Point_5,SAT_34,5,01-Jan-2030 23:39:35,01-Jan-2030 23:40:50,75,NaN,NaN
Ground_Point_5,SAT_34,6,02-Jan-2030 04:19:50,02-Jan-2030 04:20:40,50,NaN,NaN
Ground_Point_5,SAT_34,7,02-Jan-2030 05:53:15,02-Jan-2030 05:54:30,75,NaN,NaN
Ground_Point_5,SAT_34,8,02-Jan-2030 23:17:50,02-Jan-2030 23:19:10,80,NaN,NaN
Ground_Point_5,SAT_34,9,03-Jan-2030 03:58:30,03-Jan-2030 03:58:50,20,NaN,NaN
Ground_Point_5,SAT_34,10,03-Jan-2030 05:31:30,03-Jan-2030 05:32:50,80,NaN,NaN
Ground_Point_5,SAT_34,11,03-Jan-2030 22:56:10,03-Jan-2030 22:57:30,80,NaN,NaN
Ground_Point_6,SAT_34,1,01-Jan-2030 10:18:50,01-Jan-2030 10:19:25,35,NaN,NaN
Ground_Point_6,SAT_34,2,01-Jan-2030 19:36:50,01-Jan-2030 19:38:05,75,NaN,NaN
Ground_Point_6,SAT_34,3,02-Jan-2030 11:30:50,02-Jan-2030 11:31:20,30,NaN,NaN
Ground_Point_6,SAT_34,4,02-Jan-2030 19:15:10,02-Jan-2030 19:16:25,75,NaN,NaN
Ground_Point_6,SAT_34,5,03-Jan-2030 11:08:50,03-Jan-2030 11:10:05,75,NaN,NaN
Ground_Point_6,SAT_34,6,03-Jan-2030 18:53:45,03-Jan-2030 18:54:35,50,NaN,NaN
Ground_Point_7,SAT_34,1,01-Jan-2030 06:13:00,01-Jan-2030 06:14:05,65,NaN,NaN
Ground_Point_7,SAT_34,2,01-Jan-2030 22:08:10,01-Jan-2030 22:08:20,10,NaN,NaN
Ground_Point_7,SAT_34,3,02-Jan-2030 21:46:00,02-Jan-2030 21:47:15,75,NaN,NaN
Ground_Point_7,SAT_34,4,03-Jan-2030 07:03:35,03-Jan-2030 07:04:05,30,NaN,NaN
Ground_Point_7,SAT_34,5,03-Jan-2030 21:24:20,03-Jan-2030 21:25:35,75,NaN,NaN
Ground_Point_8,SAT_34,1,01-Jan-2030 07:57:25,01-Jan-2030 07:58:25,60,NaN,NaN
Ground_Point_8,SAT_34,2,01-Jan-2030 17:14:10,01-Jan-2030 17:14:55,45,NaN,NaN
Ground_Point_8,SAT_34,3,02-Jan-2030 07:35:35,02-Jan-2030 07:36:55,80,NaN,NaN
Ground_Point_8,SAT_34,4,02-Jan-2030 16:52:10,02-Jan-2030 16:53:30,80,NaN,NaN
Ground_Point_8,SAT_34,5,03-Jan-2030 07:14:10,03-Jan-2030 07:15:00,50,NaN,NaN
Ground_Point_8,SAT_34,6,03-Jan-2030 16:30:40,03-Jan-2030 16:31:40,60,NaN,NaN
Ground_Point_9,SAT_34,1,01-Jan-2030 07:58:55,01-Jan-2030 07:59:45,50,NaN,NaN
Ground_Point_9,SAT_34,2,03-Jan-2030 18:03:50,03-Jan-2030 18:05:05,75,NaN,NaN
Ground_Point_10,SAT_34,1,01-Jan-2030 00:49:10,01-Jan-2030 00:50:30,80,NaN,NaN
Ground_Point_10,SAT_34,2,01-Jan-2030 07:02:45,01-Jan-2030 07:04:00,75,NaN,NaN
Ground_Point_10,SAT_34,3,02-Jan-2030 00:27:35,02-Jan-2030 00:28:45,70,NaN,NaN
Ground_Point_10,SAT_34,4,02-Jan-2030 02:01:20,02-Jan-2030 02:02:05,45,NaN,NaN
Ground_Point_10,SAT_34,5,02-Jan-2030 06:41:10,02-Jan-2030 06:42:15,65,NaN,NaN
Ground_Point_10,SAT_34,6,02-Jan-2030 08:14:55,02-Jan-2030 08:15:45,50,NaN,NaN
Ground_Point_10,SAT_34,7,03-Jan-2030 00:06:05,03-Jan-2030 00:06:45,40,NaN,NaN
Ground_Point_10,SAT_34,8,03-Jan-2030 01:39:35,03-Jan-2030 01:40:40,65,NaN,NaN
Ground_Point_10,SAT_34,9,03-Jan-2030 06:19:45,03-Jan-2030 06:20:25,40,NaN,NaN
Ground_Point_10,SAT_34,10,03-Jan-2030 07:53:05,03-Jan-2030 07:54:15,70,NaN,NaN
Ground_Point_11,SAT_34,1,02-Jan-2030 14:45:15,02-Jan-2030 14:46:35,80,NaN,NaN
Ground_Point_11,SAT_34,2,03-Jan-2030 01:27:55,03-Jan-2030 01:29:00,65,NaN,NaN
Ground_Point_12,SAT_34,1,02-Jan-2030 09:40:50,02-Jan-2030 09:41:45,55,NaN,NaN
Ground_Point_12,SAT_34,2,02-Jan-2030 22:39:40,02-Jan-2030 22:41:00,80,NaN,NaN
Ground_Point_12,SAT_34,3,03-Jan-2030 09:19:15,03-Jan-2030 09:20:05,50,NaN,NaN
Ground_Point_1,SAT_35,1,02-Jan-2030 00:34:40,02-Jan-2030 00:35:35,55,NaN,NaN
Ground_Point_1,SAT_35,2,03-Jan-2030 00:13:20,03-Jan-2030 00:13:40,20,NaN,NaN
Ground_Point_1,SAT_35,3,03-Jan-2030 13:17:00,03-Jan-2030 13:18:15,75,NaN,NaN
Ground_Point_2,SAT_35,1,01-Jan-2030 04:18:15,01-Jan-2030 04:19:00,45,NaN,NaN
Ground_Point_2,SAT_35,2,01-Jan-2030 05:51:35,01-Jan-2030 05:52:50,75,NaN,NaN
Ground_Point_2,SAT_35,3,01-Jan-2030 23:16:15,01-Jan-2030 23:17:35,80,NaN,NaN
Ground_Point_2,SAT_35,4,02-Jan-2030 03:56:50,02-Jan-2030 03:57:10,20,NaN,NaN
Ground_Point_2,SAT_35,5,02-Jan-2030 05:29:55,02-Jan-2030 05:31:15,80,NaN,NaN
Ground_Point_2,SAT_35,6,02-Jan-2030 22:54:35,02-Jan-2030 22:55:50,75,NaN,NaN
Ground_Point_2,SAT_35,7,03-Jan-2030 00:28:30,03-Jan-2030 00:29:05,35,NaN,NaN
Ground_Point_2,SAT_35,8,03-Jan-2030 05:08:15,03-Jan-2030 05:09:30,75,NaN,NaN
Ground_Point_2,SAT_35,9,03-Jan-2030 22:33:00,03-Jan-2030 22:34:05,65,NaN,NaN
Ground_Point_3,SAT_35,1,01-Jan-2030 04:18:15,01-Jan-2030 04:19:00,45,NaN,NaN
Ground_Point_3,SAT_35,2,01-Jan-2030 05:51:35,01-Jan-2030 05:52:50,75,NaN,NaN
Ground_Point_3,SAT_35,3,01-Jan-2030 23:16:15,01-Jan-2030 23:17:35,80,NaN,NaN
Ground_Point_3,SAT_35,4,02-Jan-2030 03:56:50,02-Jan-2030 03:57:10,20,NaN,NaN
Ground_Point_3,SAT_35,5,02-Jan-2030 05:29:55,02-Jan-2030 05:31:15,80,NaN,NaN
Ground_Point_3,SAT_35,6,02-Jan-2030 22:54:35,02-Jan-2030 22:55:50,75,NaN,NaN
Ground_Point_3,SAT_35,7,03-Jan-2030 00:28:30,03-Jan-2030 00:29:05,35,NaN,NaN
Ground_Point_3,SAT_35,8,03-Jan-2030 05:08:15,03-Jan-2030 05:09:30,75,NaN,NaN
Ground_Point_3,SAT_35,9,03-Jan-2030 22:33:00,03-Jan-2030 22:34:05,65,NaN,NaN
Ground_Point_4,SAT_35,1,01-Jan-2030 04:18:15,01-Jan-2030 04:19:00,45,NaN,NaN
Ground_Point_4,SAT_35,2,01-Jan-2030 05:51:35,01-Jan-2030 05:52:50,75,NaN,NaN
Ground_Point_4,SAT_35,3,01-Jan-2030 23:16:15,01-Jan-2030 23:17:35,80,NaN,NaN
Ground_Point_4,SAT_35,4,02-Jan-2030 03:56:50,02-Jan-2030 03:57:10,20,NaN,NaN
Ground_Point_4,SAT_35,5,02-Jan-2030 05:29:55,02-Jan-2030 05:31:15,80,NaN,NaN
Ground_Point_4,SAT_35,6,02-Jan-2030 22:54:35,02-Jan-2030 22:55:50,75,NaN,NaN
Ground_Point_4,SAT_35,7,03-Jan-2030 00:28:30,03-Jan-2030 00:29:05,35,NaN,NaN
Ground_Point_4,SAT_35,8,03-Jan-2030 05:08:15,03-Jan-2030 05:09:30,75,NaN,NaN
Ground_Point_4,SAT_35,9,03-Jan-2030 22:33:00,03-Jan-2030 22:34:05,65,NaN,NaN
Ground_Point_5,SAT_35,1,01-Jan-2030 04:18:15,01-Jan-2030 04:19:00,45,NaN,NaN
Ground_Point_5,SAT_35,2,01-Jan-2030 05:51:35,01-Jan-2030 05:52:50,75,NaN,NaN
Ground_Point_5,SAT_35,3,01-Jan-2030 23:16:15,01-Jan-2030 23:17:35,80,NaN,NaN
Ground_Point_5,SAT_35,4,02-Jan-2030 03:56:50,02-Jan-2030 03:57:10,20,NaN,NaN
Ground_Point_5,SAT_35,5,02-Jan-2030 05:29:55,02-Jan-2030 05:31:15,80,NaN,NaN
Ground_Point_5,SAT_35,6,02-Jan-2030 22:54:35,02-Jan-2030 22:55:50,75,NaN,NaN
Ground_Point_5,SAT_35,7,03-Jan-2030 00:28:30,03-Jan-2030 00:29:05,35,NaN,NaN
Ground_Point_5,SAT_35,8,03-Jan-2030 05:08:15,03-Jan-2030 05:09:30,75,NaN,NaN
Ground_Point_5,SAT_35,9,03-Jan-2030 22:33:00,03-Jan-2030 22:34:05,65,NaN,NaN
Ground_Point_6,SAT_35,1,01-Jan-2030 11:29:10,01-Jan-2030 11:29:45,35,NaN,NaN
Ground_Point_6,SAT_35,2,01-Jan-2030 19:13:30,01-Jan-2030 19:14:45,75,NaN,NaN
Ground_Point_6,SAT_35,3,02-Jan-2030 11:07:15,02-Jan-2030 11:08:25,70,NaN,NaN
Ground_Point_6,SAT_35,4,02-Jan-2030 18:52:10,02-Jan-2030 18:52:55,45,NaN,NaN
Ground_Point_6,SAT_35,5,03-Jan-2030 10:45:30,03-Jan-2030 10:46:50,80,NaN,NaN
Ground_Point_7,SAT_35,1,01-Jan-2030 21:44:20,01-Jan-2030 21:45:35,75,NaN,NaN
Ground_Point_7,SAT_35,2,02-Jan-2030 07:01:55,02-Jan-2030 07:02:30,35,NaN,NaN
Ground_Point_7,SAT_35,3,02-Jan-2030 21:22:40,02-Jan-2030 21:23:55,75,NaN,NaN
Ground_Point_7,SAT_35,4,03-Jan-2030 06:39:50,03-Jan-2030 06:41:10,80,NaN,NaN
Ground_Point_8,SAT_35,1,01-Jan-2030 07:34:00,01-Jan-2030 07:35:15,75,NaN,NaN
Ground_Point_8,SAT_35,2,01-Jan-2030 16:50:30,01-Jan-2030 16:51:50,80,NaN,NaN
Ground_Point_8,SAT_35,3,02-Jan-2030 07:12:35,02-Jan-2030 07:13:20,45,NaN,NaN
Ground_Point_8,SAT_35,4,02-Jan-2030 16:29:00,02-Jan-2030 16:30:00,60,NaN,NaN
Ground_Point_9,SAT_35,1,01-Jan-2030 18:24:25,01-Jan-2030 18:24:35,10,NaN,NaN
Ground_Point_9,SAT_35,2,02-Jan-2030 18:02:10,02-Jan-2030 18:03:30,80,NaN,NaN
Ground_Point_9,SAT_35,3,03-Jan-2030 08:25:40,03-Jan-2030 08:27:00,80,NaN,NaN
Ground_Point_9,SAT_35,4,03-Jan-2030 17:40:45,03-Jan-2030 17:41:40,55,NaN,NaN
Ground_Point_10,SAT_35,1,01-Jan-2030 00:25:55,01-Jan-2030 00:27:05,70,NaN,NaN
Ground_Point_10,SAT_35,2,01-Jan-2030 01:59:40,01-Jan-2030 02:00:30,50,NaN,NaN
Ground_Point_10,SAT_35,3,01-Jan-2030 06:39:30,01-Jan-2030 06:40:35,65,NaN,NaN
Ground_Point_10,SAT_35,4,01-Jan-2030 08:13:15,01-Jan-2030 08:14:10,55,NaN,NaN
Ground_Point_10,SAT_35,5,02-Jan-2030 00:04:25,02-Jan-2030 00:05:05,40,NaN,NaN
Ground_Point_10,SAT_35,6,02-Jan-2030 01:37:55,02-Jan-2030 01:39:00,65,NaN,NaN
Ground_Point_10,SAT_35,7,02-Jan-2030 06:18:05,02-Jan-2030 06:18:45,40,NaN,NaN
Ground_Point_10,SAT_35,8,02-Jan-2030 07:51:25,02-Jan-2030 07:52:40,75,NaN,NaN
Ground_Point_10,SAT_35,9,03-Jan-2030 01:16:10,03-Jan-2030 01:17:25,75,NaN,NaN
Ground_Point_10,SAT_35,10,03-Jan-2030 07:29:40,03-Jan-2030 07:31:00,80,NaN,NaN
Ground_Point_11,SAT_35,1,01-Jan-2030 14:43:35,01-Jan-2030 14:44:55,80,NaN,NaN
Ground_Point_11,SAT_35,2,02-Jan-2030 01:26:15,02-Jan-2030 01:27:25,70,NaN,NaN
Ground_Point_11,SAT_35,3,03-Jan-2030 01:04:50,03-Jan-2030 01:05:35,45,NaN,NaN
Ground_Point_12,SAT_35,1,01-Jan-2030 09:39:05,01-Jan-2030 09:40:10,65,NaN,NaN
Ground_Point_12,SAT_35,2,01-Jan-2030 22:38:05,01-Jan-2030 22:39:20,75,NaN,NaN
Ground_Point_12,SAT_35,3,02-Jan-2030 09:17:45,02-Jan-2030 09:18:20,35,NaN,NaN
Ground_Point_1,SAT_36,1,01-Jan-2030 00:32:55,01-Jan-2030 00:33:55,60,NaN,NaN
Ground_Point_1,SAT_36,2,02-Jan-2030 13:15:25,02-Jan-2030 13:16:40,75,NaN,NaN
Ground_Point_2,SAT_36,1,01-Jan-2030 03:55:15,01-Jan-2030 03:55:30,15,NaN,NaN
Ground_Point_2,SAT_36,2,01-Jan-2030 05:28:15,01-Jan-2030 05:29:30,75,NaN,NaN
Ground_Point_2,SAT_36,3,01-Jan-2030 22:52:55,01-Jan-2030 22:54:10,75,NaN,NaN
Ground_Point_2,SAT_36,4,02-Jan-2030 00:26:50,02-Jan-2030 00:27:25,35,NaN,NaN
Ground_Point_2,SAT_36,5,02-Jan-2030 05:06:35,02-Jan-2030 05:07:50,75,NaN,NaN
Ground_Point_2,SAT_36,6,02-Jan-2030 22:31:20,02-Jan-2030 22:32:25,65,NaN,NaN
Ground_Point_2,SAT_36,7,03-Jan-2030 00:05:00,03-Jan-2030 00:06:00,60,NaN,NaN
Ground_Point_2,SAT_36,8,03-Jan-2030 04:45:00,03-Jan-2030 04:46:10,70,NaN,NaN
Ground_Point_2,SAT_36,9,03-Jan-2030 06:18:55,03-Jan-2030 06:19:40,45,NaN,NaN
Ground_Point_2,SAT_36,10,03-Jan-2030 22:09:55,03-Jan-2030 22:10:25,30,NaN,NaN
Ground_Point_2,SAT_36,11,03-Jan-2030 23:43:20,03-Jan-2030 23:44:30,70,NaN,NaN
Ground_Point_3,SAT_36,1,01-Jan-2030 03:55:15,01-Jan-2030 03:55:30,15,NaN,NaN
Ground_Point_3,SAT_36,2,01-Jan-2030 05:28:15,01-Jan-2030 05:29:30,75,NaN,NaN
Ground_Point_3,SAT_36,3,01-Jan-2030 22:52:55,01-Jan-2030 22:54:10,75,NaN,NaN
Ground_Point_3,SAT_36,4,02-Jan-2030 00:26:50,02-Jan-2030 00:27:25,35,NaN,NaN
Ground_Point_3,SAT_36,5,02-Jan-2030 05:06:35,02-Jan-2030 05:07:50,75,NaN,NaN
Ground_Point_3,SAT_36,6,02-Jan-2030 22:31:20,02-Jan-2030 22:32:25,65,NaN,NaN
Ground_Point_3,SAT_36,7,03-Jan-2030 00:05:00,03-Jan-2030 00:06:00,60,NaN,NaN
Ground_Point_3,SAT_36,8,03-Jan-2030 04:45:00,03-Jan-2030 04:46:10,70,NaN,NaN
Ground_Point_3,SAT_36,9,03-Jan-2030 06:18:55,03-Jan-2030 06:19:40,45,NaN,NaN
Ground_Point_3,SAT_36,10,03-Jan-2030 22:09:55,03-Jan-2030 22:10:25,30,NaN,NaN
Ground_Point_3,SAT_36,11,03-Jan-2030 23:43:20,03-Jan-2030 23:44:30,70,NaN,NaN
Ground_Point_4,SAT_36,1,01-Jan-2030 03:55:15,01-Jan-2030 03:55:30,15,NaN,NaN
Ground_Point_4,SAT_36,2,01-Jan-2030 05:28:15,01-Jan-2030 05:29:30,75,NaN,NaN
Ground_Point_4,SAT_36,3,01-Jan-2030 22:52:55,01-Jan-2030 22:54:10,75,NaN,NaN
Ground_Point_4,SAT_36,4,02-Jan-2030 00:26:50,02-Jan-2030 00:27:25,35,NaN,NaN
Ground_Point_4,SAT_36,5,02-Jan-2030 05:06:35,02-Jan-2030 05:07:50,75,NaN,NaN
Ground_Point_4,SAT_36,6,02-Jan-2030 22:31:20,02-Jan-2030 22:32:25,65,NaN,NaN
Ground_Point_4,SAT_36,7,03-Jan-2030 00:05:00,03-Jan-2030 00:06:00,60,NaN,NaN
Ground_Point_4,SAT_36,8,03-Jan-2030 04:45:00,03-Jan-2030 04:46:10,70,NaN,NaN
Ground_Point_4,SAT_36,9,03-Jan-2030 06:18:55,03-Jan-2030 06:19:40,45,NaN,NaN
Ground_Point_4,SAT_36,10,03-Jan-2030 22:09:55,03-Jan-2030 22:10:25,30,NaN,NaN
Ground_Point_4,SAT_36,11,03-Jan-2030 23:43:20,03-Jan-2030 23:44:30,70,NaN,NaN
Ground_Point_5,SAT_36,1,01-Jan-2030 03:55:15,01-Jan-2030 03:55:30,15,NaN,NaN
Ground_Point_5,SAT_36,2,01-Jan-2030 05:28:15,01-Jan-2030 05:29:30,75,NaN,NaN
Ground_Point_5,SAT_36,3,01-Jan-2030 22:52:55,01-Jan-2030 22:54:10,75,NaN,NaN
Ground_Point_5,SAT_36,4,02-Jan-2030 00:26:50,02-Jan-2030 00:27:25,35,NaN,NaN
Ground_Point_5,SAT_36,5,02-Jan-2030 05:06:35,02-Jan-2030 05:07:50,75,NaN,NaN
Ground_Point_5,SAT_36,6,02-Jan-2030 22:31:20,02-Jan-2030 22:32:25,65,NaN,NaN
Ground_Point_5,SAT_36,7,03-Jan-2030 00:05:00,03-Jan-2030 00:06:00,60,NaN,NaN
Ground_Point_5,SAT_36,8,03-Jan-2030 04:45:00,03-Jan-2030 04:46:10,70,NaN,NaN
Ground_Point_5,SAT_36,9,03-Jan-2030 06:18:55,03-Jan-2030 06:19:40,45,NaN,NaN
Ground_Point_5,SAT_36,10,03-Jan-2030 22:09:55,03-Jan-2030 22:10:25,30,NaN,NaN
Ground_Point_5,SAT_36,11,03-Jan-2030 23:43:20,03-Jan-2030 23:44:30,70,NaN,NaN
Ground_Point_6,SAT_36,1,01-Jan-2030 11:05:30,01-Jan-2030 11:06:45,75,NaN,NaN
Ground_Point_6,SAT_36,2,01-Jan-2030 18:50:30,01-Jan-2030 18:51:15,45,NaN,NaN
Ground_Point_6,SAT_36,3,02-Jan-2030 10:43:50,02-Jan-2030 10:45:10,80,NaN,NaN
Ground_Point_6,SAT_36,4,02-Jan-2030 20:02:50,02-Jan-2030 20:02:55,5,NaN,NaN
Ground_Point_6,SAT_36,5,03-Jan-2030 10:22:30,03-Jan-2030 10:23:10,40,NaN,NaN
Ground_Point_6,SAT_36,6,03-Jan-2030 19:40:35,03-Jan-2030 19:41:45,70,NaN,NaN
Ground_Point_7,SAT_36,1,01-Jan-2030 07:00:10,01-Jan-2030 07:00:55,45,NaN,NaN
Ground_Point_7,SAT_36,2,01-Jan-2030 21:21:05,01-Jan-2030 21:22:15,70,NaN,NaN
Ground_Point_7,SAT_36,3,02-Jan-2030 06:38:10,02-Jan-2030 06:39:30,80,NaN,NaN
Ground_Point_7,SAT_36,4,03-Jan-2030 06:16:40,03-Jan-2030 06:17:50,70,NaN,NaN
Ground_Point_8,SAT_36,1,01-Jan-2030 07:10:55,01-Jan-2030 07:11:35,40,NaN,NaN
Ground_Point_8,SAT_36,2,01-Jan-2030 16:27:25,01-Jan-2030 16:28:20,55,NaN,NaN
Ground_Point_8,SAT_36,3,03-Jan-2030 08:01:10,03-Jan-2030 08:02:00,50,NaN,NaN
Ground_Point_8,SAT_36,4,03-Jan-2030 17:18:00,03-Jan-2030 17:18:30,30,NaN,NaN
Ground_Point_9,SAT_36,1,01-Jan-2030 08:46:10,01-Jan-2030 08:46:20,10,NaN,NaN
Ground_Point_9,SAT_36,2,01-Jan-2030 18:00:30,01-Jan-2030 18:01:50,80,NaN,NaN
Ground_Point_9,SAT_36,3,02-Jan-2030 08:24:00,02-Jan-2030 08:25:20,80,NaN,NaN
Ground_Point_9,SAT_36,4,02-Jan-2030 17:39:05,02-Jan-2030 17:40:00,55,NaN,NaN
Ground_Point_9,SAT_36,5,03-Jan-2030 08:02:30,03-Jan-2030 08:03:30,60,NaN,NaN
Ground_Point_10,SAT_36,1,01-Jan-2030 00:02:45,01-Jan-2030 00:03:25,40,NaN,NaN
Ground_Point_10,SAT_36,2,01-Jan-2030 01:36:15,01-Jan-2030 01:37:20,65,NaN,NaN
Ground_Point_10,SAT_36,3,01-Jan-2030 06:16:25,01-Jan-2030 06:17:05,40,NaN,NaN
Ground_Point_10,SAT_36,4,01-Jan-2030 07:49:45,01-Jan-2030 07:51:00,75,NaN,NaN
Ground_Point_10,SAT_36,5,02-Jan-2030 01:14:30,02-Jan-2030 01:15:50,80,NaN,NaN
Ground_Point_10,SAT_36,6,02-Jan-2030 07:28:00,02-Jan-2030 07:29:20,80,NaN,NaN
Ground_Point_10,SAT_36,7,03-Jan-2030 00:52:50,03-Jan-2030 00:54:10,80,NaN,NaN
Ground_Point_10,SAT_36,8,03-Jan-2030 07:06:25,03-Jan-2030 07:07:40,75,NaN,NaN
Ground_Point_11,SAT_36,1,01-Jan-2030 01:24:30,01-Jan-2030 01:25:45,75,NaN,NaN
Ground_Point_11,SAT_36,2,02-Jan-2030 01:03:15,02-Jan-2030 01:03:50,35,NaN,NaN
Ground_Point_12,SAT_36,1,01-Jan-2030 09:16:10,01-Jan-2030 09:16:35,25,NaN,NaN
Ground_Point_1,SAT_37,1,03-Jan-2030 02:34:20,03-Jan-2030 02:35:20,60,NaN,NaN
Ground_Point_2,SAT_37,1,01-Jan-2030 00:25:45,01-Jan-2030 00:26:45,60,NaN,NaN
Ground_Point_2,SAT_37,2,01-Jan-2030 01:59:25,01-Jan-2030 02:00:25,60,NaN,NaN
Ground_Point_2,SAT_37,3,01-Jan-2030 06:39:30,01-Jan-2030 06:40:35,65,NaN,NaN
Ground_Point_2,SAT_37,4,01-Jan-2030 08:13:15,01-Jan-2030 08:14:05,50,NaN,NaN
Ground_Point_2,SAT_37,5,02-Jan-2030 01:37:40,02-Jan-2030 01:38:55,75,NaN,NaN
Ground_Point_2,SAT_37,6,02-Jan-2030 06:17:55,02-Jan-2030 06:18:45,50,NaN,NaN
Ground_Point_2,SAT_37,7,02-Jan-2030 07:51:20,02-Jan-2030 07:52:35,75,NaN,NaN
Ground_Point_2,SAT_37,8,03-Jan-2030 01:15:55,03-Jan-2030 01:17:15,80,NaN,NaN
Ground_Point_2,SAT_37,9,03-Jan-2030 05:56:35,03-Jan-2030 05:56:55,20,NaN,NaN
Ground_Point_2,SAT_37,10,03-Jan-2030 07:29:35,03-Jan-2030 07:30:55,80,NaN,NaN
Ground_Point_3,SAT_37,1,01-Jan-2030 00:25:45,01-Jan-2030 00:26:45,60,NaN,NaN
Ground_Point_3,SAT_37,2,01-Jan-2030 01:59:25,01-Jan-2030 02:00:25,60,NaN,NaN
Ground_Point_3,SAT_37,3,01-Jan-2030 06:39:30,01-Jan-2030 06:40:35,65,NaN,NaN
Ground_Point_3,SAT_37,4,01-Jan-2030 08:13:15,01-Jan-2030 08:14:05,50,NaN,NaN
Ground_Point_3,SAT_37,5,02-Jan-2030 01:37:40,02-Jan-2030 01:38:55,75,NaN,NaN
Ground_Point_3,SAT_37,6,02-Jan-2030 06:17:55,02-Jan-2030 06:18:45,50,NaN,NaN
Ground_Point_3,SAT_37,7,02-Jan-2030 07:51:20,02-Jan-2030 07:52:35,75,NaN,NaN
Ground_Point_3,SAT_37,8,03-Jan-2030 01:15:55,03-Jan-2030 01:17:15,80,NaN,NaN
Ground_Point_3,SAT_37,9,03-Jan-2030 05:56:35,03-Jan-2030 05:56:55,20,NaN,NaN
Ground_Point_3,SAT_37,10,03-Jan-2030 07:29:35,03-Jan-2030 07:30:55,80,NaN,NaN
Ground_Point_4,SAT_37,1,01-Jan-2030 00:25:45,01-Jan-2030 00:26:45,60,NaN,NaN
Ground_Point_4,SAT_37,2,01-Jan-2030 01:59:25,01-Jan-2030 02:00:25,60,NaN,NaN
Ground_Point_4,SAT_37,3,01-Jan-2030 06:39:30,01-Jan-2030 06:40:35,65,NaN,NaN
Ground_Point_4,SAT_37,4,01-Jan-2030 08:13:15,01-Jan-2030 08:14:05,50,NaN,NaN
Ground_Point_4,SAT_37,5,02-Jan-2030 01:37:40,02-Jan-2030 01:38:55,75,NaN,NaN
Ground_Point_4,SAT_37,6,02-Jan-2030 06:17:55,02-Jan-2030 06:18:45,50,NaN,NaN
Ground_Point_4,SAT_37,7,02-Jan-2030 07:51:20,02-Jan-2030 07:52:35,75,NaN,NaN
Ground_Point_4,SAT_37,8,03-Jan-2030 01:15:55,03-Jan-2030 01:17:15,80,NaN,NaN
Ground_Point_4,SAT_37,9,03-Jan-2030 05:56:35,03-Jan-2030 05:56:55,20,NaN,NaN
Ground_Point_4,SAT_37,10,03-Jan-2030 07:29:35,03-Jan-2030 07:30:55,80,NaN,NaN
Ground_Point_5,SAT_37,1,01-Jan-2030 00:25:45,01-Jan-2030 00:26:45,60,NaN,NaN
Ground_Point_5,SAT_37,2,01-Jan-2030 01:59:25,01-Jan-2030 02:00:25,60,NaN,NaN
Ground_Point_5,SAT_37,3,01-Jan-2030 06:39:30,01-Jan-2030 06:40:35,65,NaN,NaN
Ground_Point_5,SAT_37,4,01-Jan-2030 08:13:15,01-Jan-2030 08:14:05,50,NaN,NaN
Ground_Point_5,SAT_37,5,02-Jan-2030 01:37:40,02-Jan-2030 01:38:55,75,NaN,NaN
Ground_Point_5,SAT_37,6,02-Jan-2030 06:17:55,02-Jan-2030 06:18:45,50,NaN,NaN
Ground_Point_5,SAT_37,7,02-Jan-2030 07:51:20,02-Jan-2030 07:52:35,75,NaN,NaN
Ground_Point_5,SAT_37,8,03-Jan-2030 01:15:55,03-Jan-2030 01:17:15,80,NaN,NaN
Ground_Point_5,SAT_37,9,03-Jan-2030 05:56:35,03-Jan-2030 05:56:55,20,NaN,NaN
Ground_Point_5,SAT_37,10,03-Jan-2030 07:29:35,03-Jan-2030 07:30:55,80,NaN,NaN
Ground_Point_6,SAT_37,1,01-Jan-2030 12:17:00,01-Jan-2030 12:17:25,25,NaN,NaN
Ground_Point_6,SAT_37,2,01-Jan-2030 21:34:55,01-Jan-2030 21:36:10,75,NaN,NaN
Ground_Point_6,SAT_37,3,02-Jan-2030 13:28:50,02-Jan-2030 13:29:30,40,NaN,NaN
Ground_Point_6,SAT_37,4,02-Jan-2030 21:13:15,02-Jan-2030 21:14:30,75,NaN,NaN
Ground_Point_6,SAT_37,5,03-Jan-2030 13:06:55,03-Jan-2030 13:08:10,75,NaN,NaN
Ground_Point_6,SAT_37,6,03-Jan-2030 20:51:50,03-Jan-2030 20:52:35,45,NaN,NaN
Ground_Point_7,SAT_37,1,01-Jan-2030 08:11:05,01-Jan-2030 08:12:10,65,NaN,NaN
Ground_Point_7,SAT_37,2,02-Jan-2030 00:06:05,02-Jan-2030 00:06:35,30,NaN,NaN
Ground_Point_7,SAT_37,3,02-Jan-2030 23:44:05,02-Jan-2030 23:45:20,75,NaN,NaN
Ground_Point_7,SAT_37,4,03-Jan-2030 09:01:35,03-Jan-2030 09:02:15,40,NaN,NaN
Ground_Point_7,SAT_37,5,03-Jan-2030 23:22:25,03-Jan-2030 23:23:35,70,NaN,NaN
Ground_Point_8,SAT_37,1,01-Jan-2030 09:55:30,01-Jan-2030 09:56:35,65,NaN,NaN
Ground_Point_8,SAT_37,2,01-Jan-2030 19:12:10,01-Jan-2030 19:13:00,50,NaN,NaN
Ground_Point_8,SAT_37,3,02-Jan-2030 09:33:40,02-Jan-2030 09:35:00,80,NaN,NaN
Ground_Point_8,SAT_37,4,02-Jan-2030 18:50:15,02-Jan-2030 18:51:35,80,NaN,NaN
Ground_Point_8,SAT_37,5,03-Jan-2030 09:12:20,03-Jan-2030 09:13:00,40,NaN,NaN
Ground_Point_8,SAT_37,6,03-Jan-2030 18:28:45,03-Jan-2030 18:29:45,60,NaN,NaN
Ground_Point_9,SAT_37,1,01-Jan-2030 09:57:05,01-Jan-2030 09:57:45,40,NaN,NaN
Ground_Point_9,SAT_37,2,02-Jan-2030 20:24:05,02-Jan-2030 20:24:25,20,NaN,NaN
Ground_Point_9,SAT_37,3,03-Jan-2030 20:01:50,03-Jan-2030 20:03:10,80,NaN,NaN
Ground_Point_10,SAT_37,1,01-Jan-2030 02:47:15,01-Jan-2030 02:48:35,80,NaN,NaN
Ground_Point_10,SAT_37,2,01-Jan-2030 04:21:20,01-Jan-2030 04:21:30,10,NaN,NaN
Ground_Point_10,SAT_37,3,01-Jan-2030 09:00:50,01-Jan-2030 09:02:05,75,NaN,NaN
Ground_Point_10,SAT_37,4,02-Jan-2030 02:25:40,02-Jan-2030 02:26:45,65,NaN,NaN
Ground_Point_10,SAT_37,5,02-Jan-2030 03:59:25,02-Jan-2030 04:00:15,50,NaN,NaN
Ground_Point_10,SAT_37,6,02-Jan-2030 08:39:15,02-Jan-2030 08:40:20,65,NaN,NaN
Ground_Point_10,SAT_37,7,02-Jan-2030 10:13:00,02-Jan-2030 10:13:50,50,NaN,NaN
Ground_Point_10,SAT_37,8,03-Jan-2030 02:04:10,03-Jan-2030 02:04:45,35,NaN,NaN
Ground_Point_10,SAT_37,9,03-Jan-2030 03:37:35,03-Jan-2030 03:38:45,70,NaN,NaN
Ground_Point_10,SAT_37,10,03-Jan-2030 08:17:50,03-Jan-2030 08:18:30,40,NaN,NaN
Ground_Point_10,SAT_37,11,03-Jan-2030 09:51:05,03-Jan-2030 09:52:20,75,NaN,NaN
Ground_Point_11,SAT_37,1,02-Jan-2030 16:43:20,02-Jan-2030 16:44:40,80,NaN,NaN
Ground_Point_11,SAT_37,2,03-Jan-2030 03:25:55,03-Jan-2030 03:27:05,70,NaN,NaN
Ground_Point_12,SAT_37,1,02-Jan-2030 11:38:50,02-Jan-2030 11:39:55,65,NaN,NaN
Ground_Point_12,SAT_37,2,03-Jan-2030 00:37:45,03-Jan-2030 00:39:05,80,NaN,NaN
Ground_Point_12,SAT_37,3,03-Jan-2030 11:17:25,03-Jan-2030 11:18:00,35,NaN,NaN
Ground_Point_1,SAT_38,1,02-Jan-2030 02:32:40,02-Jan-2030 02:33:45,65,NaN,NaN
Ground_Point_1,SAT_38,2,03-Jan-2030 15:15:05,03-Jan-2030 15:16:20,75,NaN,NaN
Ground_Point_2,SAT_38,1,01-Jan-2030 01:36:00,01-Jan-2030 01:37:15,75,NaN,NaN
Ground_Point_2,SAT_38,2,01-Jan-2030 06:16:20,01-Jan-2030 06:17:05,45,NaN,NaN
Ground_Point_2,SAT_38,3,01-Jan-2030 07:49:40,01-Jan-2030 07:50:55,75,NaN,NaN
Ground_Point_2,SAT_38,4,02-Jan-2030 01:14:20,02-Jan-2030 01:15:40,80,NaN,NaN
Ground_Point_2,SAT_38,5,02-Jan-2030 05:55:00,02-Jan-2030 05:55:15,15,NaN,NaN
Ground_Point_2,SAT_38,6,02-Jan-2030 07:28:00,02-Jan-2030 07:29:20,80,NaN,NaN
Ground_Point_2,SAT_38,7,03-Jan-2030 00:52:40,03-Jan-2030 00:53:55,75,NaN,NaN
Ground_Point_2,SAT_38,8,03-Jan-2030 02:26:30,03-Jan-2030 02:27:10,40,NaN,NaN
Ground_Point_2,SAT_38,9,03-Jan-2030 07:06:20,03-Jan-2030 07:07:35,75,NaN,NaN
Ground_Point_3,SAT_38,1,01-Jan-2030 01:36:00,01-Jan-2030 01:37:15,75,NaN,NaN
Ground_Point_3,SAT_38,2,01-Jan-2030 06:16:20,01-Jan-2030 06:17:05,45,NaN,NaN
Ground_Point_3,SAT_38,3,01-Jan-2030 07:49:40,01-Jan-2030 07:50:55,75,NaN,NaN
Ground_Point_3,SAT_38,4,02-Jan-2030 01:14:20,02-Jan-2030 01:15:40,80,NaN,NaN
Ground_Point_3,SAT_38,5,02-Jan-2030 05:55:00,02-Jan-2030 05:55:15,15,NaN,NaN
Ground_Point_3,SAT_38,6,02-Jan-2030 07:28:00,02-Jan-2030 07:29:20,80,NaN,NaN
Ground_Point_3,SAT_38,7,03-Jan-2030 00:52:40,03-Jan-2030 00:53:55,75,NaN,NaN
Ground_Point_3,SAT_38,8,03-Jan-2030 02:26:30,03-Jan-2030 02:27:10,40,NaN,NaN
Ground_Point_3,SAT_38,9,03-Jan-2030 07:06:20,03-Jan-2030 07:07:35,75,NaN,NaN
Ground_Point_4,SAT_38,1,01-Jan-2030 01:36:00,01-Jan-2030 01:37:15,75,NaN,NaN
Ground_Point_4,SAT_38,2,01-Jan-2030 06:16:20,01-Jan-2030 06:17:05,45,NaN,NaN
Ground_Point_4,SAT_38,3,01-Jan-2030 07:49:40,01-Jan-2030 07:50:55,75,NaN,NaN
Ground_Point_4,SAT_38,4,02-Jan-2030 01:14:20,02-Jan-2030 01:15:40,80,NaN,NaN
Ground_Point_4,SAT_38,5,02-Jan-2030 05:55:00,02-Jan-2030 05:55:15,15,NaN,NaN
Ground_Point_4,SAT_38,6,02-Jan-2030 07:28:00,02-Jan-2030 07:29:20,80,NaN,NaN
Ground_Point_4,SAT_38,7,03-Jan-2030 00:52:40,03-Jan-2030 00:53:55,75,NaN,NaN
Ground_Point_4,SAT_38,8,03-Jan-2030 02:26:30,03-Jan-2030 02:27:10,40,NaN,NaN
Ground_Point_4,SAT_38,9,03-Jan-2030 07:06:20,03-Jan-2030 07:07:35,75,NaN,NaN
Ground_Point_5,SAT_38,1,01-Jan-2030 01:36:00,01-Jan-2030 01:37:15,75,NaN,NaN
Ground_Point_5,SAT_38,2,01-Jan-2030 06:16:20,01-Jan-2030 06:17:05,45,NaN,NaN
Ground_Point_5,SAT_38,3,01-Jan-2030 07:49:40,01-Jan-2030 07:50:55,75,NaN,NaN
Ground_Point_5,SAT_38,4,02-Jan-2030 01:14:20,02-Jan-2030 01:15:40,80,NaN,NaN
Ground_Point_5,SAT_38,5,02-Jan-2030 05:55:00,02-Jan-2030 05:55:15,15,NaN,NaN
Ground_Point_5,SAT_38,6,02-Jan-2030 07:28:00,02-Jan-2030 07:29:20,80,NaN,NaN
Ground_Point_5,SAT_38,7,03-Jan-2030 00:52:40,03-Jan-2030 00:53:55,75,NaN,NaN
Ground_Point_5,SAT_38,8,03-Jan-2030 02:26:30,03-Jan-2030 02:27:10,40,NaN,NaN
Ground_Point_5,SAT_38,9,03-Jan-2030 07:06:20,03-Jan-2030 07:07:35,75,NaN,NaN
Ground_Point_6,SAT_38,1,01-Jan-2030 13:27:10,01-Jan-2030 13:27:55,45,NaN,NaN
Ground_Point_6,SAT_38,2,01-Jan-2030 21:11:35,01-Jan-2030 21:12:50,75,NaN,NaN
Ground_Point_6,SAT_38,3,02-Jan-2030 13:05:15,02-Jan-2030 13:06:30,75,NaN,NaN
Ground_Point_6,SAT_38,4,02-Jan-2030 20:50:15,02-Jan-2030 20:50:55,40,NaN,NaN
Ground_Point_6,SAT_38,5,03-Jan-2030 12:43:35,03-Jan-2030 12:44:55,80,NaN,NaN
Ground_Point_6,SAT_38,6,03-Jan-2030 22:02:30,03-Jan-2030 22:02:40,10,NaN,NaN
Ground_Point_7,SAT_38,1,01-Jan-2030 00:04:25,01-Jan-2030 00:05:00,35,NaN,NaN
Ground_Point_7,SAT_38,2,01-Jan-2030 23:42:25,01-Jan-2030 23:43:40,75,NaN,NaN
Ground_Point_7,SAT_38,3,02-Jan-2030 08:59:55,02-Jan-2030 09:00:40,45,NaN,NaN
Ground_Point_7,SAT_38,4,02-Jan-2030 23:20:45,02-Jan-2030 23:22:00,75,NaN,NaN
Ground_Point_7,SAT_38,5,03-Jan-2030 08:37:55,03-Jan-2030 08:39:15,80,NaN,NaN
Ground_Point_8,SAT_38,1,01-Jan-2030 09:32:05,01-Jan-2030 09:33:20,75,NaN,NaN
Ground_Point_8,SAT_38,2,01-Jan-2030 18:48:35,01-Jan-2030 18:49:55,80,NaN,NaN
Ground_Point_8,SAT_38,3,02-Jan-2030 09:10:45,02-Jan-2030 09:11:20,35,NaN,NaN
Ground_Point_8,SAT_38,4,02-Jan-2030 18:27:10,02-Jan-2030 18:28:05,55,NaN,NaN
Ground_Point_9,SAT_38,1,01-Jan-2030 20:22:20,01-Jan-2030 20:22:50,30,NaN,NaN
Ground_Point_9,SAT_38,2,02-Jan-2030 10:45:50,02-Jan-2030 10:46:10,20,NaN,NaN
Ground_Point_9,SAT_38,3,02-Jan-2030 20:00:15,02-Jan-2030 20:01:35,80,NaN,NaN
Ground_Point_9,SAT_38,4,03-Jan-2030 10:23:45,03-Jan-2030 10:25:05,80,NaN,NaN
Ground_Point_9,SAT_38,5,03-Jan-2030 19:38:50,03-Jan-2030 19:39:40,50,NaN,NaN
Ground_Point_10,SAT_38,1,01-Jan-2030 02:24:00,01-Jan-2030 02:25:05,65,NaN,NaN
Ground_Point_10,SAT_38,2,01-Jan-2030 03:57:45,01-Jan-2030 03:58:35,50,NaN,NaN
Ground_Point_10,SAT_38,3,01-Jan-2030 08:37:40,01-Jan-2030 08:38:40,60,NaN,NaN
Ground_Point_10,SAT_38,4,01-Jan-2030 10:11:20,01-Jan-2030 10:12:15,55,NaN,NaN
Ground_Point_10,SAT_38,5,02-Jan-2030 02:02:35,02-Jan-2030 02:03:05,30,NaN,NaN
Ground_Point_10,SAT_38,6,02-Jan-2030 03:36:00,02-Jan-2030 03:37:05,65,NaN,NaN
Ground_Point_10,SAT_38,7,02-Jan-2030 08:16:10,02-Jan-2030 08:16:50,40,NaN,NaN
Ground_Point_10,SAT_38,8,02-Jan-2030 09:49:30,02-Jan-2030 09:50:45,75,NaN,NaN
Ground_Point_10,SAT_38,9,03-Jan-2030 03:14:15,03-Jan-2030 03:15:30,75,NaN,NaN
Ground_Point_10,SAT_38,10,03-Jan-2030 09:27:45,03-Jan-2030 09:29:05,80,NaN,NaN
Ground_Point_11,SAT_38,1,01-Jan-2030 16:41:45,01-Jan-2030 16:43:00,75,NaN,NaN
Ground_Point_11,SAT_38,2,02-Jan-2030 03:24:15,02-Jan-2030 03:25:30,75,NaN,NaN
Ground_Point_11,SAT_38,3,03-Jan-2030 03:03:00,03-Jan-2030 03:03:30,30,NaN,NaN
Ground_Point_12,SAT_38,1,01-Jan-2030 11:37:10,01-Jan-2030 11:38:20,70,NaN,NaN
Ground_Point_12,SAT_38,2,02-Jan-2030 00:36:10,02-Jan-2030 00:37:25,75,NaN,NaN
Ground_Point_12,SAT_38,3,02-Jan-2030 11:16:00,02-Jan-2030 11:16:15,15,NaN,NaN
Ground_Point_1,SAT_39,1,01-Jan-2030 02:30:55,01-Jan-2030 02:32:05,70,NaN,NaN
Ground_Point_1,SAT_39,2,02-Jan-2030 15:13:25,02-Jan-2030 15:14:40,75,NaN,NaN
Ground_Point_2,SAT_39,1,01-Jan-2030 01:12:40,01-Jan-2030 01:14:00,80,NaN,NaN
Ground_Point_2,SAT_39,2,01-Jan-2030 05:53:20,01-Jan-2030 05:53:35,15,NaN,NaN
Ground_Point_2,SAT_39,3,01-Jan-2030 07:26:20,01-Jan-2030 07:27:40,80,NaN,NaN
Ground_Point_2,SAT_39,4,02-Jan-2030 00:51:00,02-Jan-2030 00:52:15,75,NaN,NaN
Ground_Point_2,SAT_39,5,02-Jan-2030 02:24:50,02-Jan-2030 02:25:30,40,NaN,NaN
Ground_Point_2,SAT_39,6,02-Jan-2030 07:04:40,02-Jan-2030 07:05:55,75,NaN,NaN
Ground_Point_2,SAT_39,7,03-Jan-2030 00:29:25,03-Jan-2030 00:30:25,60,NaN,NaN
Ground_Point_2,SAT_39,8,03-Jan-2030 02:03:05,03-Jan-2030 02:04:05,60,NaN,NaN
Ground_Point_2,SAT_39,9,03-Jan-2030 06:43:05,03-Jan-2030 06:44:10,65,NaN,NaN
Ground_Point_2,SAT_39,10,03-Jan-2030 08:16:55,03-Jan-2030 08:17:45,50,NaN,NaN
Ground_Point_3,SAT_39,1,01-Jan-2030 01:12:40,01-Jan-2030 01:14:00,80,NaN,NaN
Ground_Point_3,SAT_39,2,01-Jan-2030 05:53:20,01-Jan-2030 05:53:35,15,NaN,NaN
Ground_Point_3,SAT_39,3,01-Jan-2030 07:26:20,01-Jan-2030 07:27:40,80,NaN,NaN
Ground_Point_3,SAT_39,4,02-Jan-2030 00:51:00,02-Jan-2030 00:52:15,75,NaN,NaN
Ground_Point_3,SAT_39,5,02-Jan-2030 02:24:50,02-Jan-2030 02:25:30,40,NaN,NaN
Ground_Point_3,SAT_39,6,02-Jan-2030 07:04:40,02-Jan-2030 07:05:55,75,NaN,NaN
Ground_Point_3,SAT_39,7,03-Jan-2030 00:29:25,03-Jan-2030 00:30:25,60,NaN,NaN
Ground_Point_3,SAT_39,8,03-Jan-2030 02:03:05,03-Jan-2030 02:04:05,60,NaN,NaN
Ground_Point_3,SAT_39,9,03-Jan-2030 06:43:05,03-Jan-2030 06:44:10,65,NaN,NaN
Ground_Point_3,SAT_39,10,03-Jan-2030 08:16:55,03-Jan-2030 08:17:45,50,NaN,NaN
Ground_Point_4,SAT_39,1,01-Jan-2030 01:12:40,01-Jan-2030 01:14:00,80,NaN,NaN
Ground_Point_4,SAT_39,2,01-Jan-2030 05:53:20,01-Jan-2030 05:53:35,15,NaN,NaN
Ground_Point_4,SAT_39,3,01-Jan-2030 07:26:20,01-Jan-2030 07:27:40,80,NaN,NaN
Ground_Point_4,SAT_39,4,02-Jan-2030 00:51:00,02-Jan-2030 00:52:15,75,NaN,NaN
Ground_Point_4,SAT_39,5,02-Jan-2030 02:24:50,02-Jan-2030 02:25:30,40,NaN,NaN
Ground_Point_4,SAT_39,6,02-Jan-2030 07:04:40,02-Jan-2030 07:05:55,75,NaN,NaN
Ground_Point_4,SAT_39,7,03-Jan-2030 00:29:25,03-Jan-2030 00:30:25,60,NaN,NaN
Ground_Point_4,SAT_39,8,03-Jan-2030 02:03:05,03-Jan-2030 02:04:05,60,NaN,NaN
Ground_Point_4,SAT_39,9,03-Jan-2030 06:43:05,03-Jan-2030 06:44:10,65,NaN,NaN
Ground_Point_4,SAT_39,10,03-Jan-2030 08:16:55,03-Jan-2030 08:17:45,50,NaN,NaN
Ground_Point_5,SAT_39,1,01-Jan-2030 01:12:40,01-Jan-2030 01:14:00,80,NaN,NaN
Ground_Point_5,SAT_39,2,01-Jan-2030 05:53:20,01-Jan-2030 05:53:35,15,NaN,NaN
Ground_Point_5,SAT_39,3,01-Jan-2030 07:26:20,01-Jan-2030 07:27:40,80,NaN,NaN
Ground_Point_5,SAT_39,4,02-Jan-2030 00:51:00,02-Jan-2030 00:52:15,75,NaN,NaN
Ground_Point_5,SAT_39,5,02-Jan-2030 02:24:50,02-Jan-2030 02:25:30,40,NaN,NaN
Ground_Point_5,SAT_39,6,02-Jan-2030 07:04:40,02-Jan-2030 07:05:55,75,NaN,NaN
Ground_Point_5,SAT_39,7,03-Jan-2030 00:29:25,03-Jan-2030 00:30:25,60,NaN,NaN
Ground_Point_5,SAT_39,8,03-Jan-2030 02:03:05,03-Jan-2030 02:04:05,60,NaN,NaN
Ground_Point_5,SAT_39,9,03-Jan-2030 06:43:05,03-Jan-2030 06:44:10,65,NaN,NaN
Ground_Point_5,SAT_39,10,03-Jan-2030 08:16:55,03-Jan-2030 08:17:45,50,NaN,NaN
Ground_Point_6,SAT_39,1,01-Jan-2030 13:03:35,01-Jan-2030 13:04:55,80,NaN,NaN
Ground_Point_6,SAT_39,2,01-Jan-2030 20:48:40,01-Jan-2030 20:49:15,35,NaN,NaN
Ground_Point_6,SAT_39,3,02-Jan-2030 12:41:55,02-Jan-2030 12:43:10,75,NaN,NaN
Ground_Point_6,SAT_39,4,02-Jan-2030 22:00:45,02-Jan-2030 22:01:05,20,NaN,NaN
Ground_Point_6,SAT_39,5,03-Jan-2030 12:20:35,03-Jan-2030 12:21:10,35,NaN,NaN
Ground_Point_6,SAT_39,6,03-Jan-2030 21:38:35,03-Jan-2030 21:39:50,75,NaN,NaN
Ground_Point_7,SAT_39,1,01-Jan-2030 08:58:15,01-Jan-2030 08:59:00,45,NaN,NaN
Ground_Point_7,SAT_39,2,01-Jan-2030 23:19:10,01-Jan-2030 23:20:20,70,NaN,NaN
Ground_Point_7,SAT_39,3,02-Jan-2030 08:36:15,02-Jan-2030 08:37:35,80,NaN,NaN
Ground_Point_7,SAT_39,4,03-Jan-2030 08:14:40,03-Jan-2030 08:15:50,70,NaN,NaN
Ground_Point_8,SAT_39,1,01-Jan-2030 09:09:05,01-Jan-2030 09:09:35,30,NaN,NaN
Ground_Point_8,SAT_39,2,01-Jan-2030 18:25:30,01-Jan-2030 18:26:25,55,NaN,NaN
Ground_Point_8,SAT_39,3,03-Jan-2030 09:59:10,03-Jan-2030 10:00:05,55,NaN,NaN
Ground_Point_8,SAT_39,4,03-Jan-2030 19:15:55,03-Jan-2030 19:16:35,40,NaN,NaN
Ground_Point_9,SAT_39,1,01-Jan-2030 10:44:05,01-Jan-2030 10:44:35,30,NaN,NaN
Ground_Point_9,SAT_39,2,01-Jan-2030 19:58:35,01-Jan-2030 19:59:55,80,NaN,NaN
Ground_Point_9,SAT_39,3,02-Jan-2030 10:22:05,02-Jan-2030 10:23:25,80,NaN,NaN
Ground_Point_9,SAT_39,4,02-Jan-2030 19:37:10,02-Jan-2030 19:38:00,50,NaN,NaN
Ground_Point_9,SAT_39,5,03-Jan-2030 10:00:35,03-Jan-2030 10:01:30,55,NaN,NaN
Ground_Point_10,SAT_39,1,01-Jan-2030 02:00:55,01-Jan-2030 02:01:25,30,NaN,NaN
Ground_Point_10,SAT_39,2,01-Jan-2030 03:34:20,01-Jan-2030 03:35:25,65,NaN,NaN
Ground_Point_10,SAT_39,3,01-Jan-2030 08:14:35,01-Jan-2030 08:15:10,35,NaN,NaN
Ground_Point_10,SAT_39,4,01-Jan-2030 09:47:50,01-Jan-2030 09:49:05,75,NaN,NaN
Ground_Point_10,SAT_39,5,02-Jan-2030 03:12:35,02-Jan-2030 03:13:50,75,NaN,NaN
Ground_Point_10,SAT_39,6,02-Jan-2030 09:26:05,02-Jan-2030 09:27:25,80,NaN,NaN
Ground_Point_10,SAT_39,7,03-Jan-2030 02:50:50,03-Jan-2030 02:52:10,80,NaN,NaN
Ground_Point_10,SAT_39,8,03-Jan-2030 09:04:25,03-Jan-2030 09:05:40,75,NaN,NaN
Ground_Point_11,SAT_39,1,01-Jan-2030 03:22:35,01-Jan-2030 03:23:50,75,NaN,NaN
Ground_Point_11,SAT_39,2,02-Jan-2030 03:01:25,02-Jan-2030 03:01:45,20,NaN,NaN
Ground_Point_12,SAT_39,1,01-Jan-2030 00:34:30,01-Jan-2030 00:35:45,75,NaN,NaN
Ground_Point_1,SAT_40,1,01-Jan-2030 15:11:50,01-Jan-2030 15:13:05,75,NaN,NaN
Ground_Point_2,SAT_40,1,01-Jan-2030 00:49:20,01-Jan-2030 00:50:35,75,NaN,NaN
Ground_Point_2,SAT_40,2,01-Jan-2030 02:23:10,01-Jan-2030 02:23:55,45,NaN,NaN
Ground_Point_2,SAT_40,3,01-Jan-2030 07:03:00,01-Jan-2030 07:04:15,75,NaN,NaN
Ground_Point_2,SAT_40,4,02-Jan-2030 00:27:45,02-Jan-2030 00:28:45,60,NaN,NaN
Ground_Point_2,SAT_40,5,02-Jan-2030 02:01:25,02-Jan-2030 02:02:25,60,NaN,NaN
Ground_Point_2,SAT_40,6,02-Jan-2030 06:41:25,02-Jan-2030 06:42:35,70,NaN,NaN
Ground_Point_2,SAT_40,7,02-Jan-2030 08:15:15,02-Jan-2030 08:16:05,50,NaN,NaN
Ground_Point_2,SAT_40,8,03-Jan-2030 00:06:30,03-Jan-2030 00:06:35,5,NaN,NaN
Ground_Point_2,SAT_40,9,03-Jan-2030 01:39:40,03-Jan-2030 01:40:55,75,NaN,NaN
Ground_Point_2,SAT_40,10,03-Jan-2030 06:20:00,03-Jan-2030 06:20:50,50,NaN,NaN
Ground_Point_2,SAT_40,11,03-Jan-2030 07:53:25,03-Jan-2030 07:54:35,70,NaN,NaN
Ground_Point_3,SAT_40,1,01-Jan-2030 00:49:20,01-Jan-2030 00:50:35,75,NaN,NaN
Ground_Point_3,SAT_40,2,01-Jan-2030 02:23:10,01-Jan-2030 02:23:55,45,NaN,NaN
Ground_Point_3,SAT_40,3,01-Jan-2030 07:03:00,01-Jan-2030 07:04:15,75,NaN,NaN
Ground_Point_3,SAT_40,4,02-Jan-2030 00:27:45,02-Jan-2030 00:28:45,60,NaN,NaN
Ground_Point_3,SAT_40,5,02-Jan-2030 02:01:25,02-Jan-2030 02:02:25,60,NaN,NaN
Ground_Point_3,SAT_40,6,02-Jan-2030 06:41:25,02-Jan-2030 06:42:35,70,NaN,NaN
Ground_Point_3,SAT_40,7,02-Jan-2030 08:15:15,02-Jan-2030 08:16:05,50,NaN,NaN
Ground_Point_3,SAT_40,8,03-Jan-2030 00:06:30,03-Jan-2030 00:06:35,5,NaN,NaN
Ground_Point_3,SAT_40,9,03-Jan-2030 01:39:40,03-Jan-2030 01:40:55,75,NaN,NaN
Ground_Point_3,SAT_40,10,03-Jan-2030 06:20:00,03-Jan-2030 06:20:50,50,NaN,NaN
Ground_Point_3,SAT_40,11,03-Jan-2030 07:53:25,03-Jan-2030 07:54:35,70,NaN,NaN
Ground_Point_4,SAT_40,1,01-Jan-2030 00:49:20,01-Jan-2030 00:50:35,75,NaN,NaN
Ground_Point_4,SAT_40,2,01-Jan-2030 02:23:10,01-Jan-2030 02:23:55,45,NaN,NaN
Ground_Point_4,SAT_40,3,01-Jan-2030 07:03:00,01-Jan-2030 07:04:15,75,NaN,NaN
Ground_Point_4,SAT_40,4,02-Jan-2030 00:27:45,02-Jan-2030 00:28:45,60,NaN,NaN
Ground_Point_4,SAT_40,5,02-Jan-2030 02:01:25,02-Jan-2030 02:02:25,60,NaN,NaN
Ground_Point_4,SAT_40,6,02-Jan-2030 06:41:25,02-Jan-2030 06:42:35,70,NaN,NaN
Ground_Point_4,SAT_40,7,02-Jan-2030 08:15:15,02-Jan-2030 08:16:05,50,NaN,NaN
Ground_Point_4,SAT_40,8,03-Jan-2030 00:06:30,03-Jan-2030 00:06:35,5,NaN,NaN
Ground_Point_4,SAT_40,9,03-Jan-2030 01:39:40,03-Jan-2030 01:40:55,75,NaN,NaN
Ground_Point_4,SAT_40,10,03-Jan-2030 06:20:00,03-Jan-2030 06:20:50,50,NaN,NaN
Ground_Point_4,SAT_40,11,03-Jan-2030 07:53:25,03-Jan-2030 07:54:35,70,NaN,NaN
Ground_Point_5,SAT_40,1,01-Jan-2030 00:49:20,01-Jan-2030 00:50:35,75,NaN,NaN
Ground_Point_5,SAT_40,2,01-Jan-2030 02:23:10,01-Jan-2030 02:23:55,45,NaN,NaN
Ground_Point_5,SAT_40,3,01-Jan-2030 07:03:00,01-Jan-2030 07:04:15,75,NaN,NaN
Ground_Point_5,SAT_40,4,02-Jan-2030 00:27:45,02-Jan-2030 00:28:45,60,NaN,NaN
Ground_Point_5,SAT_40,5,02-Jan-2030 02:01:25,02-Jan-2030 02:02:25,60,NaN,NaN
Ground_Point_5,SAT_40,6,02-Jan-2030 06:41:25,02-Jan-2030 06:42:35,70,NaN,NaN
Ground_Point_5,SAT_40,7,02-Jan-2030 08:15:15,02-Jan-2030 08:16:05,50,NaN,NaN
Ground_Point_5,SAT_40,8,03-Jan-2030 00:06:30,03-Jan-2030 00:06:35,5,NaN,NaN
Ground_Point_5,SAT_40,9,03-Jan-2030 01:39:40,03-Jan-2030 01:40:55,75,NaN,NaN
Ground_Point_5,SAT_40,10,03-Jan-2030 06:20:00,03-Jan-2030 06:20:50,50,NaN,NaN
Ground_Point_5,SAT_40,11,03-Jan-2030 07:53:25,03-Jan-2030 07:54:35,70,NaN,NaN
Ground_Point_6,SAT_40,1,01-Jan-2030 12:40:20,01-Jan-2030 12:41:35,75,NaN,NaN
Ground_Point_6,SAT_40,2,01-Jan-2030 21:59:00,01-Jan-2030 21:59:30,30,NaN,NaN
Ground_Point_6,SAT_40,3,02-Jan-2030 12:19:00,02-Jan-2030 12:19:30,30,NaN,NaN
Ground_Point_6,SAT_40,4,02-Jan-2030 21:36:55,02-Jan-2030 21:38:10,75,NaN,NaN
Ground_Point_6,SAT_40,5,03-Jan-2030 13:30:55,03-Jan-2030 13:31:30,35,NaN,NaN
Ground_Point_6,SAT_40,6,03-Jan-2030 21:15:15,03-Jan-2030 21:16:35,80,NaN,NaN
Ground_Point_7,SAT_40,1,01-Jan-2030 08:34:35,01-Jan-2030 08:35:55,80,NaN,NaN
Ground_Point_7,SAT_40,2,02-Jan-2030 08:13:05,02-Jan-2030 08:14:10,65,NaN,NaN
Ground_Point_7,SAT_40,3,03-Jan-2030 00:08:15,03-Jan-2030 00:08:30,15,NaN,NaN
Ground_Point_7,SAT_40,4,03-Jan-2030 23:46:10,03-Jan-2030 23:47:20,70,NaN,NaN
Ground_Point_8,SAT_40,1,02-Jan-2030 09:57:30,02-Jan-2030 09:58:30,60,NaN,NaN
Ground_Point_8,SAT_40,2,02-Jan-2030 19:14:15,02-Jan-2030 19:15:00,45,NaN,NaN
Ground_Point_8,SAT_40,3,03-Jan-2030 09:35:45,03-Jan-2030 09:37:05,80,NaN,NaN
Ground_Point_8,SAT_40,4,03-Jan-2030 18:52:15,03-Jan-2030 18:53:35,80,NaN,NaN
Ground_Point_9,SAT_40,1,01-Jan-2030 10:20:25,01-Jan-2030 10:21:45,80,NaN,NaN
Ground_Point_9,SAT_40,2,01-Jan-2030 19:35:35,01-Jan-2030 19:36:20,45,NaN,NaN
Ground_Point_9,SAT_40,3,02-Jan-2030 09:59:00,02-Jan-2030 09:59:50,50,NaN,NaN
Ground_Point_10,SAT_40,1,01-Jan-2030 03:10:55,01-Jan-2030 03:12:15,80,NaN,NaN
Ground_Point_10,SAT_40,2,01-Jan-2030 09:24:25,01-Jan-2030 09:25:45,80,NaN,NaN
Ground_Point_10,SAT_40,3,02-Jan-2030 02:49:15,02-Jan-2030 02:50:35,80,NaN,NaN
Ground_Point_10,SAT_40,4,02-Jan-2030 04:23:25,02-Jan-2030 04:23:30,5,NaN,NaN
Ground_Point_10,SAT_40,5,02-Jan-2030 09:02:50,02-Jan-2030 09:04:05,75,NaN,NaN
Ground_Point_10,SAT_40,6,03-Jan-2030 02:27:40,03-Jan-2030 02:28:50,70,NaN,NaN
Ground_Point_10,SAT_40,7,03-Jan-2030 04:01:25,03-Jan-2030 04:02:15,50,NaN,NaN
Ground_Point_10,SAT_40,8,03-Jan-2030 08:41:15,03-Jan-2030 08:42:20,65,NaN,NaN
Ground_Point_10,SAT_40,9,03-Jan-2030 10:15:05,03-Jan-2030 10:15:55,50,NaN,NaN
Ground_Point_11,SAT_40,1,03-Jan-2030 16:45:25,03-Jan-2030 16:46:40,75,NaN,NaN
Ground_Point_12,SAT_40,1,03-Jan-2030 11:40:55,03-Jan-2030 11:41:55,60,NaN,NaN
Ground_Point_1,SAT_41,1,02-Jan-2030 04:30:40,02-Jan-2030 04:31:50,70,NaN,NaN
Ground_Point_1,SAT_41,2,03-Jan-2030 17:13:10,03-Jan-2030 17:14:25,75,NaN,NaN
Ground_Point_2,SAT_41,1,01-Jan-2030 03:34:05,01-Jan-2030 03:35:20,75,NaN,NaN
Ground_Point_2,SAT_41,2,01-Jan-2030 08:14:25,01-Jan-2030 08:15:10,45,NaN,NaN
Ground_Point_2,SAT_41,3,01-Jan-2030 09:47:45,01-Jan-2030 09:49:00,75,NaN,NaN
Ground_Point_2,SAT_41,4,02-Jan-2030 03:12:25,02-Jan-2030 03:13:45,80,NaN,NaN
Ground_Point_2,SAT_41,5,02-Jan-2030 07:53:10,02-Jan-2030 07:53:15,5,NaN,NaN
Ground_Point_2,SAT_41,6,02-Jan-2030 09:26:05,02-Jan-2030 09:27:20,75,NaN,NaN
Ground_Point_2,SAT_41,7,03-Jan-2030 02:50:45,03-Jan-2030 02:52:00,75,NaN,NaN
Ground_Point_2,SAT_41,8,03-Jan-2030 04:24:35,03-Jan-2030 04:25:15,40,NaN,NaN
Ground_Point_2,SAT_41,9,03-Jan-2030 09:04:25,03-Jan-2030 09:05:40,75,NaN,NaN
Ground_Point_3,SAT_41,1,01-Jan-2030 03:34:05,01-Jan-2030 03:35:20,75,NaN,NaN
Ground_Point_3,SAT_41,2,01-Jan-2030 08:14:25,01-Jan-2030 08:15:10,45,NaN,NaN
Ground_Point_3,SAT_41,3,01-Jan-2030 09:47:45,01-Jan-2030 09:49:00,75,NaN,NaN
Ground_Point_3,SAT_41,4,02-Jan-2030 03:12:25,02-Jan-2030 03:13:45,80,NaN,NaN
Ground_Point_3,SAT_41,5,02-Jan-2030 07:53:10,02-Jan-2030 07:53:15,5,NaN,NaN
Ground_Point_3,SAT_41,6,02-Jan-2030 09:26:05,02-Jan-2030 09:27:20,75,NaN,NaN
Ground_Point_3,SAT_41,7,03-Jan-2030 02:50:45,03-Jan-2030 02:52:00,75,NaN,NaN
Ground_Point_3,SAT_41,8,03-Jan-2030 04:24:35,03-Jan-2030 04:25:15,40,NaN,NaN
Ground_Point_3,SAT_41,9,03-Jan-2030 09:04:25,03-Jan-2030 09:05:40,75,NaN,NaN
Ground_Point_4,SAT_41,1,01-Jan-2030 03:34:05,01-Jan-2030 03:35:20,75,NaN,NaN
Ground_Point_4,SAT_41,2,01-Jan-2030 08:14:25,01-Jan-2030 08:15:10,45,NaN,NaN
Ground_Point_4,SAT_41,3,01-Jan-2030 09:47:45,01-Jan-2030 09:49:00,75,NaN,NaN
Ground_Point_4,SAT_41,4,02-Jan-2030 03:12:25,02-Jan-2030 03:13:45,80,NaN,NaN
Ground_Point_4,SAT_41,5,02-Jan-2030 07:53:10,02-Jan-2030 07:53:15,5,NaN,NaN
Ground_Point_4,SAT_41,6,02-Jan-2030 09:26:05,02-Jan-2030 09:27:20,75,NaN,NaN
Ground_Point_4,SAT_41,7,03-Jan-2030 02:50:45,03-Jan-2030 02:52:00,75,NaN,NaN
Ground_Point_4,SAT_41,8,03-Jan-2030 04:24:35,03-Jan-2030 04:25:15,40,NaN,NaN
Ground_Point_4,SAT_41,9,03-Jan-2030 09:04:25,03-Jan-2030 09:05:40,75,NaN,NaN
Ground_Point_5,SAT_41,1,01-Jan-2030 03:34:05,01-Jan-2030 03:35:20,75,NaN,NaN
Ground_Point_5,SAT_41,2,01-Jan-2030 08:14:25,01-Jan-2030 08:15:10,45,NaN,NaN
Ground_Point_5,SAT_41,3,01-Jan-2030 09:47:45,01-Jan-2030 09:49:00,75,NaN,NaN
Ground_Point_5,SAT_41,4,02-Jan-2030 03:12:25,02-Jan-2030 03:13:45,80,NaN,NaN
Ground_Point_5,SAT_41,5,02-Jan-2030 07:53:10,02-Jan-2030 07:53:15,5,NaN,NaN
Ground_Point_5,SAT_41,6,02-Jan-2030 09:26:05,02-Jan-2030 09:27:20,75,NaN,NaN
Ground_Point_5,SAT_41,7,03-Jan-2030 02:50:45,03-Jan-2030 02:52:00,75,NaN,NaN
Ground_Point_5,SAT_41,8,03-Jan-2030 04:24:35,03-Jan-2030 04:25:15,40,NaN,NaN
Ground_Point_5,SAT_41,9,03-Jan-2030 09:04:25,03-Jan-2030 09:05:40,75,NaN,NaN
Ground_Point_6,SAT_41,1,01-Jan-2030 15:25:15,01-Jan-2030 15:26:00,45,NaN,NaN
Ground_Point_6,SAT_41,2,01-Jan-2030 23:09:45,01-Jan-2030 23:10:55,70,NaN,NaN
Ground_Point_6,SAT_41,3,02-Jan-2030 15:03:20,02-Jan-2030 15:04:35,75,NaN,NaN
Ground_Point_6,SAT_41,4,02-Jan-2030 22:48:25,02-Jan-2030 22:48:55,30,NaN,NaN
Ground_Point_6,SAT_41,5,03-Jan-2030 14:41:40,03-Jan-2030 14:42:55,75,NaN,NaN
Ground_Point_7,SAT_41,1,01-Jan-2030 02:02:25,01-Jan-2030 02:03:10,45,NaN,NaN
Ground_Point_7,SAT_41,2,02-Jan-2030 01:40:30,02-Jan-2030 01:41:45,75,NaN,NaN
Ground_Point_7,SAT_41,3,02-Jan-2030 10:57:55,02-Jan-2030 10:58:45,50,NaN,NaN
Ground_Point_7,SAT_41,4,03-Jan-2030 01:18:55,03-Jan-2030 01:20:05,70,NaN,NaN
Ground_Point_7,SAT_41,5,03-Jan-2030 10:36:00,03-Jan-2030 10:37:20,80,NaN,NaN
Ground_Point_8,SAT_41,1,01-Jan-2030 11:30:10,01-Jan-2030 11:31:25,75,NaN,NaN
Ground_Point_8,SAT_41,2,01-Jan-2030 20:46:40,01-Jan-2030 20:48:00,80,NaN,NaN
Ground_Point_8,SAT_41,3,02-Jan-2030 11:08:50,02-Jan-2030 11:09:20,30,NaN,NaN
Ground_Point_8,SAT_41,4,02-Jan-2030 20:25:15,02-Jan-2030 20:26:05,50,NaN,NaN
Ground_Point_9,SAT_41,1,01-Jan-2030 22:20:20,01-Jan-2030 22:21:00,40,NaN,NaN
Ground_Point_9,SAT_41,2,02-Jan-2030 12:43:50,02-Jan-2030 12:44:25,35,NaN,NaN
Ground_Point_9,SAT_41,3,02-Jan-2030 21:58:20,02-Jan-2030 21:59:40,80,NaN,NaN
Ground_Point_9,SAT_41,4,03-Jan-2030 12:21:50,03-Jan-2030 12:23:05,75,NaN,NaN
Ground_Point_9,SAT_41,5,03-Jan-2030 21:37:00,03-Jan-2030 21:37:40,40,NaN,NaN
Ground_Point_10,SAT_41,1,01-Jan-2030 04:22:05,01-Jan-2030 04:23:10,65,NaN,NaN
Ground_Point_10,SAT_41,2,01-Jan-2030 05:55:50,01-Jan-2030 05:56:40,50,NaN,NaN
Ground_Point_10,SAT_41,3,01-Jan-2030 10:35:45,01-Jan-2030 10:36:45,60,NaN,NaN
Ground_Point_10,SAT_41,4,01-Jan-2030 12:09:25,01-Jan-2030 12:10:20,55,NaN,NaN
Ground_Point_10,SAT_41,5,02-Jan-2030 04:00:40,02-Jan-2030 04:01:10,30,NaN,NaN
Ground_Point_10,SAT_41,6,02-Jan-2030 05:34:05,02-Jan-2030 05:35:10,65,NaN,NaN
Ground_Point_10,SAT_41,7,02-Jan-2030 10:14:20,02-Jan-2030 10:14:55,35,NaN,NaN
Ground_Point_10,SAT_41,8,02-Jan-2030 11:47:30,02-Jan-2030 11:48:50,80,NaN,NaN
Ground_Point_10,SAT_41,9,03-Jan-2030 05:12:20,03-Jan-2030 05:13:35,75,NaN,NaN
Ground_Point_10,SAT_41,10,03-Jan-2030 11:25:50,03-Jan-2030 11:27:10,80,NaN,NaN
Ground_Point_11,SAT_41,1,01-Jan-2030 18:39:50,01-Jan-2030 18:41:05,75,NaN,NaN
Ground_Point_11,SAT_41,2,02-Jan-2030 05:22:20,02-Jan-2030 05:23:35,75,NaN,NaN
Ground_Point_12,SAT_41,1,01-Jan-2030 13:35:15,01-Jan-2030 13:36:25,70,NaN,NaN
Ground_Point_12,SAT_41,2,02-Jan-2030 02:34:15,02-Jan-2030 02:35:30,75,NaN,NaN
Ground_Point_1,SAT_42,1,01-Jan-2030 04:29:00,01-Jan-2030 04:30:15,75,NaN,NaN
Ground_Point_1,SAT_42,2,02-Jan-2030 17:11:30,02-Jan-2030 17:12:50,80,NaN,NaN
Ground_Point_2,SAT_42,1,01-Jan-2030 03:10:45,01-Jan-2030 03:12:05,80,NaN,NaN
Ground_Point_2,SAT_42,2,01-Jan-2030 09:24:25,01-Jan-2030 09:25:45,80,NaN,NaN
Ground_Point_2,SAT_42,3,02-Jan-2030 02:49:05,02-Jan-2030 02:50:20,75,NaN,NaN
Ground_Point_2,SAT_42,4,02-Jan-2030 04:22:55,02-Jan-2030 04:23:40,45,NaN,NaN
Ground_Point_2,SAT_42,5,02-Jan-2030 09:02:45,02-Jan-2030 09:04:00,75,NaN,NaN
Ground_Point_2,SAT_42,6,03-Jan-2030 02:27:30,03-Jan-2030 02:28:30,60,NaN,NaN
Ground_Point_2,SAT_42,7,03-Jan-2030 04:01:10,03-Jan-2030 04:02:10,60,NaN,NaN
Ground_Point_2,SAT_42,8,03-Jan-2030 08:41:10,03-Jan-2030 08:42:15,65,NaN,NaN
Ground_Point_2,SAT_42,9,03-Jan-2030 10:15:00,03-Jan-2030 10:15:50,50,NaN,NaN
Ground_Point_3,SAT_42,1,01-Jan-2030 03:10:45,01-Jan-2030 03:12:05,80,NaN,NaN
Ground_Point_3,SAT_42,2,01-Jan-2030 09:24:25,01-Jan-2030 09:25:45,80,NaN,NaN
Ground_Point_3,SAT_42,3,02-Jan-2030 02:49:05,02-Jan-2030 02:50:20,75,NaN,NaN
Ground_Point_3,SAT_42,4,02-Jan-2030 04:22:55,02-Jan-2030 04:23:40,45,NaN,NaN
Ground_Point_3,SAT_42,5,02-Jan-2030 09:02:45,02-Jan-2030 09:04:00,75,NaN,NaN
Ground_Point_3,SAT_42,6,03-Jan-2030 02:27:30,03-Jan-2030 02:28:30,60,NaN,NaN
Ground_Point_3,SAT_42,7,03-Jan-2030 04:01:10,03-Jan-2030 04:02:10,60,NaN,NaN
Ground_Point_3,SAT_42,8,03-Jan-2030 08:41:10,03-Jan-2030 08:42:15,65,NaN,NaN
Ground_Point_3,SAT_42,9,03-Jan-2030 10:15:00,03-Jan-2030 10:15:50,50,NaN,NaN
Ground_Point_4,SAT_42,1,01-Jan-2030 03:10:45,01-Jan-2030 03:12:05,80,NaN,NaN
Ground_Point_4,SAT_42,2,01-Jan-2030 09:24:25,01-Jan-2030 09:25:45,80,NaN,NaN
Ground_Point_4,SAT_42,3,02-Jan-2030 02:49:05,02-Jan-2030 02:50:20,75,NaN,NaN
Ground_Point_4,SAT_42,4,02-Jan-2030 04:22:55,02-Jan-2030 04:23:40,45,NaN,NaN
Ground_Point_4,SAT_42,5,02-Jan-2030 09:02:45,02-Jan-2030 09:04:00,75,NaN,NaN
Ground_Point_4,SAT_42,6,03-Jan-2030 02:27:30,03-Jan-2030 02:28:30,60,NaN,NaN
Ground_Point_4,SAT_42,7,03-Jan-2030 04:01:10,03-Jan-2030 04:02:10,60,NaN,NaN
Ground_Point_4,SAT_42,8,03-Jan-2030 08:41:10,03-Jan-2030 08:42:15,65,NaN,NaN
Ground_Point_4,SAT_42,9,03-Jan-2030 10:15:00,03-Jan-2030 10:15:50,50,NaN,NaN
Ground_Point_5,SAT_42,1,01-Jan-2030 03:10:45,01-Jan-2030 03:12:05,80,NaN,NaN
Ground_Point_5,SAT_42,2,01-Jan-2030 09:24:25,01-Jan-2030 09:25:45,80,NaN,NaN
Ground_Point_5,SAT_42,3,02-Jan-2030 02:49:05,02-Jan-2030 02:50:20,75,NaN,NaN
Ground_Point_5,SAT_42,4,02-Jan-2030 04:22:55,02-Jan-2030 04:23:40,45,NaN,NaN
Ground_Point_5,SAT_42,5,02-Jan-2030 09:02:45,02-Jan-2030 09:04:00,75,NaN,NaN
Ground_Point_5,SAT_42,6,03-Jan-2030 02:27:30,03-Jan-2030 02:28:30,60,NaN,NaN
Ground_Point_5,SAT_42,7,03-Jan-2030 04:01:10,03-Jan-2030 04:02:10,60,NaN,NaN
Ground_Point_5,SAT_42,8,03-Jan-2030 08:41:10,03-Jan-2030 08:42:15,65,NaN,NaN
Ground_Point_5,SAT_42,9,03-Jan-2030 10:15:00,03-Jan-2030 10:15:50,50,NaN,NaN
Ground_Point_6,SAT_42,1,01-Jan-2030 15:01:40,01-Jan-2030 15:03:00,80,NaN,NaN
Ground_Point_6,SAT_42,2,01-Jan-2030 22:46:50,01-Jan-2030 22:47:15,25,NaN,NaN
Ground_Point_6,SAT_42,3,02-Jan-2030 14:40:00,02-Jan-2030 14:41:15,75,NaN,NaN
Ground_Point_6,SAT_42,4,02-Jan-2030 23:58:40,02-Jan-2030 23:59:15,35,NaN,NaN
Ground_Point_6,SAT_42,5,03-Jan-2030 14:18:40,03-Jan-2030 14:19:10,30,NaN,NaN
Ground_Point_6,SAT_42,6,03-Jan-2030 23:36:40,03-Jan-2030 23:37:55,75,NaN,NaN
Ground_Point_7,SAT_42,1,01-Jan-2030 01:38:50,01-Jan-2030 01:40:10,80,NaN,NaN
Ground_Point_7,SAT_42,2,01-Jan-2030 10:56:15,01-Jan-2030 10:57:10,55,NaN,NaN
Ground_Point_7,SAT_42,3,02-Jan-2030 01:17:15,02-Jan-2030 01:18:25,70,NaN,NaN
Ground_Point_7,SAT_42,4,02-Jan-2030 10:34:20,02-Jan-2030 10:35:40,80,NaN,NaN
Ground_Point_7,SAT_42,5,03-Jan-2030 10:12:50,03-Jan-2030 10:13:55,65,NaN,NaN
Ground_Point_8,SAT_42,1,01-Jan-2030 11:07:20,01-Jan-2030 11:07:35,15,NaN,NaN
Ground_Point_8,SAT_42,2,01-Jan-2030 20:23:40,01-Jan-2030 20:24:25,45,NaN,NaN
Ground_Point_8,SAT_42,3,03-Jan-2030 11:57:15,03-Jan-2030 11:58:15,60,NaN,NaN
Ground_Point_8,SAT_42,4,03-Jan-2030 21:13:55,03-Jan-2030 21:14:45,50,NaN,NaN
Ground_Point_9,SAT_42,1,01-Jan-2030 12:42:10,01-Jan-2030 12:42:50,40,NaN,NaN
Ground_Point_9,SAT_42,2,01-Jan-2030 21:56:40,01-Jan-2030 21:58:00,80,NaN,NaN
Ground_Point_9,SAT_42,3,02-Jan-2030 12:20:10,02-Jan-2030 12:21:30,80,NaN,NaN
Ground_Point_9,SAT_42,4,02-Jan-2030 21:35:25,02-Jan-2030 21:36:00,35,NaN,NaN
Ground_Point_9,SAT_42,5,03-Jan-2030 11:58:45,03-Jan-2030 11:59:30,45,NaN,NaN
Ground_Point_10,SAT_42,1,01-Jan-2030 03:59:05,01-Jan-2030 03:59:30,25,NaN,NaN
Ground_Point_10,SAT_42,2,01-Jan-2030 05:32:25,01-Jan-2030 05:33:35,70,NaN,NaN
Ground_Point_10,SAT_42,3,01-Jan-2030 10:12:40,01-Jan-2030 10:13:15,35,NaN,NaN
Ground_Point_10,SAT_42,4,01-Jan-2030 11:45:55,01-Jan-2030 11:47:10,75,NaN,NaN
Ground_Point_10,SAT_42,5,02-Jan-2030 05:10:40,02-Jan-2030 05:12:00,80,NaN,NaN
Ground_Point_10,SAT_42,6,02-Jan-2030 11:24:10,02-Jan-2030 11:25:30,80,NaN,NaN
Ground_Point_10,SAT_42,7,03-Jan-2030 04:49:00,03-Jan-2030 04:50:15,75,NaN,NaN
Ground_Point_10,SAT_42,8,03-Jan-2030 11:02:30,03-Jan-2030 11:03:45,75,NaN,NaN
Ground_Point_11,SAT_42,1,01-Jan-2030 05:20:40,01-Jan-2030 05:22:00,80,NaN,NaN
Ground_Point_12,SAT_42,1,01-Jan-2030 02:32:40,01-Jan-2030 02:33:50,70,NaN,NaN
Ground_Point_1,SAT_43,1,01-Jan-2030 17:09:55,01-Jan-2030 17:11:10,75,NaN,NaN
Ground_Point_2,SAT_43,1,01-Jan-2030 02:47:25,01-Jan-2030 02:48:40,75,NaN,NaN
Ground_Point_2,SAT_43,2,01-Jan-2030 04:21:15,01-Jan-2030 04:22:00,45,NaN,NaN
Ground_Point_2,SAT_43,3,01-Jan-2030 09:01:05,01-Jan-2030 09:02:20,75,NaN,NaN
Ground_Point_2,SAT_43,4,02-Jan-2030 02:25:50,02-Jan-2030 02:26:50,60,NaN,NaN
Ground_Point_2,SAT_43,5,02-Jan-2030 03:59:30,02-Jan-2030 04:00:30,60,NaN,NaN
Ground_Point_2,SAT_43,6,02-Jan-2030 08:39:35,02-Jan-2030 08:40:40,65,NaN,NaN
Ground_Point_2,SAT_43,7,02-Jan-2030 10:13:20,02-Jan-2030 10:14:15,55,NaN,NaN
Ground_Point_2,SAT_43,8,03-Jan-2030 03:37:45,03-Jan-2030 03:39:00,75,NaN,NaN
Ground_Point_2,SAT_43,9,03-Jan-2030 08:18:05,03-Jan-2030 08:18:50,45,NaN,NaN
Ground_Point_2,SAT_43,10,03-Jan-2030 09:51:25,03-Jan-2030 09:52:40,75,NaN,NaN
Ground_Point_3,SAT_43,1,01-Jan-2030 02:47:25,01-Jan-2030 02:48:40,75,NaN,NaN
Ground_Point_3,SAT_43,2,01-Jan-2030 04:21:15,01-Jan-2030 04:22:00,45,NaN,NaN
Ground_Point_3,SAT_43,3,01-Jan-2030 09:01:05,01-Jan-2030 09:02:20,75,NaN,NaN
Ground_Point_3,SAT_43,4,02-Jan-2030 02:25:50,02-Jan-2030 02:26:50,60,NaN,NaN
Ground_Point_3,SAT_43,5,02-Jan-2030 03:59:30,02-Jan-2030 04:00:30,60,NaN,NaN
Ground_Point_3,SAT_43,6,02-Jan-2030 08:39:35,02-Jan-2030 08:40:40,65,NaN,NaN
Ground_Point_3,SAT_43,7,02-Jan-2030 10:13:20,02-Jan-2030 10:14:15,55,NaN,NaN
Ground_Point_3,SAT_43,8,03-Jan-2030 03:37:45,03-Jan-2030 03:39:00,75,NaN,NaN
Ground_Point_3,SAT_43,9,03-Jan-2030 08:18:05,03-Jan-2030 08:18:50,45,NaN,NaN
Ground_Point_3,SAT_43,10,03-Jan-2030 09:51:25,03-Jan-2030 09:52:40,75,NaN,NaN
Ground_Point_4,SAT_43,1,01-Jan-2030 02:47:25,01-Jan-2030 02:48:40,75,NaN,NaN
Ground_Point_4,SAT_43,2,01-Jan-2030 04:21:15,01-Jan-2030 04:22:00,45,NaN,NaN
Ground_Point_4,SAT_43,3,01-Jan-2030 09:01:05,01-Jan-2030 09:02:20,75,NaN,NaN
Ground_Point_4,SAT_43,4,02-Jan-2030 02:25:50,02-Jan-2030 02:26:50,60,NaN,NaN
Ground_Point_4,SAT_43,5,02-Jan-2030 03:59:30,02-Jan-2030 04:00:30,60,NaN,NaN
Ground_Point_4,SAT_43,6,02-Jan-2030 08:39:35,02-Jan-2030 08:40:40,65,NaN,NaN
Ground_Point_4,SAT_43,7,02-Jan-2030 10:13:20,02-Jan-2030 10:14:15,55,NaN,NaN
Ground_Point_4,SAT_43,8,03-Jan-2030 03:37:45,03-Jan-2030 03:39:00,75,NaN,NaN
Ground_Point_4,SAT_43,9,03-Jan-2030 08:18:05,03-Jan-2030 08:18:50,45,NaN,NaN
Ground_Point_4,SAT_43,10,03-Jan-2030 09:51:25,03-Jan-2030 09:52:40,75,NaN,NaN
Ground_Point_5,SAT_43,1,01-Jan-2030 02:47:25,01-Jan-2030 02:48:40,75,NaN,NaN
Ground_Point_5,SAT_43,2,01-Jan-2030 04:21:15,01-Jan-2030 04:22:00,45,NaN,NaN
Ground_Point_5,SAT_43,3,01-Jan-2030 09:01:05,01-Jan-2030 09:02:20,75,NaN,NaN
Ground_Point_5,SAT_43,4,02-Jan-2030 02:25:50,02-Jan-2030 02:26:50,60,NaN,NaN
Ground_Point_5,SAT_43,5,02-Jan-2030 03:59:30,02-Jan-2030 04:00:30,60,NaN,NaN
Ground_Point_5,SAT_43,6,02-Jan-2030 08:39:35,02-Jan-2030 08:40:40,65,NaN,NaN
Ground_Point_5,SAT_43,7,02-Jan-2030 10:13:20,02-Jan-2030 10:14:15,55,NaN,NaN
Ground_Point_5,SAT_43,8,03-Jan-2030 03:37:45,03-Jan-2030 03:39:00,75,NaN,NaN
Ground_Point_5,SAT_43,9,03-Jan-2030 08:18:05,03-Jan-2030 08:18:50,45,NaN,NaN
Ground_Point_5,SAT_43,10,03-Jan-2030 09:51:25,03-Jan-2030 09:52:40,75,NaN,NaN
Ground_Point_6,SAT_43,1,01-Jan-2030 14:38:25,01-Jan-2030 14:39:40,75,NaN,NaN
Ground_Point_6,SAT_43,2,01-Jan-2030 23:57:00,01-Jan-2030 23:57:40,40,NaN,NaN
Ground_Point_6,SAT_43,3,02-Jan-2030 14:17:10,02-Jan-2030 14:17:30,20,NaN,NaN
Ground_Point_6,SAT_43,4,02-Jan-2030 23:35:00,02-Jan-2030 23:36:15,75,NaN,NaN
Ground_Point_6,SAT_43,5,03-Jan-2030 15:28:55,03-Jan-2030 15:29:35,40,NaN,NaN
Ground_Point_6,SAT_43,6,03-Jan-2030 23:13:20,03-Jan-2030 23:14:35,75,NaN,NaN
Ground_Point_7,SAT_43,1,01-Jan-2030 01:15:35,01-Jan-2030 01:16:45,70,NaN,NaN
Ground_Point_7,SAT_43,2,01-Jan-2030 10:32:40,01-Jan-2030 10:34:00,80,NaN,NaN
Ground_Point_7,SAT_43,3,02-Jan-2030 10:11:10,02-Jan-2030 10:12:15,65,NaN,NaN
Ground_Point_7,SAT_43,4,03-Jan-2030 02:06:10,03-Jan-2030 02:06:40,30,NaN,NaN
Ground_Point_8,SAT_43,1,02-Jan-2030 11:55:35,02-Jan-2030 11:56:40,65,NaN,NaN
Ground_Point_8,SAT_43,2,02-Jan-2030 21:12:15,02-Jan-2030 21:13:05,50,NaN,NaN
Ground_Point_8,SAT_43,3,03-Jan-2030 11:33:50,03-Jan-2030 11:35:05,75,NaN,NaN
Ground_Point_8,SAT_43,4,03-Jan-2030 20:50:20,03-Jan-2030 20:51:40,80,NaN,NaN
Ground_Point_9,SAT_43,1,01-Jan-2030 12:18:30,01-Jan-2030 12:19:50,80,NaN,NaN
Ground_Point_9,SAT_43,2,01-Jan-2030 21:33:50,01-Jan-2030 21:34:20,30,NaN,NaN
Ground_Point_9,SAT_43,3,02-Jan-2030 11:57:10,02-Jan-2030 11:57:50,40,NaN,NaN
Ground_Point_9,SAT_43,4,03-Jan-2030 22:24:10,03-Jan-2030 22:24:35,25,NaN,NaN
Ground_Point_10,SAT_43,1,01-Jan-2030 05:09:00,01-Jan-2030 05:10:20,80,NaN,NaN
Ground_Point_10,SAT_43,2,01-Jan-2030 11:22:30,01-Jan-2030 11:23:50,80,NaN,NaN
Ground_Point_10,SAT_43,3,02-Jan-2030 04:47:20,02-Jan-2030 04:48:40,80,NaN,NaN
Ground_Point_10,SAT_43,4,02-Jan-2030 06:21:25,02-Jan-2030 06:21:35,10,NaN,NaN
Ground_Point_10,SAT_43,5,02-Jan-2030 11:00:55,02-Jan-2030 11:02:10,75,NaN,NaN
Ground_Point_10,SAT_43,6,03-Jan-2030 04:25:45,03-Jan-2030 04:26:50,65,NaN,NaN
Ground_Point_10,SAT_43,7,03-Jan-2030 05:59:30,03-Jan-2030 06:00:20,50,NaN,NaN
Ground_Point_10,SAT_43,8,03-Jan-2030 10:39:20,03-Jan-2030 10:40:25,65,NaN,NaN
Ground_Point_10,SAT_43,9,03-Jan-2030 12:13:05,03-Jan-2030 12:14:00,55,NaN,NaN
Ground_Point_11,SAT_43,1,03-Jan-2030 18:43:25,03-Jan-2030 18:44:45,80,NaN,NaN
Ground_Point_12,SAT_43,1,03-Jan-2030 13:38:55,03-Jan-2030 13:40:00,65,NaN,NaN
Ground_Point_1,SAT_44,1,03-Jan-2030 04:32:45,03-Jan-2030 04:33:50,65,NaN,NaN
Ground_Point_2,SAT_44,1,01-Jan-2030 02:24:10,01-Jan-2030 02:25:10,60,NaN,NaN
Ground_Point_2,SAT_44,2,01-Jan-2030 03:57:50,01-Jan-2030 03:58:50,60,NaN,NaN
Ground_Point_2,SAT_44,3,01-Jan-2030 08:37:55,01-Jan-2030 08:39:00,65,NaN,NaN
Ground_Point_2,SAT_44,4,01-Jan-2030 10:11:40,01-Jan-2030 10:12:35,55,NaN,NaN
Ground_Point_2,SAT_44,5,02-Jan-2030 03:36:05,02-Jan-2030 03:37:20,75,NaN,NaN
Ground_Point_2,SAT_44,6,02-Jan-2030 08:16:25,02-Jan-2030 08:17:10,45,NaN,NaN
Ground_Point_2,SAT_44,7,02-Jan-2030 09:49:45,02-Jan-2030 09:51:00,75,NaN,NaN
Ground_Point_2,SAT_44,8,03-Jan-2030 03:14:25,03-Jan-2030 03:15:45,80,NaN,NaN
Ground_Point_2,SAT_44,9,03-Jan-2030 07:55:05,03-Jan-2030 07:55:20,15,NaN,NaN
Ground_Point_2,SAT_44,10,03-Jan-2030 09:28:05,03-Jan-2030 09:29:25,80,NaN,NaN
Ground_Point_3,SAT_44,1,01-Jan-2030 02:24:10,01-Jan-2030 02:25:10,60,NaN,NaN
Ground_Point_3,SAT_44,2,01-Jan-2030 03:57:50,01-Jan-2030 03:58:50,60,NaN,NaN
Ground_Point_3,SAT_44,3,01-Jan-2030 08:37:55,01-Jan-2030 08:39:00,65,NaN,NaN
Ground_Point_3,SAT_44,4,01-Jan-2030 10:11:40,01-Jan-2030 10:12:35,55,NaN,NaN
Ground_Point_3,SAT_44,5,02-Jan-2030 03:36:05,02-Jan-2030 03:37:20,75,NaN,NaN
Ground_Point_3,SAT_44,6,02-Jan-2030 08:16:25,02-Jan-2030 08:17:10,45,NaN,NaN
Ground_Point_3,SAT_44,7,02-Jan-2030 09:49:45,02-Jan-2030 09:51:00,75,NaN,NaN
Ground_Point_3,SAT_44,8,03-Jan-2030 03:14:25,03-Jan-2030 03:15:45,80,NaN,NaN
Ground_Point_3,SAT_44,9,03-Jan-2030 07:55:05,03-Jan-2030 07:55:20,15,NaN,NaN
Ground_Point_3,SAT_44,10,03-Jan-2030 09:28:05,03-Jan-2030 09:29:25,80,NaN,NaN
Ground_Point_4,SAT_44,1,01-Jan-2030 02:24:10,01-Jan-2030 02:25:10,60,NaN,NaN
Ground_Point_4,SAT_44,2,01-Jan-2030 03:57:50,01-Jan-2030 03:58:50,60,NaN,NaN
Ground_Point_4,SAT_44,3,01-Jan-2030 08:37:55,01-Jan-2030 08:39:00,65,NaN,NaN
Ground_Point_4,SAT_44,4,01-Jan-2030 10:11:40,01-Jan-2030 10:12:35,55,NaN,NaN
Ground_Point_4,SAT_44,5,02-Jan-2030 03:36:05,02-Jan-2030 03:37:20,75,NaN,NaN
Ground_Point_4,SAT_44,6,02-Jan-2030 08:16:25,02-Jan-2030 08:17:10,45,NaN,NaN
Ground_Point_4,SAT_44,7,02-Jan-2030 09:49:45,02-Jan-2030 09:51:00,75,NaN,NaN
Ground_Point_4,SAT_44,8,03-Jan-2030 03:14:25,03-Jan-2030 03:15:45,80,NaN,NaN
Ground_Point_4,SAT_44,9,03-Jan-2030 07:55:05,03-Jan-2030 07:55:20,15,NaN,NaN
Ground_Point_4,SAT_44,10,03-Jan-2030 09:28:05,03-Jan-2030 09:29:25,80,NaN,NaN
Ground_Point_5,SAT_44,1,01-Jan-2030 02:24:10,01-Jan-2030 02:25:10,60,NaN,NaN
Ground_Point_5,SAT_44,2,01-Jan-2030 03:57:50,01-Jan-2030 03:58:50,60,NaN,NaN
Ground_Point_5,SAT_44,3,01-Jan-2030 08:37:55,01-Jan-2030 08:39:00,65,NaN,NaN
Ground_Point_5,SAT_44,4,01-Jan-2030 10:11:40,01-Jan-2030 10:12:35,55,NaN,NaN
Ground_Point_5,SAT_44,5,02-Jan-2030 03:36:05,02-Jan-2030 03:37:20,75,NaN,NaN
Ground_Point_5,SAT_44,6,02-Jan-2030 08:16:25,02-Jan-2030 08:17:10,45,NaN,NaN
Ground_Point_5,SAT_44,7,02-Jan-2030 09:49:45,02-Jan-2030 09:51:00,75,NaN,NaN
Ground_Point_5,SAT_44,8,03-Jan-2030 03:14:25,03-Jan-2030 03:15:45,80,NaN,NaN
Ground_Point_5,SAT_44,9,03-Jan-2030 07:55:05,03-Jan-2030 07:55:20,15,NaN,NaN
Ground_Point_5,SAT_44,10,03-Jan-2030 09:28:05,03-Jan-2030 09:29:25,80,NaN,NaN
Ground_Point_6,SAT_44,1,01-Jan-2030 14:15:35,01-Jan-2030 14:15:40,5,NaN,NaN
Ground_Point_6,SAT_44,2,01-Jan-2030 23:33:20,01-Jan-2030 23:34:40,80,NaN,NaN
Ground_Point_6,SAT_44,3,02-Jan-2030 15:27:15,02-Jan-2030 15:28:00,45,NaN,NaN
Ground_Point_6,SAT_44,4,02-Jan-2030 23:11:45,02-Jan-2030 23:12:55,70,NaN,NaN
Ground_Point_6,SAT_44,5,03-Jan-2030 15:05:20,03-Jan-2030 15:06:40,80,NaN,NaN
Ground_Point_6,SAT_44,6,03-Jan-2030 22:50:25,03-Jan-2030 22:51:00,35,NaN,NaN
Ground_Point_7,SAT_44,1,01-Jan-2030 10:09:35,01-Jan-2030 10:10:30,55,NaN,NaN
Ground_Point_7,SAT_44,2,02-Jan-2030 02:04:30,02-Jan-2030 02:05:05,35,NaN,NaN
Ground_Point_7,SAT_44,3,03-Jan-2030 01:42:30,03-Jan-2030 01:43:45,75,NaN,NaN
Ground_Point_7,SAT_44,4,03-Jan-2030 11:00:00,03-Jan-2030 11:00:45,45,NaN,NaN
Ground_Point_8,SAT_44,1,01-Jan-2030 11:53:55,01-Jan-2030 11:55:00,65,NaN,NaN
Ground_Point_8,SAT_44,2,01-Jan-2030 21:10:35,01-Jan-2030 21:11:30,55,NaN,NaN
Ground_Point_8,SAT_44,3,02-Jan-2030 11:32:10,02-Jan-2030 11:33:25,75,NaN,NaN
Ground_Point_8,SAT_44,4,02-Jan-2030 20:48:40,02-Jan-2030 20:50:00,80,NaN,NaN
Ground_Point_8,SAT_44,5,03-Jan-2030 11:10:50,03-Jan-2030 11:11:25,35,NaN,NaN
Ground_Point_8,SAT_44,6,03-Jan-2030 20:27:15,03-Jan-2030 20:28:10,55,NaN,NaN
Ground_Point_9,SAT_44,1,01-Jan-2030 11:55:35,01-Jan-2030 11:56:05,30,NaN,NaN
Ground_Point_9,SAT_44,2,02-Jan-2030 22:22:25,02-Jan-2030 22:23:00,35,NaN,NaN
Ground_Point_9,SAT_44,3,03-Jan-2030 12:45:55,03-Jan-2030 12:46:20,25,NaN,NaN
Ground_Point_9,SAT_44,4,03-Jan-2030 22:00:20,03-Jan-2030 22:01:40,80,NaN,NaN
Ground_Point_10,SAT_44,1,01-Jan-2030 04:45:40,01-Jan-2030 04:47:00,80,NaN,NaN
Ground_Point_10,SAT_44,2,01-Jan-2030 06:19:45,01-Jan-2030 06:20:00,15,NaN,NaN
Ground_Point_10,SAT_44,3,01-Jan-2030 10:59:15,01-Jan-2030 11:00:30,75,NaN,NaN
Ground_Point_10,SAT_44,4,02-Jan-2030 04:24:05,02-Jan-2030 04:25:10,65,NaN,NaN
Ground_Point_10,SAT_44,5,02-Jan-2030 05:57:50,02-Jan-2030 05:58:40,50,NaN,NaN
Ground_Point_10,SAT_44,6,02-Jan-2030 10:37:45,02-Jan-2030 10:38:45,60,NaN,NaN
Ground_Point_10,SAT_44,7,02-Jan-2030 12:11:25,02-Jan-2030 12:12:20,55,NaN,NaN
Ground_Point_10,SAT_44,8,03-Jan-2030 04:02:40,03-Jan-2030 04:03:15,35,NaN,NaN
Ground_Point_10,SAT_44,9,03-Jan-2030 05:36:05,03-Jan-2030 05:37:10,65,NaN,NaN
Ground_Point_10,SAT_44,10,03-Jan-2030 10:16:20,03-Jan-2030 10:16:55,35,NaN,NaN
Ground_Point_10,SAT_44,11,03-Jan-2030 11:49:35,03-Jan-2030 11:50:50,75,NaN,NaN
Ground_Point_11,SAT_44,1,01-Jan-2030 19:03:55,01-Jan-2030 19:04:10,15,NaN,NaN
Ground_Point_11,SAT_44,2,02-Jan-2030 18:41:50,02-Jan-2030 18:43:05,75,NaN,NaN
Ground_Point_11,SAT_44,3,03-Jan-2030 05:24:20,03-Jan-2030 05:25:35,75,NaN,NaN
Ground_Point_12,SAT_44,1,02-Jan-2030 13:37:15,02-Jan-2030 13:38:25,70,NaN,NaN
Ground_Point_12,SAT_44,2,03-Jan-2030 02:36:15,03-Jan-2030 02:37:30,75,NaN,NaN
Ground_Point_1,SAT_45,1,01-Jan-2030 06:27:05,01-Jan-2030 06:28:20,75,NaN,NaN
Ground_Point_1,SAT_45,2,02-Jan-2030 19:09:40,02-Jan-2030 19:10:55,75,NaN,NaN
Ground_Point_2,SAT_45,1,01-Jan-2030 05:08:50,01-Jan-2030 05:10:10,80,NaN,NaN
Ground_Point_2,SAT_45,2,01-Jan-2030 11:22:30,01-Jan-2030 11:23:50,80,NaN,NaN
Ground_Point_2,SAT_45,3,02-Jan-2030 04:47:10,02-Jan-2030 04:48:25,75,NaN,NaN
Ground_Point_2,SAT_45,4,02-Jan-2030 06:21:05,02-Jan-2030 06:21:45,40,NaN,NaN
Ground_Point_2,SAT_45,5,02-Jan-2030 11:00:50,02-Jan-2030 11:02:05,75,NaN,NaN
Ground_Point_2,SAT_45,6,03-Jan-2030 04:25:35,03-Jan-2030 04:26:35,60,NaN,NaN
Ground_Point_2,SAT_45,7,03-Jan-2030 05:59:15,03-Jan-2030 06:00:15,60,NaN,NaN
Ground_Point_2,SAT_45,8,03-Jan-2030 10:39:20,03-Jan-2030 10:40:20,60,NaN,NaN
Ground_Point_2,SAT_45,9,03-Jan-2030 12:13:00,03-Jan-2030 12:14:00,60,NaN,NaN
Ground_Point_3,SAT_45,1,01-Jan-2030 05:08:50,01-Jan-2030 05:10:10,80,NaN,NaN
Ground_Point_3,SAT_45,2,01-Jan-2030 11:22:30,01-Jan-2030 11:23:50,80,NaN,NaN
Ground_Point_3,SAT_45,3,02-Jan-2030 04:47:10,02-Jan-2030 04:48:25,75,NaN,NaN
Ground_Point_3,SAT_45,4,02-Jan-2030 06:21:05,02-Jan-2030 06:21:45,40,NaN,NaN
Ground_Point_3,SAT_45,5,02-Jan-2030 11:00:50,02-Jan-2030 11:02:05,75,NaN,NaN
Ground_Point_3,SAT_45,6,03-Jan-2030 04:25:35,03-Jan-2030 04:26:35,60,NaN,NaN
Ground_Point_3,SAT_45,7,03-Jan-2030 05:59:15,03-Jan-2030 06:00:15,60,NaN,NaN
Ground_Point_3,SAT_45,8,03-Jan-2030 10:39:20,03-Jan-2030 10:40:20,60,NaN,NaN
Ground_Point_3,SAT_45,9,03-Jan-2030 12:13:00,03-Jan-2030 12:14:00,60,NaN,NaN
Ground_Point_4,SAT_45,1,01-Jan-2030 05:08:50,01-Jan-2030 05:10:10,80,NaN,NaN
Ground_Point_4,SAT_45,2,01-Jan-2030 11:22:30,01-Jan-2030 11:23:50,80,NaN,NaN
Ground_Point_4,SAT_45,3,02-Jan-2030 04:47:10,02-Jan-2030 04:48:25,75,NaN,NaN
Ground_Point_4,SAT_45,4,02-Jan-2030 06:21:05,02-Jan-2030 06:21:45,40,NaN,NaN
Ground_Point_4,SAT_45,5,02-Jan-2030 11:00:50,02-Jan-2030 11:02:05,75,NaN,NaN
Ground_Point_4,SAT_45,6,03-Jan-2030 04:25:35,03-Jan-2030 04:26:35,60,NaN,NaN
Ground_Point_4,SAT_45,7,03-Jan-2030 05:59:15,03-Jan-2030 06:00:15,60,NaN,NaN
Ground_Point_4,SAT_45,8,03-Jan-2030 10:39:20,03-Jan-2030 10:40:20,60,NaN,NaN
Ground_Point_4,SAT_45,9,03-Jan-2030 12:13:00,03-Jan-2030 12:14:00,60,NaN,NaN
Ground_Point_5,SAT_45,1,01-Jan-2030 05:08:50,01-Jan-2030 05:10:10,80,NaN,NaN
Ground_Point_5,SAT_45,2,01-Jan-2030 11:22:30,01-Jan-2030 11:23:50,80,NaN,NaN
Ground_Point_5,SAT_45,3,02-Jan-2030 04:47:10,02-Jan-2030 04:48:25,75,NaN,NaN
Ground_Point_5,SAT_45,4,02-Jan-2030 06:21:05,02-Jan-2030 06:21:45,40,NaN,NaN
Ground_Point_5,SAT_45,5,02-Jan-2030 11:00:50,02-Jan-2030 11:02:05,75,NaN,NaN
Ground_Point_5,SAT_45,6,03-Jan-2030 04:25:35,03-Jan-2030 04:26:35,60,NaN,NaN
Ground_Point_5,SAT_45,7,03-Jan-2030 05:59:15,03-Jan-2030 06:00:15,60,NaN,NaN
Ground_Point_5,SAT_45,8,03-Jan-2030 10:39:20,03-Jan-2030 10:40:20,60,NaN,NaN
Ground_Point_5,SAT_45,9,03-Jan-2030 12:13:00,03-Jan-2030 12:14:00,60,NaN,NaN
Ground_Point_6,SAT_45,1,01-Jan-2030 01:06:10,01-Jan-2030 01:07:20,70,NaN,NaN
Ground_Point_6,SAT_45,2,01-Jan-2030 16:59:50,01-Jan-2030 17:01:05,75,NaN,NaN
Ground_Point_6,SAT_45,3,02-Jan-2030 00:45:05,02-Jan-2030 00:45:10,5,NaN,NaN
Ground_Point_6,SAT_45,4,02-Jan-2030 16:38:10,02-Jan-2030 16:39:25,75,NaN,NaN
Ground_Point_6,SAT_45,5,03-Jan-2030 01:56:45,03-Jan-2030 01:57:25,40,NaN,NaN
Ground_Point_6,SAT_45,6,03-Jan-2030 16:16:50,03-Jan-2030 16:17:15,25,NaN,NaN
Ground_Point_7,SAT_45,1,01-Jan-2030 03:36:55,01-Jan-2030 03:38:15,80,NaN,NaN
Ground_Point_7,SAT_45,2,01-Jan-2030 12:54:20,01-Jan-2030 12:55:20,60,NaN,NaN
Ground_Point_7,SAT_45,3,02-Jan-2030 03:15:20,02-Jan-2030 03:16:30,70,NaN,NaN
Ground_Point_7,SAT_45,4,02-Jan-2030 12:32:25,02-Jan-2030 12:33:45,80,NaN,NaN
Ground_Point_7,SAT_45,5,03-Jan-2030 12:11:00,03-Jan-2030 12:11:55,55,NaN,NaN
Ground_Point_8,SAT_45,1,01-Jan-2030 22:21:50,01-Jan-2030 22:22:30,40,NaN,NaN
Ground_Point_8,SAT_45,2,03-Jan-2030 13:55:20,03-Jan-2030 13:56:20,60,NaN,NaN
Ground_Point_8,SAT_45,3,03-Jan-2030 23:12:00,03-Jan-2030 23:12:55,55,NaN,NaN
Ground_Point_9,SAT_45,1,01-Jan-2030 00:16:40,01-Jan-2030 00:17:35,55,NaN,NaN
Ground_Point_9,SAT_45,2,01-Jan-2030 14:40:10,01-Jan-2030 14:40:55,45,NaN,NaN
Ground_Point_9,SAT_45,3,01-Jan-2030 23:54:45,01-Jan-2030 23:56:05,80,NaN,NaN
Ground_Point_9,SAT_45,4,02-Jan-2030 14:18:15,02-Jan-2030 14:19:35,80,NaN,NaN
Ground_Point_9,SAT_45,5,02-Jan-2030 23:33:35,02-Jan-2030 23:34:00,25,NaN,NaN
Ground_Point_9,SAT_45,6,03-Jan-2030 13:56:55,03-Jan-2030 13:57:35,40,NaN,NaN
Ground_Point_10,SAT_45,1,01-Jan-2030 05:57:10,01-Jan-2030 05:57:30,20,NaN,NaN
Ground_Point_10,SAT_45,2,01-Jan-2030 07:30:30,01-Jan-2030 07:31:40,70,NaN,NaN
Ground_Point_10,SAT_45,3,01-Jan-2030 12:10:50,01-Jan-2030 12:11:15,25,NaN,NaN
Ground_Point_10,SAT_45,4,01-Jan-2030 13:44:00,01-Jan-2030 13:45:15,75,NaN,NaN
Ground_Point_10,SAT_45,5,02-Jan-2030 07:08:45,02-Jan-2030 07:10:05,80,NaN,NaN
Ground_Point_10,SAT_45,6,02-Jan-2030 13:22:15,02-Jan-2030 13:23:35,80,NaN,NaN
Ground_Point_10,SAT_45,7,03-Jan-2030 06:47:05,03-Jan-2030 06:48:25,80,NaN,NaN
Ground_Point_10,SAT_45,8,03-Jan-2030 13:00:40,03-Jan-2030 13:01:50,70,NaN,NaN
Ground_Point_11,SAT_45,1,01-Jan-2030 07:18:45,01-Jan-2030 07:20:05,80,NaN,NaN
Ground_Point_12,SAT_45,1,01-Jan-2030 04:30:45,01-Jan-2030 04:31:55,70,NaN,NaN
Ground_Point_1,SAT_46,1,01-Jan-2030 19:08:00,01-Jan-2030 19:09:10,70,NaN,NaN
Ground_Point_2,SAT_46,1,01-Jan-2030 04:45:30,01-Jan-2030 04:46:45,75,NaN,NaN
Ground_Point_2,SAT_46,2,01-Jan-2030 06:19:25,01-Jan-2030 06:20:05,40,NaN,NaN
Ground_Point_2,SAT_46,3,01-Jan-2030 10:59:10,01-Jan-2030 11:00:25,75,NaN,NaN
Ground_Point_2,SAT_46,4,02-Jan-2030 04:23:55,02-Jan-2030 04:24:55,60,NaN,NaN
Ground_Point_2,SAT_46,5,02-Jan-2030 05:57:35,02-Jan-2030 05:58:35,60,NaN,NaN
Ground_Point_2,SAT_46,6,02-Jan-2030 10:37:40,02-Jan-2030 10:38:40,60,NaN,NaN
Ground_Point_2,SAT_46,7,02-Jan-2030 12:11:20,02-Jan-2030 12:12:20,60,NaN,NaN
Ground_Point_2,SAT_46,8,03-Jan-2030 05:35:50,03-Jan-2030 05:37:05,75,NaN,NaN
Ground_Point_2,SAT_46,9,03-Jan-2030 10:16:10,03-Jan-2030 10:16:55,45,NaN,NaN
Ground_Point_2,SAT_46,10,03-Jan-2030 11:49:30,03-Jan-2030 11:50:45,75,NaN,NaN
Ground_Point_3,SAT_46,1,01-Jan-2030 04:45:30,01-Jan-2030 04:46:45,75,NaN,NaN
Ground_Point_3,SAT_46,2,01-Jan-2030 06:19:25,01-Jan-2030 06:20:05,40,NaN,NaN
Ground_Point_3,SAT_46,3,01-Jan-2030 10:59:10,01-Jan-2030 11:00:25,75,NaN,NaN
Ground_Point_3,SAT_46,4,02-Jan-2030 04:23:55,02-Jan-2030 04:24:55,60,NaN,NaN
Ground_Point_3,SAT_46,5,02-Jan-2030 05:57:35,02-Jan-2030 05:58:35,60,NaN,NaN
Ground_Point_3,SAT_46,6,02-Jan-2030 10:37:40,02-Jan-2030 10:38:40,60,NaN,NaN
Ground_Point_3,SAT_46,7,02-Jan-2030 12:11:20,02-Jan-2030 12:12:20,60,NaN,NaN
Ground_Point_3,SAT_46,8,03-Jan-2030 05:35:50,03-Jan-2030 05:37:05,75,NaN,NaN
Ground_Point_3,SAT_46,9,03-Jan-2030 10:16:10,03-Jan-2030 10:16:55,45,NaN,NaN
Ground_Point_3,SAT_46,10,03-Jan-2030 11:49:30,03-Jan-2030 11:50:45,75,NaN,NaN
Ground_Point_4,SAT_46,1,01-Jan-2030 04:45:30,01-Jan-2030 04:46:45,75,NaN,NaN
Ground_Point_4,SAT_46,2,01-Jan-2030 06:19:25,01-Jan-2030 06:20:05,40,NaN,NaN
Ground_Point_4,SAT_46,3,01-Jan-2030 10:59:10,01-Jan-2030 11:00:25,75,NaN,NaN
Ground_Point_4,SAT_46,4,02-Jan-2030 04:23:55,02-Jan-2030 04:24:55,60,NaN,NaN
Ground_Point_4,SAT_46,5,02-Jan-2030 05:57:35,02-Jan-2030 05:58:35,60,NaN,NaN
Ground_Point_4,SAT_46,6,02-Jan-2030 10:37:40,02-Jan-2030 10:38:40,60,NaN,NaN
Ground_Point_4,SAT_46,7,02-Jan-2030 12:11:20,02-Jan-2030 12:12:20,60,NaN,NaN
Ground_Point_4,SAT_46,8,03-Jan-2030 05:35:50,03-Jan-2030 05:37:05,75,NaN,NaN
Ground_Point_4,SAT_46,9,03-Jan-2030 10:16:10,03-Jan-2030 10:16:55,45,NaN,NaN
Ground_Point_4,SAT_46,10,03-Jan-2030 11:49:30,03-Jan-2030 11:50:45,75,NaN,NaN
Ground_Point_5,SAT_46,1,01-Jan-2030 04:45:30,01-Jan-2030 04:46:45,75,NaN,NaN
Ground_Point_5,SAT_46,2,01-Jan-2030 06:19:25,01-Jan-2030 06:20:05,40,NaN,NaN
Ground_Point_5,SAT_46,3,01-Jan-2030 10:59:10,01-Jan-2030 11:00:25,75,NaN,NaN
Ground_Point_5,SAT_46,4,02-Jan-2030 04:23:55,02-Jan-2030 04:24:55,60,NaN,NaN
Ground_Point_5,SAT_46,5,02-Jan-2030 05:57:35,02-Jan-2030 05:58:35,60,NaN,NaN
Ground_Point_5,SAT_46,6,02-Jan-2030 10:37:40,02-Jan-2030 10:38:40,60,NaN,NaN
Ground_Point_5,SAT_46,7,02-Jan-2030 12:11:20,02-Jan-2030 12:12:20,60,NaN,NaN
Ground_Point_5,SAT_46,8,03-Jan-2030 05:35:50,03-Jan-2030 05:37:05,75,NaN,NaN
Ground_Point_5,SAT_46,9,03-Jan-2030 10:16:10,03-Jan-2030 10:16:55,45,NaN,NaN
Ground_Point_5,SAT_46,10,03-Jan-2030 11:49:30,03-Jan-2030 11:50:45,75,NaN,NaN
Ground_Point_6,SAT_46,1,01-Jan-2030 16:36:30,01-Jan-2030 16:37:40,70,NaN,NaN
Ground_Point_6,SAT_46,2,02-Jan-2030 01:55:00,02-Jan-2030 01:55:50,50,NaN,NaN
Ground_Point_6,SAT_46,3,02-Jan-2030 16:15:15,02-Jan-2030 16:15:25,10,NaN,NaN
Ground_Point_6,SAT_46,4,03-Jan-2030 01:33:05,03-Jan-2030 01:34:20,75,NaN,NaN
Ground_Point_6,SAT_46,5,03-Jan-2030 17:27:00,03-Jan-2030 17:27:40,40,NaN,NaN
Ground_Point_7,SAT_46,1,01-Jan-2030 03:13:45,01-Jan-2030 03:14:45,60,NaN,NaN
Ground_Point_7,SAT_46,2,01-Jan-2030 12:30:45,01-Jan-2030 12:32:05,80,NaN,NaN
Ground_Point_7,SAT_46,3,02-Jan-2030 12:09:20,02-Jan-2030 12:10:15,55,NaN,NaN
Ground_Point_7,SAT_46,4,03-Jan-2030 04:04:15,03-Jan-2030 04:04:45,30,NaN,NaN
Ground_Point_8,SAT_46,1,02-Jan-2030 13:53:40,02-Jan-2030 13:54:45,65,NaN,NaN
Ground_Point_8,SAT_46,2,02-Jan-2030 23:10:15,02-Jan-2030 23:11:15,60,NaN,NaN
Ground_Point_8,SAT_46,3,03-Jan-2030 13:31:50,03-Jan-2030 13:33:10,80,NaN,NaN
Ground_Point_8,SAT_46,4,03-Jan-2030 22:48:25,03-Jan-2030 22:49:45,80,NaN,NaN
Ground_Point_9,SAT_46,1,01-Jan-2030 14:16:35,01-Jan-2030 14:17:55,80,NaN,NaN
Ground_Point_9,SAT_46,2,01-Jan-2030 23:32:05,01-Jan-2030 23:32:10,5,NaN,NaN
Ground_Point_9,SAT_46,3,02-Jan-2030 13:55:20,02-Jan-2030 13:55:50,30,NaN,NaN
Ground_Point_10,SAT_46,1,01-Jan-2030 07:07:05,01-Jan-2030 07:08:25,80,NaN,NaN
Ground_Point_10,SAT_46,2,01-Jan-2030 13:20:35,01-Jan-2030 13:21:55,80,NaN,NaN
Ground_Point_10,SAT_46,3,02-Jan-2030 06:45:25,02-Jan-2030 06:46:45,80,NaN,NaN
Ground_Point_10,SAT_46,4,02-Jan-2030 08:19:35,02-Jan-2030 08:19:40,5,NaN,NaN
Ground_Point_10,SAT_46,5,02-Jan-2030 12:59:00,02-Jan-2030 13:00:10,70,NaN,NaN
Ground_Point_10,SAT_46,6,03-Jan-2030 06:23:45,03-Jan-2030 06:24:55,70,NaN,NaN
Ground_Point_10,SAT_46,7,03-Jan-2030 07:57:35,03-Jan-2030 07:58:25,50,NaN,NaN
Ground_Point_10,SAT_46,8,03-Jan-2030 12:37:25,03-Jan-2030 12:38:25,60,NaN,NaN
Ground_Point_10,SAT_46,9,03-Jan-2030 14:11:05,03-Jan-2030 14:12:05,60,NaN,NaN
Ground_Point_11,SAT_46,1,02-Jan-2030 21:03:40,02-Jan-2030 21:03:55,15,NaN,NaN
Ground_Point_11,SAT_46,2,03-Jan-2030 20:41:30,03-Jan-2030 20:42:50,80,NaN,NaN
Ground_Point_12,SAT_46,1,03-Jan-2030 15:36:55,03-Jan-2030 15:38:10,75,NaN,NaN
Ground_Point_1,SAT_47,1,03-Jan-2030 06:30:50,03-Jan-2030 06:32:00,70,NaN,NaN
Ground_Point_2,SAT_47,1,01-Jan-2030 04:22:20,01-Jan-2030 04:23:15,55,NaN,NaN
Ground_Point_2,SAT_47,2,01-Jan-2030 05:55:55,01-Jan-2030 05:57:00,65,NaN,NaN
Ground_Point_2,SAT_47,3,01-Jan-2030 10:36:00,01-Jan-2030 10:37:05,65,NaN,NaN
Ground_Point_2,SAT_47,4,01-Jan-2030 12:09:40,01-Jan-2030 12:10:40,60,NaN,NaN
Ground_Point_2,SAT_47,5,02-Jan-2030 05:34:10,02-Jan-2030 05:35:25,75,NaN,NaN
Ground_Point_2,SAT_47,6,02-Jan-2030 10:14:35,02-Jan-2030 10:15:15,40,NaN,NaN
Ground_Point_2,SAT_47,7,02-Jan-2030 11:47:55,02-Jan-2030 11:49:10,75,NaN,NaN
Ground_Point_2,SAT_47,8,03-Jan-2030 05:12:30,03-Jan-2030 05:13:50,80,NaN,NaN
Ground_Point_2,SAT_47,9,03-Jan-2030 11:26:10,03-Jan-2030 11:27:30,80,NaN,NaN
Ground_Point_3,SAT_47,1,01-Jan-2030 04:22:20,01-Jan-2030 04:23:15,55,NaN,NaN
Ground_Point_3,SAT_47,2,01-Jan-2030 05:55:55,01-Jan-2030 05:57:00,65,NaN,NaN
Ground_Point_3,SAT_47,3,01-Jan-2030 10:36:00,01-Jan-2030 10:37:05,65,NaN,NaN
Ground_Point_3,SAT_47,4,01-Jan-2030 12:09:40,01-Jan-2030 12:10:40,60,NaN,NaN
Ground_Point_3,SAT_47,5,02-Jan-2030 05:34:10,02-Jan-2030 05:35:25,75,NaN,NaN
Ground_Point_3,SAT_47,6,02-Jan-2030 10:14:35,02-Jan-2030 10:15:15,40,NaN,NaN
Ground_Point_3,SAT_47,7,02-Jan-2030 11:47:55,02-Jan-2030 11:49:10,75,NaN,NaN
Ground_Point_3,SAT_47,8,03-Jan-2030 05:12:30,03-Jan-2030 05:13:50,80,NaN,NaN
Ground_Point_3,SAT_47,9,03-Jan-2030 11:26:10,03-Jan-2030 11:27:30,80,NaN,NaN
Ground_Point_4,SAT_47,1,01-Jan-2030 04:22:20,01-Jan-2030 04:23:15,55,NaN,NaN
Ground_Point_4,SAT_47,2,01-Jan-2030 05:55:55,01-Jan-2030 05:57:00,65,NaN,NaN
Ground_Point_4,SAT_47,3,01-Jan-2030 10:36:00,01-Jan-2030 10:37:05,65,NaN,NaN
Ground_Point_4,SAT_47,4,01-Jan-2030 12:09:40,01-Jan-2030 12:10:40,60,NaN,NaN
Ground_Point_4,SAT_47,5,02-Jan-2030 05:34:10,02-Jan-2030 05:35:25,75,NaN,NaN
Ground_Point_4,SAT_47,6,02-Jan-2030 10:14:35,02-Jan-2030 10:15:15,40,NaN,NaN
Ground_Point_4,SAT_47,7,02-Jan-2030 11:47:55,02-Jan-2030 11:49:10,75,NaN,NaN
Ground_Point_4,SAT_47,8,03-Jan-2030 05:12:30,03-Jan-2030 05:13:50,80,NaN,NaN
Ground_Point_4,SAT_47,9,03-Jan-2030 11:26:10,03-Jan-2030 11:27:30,80,NaN,NaN
Ground_Point_5,SAT_47,1,01-Jan-2030 04:22:20,01-Jan-2030 04:23:15,55,NaN,NaN
Ground_Point_5,SAT_47,2,01-Jan-2030 05:55:55,01-Jan-2030 05:57:00,65,NaN,NaN
Ground_Point_5,SAT_47,3,01-Jan-2030 10:36:00,01-Jan-2030 10:37:05,65,NaN,NaN
Ground_Point_5,SAT_47,4,01-Jan-2030 12:09:40,01-Jan-2030 12:10:40,60,NaN,NaN
Ground_Point_5,SAT_47,5,02-Jan-2030 05:34:10,02-Jan-2030 05:35:25,75,NaN,NaN
Ground_Point_5,SAT_47,6,02-Jan-2030 10:14:35,02-Jan-2030 10:15:15,40,NaN,NaN
Ground_Point_5,SAT_47,7,02-Jan-2030 11:47:55,02-Jan-2030 11:49:10,75,NaN,NaN
Ground_Point_5,SAT_47,8,03-Jan-2030 05:12:30,03-Jan-2030 05:13:50,80,NaN,NaN
Ground_Point_5,SAT_47,9,03-Jan-2030 11:26:10,03-Jan-2030 11:27:30,80,NaN,NaN
Ground_Point_6,SAT_47,1,01-Jan-2030 01:53:20,01-Jan-2030 01:54:15,55,NaN,NaN
Ground_Point_6,SAT_47,2,02-Jan-2030 01:31:25,02-Jan-2030 01:32:45,80,NaN,NaN
Ground_Point_6,SAT_47,3,02-Jan-2030 17:25:20,02-Jan-2030 17:26:05,45,NaN,NaN
Ground_Point_6,SAT_47,4,03-Jan-2030 01:09:50,03-Jan-2030 01:11:05,75,NaN,NaN
Ground_Point_6,SAT_47,5,03-Jan-2030 17:03:30,03-Jan-2030 17:04:45,75,NaN,NaN
Ground_Point_7,SAT_47,1,01-Jan-2030 12:07:45,01-Jan-2030 12:08:35,50,NaN,NaN
Ground_Point_7,SAT_47,2,02-Jan-2030 04:02:35,02-Jan-2030 04:03:15,40,NaN,NaN
Ground_Point_7,SAT_47,3,03-Jan-2030 03:40:40,03-Jan-2030 03:41:55,75,NaN,NaN
Ground_Point_7,SAT_47,4,03-Jan-2030 12:58:05,03-Jan-2030 12:58:55,50,NaN,NaN
Ground_Point_8,SAT_47,1,01-Jan-2030 13:52:00,01-Jan-2030 13:53:05,65,NaN,NaN
Ground_Point_8,SAT_47,2,01-Jan-2030 23:08:35,01-Jan-2030 23:09:40,65,NaN,NaN
Ground_Point_8,SAT_47,3,02-Jan-2030 13:30:15,02-Jan-2030 13:31:35,80,NaN,NaN
Ground_Point_8,SAT_47,4,02-Jan-2030 22:46:50,02-Jan-2030 22:48:10,80,NaN,NaN
Ground_Point_8,SAT_47,5,03-Jan-2030 13:09:00,03-Jan-2030 13:09:30,30,NaN,NaN
Ground_Point_8,SAT_47,6,03-Jan-2030 22:25:25,03-Jan-2030 22:26:15,50,NaN,NaN
Ground_Point_9,SAT_47,1,01-Jan-2030 13:53:45,01-Jan-2030 13:54:05,20,NaN,NaN
Ground_Point_9,SAT_47,2,03-Jan-2030 00:20:25,03-Jan-2030 00:21:10,45,NaN,NaN
Ground_Point_9,SAT_47,3,03-Jan-2030 14:44:00,03-Jan-2030 14:44:30,30,NaN,NaN
Ground_Point_9,SAT_47,4,03-Jan-2030 23:58:30,03-Jan-2030 23:59:50,80,NaN,NaN
Ground_Point_10,SAT_47,1,01-Jan-2030 06:43:45,01-Jan-2030 06:45:05,80,NaN,NaN
Ground_Point_10,SAT_47,2,01-Jan-2030 08:17:50,01-Jan-2030 08:18:05,15,NaN,NaN
Ground_Point_10,SAT_47,3,01-Jan-2030 12:57:20,01-Jan-2030 12:58:35,75,NaN,NaN
Ground_Point_10,SAT_47,4,02-Jan-2030 06:22:10,02-Jan-2030 06:23:20,70,NaN,NaN
Ground_Point_10,SAT_47,5,02-Jan-2030 07:55:55,02-Jan-2030 07:56:45,50,NaN,NaN
Ground_Point_10,SAT_47,6,02-Jan-2030 12:35:50,02-Jan-2030 12:36:50,60,NaN,NaN
Ground_Point_10,SAT_47,7,02-Jan-2030 14:09:30,02-Jan-2030 14:10:30,60,NaN,NaN
Ground_Point_10,SAT_47,8,03-Jan-2030 06:00:45,03-Jan-2030 06:01:20,35,NaN,NaN
Ground_Point_10,SAT_47,9,03-Jan-2030 07:34:10,03-Jan-2030 07:35:20,70,NaN,NaN
Ground_Point_10,SAT_47,10,03-Jan-2030 12:14:30,03-Jan-2030 12:15:00,30,NaN,NaN
Ground_Point_10,SAT_47,11,03-Jan-2030 13:47:40,03-Jan-2030 13:48:55,75,NaN,NaN
Ground_Point_11,SAT_47,1,01-Jan-2030 21:01:55,01-Jan-2030 21:02:30,35,NaN,NaN
Ground_Point_11,SAT_47,2,02-Jan-2030 20:39:55,02-Jan-2030 20:41:10,75,NaN,NaN
Ground_Point_11,SAT_47,3,03-Jan-2030 07:22:30,03-Jan-2030 07:23:45,75,NaN,NaN
Ground_Point_12,SAT_47,1,02-Jan-2030 15:35:20,02-Jan-2030 15:36:35,75,NaN,NaN
Ground_Point_12,SAT_47,2,03-Jan-2030 04:34:25,03-Jan-2030 04:35:35,70,NaN,NaN
Ground_Point_1,SAT_48,1,02-Jan-2030 06:29:05,02-Jan-2030 06:30:20,75,NaN,NaN
Ground_Point_1,SAT_48,2,03-Jan-2030 19:11:35,03-Jan-2030 19:12:55,80,NaN,NaN
Ground_Point_2,SAT_48,1,01-Jan-2030 05:32:30,01-Jan-2030 05:33:45,75,NaN,NaN
Ground_Point_2,SAT_48,2,01-Jan-2030 10:12:55,01-Jan-2030 10:13:35,40,NaN,NaN
Ground_Point_2,SAT_48,3,01-Jan-2030 11:46:10,01-Jan-2030 11:47:25,75,NaN,NaN
Ground_Point_2,SAT_48,4,02-Jan-2030 05:10:50,02-Jan-2030 05:12:10,80,NaN,NaN
Ground_Point_2,SAT_48,5,02-Jan-2030 11:24:30,02-Jan-2030 11:25:50,80,NaN,NaN
Ground_Point_2,SAT_48,6,03-Jan-2030 04:49:10,03-Jan-2030 04:50:25,75,NaN,NaN
Ground_Point_2,SAT_48,7,03-Jan-2030 06:23:05,03-Jan-2030 06:23:40,35,NaN,NaN
Ground_Point_2,SAT_48,8,03-Jan-2030 11:02:50,03-Jan-2030 11:04:05,75,NaN,NaN
Ground_Point_3,SAT_48,1,01-Jan-2030 05:32:30,01-Jan-2030 05:33:45,75,NaN,NaN
Ground_Point_3,SAT_48,2,01-Jan-2030 10:12:55,01-Jan-2030 10:13:35,40,NaN,NaN
Ground_Point_3,SAT_48,3,01-Jan-2030 11:46:10,01-Jan-2030 11:47:25,75,NaN,NaN
Ground_Point_3,SAT_48,4,02-Jan-2030 05:10:50,02-Jan-2030 05:12:10,80,NaN,NaN
Ground_Point_3,SAT_48,5,02-Jan-2030 11:24:30,02-Jan-2030 11:25:50,80,NaN,NaN
Ground_Point_3,SAT_48,6,03-Jan-2030 04:49:10,03-Jan-2030 04:50:25,75,NaN,NaN
Ground_Point_3,SAT_48,7,03-Jan-2030 06:23:05,03-Jan-2030 06:23:40,35,NaN,NaN
Ground_Point_3,SAT_48,8,03-Jan-2030 11:02:50,03-Jan-2030 11:04:05,75,NaN,NaN
Ground_Point_4,SAT_48,1,01-Jan-2030 05:32:30,01-Jan-2030 05:33:45,75,NaN,NaN
Ground_Point_4,SAT_48,2,01-Jan-2030 10:12:55,01-Jan-2030 10:13:35,40,NaN,NaN
Ground_Point_4,SAT_48,3,01-Jan-2030 11:46:10,01-Jan-2030 11:47:25,75,NaN,NaN
Ground_Point_4,SAT_48,4,02-Jan-2030 05:10:50,02-Jan-2030 05:12:10,80,NaN,NaN
Ground_Point_4,SAT_48,5,02-Jan-2030 11:24:30,02-Jan-2030 11:25:50,80,NaN,NaN
Ground_Point_4,SAT_48,6,03-Jan-2030 04:49:10,03-Jan-2030 04:50:25,75,NaN,NaN
Ground_Point_4,SAT_48,7,03-Jan-2030 06:23:05,03-Jan-2030 06:23:40,35,NaN,NaN
Ground_Point_4,SAT_48,8,03-Jan-2030 11:02:50,03-Jan-2030 11:04:05,75,NaN,NaN
Ground_Point_5,SAT_48,1,01-Jan-2030 05:32:30,01-Jan-2030 05:33:45,75,NaN,NaN
Ground_Point_5,SAT_48,2,01-Jan-2030 10:12:55,01-Jan-2030 10:13:35,40,NaN,NaN
Ground_Point_5,SAT_48,3,01-Jan-2030 11:46:10,01-Jan-2030 11:47:25,75,NaN,NaN
Ground_Point_5,SAT_48,4,02-Jan-2030 05:10:50,02-Jan-2030 05:12:10,80,NaN,NaN
Ground_Point_5,SAT_48,5,02-Jan-2030 11:24:30,02-Jan-2030 11:25:50,80,NaN,NaN
Ground_Point_5,SAT_48,6,03-Jan-2030 04:49:10,03-Jan-2030 04:50:25,75,NaN,NaN
Ground_Point_5,SAT_48,7,03-Jan-2030 06:23:05,03-Jan-2030 06:23:40,35,NaN,NaN
Ground_Point_5,SAT_48,8,03-Jan-2030 11:02:50,03-Jan-2030 11:04:05,75,NaN,NaN
Ground_Point_6,SAT_48,1,01-Jan-2030 01:29:45,01-Jan-2030 01:31:05,80,NaN,NaN
Ground_Point_6,SAT_48,2,01-Jan-2030 17:23:40,01-Jan-2030 17:24:30,50,NaN,NaN
Ground_Point_6,SAT_48,3,02-Jan-2030 01:08:10,02-Jan-2030 01:09:20,70,NaN,NaN
Ground_Point_6,SAT_48,4,02-Jan-2030 17:01:45,02-Jan-2030 17:03:05,80,NaN,NaN
Ground_Point_6,SAT_48,5,03-Jan-2030 00:47:00,03-Jan-2030 00:47:15,15,NaN,NaN
Ground_Point_6,SAT_48,6,03-Jan-2030 16:40:05,03-Jan-2030 16:41:20,75,NaN,NaN
Ground_Point_7,SAT_48,1,01-Jan-2030 04:00:50,01-Jan-2030 04:01:35,45,NaN,NaN
Ground_Point_7,SAT_48,2,02-Jan-2030 03:38:55,02-Jan-2030 03:40:15,80,NaN,NaN
Ground_Point_7,SAT_48,3,02-Jan-2030 12:56:20,02-Jan-2030 12:57:15,55,NaN,NaN
Ground_Point_7,SAT_48,4,03-Jan-2030 03:17:20,03-Jan-2030 03:18:30,70,NaN,NaN
Ground_Point_7,SAT_48,5,03-Jan-2030 12:34:25,03-Jan-2030 12:35:45,80,NaN,NaN
Ground_Point_8,SAT_48,1,01-Jan-2030 13:28:35,01-Jan-2030 13:29:50,75,NaN,NaN
Ground_Point_8,SAT_48,2,01-Jan-2030 22:45:05,01-Jan-2030 22:46:25,80,NaN,NaN
Ground_Point_8,SAT_48,3,02-Jan-2030 13:07:25,02-Jan-2030 13:07:40,15,NaN,NaN
Ground_Point_8,SAT_48,4,02-Jan-2030 22:23:45,02-Jan-2030 22:24:30,45,NaN,NaN
Ground_Point_9,SAT_48,1,02-Jan-2030 00:18:40,02-Jan-2030 00:19:30,50,NaN,NaN
Ground_Point_9,SAT_48,2,02-Jan-2030 14:42:15,02-Jan-2030 14:42:50,35,NaN,NaN
Ground_Point_9,SAT_48,3,02-Jan-2030 23:56:45,02-Jan-2030 23:58:05,80,NaN,NaN
Ground_Point_9,SAT_48,4,03-Jan-2030 14:20:15,03-Jan-2030 14:21:35,80,NaN,NaN
Ground_Point_9,SAT_48,5,03-Jan-2030 23:35:30,03-Jan-2030 23:36:05,35,NaN,NaN
Ground_Point_10,SAT_48,1,01-Jan-2030 06:20:30,01-Jan-2030 06:21:35,65,NaN,NaN
Ground_Point_10,SAT_48,2,01-Jan-2030 07:54:15,01-Jan-2030 07:55:05,50,NaN,NaN
Ground_Point_10,SAT_48,3,01-Jan-2030 12:34:10,01-Jan-2030 12:35:05,55,NaN,NaN
Ground_Point_10,SAT_48,4,01-Jan-2030 14:07:50,01-Jan-2030 14:08:50,60,NaN,NaN
Ground_Point_10,SAT_48,5,02-Jan-2030 05:59:05,02-Jan-2030 05:59:35,30,NaN,NaN
Ground_Point_10,SAT_48,6,02-Jan-2030 07:32:30,02-Jan-2030 07:33:35,65,NaN,NaN
Ground_Point_10,SAT_48,7,02-Jan-2030 12:12:50,02-Jan-2030 12:13:15,25,NaN,NaN
Ground_Point_10,SAT_48,8,02-Jan-2030 13:45:55,02-Jan-2030 13:47:15,80,NaN,NaN
Ground_Point_10,SAT_48,9,03-Jan-2030 07:10:45,03-Jan-2030 07:12:05,80,NaN,NaN
Ground_Point_10,SAT_48,10,03-Jan-2030 13:24:15,03-Jan-2030 13:25:35,80,NaN,NaN
Ground_Point_11,SAT_48,1,01-Jan-2030 20:38:15,01-Jan-2030 20:39:30,75,NaN,NaN
Ground_Point_11,SAT_48,2,02-Jan-2030 07:20:45,02-Jan-2030 07:22:05,80,NaN,NaN
Ground_Point_12,SAT_48,1,01-Jan-2030 04:54:45,01-Jan-2030 04:55:05,20,NaN,NaN
Ground_Point_12,SAT_48,2,01-Jan-2030 15:33:35,01-Jan-2030 15:34:55,80,NaN,NaN
Ground_Point_12,SAT_48,3,02-Jan-2030 04:32:45,02-Jan-2030 04:33:55,70,NaN,NaN
