Source,Target,IntervalNumber,StartTime,EndTime,Duration,StartOrbit,EndOrbit
Ground_Point_1,SAT_1,1,01-Jan-2030 21:06:00,01-Jan-2030 21:06:55,55,NaN,NaN
Ground_Point_1,SAT_1,2,04-Jan-2030 08:30:50,04-Jan-2030 08:32:05,75,NaN,NaN
Ground_Point_1,SAT_1,3,05-Jan-2030 21:12:45,05-Jan-2030 21:14:00,75,NaN,NaN
Ground_Point_2,SAT_1,1,01-Jan-2030 21:06:20,01-Jan-2030 21:07:35,75,NaN,NaN
Ground_Point_2,SAT_1,2,04-Jan-2030 08:30:20,04-Jan-2030 08:31:10,50,NaN,NaN
Ground_Point_2,SAT_1,3,05-Jan-2030 08:08:55,05-Jan-2030 08:09:20,25,NaN,NaN
Ground_Point_2,SAT_1,4,05-Jan-2030 21:13:20,05-Jan-2030 21:14:25,65,NaN,NaN
Ground_Point_3,SAT_1,1,01-Jan-2030 21:06:05,01-Jan-2030 21:06:50,45,NaN,NaN
Ground_Point_3,SAT_1,2,04-Jan-2030 08:30:45,04-Jan-2030 08:32:05,80,NaN,NaN
Ground_Point_3,SAT_1,3,05-Jan-2030 21:12:50,05-Jan-2030 21:14:00,70,NaN,NaN
Ground_Point_4,SAT_1,1,02-Jan-2030 07:39:35,02-Jan-2030 07:40:50,75,NaN,NaN
Ground_Point_4,SAT_1,2,03-Jan-2030 20:22:25,03-Jan-2030 20:23:45,80,NaN,NaN
Ground_Point_4,SAT_1,3,06-Jan-2030 07:46:40,06-Jan-2030 07:47:35,55,NaN,NaN
Ground_Point_4,SAT_1,4,07-Jan-2030 20:29:25,07-Jan-2030 20:30:35,70,NaN,NaN
Ground_Point_5,SAT_1,1,01-Jan-2030 08:01:15,01-Jan-2030 08:02:20,65,NaN,NaN
Ground_Point_5,SAT_1,2,02-Jan-2030 20:44:35,02-Jan-2030 20:45:45,70,NaN,NaN
Ground_Point_5,SAT_1,3,05-Jan-2030 08:08:35,05-Jan-2030 08:08:50,15,NaN,NaN
Ground_Point_5,SAT_1,4,06-Jan-2030 07:46:35,06-Jan-2030 07:47:30,55,NaN,NaN
Ground_Point_5,SAT_1,5,06-Jan-2030 20:51:45,06-Jan-2030 20:52:20,35,NaN,NaN
Ground_Point_5,SAT_1,6,07-Jan-2030 20:30:10,07-Jan-2030 20:30:45,35,NaN,NaN
Ground_Point_6,SAT_1,1,02-Jan-2030 07:39:45,02-Jan-2030 07:40:40,55,NaN,NaN
Ground_Point_6,SAT_1,2,02-Jan-2030 20:44:35,02-Jan-2030 20:45:20,45,NaN,NaN
Ground_Point_6,SAT_1,3,03-Jan-2030 20:23:05,03-Jan-2030 20:23:35,30,NaN,NaN
Ground_Point_6,SAT_1,4,06-Jan-2030 07:46:30,06-Jan-2030 07:47:45,75,NaN,NaN
Ground_Point_6,SAT_1,5,07-Jan-2030 20:29:40,07-Jan-2030 20:30:50,70,NaN,NaN
Ground_Point_7,SAT_1,1,02-Jan-2030 09:15:15,02-Jan-2030 09:16:15,60,NaN,NaN
Ground_Point_7,SAT_1,2,03-Jan-2030 08:53:55,03-Jan-2030 08:54:25,30,NaN,NaN
Ground_Point_7,SAT_1,3,03-Jan-2030 21:55:55,03-Jan-2030 21:57:10,75,NaN,NaN
Ground_Point_7,SAT_1,4,07-Jan-2030 09:00:30,07-Jan-2030 09:01:40,70,NaN,NaN
Ground_Point_7,SAT_1,5,07-Jan-2030 22:02:50,07-Jan-2030 22:04:05,75,NaN,NaN
Ground_Point_8,SAT_1,1,03-Jan-2030 08:51:05,03-Jan-2030 08:52:20,75,NaN,NaN
Ground_Point_8,SAT_1,2,04-Jan-2030 21:36:15,04-Jan-2030 21:37:30,75,NaN,NaN
Ground_Point_8,SAT_1,3,07-Jan-2030 08:58:00,07-Jan-2030 08:59:15,75,NaN,NaN
Ground_Point_9,SAT_1,1,01-Jan-2030 09:32:30,01-Jan-2030 09:33:45,75,NaN,NaN
Ground_Point_9,SAT_1,2,03-Jan-2030 22:00:25,03-Jan-2030 22:01:35,70,NaN,NaN
Ground_Point_9,SAT_1,3,05-Jan-2030 09:39:40,05-Jan-2030 09:40:25,45,NaN,NaN
Ground_Point_9,SAT_1,4,07-Jan-2030 22:07:40,07-Jan-2030 22:08:15,35,NaN,NaN
Ground_Point_10,SAT_1,1,01-Jan-2030 09:32:25,01-Jan-2030 09:33:40,75,NaN,NaN
Ground_Point_10,SAT_1,2,03-Jan-2030 22:00:30,03-Jan-2030 22:01:40,70,NaN,NaN
Ground_Point_10,SAT_1,3,05-Jan-2030 09:39:40,05-Jan-2030 09:40:20,40,NaN,NaN
Ground_Point_10,SAT_1,4,07-Jan-2030 22:07:45,07-Jan-2030 22:08:15,30,NaN,NaN
Ground_Point_11,SAT_1,1,03-Jan-2030 08:49:40,03-Jan-2030 08:50:35,55,NaN,NaN
Ground_Point_11,SAT_1,2,04-Jan-2030 21:38:05,04-Jan-2030 21:38:45,40,NaN,NaN
Ground_Point_11,SAT_1,3,07-Jan-2030 08:56:25,07-Jan-2030 08:57:45,80,NaN,NaN
Ground_Point_12,SAT_1,1,02-Jan-2030 22:27:55,02-Jan-2030 22:29:05,70,NaN,NaN
Ground_Point_12,SAT_1,2,03-Jan-2030 10:17:50,03-Jan-2030 10:18:55,65,NaN,NaN
Ground_Point_12,SAT_1,3,06-Jan-2030 22:35:10,06-Jan-2030 22:35:40,30,NaN,NaN
Ground_Point_12,SAT_1,4,07-Jan-2030 10:24:40,07-Jan-2030 10:26:00,80,NaN,NaN
Ground_Point_13,SAT_1,1,01-Jan-2030 22:46:30,01-Jan-2030 22:47:45,75,NaN,NaN
Ground_Point_13,SAT_1,2,03-Jan-2030 10:21:15,03-Jan-2030 10:22:10,55,NaN,NaN
Ground_Point_13,SAT_1,3,05-Jan-2030 22:53:40,05-Jan-2030 22:54:30,50,NaN,NaN
Ground_Point_13,SAT_1,4,07-Jan-2030 10:28:00,07-Jan-2030 10:29:15,75,NaN,NaN
Ground_Point_14,SAT_1,1,02-Jan-2030 22:25:30,02-Jan-2030 22:26:25,55,NaN,NaN
Ground_Point_14,SAT_1,2,04-Jan-2030 09:58:40,04-Jan-2030 09:59:25,45,NaN,NaN
Ground_Point_14,SAT_1,3,07-Jan-2030 22:11:00,07-Jan-2030 22:11:35,35,NaN,NaN
Ground_Point_15,SAT_1,1,03-Jan-2030 10:15:40,03-Jan-2030 10:17:00,80,NaN,NaN
Ground_Point_15,SAT_1,2,03-Jan-2030 22:08:00,03-Jan-2030 22:09:15,75,NaN,NaN
Ground_Point_15,SAT_1,3,07-Jan-2030 10:22:45,07-Jan-2030 10:23:45,60,NaN,NaN
Ground_Point_15,SAT_1,4,07-Jan-2030 22:15:00,07-Jan-2030 22:16:05,65,NaN,NaN
Ground_Point_16,SAT_1,1,02-Jan-2030 09:08:30,02-Jan-2030 09:09:45,75,NaN,NaN
Ground_Point_16,SAT_1,2,05-Jan-2030 21:18:55,05-Jan-2030 21:20:00,65,NaN,NaN
Ground_Point_16,SAT_1,3,06-Jan-2030 09:15:35,06-Jan-2030 09:16:30,55,NaN,NaN
Ground_Point_17,SAT_1,1,02-Jan-2030 10:40:20,02-Jan-2030 10:40:45,25,NaN,NaN
Ground_Point_17,SAT_1,2,02-Jan-2030 22:27:40,02-Jan-2030 22:28:40,60,NaN,NaN
Ground_Point_17,SAT_1,3,06-Jan-2030 22:34:25,06-Jan-2030 22:35:40,75,NaN,NaN
Ground_Point_17,SAT_1,4,07-Jan-2030 10:25:25,07-Jan-2030 10:26:25,60,NaN,NaN
Ground_Point_18,SAT_1,1,01-Jan-2030 00:41:35,01-Jan-2030 00:42:45,70,NaN,NaN
Ground_Point_18,SAT_1,2,02-Jan-2030 12:18:45,02-Jan-2030 12:20:00,75,NaN,NaN
Ground_Point_18,SAT_1,3,05-Jan-2030 00:48:45,05-Jan-2030 00:49:25,40,NaN,NaN
Ground_Point_18,SAT_1,4,06-Jan-2030 12:25:55,06-Jan-2030 12:26:45,50,NaN,NaN
Ground_Point_19,SAT_1,1,01-Jan-2030 00:39:30,01-Jan-2030 00:39:35,5,NaN,NaN
Ground_Point_19,SAT_1,2,02-Jan-2030 00:17:35,02-Jan-2030 00:18:15,40,NaN,NaN
Ground_Point_19,SAT_1,3,03-Jan-2030 11:59:25,03-Jan-2030 12:00:30,65,NaN,NaN
Ground_Point_19,SAT_1,4,06-Jan-2030 00:24:15,06-Jan-2030 00:25:25,70,NaN,NaN
Ground_Point_20,SAT_1,1,02-Jan-2030 00:21:20,02-Jan-2030 00:22:25,65,NaN,NaN
Ground_Point_20,SAT_1,2,03-Jan-2030 11:55:30,03-Jan-2030 11:56:35,65,NaN,NaN
Ground_Point_20,SAT_1,3,07-Jan-2030 12:02:20,07-Jan-2030 12:03:35,75,NaN,NaN
Ground_Point_21,SAT_1,1,03-Jan-2030 06:07:20,03-Jan-2030 06:08:30,70,NaN,NaN
Ground_Point_21,SAT_1,2,03-Jan-2030 16:49:10,03-Jan-2030 16:50:15,65,NaN,NaN
Ground_Point_21,SAT_1,3,04-Jan-2030 05:45:55,04-Jan-2030 05:46:35,40,NaN,NaN
Ground_Point_21,SAT_1,4,04-Jan-2030 16:27:35,04-Jan-2030 16:28:35,60,NaN,NaN
Ground_Point_21,SAT_1,5,07-Jan-2030 06:14:25,07-Jan-2030 06:15:15,50,NaN,NaN
Ground_Point_21,SAT_1,6,07-Jan-2030 16:56:25,07-Jan-2030 16:56:55,30,NaN,NaN
Ground_Point_22,SAT_1,1,03-Jan-2030 16:48:45,03-Jan-2030 16:49:10,25,NaN,NaN
Ground_Point_22,SAT_1,2,04-Jan-2030 05:46:10,04-Jan-2030 05:47:25,75,NaN,NaN
Ground_Point_22,SAT_1,3,04-Jan-2030 16:26:40,04-Jan-2030 16:27:55,75,NaN,NaN
Ground_Point_23,SAT_1,1,04-Jan-2030 05:45:10,04-Jan-2030 05:46:25,75,NaN,NaN
Ground_Point_23,SAT_1,2,04-Jan-2030 16:27:30,04-Jan-2030 16:28:40,70,NaN,NaN
Ground_Point_23,SAT_1,3,05-Jan-2030 16:06:00,05-Jan-2030 16:06:55,55,NaN,NaN
Ground_Point_24,SAT_1,1,04-Jan-2030 05:45:35,04-Jan-2030 05:46:50,75,NaN,NaN
Ground_Point_24,SAT_1,2,04-Jan-2030 16:27:05,04-Jan-2030 16:28:20,75,NaN,NaN
Ground_Point_24,SAT_1,3,05-Jan-2030 16:06:00,05-Jan-2030 16:06:10,10,NaN,NaN
Ground_Point_25,SAT_1,1,01-Jan-2030 05:17:00,01-Jan-2030 05:18:15,75,NaN,NaN
Ground_Point_25,SAT_1,2,01-Jan-2030 15:58:10,01-Jan-2030 15:59:20,70,NaN,NaN
Ground_Point_25,SAT_1,3,05-Jan-2030 05:23:55,05-Jan-2030 05:25:15,80,NaN,NaN
Ground_Point_25,SAT_1,4,05-Jan-2030 16:05:00,05-Jan-2030 16:06:20,80,NaN,NaN
Ground_Point_26,SAT_1,1,01-Jan-2030 05:16:15,01-Jan-2030 05:17:20,65,NaN,NaN
Ground_Point_26,SAT_1,2,01-Jan-2030 15:58:50,01-Jan-2030 15:59:30,40,NaN,NaN
Ground_Point_26,SAT_1,3,02-Jan-2030 04:54:40,02-Jan-2030 04:55:35,55,NaN,NaN
Ground_Point_26,SAT_1,4,02-Jan-2030 15:36:55,02-Jan-2030 15:38:05,70,NaN,NaN
Ground_Point_26,SAT_1,5,05-Jan-2030 05:23:25,05-Jan-2030 05:24:05,40,NaN,NaN
Ground_Point_26,SAT_1,6,06-Jan-2030 05:01:30,06-Jan-2030 05:02:40,70,NaN,NaN
Ground_Point_26,SAT_1,7,06-Jan-2030 15:43:45,06-Jan-2030 15:45:05,80,NaN,NaN
Ground_Point_27,SAT_1,1,01-Jan-2030 05:17:30,01-Jan-2030 05:18:30,60,NaN,NaN
Ground_Point_27,SAT_1,2,01-Jan-2030 15:57:30,01-Jan-2030 15:58:45,75,NaN,NaN
Ground_Point_27,SAT_1,3,02-Jan-2030 04:55:55,02-Jan-2030 04:56:45,50,NaN,NaN
Ground_Point_27,SAT_1,4,05-Jan-2030 05:24:40,05-Jan-2030 05:25:10,30,NaN,NaN
Ground_Point_27,SAT_1,5,05-Jan-2030 16:04:30,05-Jan-2030 16:05:40,70,NaN,NaN
Ground_Point_27,SAT_1,6,06-Jan-2030 05:02:40,06-Jan-2030 05:03:50,70,NaN,NaN
Ground_Point_27,SAT_1,7,06-Jan-2030 15:43:10,06-Jan-2030 15:43:40,30,NaN,NaN
Ground_Point_28,SAT_1,1,02-Jan-2030 17:08:05,02-Jan-2030 17:09:20,75,NaN,NaN
Ground_Point_28,SAT_1,2,03-Jan-2030 06:10:20,03-Jan-2030 06:11:20,60,NaN,NaN
Ground_Point_28,SAT_1,3,04-Jan-2030 05:49:00,04-Jan-2030 05:49:25,25,NaN,NaN
Ground_Point_28,SAT_1,4,06-Jan-2030 17:15:05,06-Jan-2030 17:16:10,65,NaN,NaN
Ground_Point_29,SAT_1,1,03-Jan-2030 16:46:25,03-Jan-2030 16:47:40,75,NaN,NaN
Ground_Point_29,SAT_1,2,04-Jan-2030 05:48:10,04-Jan-2030 05:49:10,60,NaN,NaN
Ground_Point_29,SAT_1,3,05-Jan-2030 05:26:50,05-Jan-2030 05:27:15,25,NaN,NaN
Ground_Point_29,SAT_1,4,07-Jan-2030 16:53:30,07-Jan-2030 16:54:30,60,NaN,NaN
Ground_Point_30,SAT_1,1,01-Jan-2030 15:55:55,01-Jan-2030 15:57:10,75,NaN,NaN
Ground_Point_30,SAT_1,2,02-Jan-2030 04:57:15,02-Jan-2030 04:58:30,75,NaN,NaN
Ground_Point_30,SAT_1,3,05-Jan-2030 16:02:50,05-Jan-2030 16:04:05,75,NaN,NaN
Ground_Point_30,SAT_1,4,06-Jan-2030 05:04:15,06-Jan-2030 05:05:25,70,NaN,NaN
Ground_Point_31,SAT_1,1,01-Jan-2030 05:18:10,01-Jan-2030 05:19:25,75,NaN,NaN
Ground_Point_31,SAT_1,2,01-Jan-2030 15:57:10,01-Jan-2030 15:58:00,50,NaN,NaN
Ground_Point_31,SAT_1,3,05-Jan-2030 05:25:10,05-Jan-2030 05:26:10,60,NaN,NaN
Ground_Point_31,SAT_1,4,05-Jan-2030 16:03:55,05-Jan-2030 16:05:05,70,NaN,NaN
Ground_Point_31,SAT_1,5,06-Jan-2030 05:03:40,06-Jan-2030 05:04:25,45,NaN,NaN
Ground_Point_32,SAT_1,1,03-Jan-2030 04:32:40,03-Jan-2030 04:33:55,75,NaN,NaN
Ground_Point_32,SAT_1,2,03-Jan-2030 15:14:50,03-Jan-2030 15:16:05,75,NaN,NaN
Ground_Point_32,SAT_1,3,07-Jan-2030 04:39:35,07-Jan-2030 04:40:50,75,NaN,NaN
Ground_Point_32,SAT_1,4,07-Jan-2030 15:21:50,07-Jan-2030 15:23:00,70,NaN,NaN
Ground_Point_33,SAT_1,1,02-Jan-2030 21:51:45,02-Jan-2030 21:53:00,75,NaN,NaN
Ground_Point_33,SAT_1,2,03-Jan-2030 10:53:55,03-Jan-2030 10:54:45,50,NaN,NaN
Ground_Point_33,SAT_1,3,04-Jan-2030 10:32:20,04-Jan-2030 10:33:05,45,NaN,NaN
Ground_Point_33,SAT_1,4,06-Jan-2030 21:58:50,06-Jan-2030 21:59:45,55,NaN,NaN
Ground_Point_33,SAT_1,5,07-Jan-2030 21:37:20,07-Jan-2030 21:38:05,45,NaN,NaN
Ground_Point_34,SAT_1,1,01-Jan-2030 22:13:25,01-Jan-2030 22:14:00,35,NaN,NaN
Ground_Point_34,SAT_1,2,02-Jan-2030 21:51:35,02-Jan-2030 21:52:30,55,NaN,NaN
Ground_Point_34,SAT_1,3,03-Jan-2030 10:54:20,03-Jan-2030 10:55:35,75,NaN,NaN
Ground_Point_34,SAT_1,4,06-Jan-2030 21:58:20,06-Jan-2030 21:59:35,75,NaN,NaN
Ground_Point_34,SAT_1,5,07-Jan-2030 11:01:20,07-Jan-2030 11:02:25,65,NaN,NaN
Ground_Point_35,SAT_1,1,03-Jan-2030 21:30:25,03-Jan-2030 21:31:40,75,NaN,NaN
Ground_Point_35,SAT_1,2,04-Jan-2030 10:31:30,04-Jan-2030 10:32:50,80,NaN,NaN
Ground_Point_35,SAT_1,3,07-Jan-2030 21:37:20,07-Jan-2030 21:38:35,75,NaN,NaN
Ground_Point_36,SAT_1,1,01-Jan-2030 11:37:20,01-Jan-2030 11:38:35,75,NaN,NaN
Ground_Point_36,SAT_1,2,04-Jan-2030 22:42:50,04-Jan-2030 22:44:10,80,NaN,NaN
Ground_Point_36,SAT_1,3,05-Jan-2030 11:44:15,05-Jan-2030 11:45:30,75,NaN,NaN
Ground_Point_37,SAT_1,1,02-Jan-2030 23:24:15,02-Jan-2030 23:25:30,75,NaN,NaN
Ground_Point_37,SAT_1,2,04-Jan-2030 12:08:35,04-Jan-2030 12:09:50,75,NaN,NaN
Ground_Point_37,SAT_1,3,06-Jan-2030 23:31:10,06-Jan-2030 23:32:25,75,NaN,NaN
Ground_Point_38,SAT_1,1,02-Jan-2030 23:23:25,02-Jan-2030 23:24:40,75,NaN,NaN
Ground_Point_38,SAT_1,2,04-Jan-2030 12:09:35,04-Jan-2030 12:10:15,40,NaN,NaN
Ground_Point_38,SAT_1,3,05-Jan-2030 11:48:10,05-Jan-2030 11:48:25,15,NaN,NaN
Ground_Point_38,SAT_1,4,06-Jan-2030 23:30:25,06-Jan-2030 23:31:30,65,NaN,NaN
Ground_Point_39,SAT_1,1,03-Jan-2030 00:59:10,03-Jan-2030 01:00:05,55,NaN,NaN
Ground_Point_39,SAT_1,2,04-Jan-2030 13:42:55,04-Jan-2030 13:43:50,55,NaN,NaN
Ground_Point_40,SAT_1,1,03-Jan-2030 01:00:10,03-Jan-2030 01:01:25,75,NaN,NaN
Ground_Point_40,SAT_1,2,03-Jan-2030 14:03:50,03-Jan-2030 14:04:40,50,NaN,NaN
Ground_Point_40,SAT_1,3,04-Jan-2030 13:42:20,04-Jan-2030 13:42:50,30,NaN,NaN
Ground_Point_40,SAT_1,4,07-Jan-2030 01:07:05,07-Jan-2030 01:08:20,75,NaN,NaN
Ground_Point_41,SAT_1,1,03-Jan-2030 01:02:45,03-Jan-2030 01:03:45,60,NaN,NaN
Ground_Point_41,SAT_1,2,03-Jan-2030 14:01:05,03-Jan-2030 14:02:25,80,NaN,NaN
Ground_Point_41,SAT_1,3,04-Jan-2030 00:41:10,04-Jan-2030 00:42:00,50,NaN,NaN
Ground_Point_41,SAT_1,4,07-Jan-2030 01:10:00,07-Jan-2030 01:10:25,25,NaN,NaN
Ground_Point_41,SAT_1,5,07-Jan-2030 14:08:05,07-Jan-2030 14:09:20,75,NaN,NaN
Ground_Point_42,SAT_1,1,01-Jan-2030 22:14:30,01-Jan-2030 22:15:30,60,NaN,NaN
Ground_Point_42,SAT_1,2,02-Jan-2030 11:14:55,02-Jan-2030 11:16:00,65,NaN,NaN
Ground_Point_42,SAT_1,3,02-Jan-2030 21:53:05,02-Jan-2030 21:53:40,35,NaN,NaN
Ground_Point_42,SAT_1,4,03-Jan-2030 10:53:40,03-Jan-2030 10:54:00,20,NaN,NaN
Ground_Point_42,SAT_1,5,05-Jan-2030 22:21:50,05-Jan-2030 22:22:05,15,NaN,NaN
Ground_Point_42,SAT_1,6,06-Jan-2030 11:22:10,06-Jan-2030 11:22:40,30,NaN,NaN
Ground_Point_42,SAT_1,7,06-Jan-2030 21:59:45,06-Jan-2030 22:00:50,65,NaN,NaN
Ground_Point_42,SAT_1,8,07-Jan-2030 11:00:15,07-Jan-2030 11:01:20,65,NaN,NaN
Ground_Point_43,SAT_1,1,02-Jan-2030 21:53:15,02-Jan-2030 21:53:55,40,NaN,NaN
Ground_Point_43,SAT_1,2,03-Jan-2030 10:52:35,03-Jan-2030 10:53:40,65,NaN,NaN
Ground_Point_43,SAT_1,3,03-Jan-2030 21:31:25,03-Jan-2030 21:32:25,60,NaN,NaN
Ground_Point_43,SAT_1,4,07-Jan-2030 10:59:40,07-Jan-2030 11:00:25,45,NaN,NaN
Ground_Point_43,SAT_1,5,07-Jan-2030 21:38:15,07-Jan-2030 21:39:30,75,NaN,NaN
Ground_Point_44,SAT_1,1,01-Jan-2030 23:42:35,01-Jan-2030 23:43:50,75,NaN,NaN
Ground_Point_44,SAT_1,2,04-Jan-2030 12:12:10,04-Jan-2030 12:13:15,65,NaN,NaN
Ground_Point_44,SAT_1,3,05-Jan-2030 23:49:35,05-Jan-2030 23:50:45,70,NaN,NaN
Ground_Point_45,SAT_1,1,02-Jan-2030 23:23:45,02-Jan-2030 23:24:45,60,NaN,NaN
Ground_Point_45,SAT_1,2,04-Jan-2030 12:09:15,04-Jan-2030 12:10:35,80,NaN,NaN
Ground_Point_45,SAT_1,3,06-Jan-2030 23:30:35,06-Jan-2030 23:31:50,75,NaN,NaN
Ground_Point_46,SAT_1,1,02-Jan-2030 01:52:35,02-Jan-2030 01:53:50,75,NaN,NaN
Ground_Point_46,SAT_1,2,03-Jan-2030 13:33:15,03-Jan-2030 13:33:55,40,NaN,NaN
Ground_Point_46,SAT_1,3,06-Jan-2030 01:59:35,06-Jan-2030 02:00:40,65,NaN,NaN
Ground_Point_47,SAT_1,1,02-Jan-2030 13:54:50,02-Jan-2030 13:56:10,80,NaN,NaN
Ground_Point_47,SAT_1,2,05-Jan-2030 02:21:45,05-Jan-2030 02:22:50,65,NaN,NaN
Ground_Point_47,SAT_1,3,06-Jan-2030 14:01:50,06-Jan-2030 14:03:05,75,NaN,NaN
Ground_Point_48,SAT_1,1,02-Jan-2030 03:25:20,02-Jan-2030 03:26:25,65,NaN,NaN
Ground_Point_48,SAT_1,2,04-Jan-2030 14:47:35,04-Jan-2030 14:48:40,65,NaN,NaN
Ground_Point_48,SAT_1,3,06-Jan-2030 03:32:35,06-Jan-2030 03:33:05,30,NaN,NaN
Ground_Point_48,SAT_1,4,07-Jan-2030 03:10:55,07-Jan-2030 03:11:30,35,NaN,NaN
Ground_Point_49,SAT_1,1,02-Jan-2030 03:26:00,02-Jan-2030 03:27:05,65,NaN,NaN
Ground_Point_49,SAT_1,2,04-Jan-2030 14:47:20,04-Jan-2030 14:48:15,55,NaN,NaN
Ground_Point_49,SAT_1,3,06-Jan-2030 03:32:50,06-Jan-2030 03:34:10,80,NaN,NaN
Ground_Point_50,SAT_1,1,01-Jan-2030 15:37:55,01-Jan-2030 15:39:05,70,NaN,NaN
Ground_Point_50,SAT_1,2,03-Jan-2030 03:18:55,03-Jan-2030 03:19:50,55,NaN,NaN
Ground_Point_50,SAT_1,3,05-Jan-2030 15:44:45,05-Jan-2030 15:46:05,80,NaN,NaN
Ground_Point_51,SAT_1,1,02-Jan-2030 05:06:40,02-Jan-2030 05:07:55,75,NaN,NaN
Ground_Point_51,SAT_1,2,02-Jan-2030 16:59:10,02-Jan-2030 17:00:25,75,NaN,NaN
Ground_Point_51,SAT_1,3,06-Jan-2030 05:13:35,06-Jan-2030 05:14:45,70,NaN,NaN
Ground_Point_51,SAT_1,4,06-Jan-2030 17:06:05,06-Jan-2030 17:07:20,75,NaN,NaN
Ground_Point_52,SAT_1,1,03-Jan-2030 08:02:10,03-Jan-2030 08:02:50,40,NaN,NaN
Ground_Point_52,SAT_1,2,04-Jan-2030 20:51:15,04-Jan-2030 20:51:45,30,NaN,NaN
Ground_Point_52,SAT_1,3,05-Jan-2030 20:29:45,05-Jan-2030 20:30:05,20,NaN,NaN
Ground_Point_52,SAT_1,4,07-Jan-2030 08:08:50,07-Jan-2030 08:10:00,70,NaN,NaN
Ground_Point_53,SAT_1,1,01-Jan-2030 20:22:20,01-Jan-2030 20:23:35,75,NaN,NaN
Ground_Point_53,SAT_1,2,03-Jan-2030 08:01:35,03-Jan-2030 08:02:45,70,NaN,NaN
Ground_Point_53,SAT_1,3,05-Jan-2030 20:29:15,05-Jan-2030 20:30:30,75,NaN,NaN
Ground_Point_53,SAT_1,4,07-Jan-2030 08:08:40,07-Jan-2030 08:09:25,45,NaN,NaN
Ground_Point_54,SAT_1,1,01-Jan-2030 08:48:25,01-Jan-2030 08:49:45,80,NaN,NaN
Ground_Point_54,SAT_1,2,02-Jan-2030 21:31:55,02-Jan-2030 21:33:10,75,NaN,NaN
Ground_Point_54,SAT_1,3,05-Jan-2030 08:55:25,05-Jan-2030 08:56:35,70,NaN,NaN
Ground_Point_54,SAT_1,4,06-Jan-2030 21:38:50,06-Jan-2030 21:40:05,75,NaN,NaN
Ground_Point_55,SAT_1,1,03-Jan-2030 09:38:55,03-Jan-2030 09:40:10,75,NaN,NaN
Ground_Point_55,SAT_1,2,04-Jan-2030 22:22:55,04-Jan-2030 22:24:15,80,NaN,NaN
Ground_Point_55,SAT_1,3,07-Jan-2030 09:45:50,07-Jan-2030 09:47:05,75,NaN,NaN
Ground_Point_1,SAT_2,1,03-Jan-2030 08:29:00,03-Jan-2030 08:30:20,80,NaN,NaN
Ground_Point_1,SAT_2,2,04-Jan-2030 21:11:00,04-Jan-2030 21:12:10,70,NaN,NaN
Ground_Point_1,SAT_2,3,07-Jan-2030 08:36:05,07-Jan-2030 08:37:05,60,NaN,NaN
Ground_Point_2,SAT_2,1,03-Jan-2030 08:28:30,03-Jan-2030 08:29:30,60,NaN,NaN
Ground_Point_2,SAT_2,2,04-Jan-2030 21:11:30,04-Jan-2030 21:12:40,70,NaN,NaN
Ground_Point_3,SAT_2,1,03-Jan-2030 08:29:00,03-Jan-2030 08:30:20,80,NaN,NaN
Ground_Point_3,SAT_2,2,04-Jan-2030 21:11:05,04-Jan-2030 21:12:10,65,NaN,NaN
Ground_Point_3,SAT_2,3,07-Jan-2030 08:36:00,07-Jan-2030 08:37:05,65,NaN,NaN
Ground_Point_4,SAT_2,1,01-Jan-2030 07:37:45,01-Jan-2030 07:39:05,80,NaN,NaN
Ground_Point_4,SAT_2,2,02-Jan-2030 20:20:40,02-Jan-2030 20:21:55,75,NaN,NaN
Ground_Point_4,SAT_2,3,05-Jan-2030 07:44:45,05-Jan-2030 07:45:55,70,NaN,NaN
Ground_Point_4,SAT_2,4,06-Jan-2030 20:27:35,06-Jan-2030 20:28:50,75,NaN,NaN
Ground_Point_5,SAT_2,1,01-Jan-2030 20:42:45,01-Jan-2030 20:44:00,75,NaN,NaN
Ground_Point_5,SAT_2,2,04-Jan-2030 08:06:35,04-Jan-2030 08:07:15,40,NaN,NaN
Ground_Point_5,SAT_2,3,05-Jan-2030 07:44:55,05-Jan-2030 07:45:40,45,NaN,NaN
Ground_Point_5,SAT_2,4,05-Jan-2030 20:49:50,05-Jan-2030 20:50:40,50,NaN,NaN
Ground_Point_5,SAT_2,5,06-Jan-2030 20:28:30,06-Jan-2030 20:28:45,15,NaN,NaN
Ground_Point_6,SAT_2,1,01-Jan-2030 07:38:05,01-Jan-2030 07:38:50,45,NaN,NaN
Ground_Point_6,SAT_2,2,01-Jan-2030 20:42:45,01-Jan-2030 20:43:40,55,NaN,NaN
Ground_Point_6,SAT_2,3,05-Jan-2030 07:44:45,05-Jan-2030 07:45:55,70,NaN,NaN
Ground_Point_6,SAT_2,4,06-Jan-2030 20:27:55,06-Jan-2030 20:29:00,65,NaN,NaN
Ground_Point_7,SAT_2,1,01-Jan-2030 09:13:30,01-Jan-2030 09:14:35,65,NaN,NaN
Ground_Point_7,SAT_2,2,02-Jan-2030 21:54:10,02-Jan-2030 21:55:20,70,NaN,NaN
Ground_Point_7,SAT_2,3,05-Jan-2030 09:20:45,05-Jan-2030 09:21:10,25,NaN,NaN
Ground_Point_7,SAT_2,4,06-Jan-2030 08:58:50,06-Jan-2030 08:59:50,60,NaN,NaN
Ground_Point_7,SAT_2,5,06-Jan-2030 22:01:00,06-Jan-2030 22:02:20,80,NaN,NaN
Ground_Point_8,SAT_2,1,02-Jan-2030 08:49:20,02-Jan-2030 08:50:35,75,NaN,NaN
Ground_Point_8,SAT_2,2,03-Jan-2030 21:34:25,03-Jan-2030 21:35:45,80,NaN,NaN
Ground_Point_8,SAT_2,3,06-Jan-2030 08:56:15,06-Jan-2030 08:57:30,75,NaN,NaN
Ground_Point_8,SAT_2,4,07-Jan-2030 21:41:30,07-Jan-2030 21:42:30,60,NaN,NaN
Ground_Point_9,SAT_2,1,02-Jan-2030 21:58:40,02-Jan-2030 21:59:55,75,NaN,NaN
Ground_Point_9,SAT_2,2,04-Jan-2030 09:37:50,04-Jan-2030 09:38:45,55,NaN,NaN
Ground_Point_9,SAT_2,3,06-Jan-2030 22:05:45,06-Jan-2030 22:06:35,50,NaN,NaN
Ground_Point_10,SAT_2,1,02-Jan-2030 21:58:45,02-Jan-2030 21:59:55,70,NaN,NaN
Ground_Point_10,SAT_2,2,04-Jan-2030 09:37:45,04-Jan-2030 09:38:40,55,NaN,NaN
Ground_Point_10,SAT_2,3,06-Jan-2030 22:05:50,06-Jan-2030 22:06:35,45,NaN,NaN
Ground_Point_11,SAT_2,1,02-Jan-2030 08:48:00,02-Jan-2030 08:48:45,45,NaN,NaN
Ground_Point_11,SAT_2,2,03-Jan-2030 21:36:10,03-Jan-2030 21:37:05,55,NaN,NaN
Ground_Point_11,SAT_2,3,06-Jan-2030 08:54:40,06-Jan-2030 08:55:55,75,NaN,NaN
Ground_Point_12,SAT_2,1,01-Jan-2030 22:26:10,01-Jan-2030 22:27:20,70,NaN,NaN
Ground_Point_12,SAT_2,2,02-Jan-2030 10:16:10,02-Jan-2030 10:17:05,55,NaN,NaN
Ground_Point_12,SAT_2,3,05-Jan-2030 22:33:15,05-Jan-2030 22:34:05,50,NaN,NaN
Ground_Point_12,SAT_2,4,06-Jan-2030 10:22:55,06-Jan-2030 10:24:10,75,NaN,NaN
Ground_Point_13,SAT_2,1,02-Jan-2030 10:19:40,02-Jan-2030 10:20:15,35,NaN,NaN
Ground_Point_13,SAT_2,2,04-Jan-2030 22:51:45,04-Jan-2030 22:52:45,60,NaN,NaN
Ground_Point_13,SAT_2,3,06-Jan-2030 10:26:15,06-Jan-2030 10:27:25,70,NaN,NaN
Ground_Point_14,SAT_2,1,01-Jan-2030 22:23:40,01-Jan-2030 22:24:45,65,NaN,NaN
Ground_Point_14,SAT_2,2,03-Jan-2030 09:57:00,03-Jan-2030 09:57:30,30,NaN,NaN
Ground_Point_14,SAT_2,3,07-Jan-2030 10:03:35,07-Jan-2030 10:04:45,70,NaN,NaN
Ground_Point_15,SAT_2,1,02-Jan-2030 10:13:55,02-Jan-2030 10:15:10,75,NaN,NaN
Ground_Point_15,SAT_2,2,02-Jan-2030 22:06:15,02-Jan-2030 22:07:30,75,NaN,NaN
Ground_Point_15,SAT_2,3,06-Jan-2030 10:20:55,06-Jan-2030 10:22:00,65,NaN,NaN
Ground_Point_15,SAT_2,4,06-Jan-2030 22:13:10,06-Jan-2030 22:14:20,70,NaN,NaN
Ground_Point_16,SAT_2,1,01-Jan-2030 09:06:45,01-Jan-2030 09:08:00,75,NaN,NaN
Ground_Point_16,SAT_2,2,04-Jan-2030 21:17:15,04-Jan-2030 21:18:10,55,NaN,NaN
Ground_Point_16,SAT_2,3,05-Jan-2030 09:13:45,05-Jan-2030 09:14:50,65,NaN,NaN
Ground_Point_17,SAT_2,1,01-Jan-2030 10:38:25,01-Jan-2030 10:39:10,45,NaN,NaN
Ground_Point_17,SAT_2,2,01-Jan-2030 22:26:00,01-Jan-2030 22:26:50,50,NaN,NaN
Ground_Point_17,SAT_2,3,05-Jan-2030 22:32:40,05-Jan-2030 22:33:55,75,NaN,NaN
Ground_Point_17,SAT_2,4,06-Jan-2030 10:23:40,06-Jan-2030 10:24:30,50,NaN,NaN
Ground_Point_18,SAT_2,1,01-Jan-2030 12:17:00,01-Jan-2030 12:18:15,75,NaN,NaN
Ground_Point_18,SAT_2,2,04-Jan-2030 00:46:50,04-Jan-2030 00:47:45,55,NaN,NaN
Ground_Point_18,SAT_2,3,05-Jan-2030 12:24:00,05-Jan-2030 12:25:05,65,NaN,NaN
Ground_Point_19,SAT_2,1,01-Jan-2030 00:16:00,01-Jan-2030 00:16:20,20,NaN,NaN
Ground_Point_19,SAT_2,2,02-Jan-2030 11:57:40,02-Jan-2030 11:58:50,70,NaN,NaN
Ground_Point_19,SAT_2,3,05-Jan-2030 00:22:30,05-Jan-2030 00:23:35,65,NaN,NaN
Ground_Point_19,SAT_2,4,06-Jan-2030 12:04:50,06-Jan-2030 12:05:25,35,NaN,NaN
Ground_Point_19,SAT_2,5,07-Jan-2030 11:43:15,07-Jan-2030 11:43:45,30,NaN,NaN
Ground_Point_20,SAT_2,1,01-Jan-2030 00:19:30,01-Jan-2030 00:20:40,70,NaN,NaN
Ground_Point_20,SAT_2,2,02-Jan-2030 11:53:50,02-Jan-2030 11:54:45,55,NaN,NaN
Ground_Point_20,SAT_2,3,05-Jan-2030 00:26:45,05-Jan-2030 00:27:15,30,NaN,NaN
Ground_Point_20,SAT_2,4,06-Jan-2030 12:00:30,06-Jan-2030 12:01:45,75,NaN,NaN
Ground_Point_21,SAT_2,1,02-Jan-2030 06:05:30,02-Jan-2030 06:06:45,75,NaN,NaN
Ground_Point_21,SAT_2,2,02-Jan-2030 16:47:25,02-Jan-2030 16:48:30,65,NaN,NaN
Ground_Point_21,SAT_2,3,03-Jan-2030 05:44:15,03-Jan-2030 05:44:40,25,NaN,NaN
Ground_Point_21,SAT_2,4,03-Jan-2030 16:25:55,03-Jan-2030 16:26:45,50,NaN,NaN
Ground_Point_21,SAT_2,5,06-Jan-2030 06:12:30,06-Jan-2030 06:13:30,60,NaN,NaN
Ground_Point_21,SAT_2,6,06-Jan-2030 16:54:30,06-Jan-2030 16:55:15,45,NaN,NaN
Ground_Point_21,SAT_2,7,07-Jan-2030 05:50:50,07-Jan-2030 05:51:50,60,NaN,NaN
Ground_Point_21,SAT_2,8,07-Jan-2030 16:32:35,07-Jan-2030 16:33:45,70,NaN,NaN
Ground_Point_22,SAT_2,1,02-Jan-2030 16:46:50,02-Jan-2030 16:47:30,40,NaN,NaN
Ground_Point_22,SAT_2,2,03-Jan-2030 05:44:25,03-Jan-2030 05:45:40,75,NaN,NaN
Ground_Point_22,SAT_2,3,03-Jan-2030 16:24:55,03-Jan-2030 16:26:05,70,NaN,NaN
Ground_Point_22,SAT_2,4,07-Jan-2030 05:51:20,07-Jan-2030 05:52:35,75,NaN,NaN
Ground_Point_22,SAT_2,5,07-Jan-2030 16:31:45,07-Jan-2030 16:33:05,80,NaN,NaN
Ground_Point_23,SAT_2,1,03-Jan-2030 05:43:25,03-Jan-2030 05:44:40,75,NaN,NaN
Ground_Point_23,SAT_2,2,03-Jan-2030 16:25:45,03-Jan-2030 16:26:55,70,NaN,NaN
Ground_Point_23,SAT_2,3,04-Jan-2030 16:04:15,04-Jan-2030 16:05:05,50,NaN,NaN
Ground_Point_23,SAT_2,4,07-Jan-2030 05:50:20,07-Jan-2030 05:51:30,70,NaN,NaN
Ground_Point_23,SAT_2,5,07-Jan-2030 16:32:50,07-Jan-2030 16:33:40,50,NaN,NaN
Ground_Point_24,SAT_2,1,03-Jan-2030 05:43:50,03-Jan-2030 05:45:05,75,NaN,NaN
Ground_Point_24,SAT_2,2,03-Jan-2030 16:25:15,03-Jan-2030 16:26:35,80,NaN,NaN
Ground_Point_24,SAT_2,3,07-Jan-2030 05:50:45,07-Jan-2030 05:51:55,70,NaN,NaN
Ground_Point_24,SAT_2,4,07-Jan-2030 16:32:15,07-Jan-2030 16:33:25,70,NaN,NaN
Ground_Point_25,SAT_2,1,04-Jan-2030 05:22:10,04-Jan-2030 05:23:25,75,NaN,NaN
Ground_Point_25,SAT_2,2,04-Jan-2030 16:03:15,04-Jan-2030 16:04:35,80,NaN,NaN
Ground_Point_26,SAT_2,1,01-Jan-2030 04:53:00,01-Jan-2030 04:53:45,45,NaN,NaN
Ground_Point_26,SAT_2,2,01-Jan-2030 15:35:10,01-Jan-2030 15:36:20,70,NaN,NaN
Ground_Point_26,SAT_2,3,04-Jan-2030 05:21:35,04-Jan-2030 05:22:25,50,NaN,NaN
Ground_Point_26,SAT_2,4,05-Jan-2030 04:59:45,05-Jan-2030 05:00:55,70,NaN,NaN
Ground_Point_26,SAT_2,5,05-Jan-2030 15:42:00,05-Jan-2030 15:43:20,80,NaN,NaN
Ground_Point_27,SAT_2,1,01-Jan-2030 04:54:15,01-Jan-2030 04:54:55,40,NaN,NaN
Ground_Point_27,SAT_2,2,04-Jan-2030 05:22:50,04-Jan-2030 05:23:30,40,NaN,NaN
Ground_Point_27,SAT_2,3,04-Jan-2030 16:02:40,04-Jan-2030 16:03:55,75,NaN,NaN
Ground_Point_27,SAT_2,4,05-Jan-2030 05:00:55,05-Jan-2030 05:02:00,65,NaN,NaN
Ground_Point_28,SAT_2,1,01-Jan-2030 17:06:20,01-Jan-2030 17:07:35,75,NaN,NaN
Ground_Point_28,SAT_2,2,02-Jan-2030 06:08:30,02-Jan-2030 06:09:35,65,NaN,NaN
Ground_Point_28,SAT_2,3,05-Jan-2030 17:13:15,05-Jan-2030 17:14:25,70,NaN,NaN
Ground_Point_28,SAT_2,4,06-Jan-2030 06:15:45,06-Jan-2030 06:16:10,25,NaN,NaN
Ground_Point_28,SAT_2,5,07-Jan-2030 05:53:50,07-Jan-2030 05:54:50,60,NaN,NaN
Ground_Point_29,SAT_2,1,02-Jan-2030 16:44:40,02-Jan-2030 16:45:55,75,NaN,NaN
Ground_Point_29,SAT_2,2,03-Jan-2030 05:46:20,03-Jan-2030 05:47:25,65,NaN,NaN
Ground_Point_29,SAT_2,3,06-Jan-2030 16:51:40,06-Jan-2030 16:52:45,65,NaN,NaN
Ground_Point_29,SAT_2,4,07-Jan-2030 05:53:35,07-Jan-2030 05:54:00,25,NaN,NaN
Ground_Point_29,SAT_2,5,07-Jan-2030 16:30:20,07-Jan-2030 16:30:45,25,NaN,NaN
Ground_Point_30,SAT_2,1,01-Jan-2030 04:55:30,01-Jan-2030 04:56:45,75,NaN,NaN
Ground_Point_30,SAT_2,2,04-Jan-2030 16:01:00,04-Jan-2030 16:02:20,80,NaN,NaN
Ground_Point_30,SAT_2,3,05-Jan-2030 05:02:25,05-Jan-2030 05:03:40,75,NaN,NaN
Ground_Point_31,SAT_2,1,03-Jan-2030 16:24:05,03-Jan-2030 16:24:40,35,NaN,NaN
Ground_Point_31,SAT_2,2,04-Jan-2030 05:23:25,04-Jan-2030 05:24:30,65,NaN,NaN
Ground_Point_31,SAT_2,3,04-Jan-2030 16:02:10,04-Jan-2030 16:03:15,65,NaN,NaN
Ground_Point_31,SAT_2,4,05-Jan-2030 05:02:00,05-Jan-2030 05:02:30,30,NaN,NaN
Ground_Point_32,SAT_2,1,01-Jan-2030 04:52:55,01-Jan-2030 04:53:20,25,NaN,NaN
Ground_Point_32,SAT_2,2,02-Jan-2030 04:30:55,02-Jan-2030 04:32:05,70,NaN,NaN
Ground_Point_32,SAT_2,3,02-Jan-2030 15:13:00,02-Jan-2030 15:14:20,80,NaN,NaN
Ground_Point_32,SAT_2,4,06-Jan-2030 04:37:45,06-Jan-2030 04:39:05,80,NaN,NaN
Ground_Point_32,SAT_2,5,06-Jan-2030 15:20:00,06-Jan-2030 15:21:15,75,NaN,NaN
Ground_Point_32,SAT_2,6,07-Jan-2030 14:58:45,07-Jan-2030 14:59:15,30,NaN,NaN
Ground_Point_33,SAT_2,1,01-Jan-2030 21:50:00,01-Jan-2030 21:51:15,75,NaN,NaN
Ground_Point_33,SAT_2,2,02-Jan-2030 10:52:05,02-Jan-2030 10:53:05,60,NaN,NaN
Ground_Point_33,SAT_2,3,03-Jan-2030 10:30:40,03-Jan-2030 10:31:15,35,NaN,NaN
Ground_Point_33,SAT_2,4,05-Jan-2030 21:57:00,05-Jan-2030 21:58:00,60,NaN,NaN
Ground_Point_33,SAT_2,5,06-Jan-2030 21:35:40,06-Jan-2030 21:36:05,25,NaN,NaN
Ground_Point_33,SAT_2,6,07-Jan-2030 10:37:20,07-Jan-2030 10:38:25,65,NaN,NaN
Ground_Point_34,SAT_2,1,01-Jan-2030 21:49:55,01-Jan-2030 21:50:40,45,NaN,NaN
Ground_Point_34,SAT_2,2,02-Jan-2030 10:52:35,02-Jan-2030 10:53:50,75,NaN,NaN
Ground_Point_34,SAT_2,3,05-Jan-2030 21:56:35,05-Jan-2030 21:57:50,75,NaN,NaN
Ground_Point_34,SAT_2,4,06-Jan-2030 10:59:30,06-Jan-2030 11:00:40,70,NaN,NaN
Ground_Point_35,SAT_2,1,02-Jan-2030 21:28:40,02-Jan-2030 21:29:50,70,NaN,NaN
Ground_Point_35,SAT_2,2,03-Jan-2030 10:29:45,03-Jan-2030 10:31:00,75,NaN,NaN
Ground_Point_35,SAT_2,3,06-Jan-2030 21:35:30,06-Jan-2030 21:36:50,80,NaN,NaN
Ground_Point_35,SAT_2,4,07-Jan-2030 10:36:40,07-Jan-2030 10:37:55,75,NaN,NaN
Ground_Point_36,SAT_2,1,03-Jan-2030 22:41:05,03-Jan-2030 22:42:20,75,NaN,NaN
Ground_Point_36,SAT_2,2,04-Jan-2030 11:42:30,04-Jan-2030 11:43:45,75,NaN,NaN
Ground_Point_36,SAT_2,3,07-Jan-2030 22:48:00,07-Jan-2030 22:49:15,75,NaN,NaN
Ground_Point_37,SAT_2,1,01-Jan-2030 23:22:30,01-Jan-2030 23:23:45,75,NaN,NaN
Ground_Point_37,SAT_2,2,03-Jan-2030 12:06:50,03-Jan-2030 12:08:05,75,NaN,NaN
Ground_Point_37,SAT_2,3,05-Jan-2030 23:29:25,05-Jan-2030 23:30:40,75,NaN,NaN
Ground_Point_37,SAT_2,4,07-Jan-2030 12:13:45,07-Jan-2030 12:14:55,70,NaN,NaN
Ground_Point_38,SAT_2,1,01-Jan-2030 23:21:40,01-Jan-2030 23:22:55,75,NaN,NaN
Ground_Point_38,SAT_2,2,03-Jan-2030 12:07:40,03-Jan-2030 12:08:35,55,NaN,NaN
Ground_Point_38,SAT_2,3,05-Jan-2030 23:28:35,05-Jan-2030 23:29:45,70,NaN,NaN
Ground_Point_39,SAT_2,1,02-Jan-2030 00:57:20,02-Jan-2030 00:58:25,65,NaN,NaN
Ground_Point_39,SAT_2,2,03-Jan-2030 13:41:05,03-Jan-2030 13:42:05,60,NaN,NaN
Ground_Point_39,SAT_2,3,06-Jan-2030 01:04:45,06-Jan-2030 01:04:50,5,NaN,NaN
Ground_Point_39,SAT_2,4,07-Jan-2030 00:42:40,07-Jan-2030 00:43:35,55,NaN,NaN
Ground_Point_39,SAT_2,5,07-Jan-2030 13:48:25,07-Jan-2030 13:48:30,5,NaN,NaN
Ground_Point_40,SAT_2,1,02-Jan-2030 00:58:25,02-Jan-2030 00:59:35,70,NaN,NaN
Ground_Point_40,SAT_2,2,02-Jan-2030 14:02:00,02-Jan-2030 14:02:55,55,NaN,NaN
Ground_Point_40,SAT_2,3,06-Jan-2030 01:05:15,06-Jan-2030 01:06:35,80,NaN,NaN
Ground_Point_40,SAT_2,4,07-Jan-2030 13:47:15,07-Jan-2030 13:48:15,60,NaN,NaN
Ground_Point_41,SAT_2,1,02-Jan-2030 01:00:55,02-Jan-2030 01:02:05,70,NaN,NaN
Ground_Point_41,SAT_2,2,02-Jan-2030 13:59:20,02-Jan-2030 14:00:35,75,NaN,NaN
Ground_Point_41,SAT_2,3,03-Jan-2030 00:39:30,03-Jan-2030 00:40:10,40,NaN,NaN
Ground_Point_41,SAT_2,4,06-Jan-2030 01:08:05,06-Jan-2030 01:08:45,40,NaN,NaN
Ground_Point_41,SAT_2,5,06-Jan-2030 14:06:15,06-Jan-2030 14:07:30,75,NaN,NaN
Ground_Point_41,SAT_2,6,07-Jan-2030 00:46:10,07-Jan-2030 00:47:20,70,NaN,NaN
Ground_Point_42,SAT_2,1,01-Jan-2030 11:13:10,01-Jan-2030 11:14:20,70,NaN,NaN
Ground_Point_42,SAT_2,2,01-Jan-2030 21:51:25,01-Jan-2030 21:51:45,20,NaN,NaN
Ground_Point_42,SAT_2,3,04-Jan-2030 22:19:50,04-Jan-2030 22:20:25,35,NaN,NaN
Ground_Point_42,SAT_2,4,05-Jan-2030 11:20:15,05-Jan-2030 11:21:00,45,NaN,NaN
Ground_Point_42,SAT_2,5,05-Jan-2030 21:58:00,05-Jan-2030 21:59:00,60,NaN,NaN
Ground_Point_42,SAT_2,6,06-Jan-2030 10:58:30,06-Jan-2030 10:59:25,55,NaN,NaN
Ground_Point_43,SAT_2,1,01-Jan-2030 21:51:20,01-Jan-2030 21:52:15,55,NaN,NaN
Ground_Point_43,SAT_2,2,02-Jan-2030 10:50:45,02-Jan-2030 10:52:00,75,NaN,NaN
Ground_Point_43,SAT_2,3,02-Jan-2030 21:29:45,02-Jan-2030 21:30:35,50,NaN,NaN
Ground_Point_43,SAT_2,4,06-Jan-2030 10:57:50,06-Jan-2030 10:58:45,55,NaN,NaN
Ground_Point_43,SAT_2,5,06-Jan-2030 21:36:25,06-Jan-2030 21:37:40,75,NaN,NaN
Ground_Point_43,SAT_2,6,07-Jan-2030 10:36:10,07-Jan-2030 10:37:00,50,NaN,NaN
Ground_Point_44,SAT_2,1,03-Jan-2030 12:10:20,03-Jan-2030 12:11:35,75,NaN,NaN
Ground_Point_44,SAT_2,2,04-Jan-2030 23:47:45,04-Jan-2030 23:49:00,75,NaN,NaN
Ground_Point_44,SAT_2,3,07-Jan-2030 12:17:30,07-Jan-2030 12:18:10,40,NaN,NaN
Ground_Point_45,SAT_2,1,01-Jan-2030 23:22:05,01-Jan-2030 23:22:55,50,NaN,NaN
Ground_Point_45,SAT_2,2,03-Jan-2030 12:07:30,03-Jan-2030 12:08:45,75,NaN,NaN
Ground_Point_45,SAT_2,3,05-Jan-2030 23:28:50,05-Jan-2030 23:30:05,75,NaN,NaN
Ground_Point_45,SAT_2,4,07-Jan-2030 12:14:25,07-Jan-2030 12:15:35,70,NaN,NaN
Ground_Point_46,SAT_2,1,01-Jan-2030 01:50:50,01-Jan-2030 01:52:05,75,NaN,NaN
Ground_Point_46,SAT_2,2,02-Jan-2030 13:31:25,02-Jan-2030 13:32:15,50,NaN,NaN
Ground_Point_46,SAT_2,3,05-Jan-2030 01:57:45,05-Jan-2030 01:59:00,75,NaN,NaN
Ground_Point_46,SAT_2,4,07-Jan-2030 13:16:40,07-Jan-2030 13:17:35,55,NaN,NaN
Ground_Point_47,SAT_2,1,01-Jan-2030 13:53:10,01-Jan-2030 13:54:20,70,NaN,NaN
Ground_Point_47,SAT_2,2,04-Jan-2030 02:20:05,04-Jan-2030 02:21:00,55,NaN,NaN
Ground_Point_47,SAT_2,3,05-Jan-2030 14:00:00,05-Jan-2030 14:01:15,75,NaN,NaN
Ground_Point_48,SAT_2,1,01-Jan-2030 03:23:30,01-Jan-2030 03:24:45,75,NaN,NaN
Ground_Point_48,SAT_2,2,03-Jan-2030 14:45:45,03-Jan-2030 14:46:55,70,NaN,NaN
Ground_Point_48,SAT_2,3,05-Jan-2030 03:30:40,05-Jan-2030 03:31:25,45,NaN,NaN
Ground_Point_48,SAT_2,4,06-Jan-2030 03:09:20,06-Jan-2030 03:09:30,10,NaN,NaN
Ground_Point_48,SAT_2,5,07-Jan-2030 14:53:00,07-Jan-2030 14:53:30,30,NaN,NaN
Ground_Point_49,SAT_2,1,01-Jan-2030 03:24:20,01-Jan-2030 03:25:20,60,NaN,NaN
Ground_Point_49,SAT_2,2,02-Jan-2030 15:07:25,02-Jan-2030 15:07:50,25,NaN,NaN
Ground_Point_49,SAT_2,3,03-Jan-2030 14:45:40,03-Jan-2030 14:46:20,40,NaN,NaN
Ground_Point_49,SAT_2,4,05-Jan-2030 03:31:05,05-Jan-2030 03:32:20,75,NaN,NaN
Ground_Point_49,SAT_2,5,07-Jan-2030 14:52:20,07-Jan-2030 14:53:30,70,NaN,NaN
Ground_Point_50,SAT_2,1,02-Jan-2030 03:17:05,02-Jan-2030 03:18:10,65,NaN,NaN
Ground_Point_50,SAT_2,2,04-Jan-2030 15:43:00,04-Jan-2030 15:44:20,80,NaN,NaN
Ground_Point_50,SAT_2,3,07-Jan-2030 03:02:35,07-Jan-2030 03:03:10,35,NaN,NaN
Ground_Point_51,SAT_2,1,01-Jan-2030 05:04:55,01-Jan-2030 05:06:05,70,NaN,NaN
Ground_Point_51,SAT_2,2,01-Jan-2030 16:57:25,01-Jan-2030 16:58:35,70,NaN,NaN
Ground_Point_51,SAT_2,3,05-Jan-2030 05:11:50,05-Jan-2030 05:13:00,70,NaN,NaN
Ground_Point_51,SAT_2,4,05-Jan-2030 17:04:15,05-Jan-2030 17:05:35,80,NaN,NaN
Ground_Point_52,SAT_2,1,01-Jan-2030 08:22:10,01-Jan-2030 08:22:35,25,NaN,NaN
Ground_Point_52,SAT_2,2,02-Jan-2030 08:00:35,02-Jan-2030 08:00:50,15,NaN,NaN
Ground_Point_52,SAT_2,3,03-Jan-2030 20:49:20,03-Jan-2030 20:50:05,45,NaN,NaN
Ground_Point_52,SAT_2,4,06-Jan-2030 08:07:05,06-Jan-2030 08:08:10,65,NaN,NaN
Ground_Point_53,SAT_2,1,02-Jan-2030 07:59:45,02-Jan-2030 08:01:00,75,NaN,NaN
Ground_Point_53,SAT_2,2,04-Jan-2030 20:27:30,04-Jan-2030 20:28:45,75,NaN,NaN
Ground_Point_53,SAT_2,3,06-Jan-2030 08:06:50,06-Jan-2030 08:07:45,55,NaN,NaN
Ground_Point_54,SAT_2,1,01-Jan-2030 21:30:10,01-Jan-2030 21:31:25,75,NaN,NaN
Ground_Point_54,SAT_2,2,04-Jan-2030 08:53:35,04-Jan-2030 08:54:50,75,NaN,NaN
Ground_Point_54,SAT_2,3,05-Jan-2030 21:37:00,05-Jan-2030 21:38:20,80,NaN,NaN
Ground_Point_55,SAT_2,1,02-Jan-2030 09:37:10,02-Jan-2030 09:38:25,75,NaN,NaN
Ground_Point_55,SAT_2,2,03-Jan-2030 22:21:10,03-Jan-2030 22:22:25,75,NaN,NaN
Ground_Point_55,SAT_2,3,06-Jan-2030 09:44:05,06-Jan-2030 09:45:20,75,NaN,NaN
Ground_Point_55,SAT_2,4,07-Jan-2030 22:28:05,07-Jan-2030 22:29:20,75,NaN,NaN
Ground_Point_1,SAT_3,1,02-Jan-2030 08:27:20,02-Jan-2030 08:28:40,80,NaN,NaN
Ground_Point_1,SAT_3,2,03-Jan-2030 21:09:25,03-Jan-2030 21:10:35,70,NaN,NaN
Ground_Point_1,SAT_3,3,06-Jan-2030 08:34:35,06-Jan-2030 08:35:40,65,NaN,NaN
Ground_Point_1,SAT_3,4,07-Jan-2030 21:16:30,07-Jan-2030 21:17:45,75,NaN,NaN
Ground_Point_2,SAT_3,1,02-Jan-2030 08:26:45,02-Jan-2030 08:27:50,65,NaN,NaN
Ground_Point_2,SAT_3,2,03-Jan-2030 21:09:55,03-Jan-2030 21:11:05,70,NaN,NaN
Ground_Point_2,SAT_3,3,06-Jan-2030 08:34:15,06-Jan-2030 08:34:35,20,NaN,NaN
Ground_Point_2,SAT_3,4,07-Jan-2030 08:12:20,07-Jan-2030 08:13:15,55,NaN,NaN
Ground_Point_2,SAT_3,5,07-Jan-2030 21:17:15,07-Jan-2030 21:18:00,45,NaN,NaN
Ground_Point_3,SAT_3,1,02-Jan-2030 08:27:20,02-Jan-2030 08:28:40,80,NaN,NaN
Ground_Point_3,SAT_3,2,03-Jan-2030 21:09:30,03-Jan-2030 21:10:35,65,NaN,NaN
Ground_Point_3,SAT_3,3,06-Jan-2030 08:34:30,06-Jan-2030 08:35:40,70,NaN,NaN
Ground_Point_3,SAT_3,4,07-Jan-2030 21:16:30,07-Jan-2030 21:17:45,75,NaN,NaN
Ground_Point_4,SAT_3,1,01-Jan-2030 20:19:00,01-Jan-2030 20:20:15,75,NaN,NaN
Ground_Point_4,SAT_3,2,04-Jan-2030 07:43:10,04-Jan-2030 07:44:20,70,NaN,NaN
Ground_Point_4,SAT_3,3,05-Jan-2030 20:26:05,05-Jan-2030 20:27:20,75,NaN,NaN
Ground_Point_5,SAT_3,1,03-Jan-2030 08:04:50,03-Jan-2030 08:05:45,55,NaN,NaN
Ground_Point_5,SAT_3,2,04-Jan-2030 07:43:30,04-Jan-2030 07:43:55,25,NaN,NaN
Ground_Point_5,SAT_3,3,04-Jan-2030 20:48:15,04-Jan-2030 20:49:15,60,NaN,NaN
Ground_Point_6,SAT_3,1,04-Jan-2030 07:43:10,04-Jan-2030 07:44:20,70,NaN,NaN
Ground_Point_6,SAT_3,2,05-Jan-2030 20:26:30,05-Jan-2030 20:27:25,55,NaN,NaN
Ground_Point_7,SAT_3,1,01-Jan-2030 21:52:30,01-Jan-2030 21:53:35,65,NaN,NaN
Ground_Point_7,SAT_3,2,04-Jan-2030 09:19:00,04-Jan-2030 09:19:40,40,NaN,NaN
Ground_Point_7,SAT_3,3,05-Jan-2030 08:57:20,05-Jan-2030 08:58:15,55,NaN,NaN
Ground_Point_7,SAT_3,4,05-Jan-2030 21:59:30,05-Jan-2030 22:00:50,80,NaN,NaN
Ground_Point_8,SAT_3,1,01-Jan-2030 08:47:40,01-Jan-2030 08:48:50,70,NaN,NaN
Ground_Point_8,SAT_3,2,02-Jan-2030 21:32:50,02-Jan-2030 21:34:05,75,NaN,NaN
Ground_Point_8,SAT_3,3,05-Jan-2030 08:54:40,05-Jan-2030 08:56:00,80,NaN,NaN
Ground_Point_8,SAT_3,4,06-Jan-2030 21:40:00,06-Jan-2030 21:41:05,65,NaN,NaN
Ground_Point_9,SAT_3,1,01-Jan-2030 21:56:55,01-Jan-2030 21:58:10,75,NaN,NaN
Ground_Point_9,SAT_3,2,03-Jan-2030 09:36:05,03-Jan-2030 09:37:10,65,NaN,NaN
Ground_Point_9,SAT_3,3,05-Jan-2030 22:04:10,05-Jan-2030 22:05:10,60,NaN,NaN
Ground_Point_10,SAT_3,1,01-Jan-2030 21:57:00,01-Jan-2030 21:58:15,75,NaN,NaN
Ground_Point_10,SAT_3,2,03-Jan-2030 09:36:05,03-Jan-2030 09:37:05,60,NaN,NaN
Ground_Point_10,SAT_3,3,05-Jan-2030 22:04:15,05-Jan-2030 22:05:10,55,NaN,NaN
Ground_Point_11,SAT_3,1,01-Jan-2030 08:46:30,01-Jan-2030 08:46:50,20,NaN,NaN
Ground_Point_11,SAT_3,2,02-Jan-2030 21:34:30,02-Jan-2030 21:35:30,60,NaN,NaN
Ground_Point_11,SAT_3,3,05-Jan-2030 08:53:10,05-Jan-2030 08:54:20,70,NaN,NaN
Ground_Point_11,SAT_3,4,07-Jan-2030 21:20:10,07-Jan-2030 21:20:50,40,NaN,NaN
Ground_Point_12,SAT_3,1,01-Jan-2030 10:14:30,01-Jan-2030 10:15:20,50,NaN,NaN
Ground_Point_12,SAT_3,2,04-Jan-2030 22:31:35,04-Jan-2030 22:32:35,60,NaN,NaN
Ground_Point_12,SAT_3,3,05-Jan-2030 10:21:25,05-Jan-2030 10:22:40,75,NaN,NaN
Ground_Point_13,SAT_3,1,03-Jan-2030 22:50:10,03-Jan-2030 22:51:15,65,NaN,NaN
Ground_Point_13,SAT_3,2,05-Jan-2030 10:24:45,05-Jan-2030 10:25:55,70,NaN,NaN
Ground_Point_13,SAT_3,3,07-Jan-2030 22:57:45,07-Jan-2030 22:57:50,5,NaN,NaN
Ground_Point_14,SAT_3,1,01-Jan-2030 10:17:05,01-Jan-2030 10:17:15,10,NaN,NaN
Ground_Point_14,SAT_3,2,04-Jan-2030 22:29:20,04-Jan-2030 22:29:50,30,NaN,NaN
Ground_Point_14,SAT_3,3,06-Jan-2030 10:02:10,06-Jan-2030 10:03:15,65,NaN,NaN
Ground_Point_15,SAT_3,1,01-Jan-2030 10:12:15,01-Jan-2030 10:13:30,75,NaN,NaN
Ground_Point_15,SAT_3,2,01-Jan-2030 22:04:35,01-Jan-2030 22:05:50,75,NaN,NaN
Ground_Point_15,SAT_3,3,05-Jan-2030 10:19:20,05-Jan-2030 10:20:35,75,NaN,NaN
Ground_Point_15,SAT_3,4,05-Jan-2030 22:11:40,05-Jan-2030 22:12:55,75,NaN,NaN
Ground_Point_16,SAT_3,1,03-Jan-2030 21:15:45,03-Jan-2030 21:16:30,45,NaN,NaN
Ground_Point_16,SAT_3,2,04-Jan-2030 09:12:10,04-Jan-2030 09:13:15,65,NaN,NaN
Ground_Point_16,SAT_3,3,07-Jan-2030 21:22:35,07-Jan-2030 21:23:50,75,NaN,NaN
Ground_Point_17,SAT_3,1,04-Jan-2030 22:31:10,04-Jan-2030 22:32:20,70,NaN,NaN
Ground_Point_17,SAT_3,2,05-Jan-2030 10:22:15,05-Jan-2030 10:22:50,35,NaN,NaN
Ground_Point_18,SAT_3,1,03-Jan-2030 00:45:10,03-Jan-2030 00:46:10,60,NaN,NaN
Ground_Point_18,SAT_3,2,04-Jan-2030 12:22:25,04-Jan-2030 12:23:35,70,NaN,NaN
Ground_Point_19,SAT_3,1,01-Jan-2030 11:55:55,01-Jan-2030 11:57:10,75,NaN,NaN
Ground_Point_19,SAT_3,2,04-Jan-2030 00:21:00,04-Jan-2030 00:22:00,60,NaN,NaN
Ground_Point_19,SAT_3,3,05-Jan-2030 12:03:15,05-Jan-2030 12:04:00,45,NaN,NaN
Ground_Point_20,SAT_3,1,01-Jan-2030 11:52:10,01-Jan-2030 11:52:55,45,NaN,NaN
Ground_Point_20,SAT_3,2,04-Jan-2030 00:25:00,04-Jan-2030 00:25:45,45,NaN,NaN
Ground_Point_20,SAT_3,3,05-Jan-2030 11:59:00,05-Jan-2030 12:00:15,75,NaN,NaN
Ground_Point_21,SAT_3,1,01-Jan-2030 06:03:45,01-Jan-2030 06:05:00,75,NaN,NaN
Ground_Point_21,SAT_3,2,01-Jan-2030 16:45:40,01-Jan-2030 16:46:50,70,NaN,NaN
Ground_Point_21,SAT_3,3,02-Jan-2030 16:24:20,02-Jan-2030 16:25:00,40,NaN,NaN
Ground_Point_21,SAT_3,4,05-Jan-2030 06:11:00,05-Jan-2030 06:12:00,60,NaN,NaN
Ground_Point_21,SAT_3,5,05-Jan-2030 16:52:55,05-Jan-2030 16:53:50,55,NaN,NaN
Ground_Point_21,SAT_3,6,06-Jan-2030 05:49:25,06-Jan-2030 05:50:20,55,NaN,NaN
Ground_Point_21,SAT_3,7,06-Jan-2030 16:31:10,06-Jan-2030 16:32:20,70,NaN,NaN
Ground_Point_22,SAT_3,1,01-Jan-2030 16:45:05,01-Jan-2030 16:45:55,50,NaN,NaN
Ground_Point_22,SAT_3,2,02-Jan-2030 05:42:45,02-Jan-2030 05:44:00,75,NaN,NaN
Ground_Point_22,SAT_3,3,02-Jan-2030 16:23:20,02-Jan-2030 16:24:25,65,NaN,NaN
Ground_Point_22,SAT_3,4,06-Jan-2030 05:49:50,06-Jan-2030 05:51:05,75,NaN,NaN
Ground_Point_22,SAT_3,5,06-Jan-2030 16:30:20,06-Jan-2030 16:31:35,75,NaN,NaN
Ground_Point_23,SAT_3,1,02-Jan-2030 05:41:40,02-Jan-2030 05:43:00,80,NaN,NaN
Ground_Point_23,SAT_3,2,02-Jan-2030 16:24:00,02-Jan-2030 16:25:15,75,NaN,NaN
Ground_Point_23,SAT_3,3,03-Jan-2030 16:02:45,03-Jan-2030 16:03:20,35,NaN,NaN
Ground_Point_23,SAT_3,4,06-Jan-2030 05:48:50,06-Jan-2030 05:50:05,75,NaN,NaN
Ground_Point_23,SAT_3,5,06-Jan-2030 16:31:20,06-Jan-2030 16:32:15,55,NaN,NaN
Ground_Point_23,SAT_3,6,07-Jan-2030 05:27:35,07-Jan-2030 05:28:10,35,NaN,NaN
Ground_Point_23,SAT_3,7,07-Jan-2030 16:09:35,07-Jan-2030 16:10:40,65,NaN,NaN
Ground_Point_24,SAT_3,1,02-Jan-2030 05:42:05,02-Jan-2030 05:43:25,80,NaN,NaN
Ground_Point_24,SAT_3,2,02-Jan-2030 16:23:35,02-Jan-2030 16:24:55,80,NaN,NaN
Ground_Point_24,SAT_3,3,06-Jan-2030 05:49:15,06-Jan-2030 05:50:25,70,NaN,NaN
Ground_Point_24,SAT_3,4,06-Jan-2030 16:30:50,06-Jan-2030 16:32:00,70,NaN,NaN
Ground_Point_24,SAT_3,5,07-Jan-2030 05:28:00,07-Jan-2030 05:28:30,30,NaN,NaN
Ground_Point_24,SAT_3,6,07-Jan-2030 16:09:25,07-Jan-2030 16:10:10,45,NaN,NaN
Ground_Point_25,SAT_3,1,03-Jan-2030 05:20:30,03-Jan-2030 05:21:50,80,NaN,NaN
Ground_Point_25,SAT_3,2,03-Jan-2030 16:01:40,03-Jan-2030 16:02:55,75,NaN,NaN
Ground_Point_25,SAT_3,3,07-Jan-2030 05:27:40,07-Jan-2030 05:28:55,75,NaN,NaN
Ground_Point_25,SAT_3,4,07-Jan-2030 16:08:45,07-Jan-2030 16:10:05,80,NaN,NaN
Ground_Point_26,SAT_3,1,03-Jan-2030 05:19:50,03-Jan-2030 05:20:50,60,NaN,NaN
Ground_Point_26,SAT_3,2,04-Jan-2030 04:58:10,04-Jan-2030 04:59:15,65,NaN,NaN
Ground_Point_26,SAT_3,3,04-Jan-2030 15:40:25,04-Jan-2030 15:41:45,80,NaN,NaN
Ground_Point_27,SAT_3,1,03-Jan-2030 05:21:05,03-Jan-2030 05:21:55,50,NaN,NaN
Ground_Point_27,SAT_3,2,03-Jan-2030 16:01:05,03-Jan-2030 16:02:20,75,NaN,NaN
Ground_Point_27,SAT_3,3,04-Jan-2030 04:59:25,04-Jan-2030 05:00:25,60,NaN,NaN
Ground_Point_27,SAT_3,4,07-Jan-2030 16:08:15,07-Jan-2030 16:09:20,65,NaN,NaN
Ground_Point_28,SAT_3,1,01-Jan-2030 06:06:45,01-Jan-2030 06:07:55,70,NaN,NaN
Ground_Point_28,SAT_3,2,04-Jan-2030 17:11:40,04-Jan-2030 17:12:55,75,NaN,NaN
Ground_Point_28,SAT_3,3,05-Jan-2030 06:14:05,05-Jan-2030 06:14:45,40,NaN,NaN
Ground_Point_28,SAT_3,4,06-Jan-2030 05:52:25,06-Jan-2030 05:53:15,50,NaN,NaN
Ground_Point_29,SAT_3,1,01-Jan-2030 16:42:55,01-Jan-2030 16:44:15,80,NaN,NaN
Ground_Point_29,SAT_3,2,02-Jan-2030 05:44:40,02-Jan-2030 05:45:50,70,NaN,NaN
Ground_Point_29,SAT_3,3,05-Jan-2030 16:50:10,05-Jan-2030 16:51:15,65,NaN,NaN
Ground_Point_29,SAT_3,4,06-Jan-2030 05:52:00,06-Jan-2030 05:52:40,40,NaN,NaN
Ground_Point_29,SAT_3,5,07-Jan-2030 05:30:20,07-Jan-2030 05:31:10,50,NaN,NaN
Ground_Point_30,SAT_3,1,03-Jan-2030 15:59:25,03-Jan-2030 16:00:45,80,NaN,NaN
Ground_Point_30,SAT_3,2,04-Jan-2030 05:00:50,04-Jan-2030 05:02:05,75,NaN,NaN
Ground_Point_30,SAT_3,3,07-Jan-2030 16:06:35,07-Jan-2030 16:07:45,70,NaN,NaN
Ground_Point_31,SAT_3,1,02-Jan-2030 16:22:20,02-Jan-2030 16:23:05,45,NaN,NaN
Ground_Point_31,SAT_3,2,03-Jan-2030 05:21:45,03-Jan-2030 05:22:55,70,NaN,NaN
Ground_Point_31,SAT_3,3,03-Jan-2030 16:00:35,03-Jan-2030 16:01:40,65,NaN,NaN
Ground_Point_31,SAT_3,4,07-Jan-2030 05:29:00,07-Jan-2030 05:29:45,45,NaN,NaN
Ground_Point_31,SAT_3,5,07-Jan-2030 16:07:35,07-Jan-2030 16:08:50,75,NaN,NaN
Ground_Point_32,SAT_3,1,01-Jan-2030 04:29:10,01-Jan-2030 04:30:20,70,NaN,NaN
Ground_Point_32,SAT_3,2,01-Jan-2030 15:11:20,01-Jan-2030 15:12:40,80,NaN,NaN
Ground_Point_32,SAT_3,3,05-Jan-2030 04:36:15,05-Jan-2030 04:37:30,75,NaN,NaN
Ground_Point_32,SAT_3,4,05-Jan-2030 15:18:25,05-Jan-2030 15:19:45,80,NaN,NaN
Ground_Point_32,SAT_3,5,06-Jan-2030 14:57:25,06-Jan-2030 14:57:35,10,NaN,NaN
Ground_Point_33,SAT_3,1,01-Jan-2030 10:50:20,01-Jan-2030 10:51:25,65,NaN,NaN
Ground_Point_33,SAT_3,2,02-Jan-2030 10:29:10,02-Jan-2030 10:29:20,10,NaN,NaN
Ground_Point_33,SAT_3,3,04-Jan-2030 21:55:25,04-Jan-2030 21:56:30,65,NaN,NaN
Ground_Point_33,SAT_3,4,05-Jan-2030 10:57:50,05-Jan-2030 10:58:05,15,NaN,NaN
Ground_Point_33,SAT_3,5,06-Jan-2030 10:35:50,06-Jan-2030 10:36:55,65,NaN,NaN
Ground_Point_34,SAT_3,1,01-Jan-2030 10:50:50,01-Jan-2030 10:52:05,75,NaN,NaN
Ground_Point_34,SAT_3,2,04-Jan-2030 21:55:05,04-Jan-2030 21:56:15,70,NaN,NaN
Ground_Point_34,SAT_3,3,05-Jan-2030 10:58:00,05-Jan-2030 10:59:10,70,NaN,NaN
Ground_Point_35,SAT_3,1,01-Jan-2030 21:27:00,01-Jan-2030 21:28:10,70,NaN,NaN
Ground_Point_35,SAT_3,2,02-Jan-2030 10:28:05,02-Jan-2030 10:29:20,75,NaN,NaN
Ground_Point_35,SAT_3,3,05-Jan-2030 21:34:00,05-Jan-2030 21:35:20,80,NaN,NaN
Ground_Point_35,SAT_3,4,06-Jan-2030 10:35:10,06-Jan-2030 10:36:30,80,NaN,NaN
Ground_Point_36,SAT_3,1,02-Jan-2030 22:39:25,02-Jan-2030 22:40:45,80,NaN,NaN
Ground_Point_36,SAT_3,2,03-Jan-2030 11:40:50,03-Jan-2030 11:42:05,75,NaN,NaN
Ground_Point_36,SAT_3,3,06-Jan-2030 22:46:35,06-Jan-2030 22:47:50,75,NaN,NaN
Ground_Point_36,SAT_3,4,07-Jan-2030 11:48:05,07-Jan-2030 11:49:05,60,NaN,NaN
Ground_Point_37,SAT_3,1,02-Jan-2030 12:05:10,02-Jan-2030 12:06:25,75,NaN,NaN
Ground_Point_37,SAT_3,2,04-Jan-2030 23:27:50,04-Jan-2030 23:29:05,75,NaN,NaN
Ground_Point_37,SAT_3,3,06-Jan-2030 12:12:20,06-Jan-2030 12:13:30,70,NaN,NaN
Ground_Point_38,SAT_3,1,02-Jan-2030 12:06:00,02-Jan-2030 12:07:00,60,NaN,NaN
Ground_Point_38,SAT_3,2,04-Jan-2030 23:27:00,04-Jan-2030 23:28:15,75,NaN,NaN
Ground_Point_38,SAT_3,3,07-Jan-2030 11:51:35,07-Jan-2030 11:52:25,50,NaN,NaN
Ground_Point_39,SAT_3,1,01-Jan-2030 00:55:35,01-Jan-2030 00:56:40,65,NaN,NaN
Ground_Point_39,SAT_3,2,02-Jan-2030 13:39:20,02-Jan-2030 13:40:30,70,NaN,NaN
Ground_Point_39,SAT_3,3,05-Jan-2030 01:03:00,05-Jan-2030 01:03:30,30,NaN,NaN
Ground_Point_39,SAT_3,4,06-Jan-2030 00:41:15,06-Jan-2030 00:42:05,50,NaN,NaN
Ground_Point_39,SAT_3,5,06-Jan-2030 13:46:45,06-Jan-2030 13:47:15,30,NaN,NaN
Ground_Point_39,SAT_3,6,07-Jan-2030 13:25:05,07-Jan-2030 13:25:45,40,NaN,NaN
Ground_Point_40,SAT_3,1,01-Jan-2030 00:56:40,01-Jan-2030 00:57:50,70,NaN,NaN
Ground_Point_40,SAT_3,2,01-Jan-2030 14:00:15,01-Jan-2030 14:01:20,65,NaN,NaN
Ground_Point_40,SAT_3,3,05-Jan-2030 01:03:45,05-Jan-2030 01:05:00,75,NaN,NaN
Ground_Point_40,SAT_3,4,05-Jan-2030 14:07:40,05-Jan-2030 14:08:00,20,NaN,NaN
Ground_Point_40,SAT_3,5,06-Jan-2030 13:45:50,06-Jan-2030 13:46:45,55,NaN,NaN
Ground_Point_41,SAT_3,1,01-Jan-2030 00:59:10,01-Jan-2030 01:00:20,70,NaN,NaN
Ground_Point_41,SAT_3,2,01-Jan-2030 13:57:40,01-Jan-2030 13:58:50,70,NaN,NaN
Ground_Point_41,SAT_3,3,02-Jan-2030 00:38:00,02-Jan-2030 00:38:20,20,NaN,NaN
Ground_Point_41,SAT_3,4,05-Jan-2030 01:06:30,05-Jan-2030 01:07:15,45,NaN,NaN
Ground_Point_41,SAT_3,5,05-Jan-2030 14:04:45,05-Jan-2030 14:06:00,75,NaN,NaN
Ground_Point_41,SAT_3,6,06-Jan-2030 00:44:45,06-Jan-2030 00:45:50,65,NaN,NaN
Ground_Point_42,SAT_3,1,03-Jan-2030 22:18:10,03-Jan-2030 22:18:55,45,NaN,NaN
Ground_Point_42,SAT_3,2,04-Jan-2030 11:18:40,04-Jan-2030 11:19:30,50,NaN,NaN
Ground_Point_42,SAT_3,3,04-Jan-2030 21:56:30,04-Jan-2030 21:57:25,55,NaN,NaN
Ground_Point_42,SAT_3,4,05-Jan-2030 10:57:05,05-Jan-2030 10:57:50,45,NaN,NaN
Ground_Point_43,SAT_3,1,01-Jan-2030 10:49:00,01-Jan-2030 10:50:15,75,NaN,NaN
Ground_Point_43,SAT_3,2,01-Jan-2030 21:28:05,01-Jan-2030 21:28:50,45,NaN,NaN
Ground_Point_43,SAT_3,3,04-Jan-2030 21:57:10,04-Jan-2030 21:57:15,5,NaN,NaN
Ground_Point_43,SAT_3,4,05-Jan-2030 10:56:15,05-Jan-2030 10:57:15,60,NaN,NaN
Ground_Point_43,SAT_3,5,05-Jan-2030 21:35:00,05-Jan-2030 21:36:10,70,NaN,NaN
Ground_Point_43,SAT_3,6,06-Jan-2030 10:34:50,06-Jan-2030 10:35:30,40,NaN,NaN
Ground_Point_44,SAT_3,1,02-Jan-2030 12:08:40,02-Jan-2030 12:09:55,75,NaN,NaN
Ground_Point_44,SAT_3,2,03-Jan-2030 23:46:10,03-Jan-2030 23:47:25,75,NaN,NaN
Ground_Point_44,SAT_3,3,06-Jan-2030 12:15:55,06-Jan-2030 12:16:50,55,NaN,NaN
Ground_Point_44,SAT_3,4,07-Jan-2030 23:53:25,07-Jan-2030 23:54:20,55,NaN,NaN
Ground_Point_45,SAT_3,1,02-Jan-2030 12:05:50,02-Jan-2030 12:07:05,75,NaN,NaN
Ground_Point_45,SAT_3,2,04-Jan-2030 23:27:15,04-Jan-2030 23:28:30,75,NaN,NaN
Ground_Point_45,SAT_3,3,06-Jan-2030 12:13:00,06-Jan-2030 12:14:10,70,NaN,NaN
Ground_Point_46,SAT_3,1,01-Jan-2030 13:29:35,01-Jan-2030 13:30:35,60,NaN,NaN
Ground_Point_46,SAT_3,2,04-Jan-2030 01:56:10,04-Jan-2030 01:57:25,75,NaN,NaN
Ground_Point_46,SAT_3,3,06-Jan-2030 13:15:15,06-Jan-2030 13:16:05,50,NaN,NaN
Ground_Point_47,SAT_3,1,03-Jan-2030 02:18:30,03-Jan-2030 02:19:20,50,NaN,NaN
Ground_Point_47,SAT_3,2,04-Jan-2030 13:58:25,04-Jan-2030 13:59:45,80,NaN,NaN
Ground_Point_47,SAT_3,3,07-Jan-2030 02:25:25,07-Jan-2030 02:26:35,70,NaN,NaN
Ground_Point_48,SAT_3,1,02-Jan-2030 14:44:05,02-Jan-2030 14:45:15,70,NaN,NaN
Ground_Point_48,SAT_3,2,04-Jan-2030 03:29:00,04-Jan-2030 03:29:55,55,NaN,NaN
Ground_Point_48,SAT_3,3,06-Jan-2030 14:51:25,06-Jan-2030 14:52:10,45,NaN,NaN
Ground_Point_48,SAT_3,4,07-Jan-2030 14:30:00,07-Jan-2030 14:30:25,25,NaN,NaN
Ground_Point_49,SAT_3,1,01-Jan-2030 15:05:35,01-Jan-2030 15:06:15,40,NaN,NaN
Ground_Point_49,SAT_3,2,02-Jan-2030 14:44:10,02-Jan-2030 14:44:30,20,NaN,NaN
Ground_Point_49,SAT_3,3,04-Jan-2030 03:29:30,04-Jan-2030 03:30:45,75,NaN,NaN
Ground_Point_49,SAT_3,4,06-Jan-2030 14:50:50,06-Jan-2030 14:52:00,70,NaN,NaN
Ground_Point_50,SAT_3,1,01-Jan-2030 03:15:15,01-Jan-2030 03:16:25,70,NaN,NaN
Ground_Point_50,SAT_3,2,03-Jan-2030 15:41:25,03-Jan-2030 15:42:40,75,NaN,NaN
Ground_Point_50,SAT_3,3,05-Jan-2030 03:22:40,05-Jan-2030 03:23:10,30,NaN,NaN
Ground_Point_50,SAT_3,4,06-Jan-2030 03:01:15,06-Jan-2030 03:01:30,15,NaN,NaN
Ground_Point_50,SAT_3,5,07-Jan-2030 15:48:30,07-Jan-2030 15:49:45,75,NaN,NaN
Ground_Point_51,SAT_3,1,04-Jan-2030 05:10:10,04-Jan-2030 05:11:30,80,NaN,NaN
Ground_Point_51,SAT_3,2,04-Jan-2030 17:02:45,04-Jan-2030 17:04:00,75,NaN,NaN
Ground_Point_52,SAT_3,1,02-Jan-2030 20:47:40,02-Jan-2030 20:48:35,55,NaN,NaN
Ground_Point_52,SAT_3,2,05-Jan-2030 08:05:35,05-Jan-2030 08:06:35,60,NaN,NaN
Ground_Point_52,SAT_3,3,07-Jan-2030 20:33:10,07-Jan-2030 20:34:05,55,NaN,NaN
Ground_Point_53,SAT_3,1,01-Jan-2030 07:58:00,01-Jan-2030 07:59:20,80,NaN,NaN
Ground_Point_53,SAT_3,2,03-Jan-2030 20:25:50,03-Jan-2030 20:27:10,80,NaN,NaN
Ground_Point_53,SAT_3,3,05-Jan-2030 08:05:15,05-Jan-2030 08:06:15,60,NaN,NaN
Ground_Point_53,SAT_3,4,07-Jan-2030 20:33:05,07-Jan-2030 20:34:10,65,NaN,NaN
Ground_Point_54,SAT_3,1,03-Jan-2030 08:52:00,03-Jan-2030 08:53:15,75,NaN,NaN
Ground_Point_54,SAT_3,2,04-Jan-2030 21:35:30,04-Jan-2030 21:36:45,75,NaN,NaN
Ground_Point_54,SAT_3,3,07-Jan-2030 08:59:10,07-Jan-2030 09:00:15,65,NaN,NaN
Ground_Point_55,SAT_3,1,01-Jan-2030 09:35:30,01-Jan-2030 09:36:40,70,NaN,NaN
Ground_Point_55,SAT_3,2,02-Jan-2030 22:19:30,02-Jan-2030 22:20:45,75,NaN,NaN
Ground_Point_55,SAT_3,3,05-Jan-2030 09:42:30,05-Jan-2030 09:43:45,75,NaN,NaN
Ground_Point_55,SAT_3,4,06-Jan-2030 22:26:35,06-Jan-2030 22:27:55,80,NaN,NaN
Ground_Point_1,SAT_4,1,01-Jan-2030 08:25:30,01-Jan-2030 08:26:50,80,NaN,NaN
Ground_Point_1,SAT_4,2,02-Jan-2030 21:07:35,02-Jan-2030 21:08:35,60,NaN,NaN
Ground_Point_1,SAT_4,3,05-Jan-2030 08:32:30,05-Jan-2030 08:33:45,75,NaN,NaN
Ground_Point_1,SAT_4,4,06-Jan-2030 21:14:25,06-Jan-2030 21:15:40,75,NaN,NaN
Ground_Point_2,SAT_4,1,01-Jan-2030 08:24:55,01-Jan-2030 08:26:05,70,NaN,NaN
Ground_Point_2,SAT_4,2,02-Jan-2030 21:08:00,02-Jan-2030 21:09:15,75,NaN,NaN
Ground_Point_2,SAT_4,3,05-Jan-2030 08:32:05,05-Jan-2030 08:32:45,40,NaN,NaN
Ground_Point_2,SAT_4,4,06-Jan-2030 08:10:25,06-Jan-2030 08:11:05,40,NaN,NaN
Ground_Point_2,SAT_4,5,06-Jan-2030 21:15:05,06-Jan-2030 21:16:00,55,NaN,NaN
Ground_Point_3,SAT_4,1,01-Jan-2030 08:25:30,01-Jan-2030 08:26:50,80,NaN,NaN
Ground_Point_3,SAT_4,2,01-Jan-2030 21:29:35,01-Jan-2030 21:30:00,25,NaN,NaN
Ground_Point_3,SAT_4,3,02-Jan-2030 21:07:40,02-Jan-2030 21:08:35,55,NaN,NaN
Ground_Point_3,SAT_4,4,05-Jan-2030 08:32:30,05-Jan-2030 08:33:45,75,NaN,NaN
Ground_Point_3,SAT_4,5,06-Jan-2030 21:14:30,06-Jan-2030 21:15:40,70,NaN,NaN
Ground_Point_4,SAT_4,1,03-Jan-2030 07:41:15,03-Jan-2030 07:42:30,75,NaN,NaN
Ground_Point_4,SAT_4,2,04-Jan-2030 20:24:05,04-Jan-2030 20:25:25,80,NaN,NaN
Ground_Point_4,SAT_4,3,07-Jan-2030 07:48:20,07-Jan-2030 07:49:15,55,NaN,NaN
Ground_Point_5,SAT_4,1,02-Jan-2030 08:02:55,02-Jan-2030 08:03:55,60,NaN,NaN
Ground_Point_5,SAT_4,2,03-Jan-2030 20:46:15,03-Jan-2030 20:47:20,65,NaN,NaN
Ground_Point_5,SAT_4,3,07-Jan-2030 07:48:15,07-Jan-2030 07:49:15,60,NaN,NaN
Ground_Point_5,SAT_4,4,07-Jan-2030 20:53:30,07-Jan-2030 20:53:55,25,NaN,NaN
Ground_Point_6,SAT_4,1,03-Jan-2030 07:41:20,03-Jan-2030 07:42:25,65,NaN,NaN
Ground_Point_6,SAT_4,2,03-Jan-2030 20:46:20,03-Jan-2030 20:46:55,35,NaN,NaN
Ground_Point_6,SAT_4,3,04-Jan-2030 20:24:35,04-Jan-2030 20:25:20,45,NaN,NaN
Ground_Point_6,SAT_4,4,07-Jan-2030 07:48:10,07-Jan-2030 07:49:25,75,NaN,NaN
Ground_Point_7,SAT_4,1,03-Jan-2030 09:17:00,03-Jan-2030 09:17:55,55,NaN,NaN
Ground_Point_7,SAT_4,2,04-Jan-2030 08:55:30,04-Jan-2030 08:56:10,40,NaN,NaN
Ground_Point_7,SAT_4,3,04-Jan-2030 21:57:35,04-Jan-2030 21:58:50,75,NaN,NaN
Ground_Point_8,SAT_4,1,01-Jan-2030 21:31:00,01-Jan-2030 21:32:15,75,NaN,NaN
Ground_Point_8,SAT_4,2,04-Jan-2030 08:52:45,04-Jan-2030 08:54:00,75,NaN,NaN
Ground_Point_8,SAT_4,3,05-Jan-2030 21:37:55,05-Jan-2030 21:39:05,70,NaN,NaN
Ground_Point_9,SAT_4,1,02-Jan-2030 09:34:10,02-Jan-2030 09:35:20,70,NaN,NaN
Ground_Point_9,SAT_4,2,04-Jan-2030 22:02:10,04-Jan-2030 22:03:15,65,NaN,NaN
Ground_Point_9,SAT_4,3,06-Jan-2030 09:41:25,06-Jan-2030 09:42:00,35,NaN,NaN
Ground_Point_9,SAT_4,4,07-Jan-2030 09:20:05,07-Jan-2030 09:20:10,5,NaN,NaN
Ground_Point_10,SAT_4,1,02-Jan-2030 09:34:10,02-Jan-2030 09:35:20,70,NaN,NaN
Ground_Point_10,SAT_4,2,04-Jan-2030 22:02:15,04-Jan-2030 22:03:15,60,NaN,NaN
Ground_Point_10,SAT_4,3,06-Jan-2030 09:41:25,06-Jan-2030 09:41:50,25,NaN,NaN
Ground_Point_10,SAT_4,4,07-Jan-2030 09:19:55,07-Jan-2030 09:20:10,15,NaN,NaN
Ground_Point_11,SAT_4,1,01-Jan-2030 21:32:35,01-Jan-2030 21:33:45,70,NaN,NaN
Ground_Point_11,SAT_4,2,04-Jan-2030 08:51:20,04-Jan-2030 08:52:20,60,NaN,NaN
Ground_Point_11,SAT_4,3,05-Jan-2030 21:39:50,05-Jan-2030 21:40:15,25,NaN,NaN
Ground_Point_11,SAT_4,4,06-Jan-2030 21:18:20,06-Jan-2030 21:18:35,15,NaN,NaN
Ground_Point_12,SAT_4,1,03-Jan-2030 22:29:35,03-Jan-2030 22:30:45,70,NaN,NaN
Ground_Point_12,SAT_4,2,04-Jan-2030 10:19:30,04-Jan-2030 10:20:40,70,NaN,NaN
Ground_Point_12,SAT_4,3,07-Jan-2030 22:37:00,07-Jan-2030 22:37:10,10,NaN,NaN
Ground_Point_13,SAT_4,1,02-Jan-2030 22:48:15,02-Jan-2030 22:49:25,70,NaN,NaN
Ground_Point_13,SAT_4,2,04-Jan-2030 10:22:55,04-Jan-2030 10:23:50,55,NaN,NaN
Ground_Point_13,SAT_4,3,06-Jan-2030 22:55:25,06-Jan-2030 22:56:05,40,NaN,NaN
Ground_Point_14,SAT_4,1,03-Jan-2030 22:27:15,03-Jan-2030 22:28:00,45,NaN,NaN
Ground_Point_14,SAT_4,2,05-Jan-2030 10:00:15,05-Jan-2030 10:01:10,55,NaN,NaN
Ground_Point_15,SAT_4,1,04-Jan-2030 10:17:20,04-Jan-2030 10:18:35,75,NaN,NaN
Ground_Point_15,SAT_4,2,04-Jan-2030 22:09:40,04-Jan-2030 22:10:55,75,NaN,NaN
Ground_Point_16,SAT_4,1,02-Jan-2030 21:14:00,02-Jan-2030 21:14:25,25,NaN,NaN
Ground_Point_16,SAT_4,2,03-Jan-2030 09:10:10,03-Jan-2030 09:11:25,75,NaN,NaN
Ground_Point_16,SAT_4,3,06-Jan-2030 21:20:35,06-Jan-2030 21:21:40,65,NaN,NaN
Ground_Point_16,SAT_4,4,07-Jan-2030 09:17:20,07-Jan-2030 09:18:05,45,NaN,NaN
Ground_Point_17,SAT_4,1,03-Jan-2030 22:29:20,03-Jan-2030 22:30:20,60,NaN,NaN
Ground_Point_17,SAT_4,2,07-Jan-2030 22:36:05,07-Jan-2030 22:37:20,75,NaN,NaN
Ground_Point_18,SAT_4,1,02-Jan-2030 00:43:15,02-Jan-2030 00:44:25,70,NaN,NaN
Ground_Point_18,SAT_4,2,03-Jan-2030 12:20:30,03-Jan-2030 12:21:40,70,NaN,NaN
Ground_Point_18,SAT_4,3,06-Jan-2030 00:50:35,06-Jan-2030 00:50:55,20,NaN,NaN
Ground_Point_18,SAT_4,4,07-Jan-2030 12:27:40,07-Jan-2030 12:28:20,40,NaN,NaN
Ground_Point_19,SAT_4,1,03-Jan-2030 00:19:10,03-Jan-2030 00:20:00,50,NaN,NaN
Ground_Point_19,SAT_4,2,04-Jan-2030 12:01:10,04-Jan-2030 12:02:10,60,NaN,NaN
Ground_Point_19,SAT_4,3,07-Jan-2030 00:25:55,07-Jan-2030 00:27:05,70,NaN,NaN
Ground_Point_20,SAT_4,1,03-Jan-2030 00:23:00,03-Jan-2030 00:24:00,60,NaN,NaN
Ground_Point_20,SAT_4,2,04-Jan-2030 11:57:05,04-Jan-2030 11:58:15,70,NaN,NaN
Ground_Point_21,SAT_4,1,01-Jan-2030 16:22:35,01-Jan-2030 16:23:05,30,NaN,NaN
Ground_Point_21,SAT_4,2,04-Jan-2030 06:09:00,04-Jan-2030 06:10:05,65,NaN,NaN
Ground_Point_21,SAT_4,3,04-Jan-2030 16:50:55,04-Jan-2030 16:51:55,60,NaN,NaN
Ground_Point_21,SAT_4,4,05-Jan-2030 05:47:30,05-Jan-2030 05:48:15,45,NaN,NaN
Ground_Point_21,SAT_4,5,05-Jan-2030 16:29:15,05-Jan-2030 16:30:15,60,NaN,NaN
Ground_Point_22,SAT_4,1,01-Jan-2030 05:40:55,01-Jan-2030 05:42:10,75,NaN,NaN
Ground_Point_22,SAT_4,2,01-Jan-2030 16:21:35,01-Jan-2030 16:22:30,55,NaN,NaN
Ground_Point_22,SAT_4,3,05-Jan-2030 05:47:50,05-Jan-2030 05:49:05,75,NaN,NaN
Ground_Point_22,SAT_4,4,05-Jan-2030 16:28:20,05-Jan-2030 16:29:35,75,NaN,NaN
Ground_Point_23,SAT_4,1,01-Jan-2030 05:39:55,01-Jan-2030 05:41:10,75,NaN,NaN
Ground_Point_23,SAT_4,2,01-Jan-2030 16:22:10,01-Jan-2030 16:23:25,75,NaN,NaN
Ground_Point_23,SAT_4,3,02-Jan-2030 16:01:00,02-Jan-2030 16:01:20,20,NaN,NaN
Ground_Point_23,SAT_4,4,05-Jan-2030 05:46:50,05-Jan-2030 05:48:05,75,NaN,NaN
Ground_Point_23,SAT_4,5,05-Jan-2030 16:29:15,05-Jan-2030 16:30:15,60,NaN,NaN
Ground_Point_23,SAT_4,6,06-Jan-2030 05:25:40,06-Jan-2030 05:25:55,15,NaN,NaN
Ground_Point_23,SAT_4,7,06-Jan-2030 16:07:35,06-Jan-2030 16:08:35,60,NaN,NaN
Ground_Point_24,SAT_4,1,01-Jan-2030 05:40:20,01-Jan-2030 05:41:35,75,NaN,NaN
Ground_Point_24,SAT_4,2,01-Jan-2030 16:21:45,01-Jan-2030 16:23:05,80,NaN,NaN
Ground_Point_24,SAT_4,3,05-Jan-2030 05:47:15,05-Jan-2030 05:48:30,75,NaN,NaN
Ground_Point_24,SAT_4,4,05-Jan-2030 16:28:45,05-Jan-2030 16:30:00,75,NaN,NaN
Ground_Point_24,SAT_4,5,06-Jan-2030 05:26:10,06-Jan-2030 05:26:15,5,NaN,NaN
Ground_Point_24,SAT_4,6,06-Jan-2030 16:07:30,06-Jan-2030 16:08:00,30,NaN,NaN
Ground_Point_25,SAT_4,1,01-Jan-2030 16:21:55,01-Jan-2030 16:22:15,20,NaN,NaN
Ground_Point_25,SAT_4,2,02-Jan-2030 05:18:40,02-Jan-2030 05:19:55,75,NaN,NaN
Ground_Point_25,SAT_4,3,02-Jan-2030 15:59:50,02-Jan-2030 16:01:00,70,NaN,NaN
Ground_Point_25,SAT_4,4,06-Jan-2030 05:25:35,06-Jan-2030 05:26:50,75,NaN,NaN
Ground_Point_25,SAT_4,5,06-Jan-2030 16:06:40,06-Jan-2030 16:08:00,80,NaN,NaN
Ground_Point_26,SAT_4,1,02-Jan-2030 05:18:00,02-Jan-2030 05:19:00,60,NaN,NaN
Ground_Point_26,SAT_4,2,02-Jan-2030 16:00:40,02-Jan-2030 16:01:05,25,NaN,NaN
Ground_Point_26,SAT_4,3,03-Jan-2030 04:56:20,03-Jan-2030 04:57:20,60,NaN,NaN
Ground_Point_26,SAT_4,4,03-Jan-2030 15:38:35,03-Jan-2030 15:39:50,75,NaN,NaN
Ground_Point_26,SAT_4,5,06-Jan-2030 05:25:10,06-Jan-2030 05:25:40,30,NaN,NaN
Ground_Point_26,SAT_4,6,07-Jan-2030 05:03:10,07-Jan-2030 05:04:20,70,NaN,NaN
Ground_Point_26,SAT_4,7,07-Jan-2030 15:45:25,07-Jan-2030 15:46:45,80,NaN,NaN
Ground_Point_27,SAT_4,1,02-Jan-2030 05:19:10,02-Jan-2030 05:20:10,60,NaN,NaN
Ground_Point_27,SAT_4,2,02-Jan-2030 15:59:10,02-Jan-2030 16:00:25,75,NaN,NaN
Ground_Point_27,SAT_4,3,03-Jan-2030 04:57:35,03-Jan-2030 04:58:30,55,NaN,NaN
Ground_Point_27,SAT_4,4,06-Jan-2030 16:06:10,06-Jan-2030 16:07:20,70,NaN,NaN
Ground_Point_27,SAT_4,5,07-Jan-2030 05:04:20,07-Jan-2030 05:05:30,70,NaN,NaN
Ground_Point_27,SAT_4,6,07-Jan-2030 15:44:45,07-Jan-2030 15:45:25,40,NaN,NaN
Ground_Point_28,SAT_4,1,03-Jan-2030 17:09:45,03-Jan-2030 17:11:00,75,NaN,NaN
Ground_Point_28,SAT_4,2,04-Jan-2030 06:12:05,04-Jan-2030 06:12:55,50,NaN,NaN
Ground_Point_28,SAT_4,3,05-Jan-2030 05:50:30,05-Jan-2030 05:51:10,40,NaN,NaN
Ground_Point_28,SAT_4,4,07-Jan-2030 17:16:50,07-Jan-2030 17:17:50,60,NaN,NaN
Ground_Point_29,SAT_4,1,01-Jan-2030 05:42:50,01-Jan-2030 05:44:00,70,NaN,NaN
Ground_Point_29,SAT_4,2,04-Jan-2030 16:48:05,04-Jan-2030 16:49:20,75,NaN,NaN
Ground_Point_29,SAT_4,3,05-Jan-2030 05:49:55,05-Jan-2030 05:50:45,50,NaN,NaN
Ground_Point_29,SAT_4,4,06-Jan-2030 05:28:20,06-Jan-2030 05:29:05,45,NaN,NaN
Ground_Point_30,SAT_4,1,02-Jan-2030 15:57:35,02-Jan-2030 15:58:50,75,NaN,NaN
Ground_Point_30,SAT_4,2,03-Jan-2030 04:58:55,03-Jan-2030 05:00:10,75,NaN,NaN
Ground_Point_30,SAT_4,3,06-Jan-2030 16:04:30,06-Jan-2030 16:05:45,75,NaN,NaN
Ground_Point_30,SAT_4,4,07-Jan-2030 05:05:55,07-Jan-2030 05:07:00,65,NaN,NaN
Ground_Point_31,SAT_4,1,01-Jan-2030 16:20:25,01-Jan-2030 16:21:20,55,NaN,NaN
Ground_Point_31,SAT_4,2,02-Jan-2030 05:19:50,02-Jan-2030 05:21:05,75,NaN,NaN
Ground_Point_31,SAT_4,3,02-Jan-2030 15:58:45,02-Jan-2030 15:59:40,55,NaN,NaN
Ground_Point_31,SAT_4,4,06-Jan-2030 05:26:55,06-Jan-2030 05:27:50,55,NaN,NaN
Ground_Point_31,SAT_4,5,06-Jan-2030 16:05:35,06-Jan-2030 16:06:45,70,NaN,NaN
Ground_Point_31,SAT_4,6,07-Jan-2030 05:05:20,07-Jan-2030 05:06:10,50,NaN,NaN
Ground_Point_32,SAT_4,1,04-Jan-2030 04:34:20,04-Jan-2030 04:35:35,75,NaN,NaN
Ground_Point_32,SAT_4,2,04-Jan-2030 15:16:30,04-Jan-2030 15:17:45,75,NaN,NaN
Ground_Point_33,SAT_4,1,03-Jan-2030 21:53:25,03-Jan-2030 21:54:40,75,NaN,NaN
Ground_Point_33,SAT_4,2,04-Jan-2030 10:55:40,04-Jan-2030 10:56:20,40,NaN,NaN
Ground_Point_33,SAT_4,3,05-Jan-2030 10:33:55,05-Jan-2030 10:34:50,55,NaN,NaN
Ground_Point_33,SAT_4,4,07-Jan-2030 22:00:35,07-Jan-2030 22:01:20,45,NaN,NaN
Ground_Point_34,SAT_4,1,02-Jan-2030 22:15:15,02-Jan-2030 22:15:30,15,NaN,NaN
Ground_Point_34,SAT_4,2,03-Jan-2030 21:53:15,03-Jan-2030 21:54:15,60,NaN,NaN
Ground_Point_34,SAT_4,3,04-Jan-2030 10:56:00,04-Jan-2030 10:57:15,75,NaN,NaN
Ground_Point_34,SAT_4,4,07-Jan-2030 22:00:00,07-Jan-2030 22:01:15,75,NaN,NaN
Ground_Point_35,SAT_4,1,01-Jan-2030 10:26:20,01-Jan-2030 10:27:30,70,NaN,NaN
Ground_Point_35,SAT_4,2,04-Jan-2030 21:32:05,04-Jan-2030 21:33:20,75,NaN,NaN
Ground_Point_35,SAT_4,3,05-Jan-2030 10:33:10,05-Jan-2030 10:34:30,80,NaN,NaN
Ground_Point_36,SAT_4,1,01-Jan-2030 22:37:35,01-Jan-2030 22:38:50,75,NaN,NaN
Ground_Point_36,SAT_4,2,02-Jan-2030 11:39:00,02-Jan-2030 11:40:15,75,NaN,NaN
Ground_Point_36,SAT_4,3,05-Jan-2030 22:44:30,05-Jan-2030 22:45:50,80,NaN,NaN
Ground_Point_36,SAT_4,4,06-Jan-2030 11:46:00,06-Jan-2030 11:47:05,65,NaN,NaN
Ground_Point_37,SAT_4,1,01-Jan-2030 12:03:20,01-Jan-2030 12:04:35,75,NaN,NaN
Ground_Point_37,SAT_4,2,03-Jan-2030 23:25:55,03-Jan-2030 23:27:10,75,NaN,NaN
Ground_Point_37,SAT_4,3,05-Jan-2030 12:10:15,05-Jan-2030 12:11:30,75,NaN,NaN
Ground_Point_37,SAT_4,4,07-Jan-2030 23:32:55,07-Jan-2030 23:34:05,70,NaN,NaN
Ground_Point_38,SAT_4,1,01-Jan-2030 12:04:05,01-Jan-2030 12:05:15,70,NaN,NaN
Ground_Point_38,SAT_4,2,03-Jan-2030 23:25:05,03-Jan-2030 23:26:20,75,NaN,NaN
Ground_Point_38,SAT_4,3,05-Jan-2030 12:11:20,05-Jan-2030 12:11:50,30,NaN,NaN
Ground_Point_38,SAT_4,4,06-Jan-2030 11:49:40,06-Jan-2030 11:50:15,35,NaN,NaN
Ground_Point_38,SAT_4,5,07-Jan-2030 23:32:10,07-Jan-2030 23:33:05,55,NaN,NaN
Ground_Point_39,SAT_4,1,01-Jan-2030 13:37:30,01-Jan-2030 13:38:40,70,NaN,NaN
Ground_Point_39,SAT_4,2,04-Jan-2030 01:00:55,04-Jan-2030 01:01:40,45,NaN,NaN
Ground_Point_39,SAT_4,3,05-Jan-2030 00:39:25,05-Jan-2030 00:39:55,30,NaN,NaN
Ground_Point_39,SAT_4,4,05-Jan-2030 13:44:35,05-Jan-2030 13:45:25,50,NaN,NaN
Ground_Point_39,SAT_4,5,06-Jan-2030 13:23:15,06-Jan-2030 13:23:30,15,NaN,NaN
Ground_Point_40,SAT_4,1,04-Jan-2030 01:01:50,04-Jan-2030 01:03:05,75,NaN,NaN
Ground_Point_40,SAT_4,2,04-Jan-2030 14:05:30,04-Jan-2030 14:06:15,45,NaN,NaN
Ground_Point_40,SAT_4,3,05-Jan-2030 13:43:55,05-Jan-2030 13:44:35,40,NaN,NaN
Ground_Point_41,SAT_4,1,04-Jan-2030 01:04:25,04-Jan-2030 01:05:25,60,NaN,NaN
Ground_Point_41,SAT_4,2,04-Jan-2030 14:02:45,04-Jan-2030 14:04:05,80,NaN,NaN
Ground_Point_41,SAT_4,3,05-Jan-2030 00:42:50,05-Jan-2030 00:43:45,55,NaN,NaN
Ground_Point_42,SAT_4,1,02-Jan-2030 22:16:10,02-Jan-2030 22:17:10,60,NaN,NaN
Ground_Point_42,SAT_4,2,03-Jan-2030 11:16:40,03-Jan-2030 11:17:40,60,NaN,NaN
Ground_Point_42,SAT_4,3,03-Jan-2030 21:54:40,03-Jan-2030 21:55:25,45,NaN,NaN
Ground_Point_42,SAT_4,4,04-Jan-2030 10:55:15,04-Jan-2030 10:55:50,35,NaN,NaN
Ground_Point_42,SAT_4,5,07-Jan-2030 11:24:00,07-Jan-2030 11:24:05,5,NaN,NaN
Ground_Point_42,SAT_4,6,07-Jan-2030 22:01:20,07-Jan-2030 22:02:35,75,NaN,NaN
Ground_Point_43,SAT_4,1,03-Jan-2030 21:55:00,03-Jan-2030 21:55:30,30,NaN,NaN
Ground_Point_43,SAT_4,2,04-Jan-2030 10:54:15,04-Jan-2030 10:55:20,65,NaN,NaN
Ground_Point_43,SAT_4,3,04-Jan-2030 21:33:05,04-Jan-2030 21:34:10,65,NaN,NaN
Ground_Point_43,SAT_4,4,05-Jan-2030 10:32:55,05-Jan-2030 10:33:20,25,NaN,NaN
Ground_Point_44,SAT_4,1,01-Jan-2030 12:06:50,01-Jan-2030 12:08:05,75,NaN,NaN
Ground_Point_44,SAT_4,2,02-Jan-2030 23:44:15,02-Jan-2030 23:45:30,75,NaN,NaN
Ground_Point_44,SAT_4,3,05-Jan-2030 12:13:50,05-Jan-2030 12:14:55,65,NaN,NaN
Ground_Point_44,SAT_4,4,06-Jan-2030 23:51:15,06-Jan-2030 23:52:20,65,NaN,NaN
Ground_Point_45,SAT_4,1,01-Jan-2030 12:04:05,01-Jan-2030 12:05:15,70,NaN,NaN
Ground_Point_45,SAT_4,2,03-Jan-2030 23:25:25,03-Jan-2030 23:26:30,65,NaN,NaN
Ground_Point_45,SAT_4,3,05-Jan-2030 12:10:55,05-Jan-2030 12:12:10,75,NaN,NaN
Ground_Point_45,SAT_4,4,07-Jan-2030 23:32:15,07-Jan-2030 23:33:30,75,NaN,NaN
Ground_Point_46,SAT_4,1,03-Jan-2030 01:54:15,03-Jan-2030 01:55:30,75,NaN,NaN
Ground_Point_46,SAT_4,2,04-Jan-2030 13:35:05,04-Jan-2030 13:35:25,20,NaN,NaN
Ground_Point_46,SAT_4,3,05-Jan-2030 13:13:25,05-Jan-2030 13:13:55,30,NaN,NaN
Ground_Point_46,SAT_4,4,07-Jan-2030 02:01:20,07-Jan-2030 02:02:20,60,NaN,NaN
Ground_Point_47,SAT_4,1,01-Jan-2030 02:38:35,01-Jan-2030 02:38:45,10,NaN,NaN
Ground_Point_47,SAT_4,2,02-Jan-2030 02:16:50,02-Jan-2030 02:17:20,30,NaN,NaN
Ground_Point_47,SAT_4,3,03-Jan-2030 13:56:30,03-Jan-2030 13:57:50,80,NaN,NaN
Ground_Point_47,SAT_4,4,06-Jan-2030 02:23:25,06-Jan-2030 02:24:35,70,NaN,NaN
Ground_Point_47,SAT_4,5,07-Jan-2030 14:03:30,07-Jan-2030 14:04:40,70,NaN,NaN
Ground_Point_48,SAT_4,1,01-Jan-2030 14:42:15,01-Jan-2030 14:43:30,75,NaN,NaN
Ground_Point_48,SAT_4,2,03-Jan-2030 03:27:00,03-Jan-2030 03:28:05,65,NaN,NaN
Ground_Point_48,SAT_4,3,05-Jan-2030 14:49:20,05-Jan-2030 14:50:15,55,NaN,NaN
Ground_Point_48,SAT_4,4,07-Jan-2030 03:34:25,07-Jan-2030 03:34:30,5,NaN,NaN
Ground_Point_49,SAT_4,1,03-Jan-2030 03:27:40,03-Jan-2030 03:28:50,70,NaN,NaN
Ground_Point_49,SAT_4,2,05-Jan-2030 14:48:55,05-Jan-2030 14:49:55,60,NaN,NaN
Ground_Point_49,SAT_4,3,07-Jan-2030 03:34:30,07-Jan-2030 03:35:45,75,NaN,NaN
Ground_Point_50,SAT_4,1,02-Jan-2030 15:39:35,02-Jan-2030 15:40:50,75,NaN,NaN
Ground_Point_50,SAT_4,2,04-Jan-2030 03:20:35,04-Jan-2030 03:21:25,50,NaN,NaN
Ground_Point_50,SAT_4,3,06-Jan-2030 15:46:25,06-Jan-2030 15:47:45,80,NaN,NaN
Ground_Point_51,SAT_4,1,03-Jan-2030 05:08:20,03-Jan-2030 05:09:35,75,NaN,NaN
Ground_Point_51,SAT_4,2,03-Jan-2030 17:00:50,03-Jan-2030 17:02:05,75,NaN,NaN
Ground_Point_51,SAT_4,3,07-Jan-2030 05:15:15,07-Jan-2030 05:16:25,70,NaN,NaN
Ground_Point_51,SAT_4,4,07-Jan-2030 17:07:45,07-Jan-2030 17:08:55,70,NaN,NaN
Ground_Point_52,SAT_4,1,01-Jan-2030 20:45:45,01-Jan-2030 20:46:50,65,NaN,NaN
Ground_Point_52,SAT_4,2,04-Jan-2030 08:03:45,04-Jan-2030 08:04:35,50,NaN,NaN
Ground_Point_52,SAT_4,3,06-Jan-2030 20:31:15,06-Jan-2030 20:31:55,40,NaN,NaN
Ground_Point_53,SAT_4,1,02-Jan-2030 20:24:00,02-Jan-2030 20:25:15,75,NaN,NaN
Ground_Point_53,SAT_4,2,04-Jan-2030 08:03:15,04-Jan-2030 08:04:25,70,NaN,NaN
Ground_Point_53,SAT_4,3,06-Jan-2030 20:30:55,06-Jan-2030 20:32:10,75,NaN,NaN
Ground_Point_54,SAT_4,1,02-Jan-2030 08:50:05,02-Jan-2030 08:51:25,80,NaN,NaN
Ground_Point_54,SAT_4,2,03-Jan-2030 21:33:30,03-Jan-2030 21:34:50,80,NaN,NaN
Ground_Point_54,SAT_4,3,06-Jan-2030 08:57:05,06-Jan-2030 08:58:15,70,NaN,NaN
Ground_Point_54,SAT_4,4,07-Jan-2030 21:40:30,07-Jan-2030 21:41:45,75,NaN,NaN
Ground_Point_55,SAT_4,1,01-Jan-2030 22:17:45,01-Jan-2030 22:18:55,70,NaN,NaN
Ground_Point_55,SAT_4,2,04-Jan-2030 09:40:35,04-Jan-2030 09:41:50,75,NaN,NaN
Ground_Point_55,SAT_4,3,05-Jan-2030 22:24:35,05-Jan-2030 22:25:55,80,NaN,NaN
Ground_Point_1,SAT_5,1,03-Jan-2030 10:27:15,03-Jan-2030 10:28:35,80,NaN,NaN
Ground_Point_1,SAT_5,2,04-Jan-2030 23:09:15,04-Jan-2030 23:10:25,70,NaN,NaN
Ground_Point_1,SAT_5,3,07-Jan-2030 10:34:15,07-Jan-2030 10:35:25,70,NaN,NaN
Ground_Point_2,SAT_5,1,03-Jan-2030 10:26:40,03-Jan-2030 10:27:45,65,NaN,NaN
Ground_Point_2,SAT_5,2,04-Jan-2030 23:09:45,04-Jan-2030 23:10:55,70,NaN,NaN
Ground_Point_2,SAT_5,3,07-Jan-2030 10:33:55,07-Jan-2030 10:34:20,25,NaN,NaN
Ground_Point_3,SAT_5,1,03-Jan-2030 10:27:15,03-Jan-2030 10:28:35,80,NaN,NaN
Ground_Point_3,SAT_5,2,04-Jan-2030 23:09:20,04-Jan-2030 23:10:25,65,NaN,NaN
Ground_Point_3,SAT_5,3,07-Jan-2030 10:34:15,07-Jan-2030 10:35:25,70,NaN,NaN
Ground_Point_4,SAT_5,1,01-Jan-2030 09:36:00,01-Jan-2030 09:37:20,80,NaN,NaN
Ground_Point_4,SAT_5,2,02-Jan-2030 22:18:55,02-Jan-2030 22:20:10,75,NaN,NaN
Ground_Point_4,SAT_5,3,05-Jan-2030 09:43:00,05-Jan-2030 09:44:10,70,NaN,NaN
Ground_Point_4,SAT_5,4,06-Jan-2030 22:25:50,06-Jan-2030 22:27:05,75,NaN,NaN
Ground_Point_5,SAT_5,1,01-Jan-2030 22:41:00,01-Jan-2030 22:42:15,75,NaN,NaN
Ground_Point_5,SAT_5,2,04-Jan-2030 10:04:45,04-Jan-2030 10:05:35,50,NaN,NaN
Ground_Point_5,SAT_5,3,05-Jan-2030 09:43:25,05-Jan-2030 09:43:40,15,NaN,NaN
Ground_Point_5,SAT_5,4,05-Jan-2030 22:48:05,05-Jan-2030 22:49:00,55,NaN,NaN
Ground_Point_6,SAT_5,1,01-Jan-2030 09:36:25,01-Jan-2030 09:36:55,30,NaN,NaN
Ground_Point_6,SAT_5,2,01-Jan-2030 22:40:55,01-Jan-2030 22:41:55,60,NaN,NaN
Ground_Point_6,SAT_5,3,05-Jan-2030 09:43:00,05-Jan-2030 09:44:10,70,NaN,NaN
Ground_Point_6,SAT_5,4,06-Jan-2030 22:26:15,06-Jan-2030 22:27:10,55,NaN,NaN
Ground_Point_7,SAT_5,1,01-Jan-2030 11:11:40,01-Jan-2030 11:12:50,70,NaN,NaN
Ground_Point_7,SAT_5,2,02-Jan-2030 23:52:25,02-Jan-2030 23:53:30,65,NaN,NaN
Ground_Point_7,SAT_5,3,05-Jan-2030 11:18:50,05-Jan-2030 11:19:35,45,NaN,NaN
Ground_Point_7,SAT_5,4,06-Jan-2030 10:57:10,06-Jan-2030 10:58:00,50,NaN,NaN
Ground_Point_7,SAT_5,5,06-Jan-2030 23:59:15,07-Jan-2030 00:00:35,80,NaN,NaN
Ground_Point_8,SAT_5,1,02-Jan-2030 10:47:35,02-Jan-2030 10:48:45,70,NaN,NaN
Ground_Point_8,SAT_5,2,03-Jan-2030 23:32:40,03-Jan-2030 23:34:00,80,NaN,NaN
Ground_Point_8,SAT_5,3,06-Jan-2030 10:54:30,06-Jan-2030 10:55:45,75,NaN,NaN
Ground_Point_8,SAT_5,4,07-Jan-2030 23:39:40,07-Jan-2030 23:40:50,70,NaN,NaN
Ground_Point_9,SAT_5,1,02-Jan-2030 23:56:50,02-Jan-2030 23:58:10,80,NaN,NaN
Ground_Point_9,SAT_5,2,04-Jan-2030 11:36:00,04-Jan-2030 11:37:05,65,NaN,NaN
Ground_Point_9,SAT_5,3,07-Jan-2030 00:03:55,07-Jan-2030 00:04:55,60,NaN,NaN
Ground_Point_10,SAT_5,1,02-Jan-2030 23:56:55,02-Jan-2030 23:58:10,75,NaN,NaN
Ground_Point_10,SAT_5,2,04-Jan-2030 11:35:55,04-Jan-2030 11:37:00,65,NaN,NaN
Ground_Point_10,SAT_5,3,07-Jan-2030 00:04:00,07-Jan-2030 00:04:55,55,NaN,NaN
Ground_Point_11,SAT_5,1,01-Jan-2030 11:07:55,01-Jan-2030 11:08:30,35,NaN,NaN
Ground_Point_11,SAT_5,2,02-Jan-2030 10:46:30,02-Jan-2030 10:46:45,15,NaN,NaN
Ground_Point_11,SAT_5,3,03-Jan-2030 23:34:25,03-Jan-2030 23:35:25,60,NaN,NaN
Ground_Point_11,SAT_5,4,06-Jan-2030 10:53:00,06-Jan-2030 10:54:05,65,NaN,NaN
Ground_Point_12,SAT_5,1,02-Jan-2030 00:24:20,02-Jan-2030 00:25:35,75,NaN,NaN
Ground_Point_12,SAT_5,2,02-Jan-2030 12:14:30,02-Jan-2030 12:15:15,45,NaN,NaN
Ground_Point_12,SAT_5,3,06-Jan-2030 00:31:25,06-Jan-2030 00:32:25,60,NaN,NaN
Ground_Point_12,SAT_5,4,06-Jan-2030 12:21:10,06-Jan-2030 12:22:25,75,NaN,NaN
Ground_Point_13,SAT_5,1,01-Jan-2030 00:43:00,01-Jan-2030 00:44:15,75,NaN,NaN
Ground_Point_13,SAT_5,2,01-Jan-2030 12:39:40,01-Jan-2030 12:39:55,15,NaN,NaN
Ground_Point_13,SAT_5,3,05-Jan-2030 00:50:00,05-Jan-2030 00:51:05,65,NaN,NaN
Ground_Point_13,SAT_5,4,06-Jan-2030 12:24:35,06-Jan-2030 12:25:40,65,NaN,NaN
Ground_Point_14,SAT_5,1,02-Jan-2030 00:21:50,02-Jan-2030 00:23:00,70,NaN,NaN
Ground_Point_14,SAT_5,2,02-Jan-2030 12:17:00,02-Jan-2030 12:17:15,15,NaN,NaN
Ground_Point_14,SAT_5,3,06-Jan-2030 00:29:05,06-Jan-2030 00:29:35,30,NaN,NaN
Ground_Point_14,SAT_5,4,07-Jan-2030 12:01:55,07-Jan-2030 12:03:00,65,NaN,NaN
Ground_Point_15,SAT_5,1,02-Jan-2030 12:12:10,02-Jan-2030 12:13:25,75,NaN,NaN
Ground_Point_15,SAT_5,2,03-Jan-2030 00:04:35,03-Jan-2030 00:05:45,70,NaN,NaN
Ground_Point_15,SAT_5,3,06-Jan-2030 12:19:05,06-Jan-2030 12:20:20,75,NaN,NaN
Ground_Point_15,SAT_5,4,07-Jan-2030 00:11:25,07-Jan-2030 00:12:40,75,NaN,NaN
Ground_Point_16,SAT_5,1,01-Jan-2030 11:05:00,01-Jan-2030 11:06:15,75,NaN,NaN
Ground_Point_16,SAT_5,2,04-Jan-2030 23:15:35,04-Jan-2030 23:16:20,45,NaN,NaN
Ground_Point_16,SAT_5,3,05-Jan-2030 11:11:55,05-Jan-2030 11:13:05,70,NaN,NaN
Ground_Point_17,SAT_5,1,01-Jan-2030 12:36:30,01-Jan-2030 12:37:30,60,NaN,NaN
Ground_Point_17,SAT_5,2,02-Jan-2030 00:24:25,02-Jan-2030 00:24:55,30,NaN,NaN
Ground_Point_17,SAT_5,3,06-Jan-2030 00:31:00,06-Jan-2030 00:32:10,70,NaN,NaN
Ground_Point_17,SAT_5,4,06-Jan-2030 12:22:05,06-Jan-2030 12:22:35,30,NaN,NaN
Ground_Point_18,SAT_5,1,01-Jan-2030 14:15:15,01-Jan-2030 14:16:30,75,NaN,NaN
Ground_Point_18,SAT_5,2,04-Jan-2030 02:45:00,04-Jan-2030 02:46:05,65,NaN,NaN
Ground_Point_18,SAT_5,3,05-Jan-2030 14:22:15,05-Jan-2030 14:23:20,65,NaN,NaN
Ground_Point_19,SAT_5,1,02-Jan-2030 13:55:50,02-Jan-2030 13:57:05,75,NaN,NaN
Ground_Point_19,SAT_5,2,05-Jan-2030 02:20:50,05-Jan-2030 02:21:50,60,NaN,NaN
Ground_Point_19,SAT_5,3,06-Jan-2030 14:03:00,06-Jan-2030 14:03:50,50,NaN,NaN
Ground_Point_20,SAT_5,1,01-Jan-2030 02:17:45,01-Jan-2030 02:18:55,70,NaN,NaN
Ground_Point_20,SAT_5,2,02-Jan-2030 13:52:10,02-Jan-2030 13:52:50,40,NaN,NaN
Ground_Point_20,SAT_5,3,05-Jan-2030 02:24:50,05-Jan-2030 02:25:35,45,NaN,NaN
Ground_Point_20,SAT_5,4,06-Jan-2030 13:58:50,06-Jan-2030 14:00:00,70,NaN,NaN
Ground_Point_21,SAT_5,1,02-Jan-2030 08:03:45,02-Jan-2030 08:05:00,75,NaN,NaN
Ground_Point_21,SAT_5,2,02-Jan-2030 18:45:35,02-Jan-2030 18:46:45,70,NaN,NaN
Ground_Point_21,SAT_5,3,03-Jan-2030 18:24:15,03-Jan-2030 18:24:50,35,NaN,NaN
Ground_Point_21,SAT_5,4,06-Jan-2030 08:10:45,06-Jan-2030 08:11:45,60,NaN,NaN
Ground_Point_21,SAT_5,5,06-Jan-2030 18:52:40,06-Jan-2030 18:53:35,55,NaN,NaN
Ground_Point_21,SAT_5,6,07-Jan-2030 07:49:10,07-Jan-2030 07:50:05,55,NaN,NaN
Ground_Point_21,SAT_5,7,07-Jan-2030 18:30:55,07-Jan-2030 18:32:00,65,NaN,NaN
Ground_Point_22,SAT_5,1,02-Jan-2030 18:45:00,02-Jan-2030 18:45:50,50,NaN,NaN
Ground_Point_22,SAT_5,2,03-Jan-2030 07:42:40,03-Jan-2030 07:43:55,75,NaN,NaN
Ground_Point_22,SAT_5,3,03-Jan-2030 18:23:15,03-Jan-2030 18:24:15,60,NaN,NaN
Ground_Point_22,SAT_5,4,07-Jan-2030 07:49:35,07-Jan-2030 07:50:50,75,NaN,NaN
Ground_Point_22,SAT_5,5,07-Jan-2030 18:30:05,07-Jan-2030 18:31:20,75,NaN,NaN
Ground_Point_23,SAT_5,1,03-Jan-2030 07:41:35,03-Jan-2030 07:42:55,80,NaN,NaN
Ground_Point_23,SAT_5,2,03-Jan-2030 18:23:55,03-Jan-2030 18:25:10,75,NaN,NaN
Ground_Point_23,SAT_5,3,04-Jan-2030 18:02:35,04-Jan-2030 18:03:10,35,NaN,NaN
Ground_Point_23,SAT_5,4,07-Jan-2030 07:48:35,07-Jan-2030 07:49:50,75,NaN,NaN
Ground_Point_23,SAT_5,5,07-Jan-2030 18:31:00,07-Jan-2030 18:32:00,60,NaN,NaN
Ground_Point_24,SAT_5,1,03-Jan-2030 07:42:00,03-Jan-2030 07:43:20,80,NaN,NaN
Ground_Point_24,SAT_5,2,03-Jan-2030 18:23:30,03-Jan-2030 18:24:50,80,NaN,NaN
Ground_Point_24,SAT_5,3,07-Jan-2030 07:49:00,07-Jan-2030 07:50:10,70,NaN,NaN
Ground_Point_24,SAT_5,4,07-Jan-2030 18:30:30,07-Jan-2030 18:31:45,75,NaN,NaN
Ground_Point_25,SAT_5,1,04-Jan-2030 07:20:25,04-Jan-2030 07:21:40,75,NaN,NaN
Ground_Point_25,SAT_5,2,04-Jan-2030 18:01:30,04-Jan-2030 18:02:45,75,NaN,NaN
Ground_Point_26,SAT_5,1,01-Jan-2030 06:51:20,01-Jan-2030 06:51:55,35,NaN,NaN
Ground_Point_26,SAT_5,2,01-Jan-2030 17:33:25,01-Jan-2030 17:34:30,65,NaN,NaN
Ground_Point_26,SAT_5,3,04-Jan-2030 07:19:45,04-Jan-2030 07:20:40,55,NaN,NaN
Ground_Point_26,SAT_5,4,05-Jan-2030 06:58:00,05-Jan-2030 06:59:05,65,NaN,NaN
Ground_Point_26,SAT_5,5,05-Jan-2030 17:40:15,05-Jan-2030 17:41:35,80,NaN,NaN
Ground_Point_27,SAT_5,1,01-Jan-2030 06:52:40,01-Jan-2030 06:53:00,20,NaN,NaN
Ground_Point_27,SAT_5,2,04-Jan-2030 07:21:00,04-Jan-2030 07:21:45,45,NaN,NaN
Ground_Point_27,SAT_5,3,04-Jan-2030 18:00:55,04-Jan-2030 18:02:10,75,NaN,NaN
Ground_Point_27,SAT_5,4,05-Jan-2030 06:59:15,05-Jan-2030 07:00:15,60,NaN,NaN
Ground_Point_28,SAT_5,1,01-Jan-2030 19:04:30,01-Jan-2030 19:05:50,80,NaN,NaN
Ground_Point_28,SAT_5,2,02-Jan-2030 08:06:45,02-Jan-2030 08:07:50,65,NaN,NaN
Ground_Point_28,SAT_5,3,05-Jan-2030 19:11:30,05-Jan-2030 19:12:45,75,NaN,NaN
Ground_Point_28,SAT_5,4,06-Jan-2030 08:13:55,06-Jan-2030 08:14:30,35,NaN,NaN
Ground_Point_28,SAT_5,5,07-Jan-2030 07:52:10,07-Jan-2030 07:53:00,50,NaN,NaN
Ground_Point_29,SAT_5,1,02-Jan-2030 18:42:50,02-Jan-2030 18:44:10,80,NaN,NaN
Ground_Point_29,SAT_5,2,03-Jan-2030 07:44:35,03-Jan-2030 07:45:45,70,NaN,NaN
Ground_Point_29,SAT_5,3,06-Jan-2030 18:49:55,06-Jan-2030 18:51:00,65,NaN,NaN
Ground_Point_29,SAT_5,4,07-Jan-2030 07:51:45,07-Jan-2030 07:52:25,40,NaN,NaN
Ground_Point_30,SAT_5,1,01-Jan-2030 06:53:45,01-Jan-2030 06:55:00,75,NaN,NaN
Ground_Point_30,SAT_5,2,04-Jan-2030 17:59:15,04-Jan-2030 18:00:35,80,NaN,NaN
Ground_Point_30,SAT_5,3,05-Jan-2030 07:00:40,05-Jan-2030 07:01:55,75,NaN,NaN
Ground_Point_31,SAT_5,1,03-Jan-2030 18:22:15,03-Jan-2030 18:23:00,45,NaN,NaN
Ground_Point_31,SAT_5,2,04-Jan-2030 07:21:35,04-Jan-2030 07:22:45,70,NaN,NaN
Ground_Point_31,SAT_5,3,04-Jan-2030 18:00:30,04-Jan-2030 18:01:30,60,NaN,NaN
Ground_Point_31,SAT_5,4,05-Jan-2030 07:00:30,05-Jan-2030 07:00:35,5,NaN,NaN
Ground_Point_32,SAT_5,1,01-Jan-2030 06:51:05,01-Jan-2030 06:51:40,35,NaN,NaN
Ground_Point_32,SAT_5,2,02-Jan-2030 06:29:10,02-Jan-2030 06:30:20,70,NaN,NaN
Ground_Point_32,SAT_5,3,02-Jan-2030 17:11:15,02-Jan-2030 17:12:35,80,NaN,NaN
Ground_Point_32,SAT_5,4,06-Jan-2030 06:36:00,06-Jan-2030 06:37:20,80,NaN,NaN
Ground_Point_32,SAT_5,5,06-Jan-2030 17:18:15,06-Jan-2030 17:19:30,75,NaN,NaN
Ground_Point_33,SAT_5,1,01-Jan-2030 23:48:10,01-Jan-2030 23:49:30,80,NaN,NaN
Ground_Point_33,SAT_5,2,02-Jan-2030 12:50:20,02-Jan-2030 12:51:20,60,NaN,NaN
Ground_Point_33,SAT_5,3,03-Jan-2030 12:29:05,03-Jan-2030 12:29:15,10,NaN,NaN
Ground_Point_33,SAT_5,4,05-Jan-2030 23:55:15,05-Jan-2030 23:56:20,65,NaN,NaN
Ground_Point_33,SAT_5,5,06-Jan-2030 12:57:40,06-Jan-2030 12:57:50,10,NaN,NaN
Ground_Point_33,SAT_5,6,07-Jan-2030 12:35:35,07-Jan-2030 12:36:40,65,NaN,NaN
Ground_Point_34,SAT_5,1,01-Jan-2030 00:09:40,01-Jan-2030 00:10:40,60,NaN,NaN
Ground_Point_34,SAT_5,2,01-Jan-2030 23:48:20,01-Jan-2030 23:48:45,25,NaN,NaN
Ground_Point_34,SAT_5,3,02-Jan-2030 12:50:45,02-Jan-2030 12:52:05,80,NaN,NaN
Ground_Point_34,SAT_5,4,05-Jan-2030 23:54:55,05-Jan-2030 23:56:00,65,NaN,NaN
Ground_Point_34,SAT_5,5,06-Jan-2030 12:57:45,06-Jan-2030 12:58:55,70,NaN,NaN
Ground_Point_35,SAT_5,1,02-Jan-2030 23:26:55,02-Jan-2030 23:28:05,70,NaN,NaN
Ground_Point_35,SAT_5,2,03-Jan-2030 12:28:00,03-Jan-2030 12:29:15,75,NaN,NaN
Ground_Point_35,SAT_5,3,06-Jan-2030 23:33:45,06-Jan-2030 23:35:05,80,NaN,NaN
Ground_Point_35,SAT_5,4,07-Jan-2030 12:34:55,07-Jan-2030 12:36:10,75,NaN,NaN
Ground_Point_36,SAT_5,1,04-Jan-2030 00:39:20,04-Jan-2030 00:40:35,75,NaN,NaN
Ground_Point_36,SAT_5,2,04-Jan-2030 13:40:45,04-Jan-2030 13:42:00,75,NaN,NaN
Ground_Point_37,SAT_5,1,02-Jan-2030 01:20:45,02-Jan-2030 01:21:55,70,NaN,NaN
Ground_Point_37,SAT_5,2,03-Jan-2030 14:05:05,03-Jan-2030 14:06:20,75,NaN,NaN
Ground_Point_37,SAT_5,3,06-Jan-2030 01:27:35,06-Jan-2030 01:28:55,80,NaN,NaN
Ground_Point_37,SAT_5,4,07-Jan-2030 14:12:00,07-Jan-2030 14:13:15,75,NaN,NaN
Ground_Point_38,SAT_5,1,02-Jan-2030 01:19:50,02-Jan-2030 01:21:10,80,NaN,NaN
Ground_Point_38,SAT_5,2,03-Jan-2030 14:05:55,03-Jan-2030 14:06:55,60,NaN,NaN
Ground_Point_38,SAT_5,3,06-Jan-2030 01:26:50,06-Jan-2030 01:28:05,75,NaN,NaN
Ground_Point_39,SAT_5,1,02-Jan-2030 02:55:30,02-Jan-2030 02:56:40,70,NaN,NaN
Ground_Point_39,SAT_5,2,03-Jan-2030 15:39:15,03-Jan-2030 15:40:25,70,NaN,NaN
Ground_Point_39,SAT_5,3,06-Jan-2030 03:02:45,06-Jan-2030 03:03:20,35,NaN,NaN
Ground_Point_39,SAT_5,4,07-Jan-2030 02:41:05,07-Jan-2030 02:41:45,40,NaN,NaN
Ground_Point_39,SAT_5,5,07-Jan-2030 15:46:30,07-Jan-2030 15:47:00,30,NaN,NaN
Ground_Point_40,SAT_5,1,02-Jan-2030 02:56:40,02-Jan-2030 02:57:45,65,NaN,NaN
Ground_Point_40,SAT_5,2,02-Jan-2030 16:00:10,02-Jan-2030 16:01:15,65,NaN,NaN
Ground_Point_40,SAT_5,3,06-Jan-2030 03:03:30,06-Jan-2030 03:04:50,80,NaN,NaN
Ground_Point_40,SAT_5,4,06-Jan-2030 16:07:25,06-Jan-2030 16:07:45,20,NaN,NaN
Ground_Point_40,SAT_5,5,07-Jan-2030 15:45:30,07-Jan-2030 15:46:25,55,NaN,NaN
Ground_Point_41,SAT_5,1,02-Jan-2030 02:59:05,02-Jan-2030 03:00:20,75,NaN,NaN
Ground_Point_41,SAT_5,2,02-Jan-2030 15:57:35,02-Jan-2030 15:58:50,75,NaN,NaN
Ground_Point_41,SAT_5,3,03-Jan-2030 02:38:00,03-Jan-2030 02:38:15,15,NaN,NaN
Ground_Point_41,SAT_5,4,06-Jan-2030 03:06:15,06-Jan-2030 03:07:05,50,NaN,NaN
Ground_Point_41,SAT_5,5,06-Jan-2030 16:04:30,06-Jan-2030 16:05:45,75,NaN,NaN
Ground_Point_41,SAT_5,6,07-Jan-2030 02:44:30,07-Jan-2030 02:45:30,60,NaN,NaN
Ground_Point_42,SAT_5,1,01-Jan-2030 00:10:50,01-Jan-2030 00:12:05,75,NaN,NaN
Ground_Point_42,SAT_5,2,01-Jan-2030 13:11:20,01-Jan-2030 13:12:35,75,NaN,NaN
Ground_Point_42,SAT_5,3,05-Jan-2030 00:18:00,05-Jan-2030 00:18:50,50,NaN,NaN
Ground_Point_42,SAT_5,4,05-Jan-2030 13:18:25,05-Jan-2030 13:19:20,55,NaN,NaN
Ground_Point_42,SAT_5,5,05-Jan-2030 23:56:20,05-Jan-2030 23:57:15,55,NaN,NaN
Ground_Point_42,SAT_5,6,06-Jan-2030 12:56:50,06-Jan-2030 12:57:40,50,NaN,NaN
Ground_Point_43,SAT_5,1,01-Jan-2030 23:49:30,01-Jan-2030 23:50:35,65,NaN,NaN
Ground_Point_43,SAT_5,2,02-Jan-2030 12:49:00,02-Jan-2030 12:50:15,75,NaN,NaN
Ground_Point_43,SAT_5,3,02-Jan-2030 23:28:05,02-Jan-2030 23:28:45,40,NaN,NaN
Ground_Point_43,SAT_5,4,05-Jan-2030 23:56:50,05-Jan-2030 23:57:10,20,NaN,NaN
Ground_Point_43,SAT_5,5,06-Jan-2030 12:56:00,06-Jan-2030 12:57:00,60,NaN,NaN
Ground_Point_43,SAT_5,6,06-Jan-2030 23:34:45,06-Jan-2030 23:35:55,70,NaN,NaN
Ground_Point_43,SAT_5,7,07-Jan-2030 12:34:30,07-Jan-2030 12:35:15,45,NaN,NaN
Ground_Point_44,SAT_5,1,01-Jan-2030 01:39:05,01-Jan-2030 01:40:15,70,NaN,NaN
Ground_Point_44,SAT_5,2,03-Jan-2030 14:08:35,03-Jan-2030 14:09:50,75,NaN,NaN
Ground_Point_44,SAT_5,3,05-Jan-2030 01:46:00,05-Jan-2030 01:47:15,75,NaN,NaN
Ground_Point_44,SAT_5,4,07-Jan-2030 14:15:40,07-Jan-2030 14:16:30,50,NaN,NaN
Ground_Point_45,SAT_5,1,01-Jan-2030 01:42:05,01-Jan-2030 01:42:40,35,NaN,NaN
Ground_Point_45,SAT_5,2,02-Jan-2030 01:20:30,02-Jan-2030 01:21:05,35,NaN,NaN
Ground_Point_45,SAT_5,3,03-Jan-2030 14:05:45,03-Jan-2030 14:07:00,75,NaN,NaN
Ground_Point_45,SAT_5,4,06-Jan-2030 01:27:05,06-Jan-2030 01:28:15,70,NaN,NaN
Ground_Point_45,SAT_5,5,07-Jan-2030 14:12:40,07-Jan-2030 14:13:55,75,NaN,NaN
Ground_Point_46,SAT_5,1,01-Jan-2030 03:49:05,01-Jan-2030 03:50:20,75,NaN,NaN
Ground_Point_46,SAT_5,2,02-Jan-2030 15:29:30,02-Jan-2030 15:30:35,65,NaN,NaN
Ground_Point_46,SAT_5,3,05-Jan-2030 03:56:00,05-Jan-2030 03:57:15,75,NaN,NaN
Ground_Point_46,SAT_5,4,07-Jan-2030 15:15:00,07-Jan-2030 15:15:45,45,NaN,NaN
Ground_Point_47,SAT_5,1,01-Jan-2030 15:51:25,01-Jan-2030 15:52:30,65,NaN,NaN
Ground_Point_47,SAT_5,2,04-Jan-2030 04:18:25,04-Jan-2030 04:19:10,45,NaN,NaN
Ground_Point_47,SAT_5,3,05-Jan-2030 15:58:15,05-Jan-2030 15:59:35,80,NaN,NaN
Ground_Point_48,SAT_5,1,01-Jan-2030 05:21:45,01-Jan-2030 05:23:00,75,NaN,NaN
Ground_Point_48,SAT_5,2,03-Jan-2030 16:44:00,03-Jan-2030 16:45:10,70,NaN,NaN
Ground_Point_48,SAT_5,3,05-Jan-2030 05:28:50,05-Jan-2030 05:29:45,55,NaN,NaN
Ground_Point_48,SAT_5,4,07-Jan-2030 16:51:05,07-Jan-2030 16:51:55,50,NaN,NaN
Ground_Point_49,SAT_5,1,01-Jan-2030 05:22:40,01-Jan-2030 05:23:25,45,NaN,NaN
Ground_Point_49,SAT_5,2,02-Jan-2030 17:05:30,02-Jan-2030 17:06:15,45,NaN,NaN
Ground_Point_49,SAT_5,3,03-Jan-2030 16:44:05,03-Jan-2030 16:44:20,15,NaN,NaN
Ground_Point_49,SAT_5,4,05-Jan-2030 05:29:20,05-Jan-2030 05:30:35,75,NaN,NaN
Ground_Point_49,SAT_5,5,07-Jan-2030 16:50:35,07-Jan-2030 16:51:45,70,NaN,NaN
Ground_Point_50,SAT_5,1,02-Jan-2030 05:15:15,02-Jan-2030 05:16:25,70,NaN,NaN
Ground_Point_50,SAT_5,2,04-Jan-2030 17:41:15,04-Jan-2030 17:42:30,75,NaN,NaN
Ground_Point_50,SAT_5,3,06-Jan-2030 05:22:25,06-Jan-2030 05:23:00,35,NaN,NaN
Ground_Point_50,SAT_5,4,07-Jan-2030 05:01:05,07-Jan-2030 05:01:10,5,NaN,NaN
Ground_Point_51,SAT_5,1,01-Jan-2030 07:03:15,01-Jan-2030 07:04:15,60,NaN,NaN
Ground_Point_51,SAT_5,2,01-Jan-2030 18:55:45,01-Jan-2030 18:56:45,60,NaN,NaN
Ground_Point_51,SAT_5,3,05-Jan-2030 07:10:00,05-Jan-2030 07:11:15,75,NaN,NaN
Ground_Point_51,SAT_5,4,05-Jan-2030 19:02:30,05-Jan-2030 19:03:50,80,NaN,NaN
Ground_Point_52,SAT_5,1,01-Jan-2030 10:20:10,01-Jan-2030 10:21:00,50,NaN,NaN
Ground_Point_52,SAT_5,2,03-Jan-2030 22:47:30,03-Jan-2030 22:48:25,55,NaN,NaN
Ground_Point_52,SAT_5,3,06-Jan-2030 10:05:25,06-Jan-2030 10:06:20,55,NaN,NaN
Ground_Point_53,SAT_5,1,02-Jan-2030 09:58:00,02-Jan-2030 09:59:15,75,NaN,NaN
Ground_Point_53,SAT_5,2,04-Jan-2030 22:25:45,04-Jan-2030 22:27:00,75,NaN,NaN
Ground_Point_53,SAT_5,3,06-Jan-2030 10:05:00,06-Jan-2030 10:06:05,65,NaN,NaN
Ground_Point_54,SAT_5,1,01-Jan-2030 23:28:25,01-Jan-2030 23:29:35,70,NaN,NaN
Ground_Point_54,SAT_5,2,04-Jan-2030 10:51:50,04-Jan-2030 10:53:05,75,NaN,NaN
Ground_Point_54,SAT_5,3,05-Jan-2030 23:35:15,05-Jan-2030 23:36:35,80,NaN,NaN
Ground_Point_55,SAT_5,1,02-Jan-2030 11:35:25,02-Jan-2030 11:36:35,70,NaN,NaN
Ground_Point_55,SAT_5,2,04-Jan-2030 00:19:25,04-Jan-2030 00:20:40,75,NaN,NaN
Ground_Point_55,SAT_5,3,06-Jan-2030 11:42:15,06-Jan-2030 11:43:35,80,NaN,NaN
Ground_Point_1,SAT_6,1,02-Jan-2030 10:25:35,02-Jan-2030 10:26:55,80,NaN,NaN
Ground_Point_1,SAT_6,2,03-Jan-2030 23:07:40,03-Jan-2030 23:08:40,60,NaN,NaN
Ground_Point_1,SAT_6,3,06-Jan-2030 10:32:35,06-Jan-2030 10:33:50,75,NaN,NaN
Ground_Point_1,SAT_6,4,07-Jan-2030 23:14:30,07-Jan-2030 23:15:45,75,NaN,NaN
Ground_Point_2,SAT_6,1,02-Jan-2030 10:24:55,02-Jan-2030 10:26:10,75,NaN,NaN
Ground_Point_2,SAT_6,2,03-Jan-2030 23:08:05,03-Jan-2030 23:09:20,75,NaN,NaN
Ground_Point_2,SAT_6,3,06-Jan-2030 10:32:10,06-Jan-2030 10:32:50,40,NaN,NaN
Ground_Point_2,SAT_6,4,07-Jan-2030 10:10:35,07-Jan-2030 10:11:15,40,NaN,NaN
Ground_Point_2,SAT_6,5,07-Jan-2030 23:15:10,07-Jan-2030 23:16:05,55,NaN,NaN
Ground_Point_3,SAT_6,1,02-Jan-2030 10:25:35,02-Jan-2030 10:26:55,80,NaN,NaN
Ground_Point_3,SAT_6,2,02-Jan-2030 23:29:40,02-Jan-2030 23:30:00,20,NaN,NaN
Ground_Point_3,SAT_6,3,03-Jan-2030 23:07:45,03-Jan-2030 23:08:40,55,NaN,NaN
Ground_Point_3,SAT_6,4,06-Jan-2030 10:32:35,06-Jan-2030 10:33:50,75,NaN,NaN
Ground_Point_3,SAT_6,5,07-Jan-2030 23:14:35,07-Jan-2030 23:15:45,70,NaN,NaN
Ground_Point_4,SAT_6,1,01-Jan-2030 22:17:20,01-Jan-2030 22:18:30,70,NaN,NaN
Ground_Point_4,SAT_6,2,04-Jan-2030 09:41:20,04-Jan-2030 09:42:35,75,NaN,NaN
Ground_Point_4,SAT_6,3,05-Jan-2030 22:24:10,05-Jan-2030 22:25:30,80,NaN,NaN
Ground_Point_5,SAT_6,1,03-Jan-2030 10:03:00,03-Jan-2030 10:04:00,60,NaN,NaN
Ground_Point_5,SAT_6,2,04-Jan-2030 22:46:20,04-Jan-2030 22:47:25,65,NaN,NaN
Ground_Point_6,SAT_6,1,04-Jan-2030 09:41:25,04-Jan-2030 09:42:30,65,NaN,NaN
Ground_Point_6,SAT_6,2,04-Jan-2030 22:46:30,04-Jan-2030 22:46:55,25,NaN,NaN
Ground_Point_6,SAT_6,3,05-Jan-2030 22:24:40,05-Jan-2030 22:25:30,50,NaN,NaN
Ground_Point_7,SAT_6,1,01-Jan-2030 00:12:45,01-Jan-2030 00:13:10,25,NaN,NaN
Ground_Point_7,SAT_6,2,01-Jan-2030 23:50:50,01-Jan-2030 23:51:50,60,NaN,NaN
Ground_Point_7,SAT_6,3,04-Jan-2030 11:17:05,04-Jan-2030 11:18:00,55,NaN,NaN
Ground_Point_7,SAT_6,4,05-Jan-2030 10:55:35,05-Jan-2030 10:56:15,40,NaN,NaN
Ground_Point_7,SAT_6,5,05-Jan-2030 23:57:40,05-Jan-2030 23:58:55,75,NaN,NaN
Ground_Point_8,SAT_6,1,01-Jan-2030 10:46:00,01-Jan-2030 10:47:05,65,NaN,NaN
Ground_Point_8,SAT_6,2,02-Jan-2030 23:31:05,02-Jan-2030 23:32:20,75,NaN,NaN
Ground_Point_8,SAT_6,3,05-Jan-2030 10:52:50,05-Jan-2030 10:54:05,75,NaN,NaN
Ground_Point_8,SAT_6,4,06-Jan-2030 23:38:00,06-Jan-2030 23:39:10,70,NaN,NaN
Ground_Point_9,SAT_6,1,01-Jan-2030 23:55:15,01-Jan-2030 23:56:30,75,NaN,NaN
Ground_Point_9,SAT_6,2,03-Jan-2030 11:34:15,03-Jan-2030 11:35:25,70,NaN,NaN
Ground_Point_9,SAT_6,3,06-Jan-2030 00:02:15,06-Jan-2030 00:03:20,65,NaN,NaN
Ground_Point_9,SAT_6,4,07-Jan-2030 11:41:35,07-Jan-2030 11:42:05,30,NaN,NaN
Ground_Point_10,SAT_6,1,01-Jan-2030 23:55:15,01-Jan-2030 23:56:30,75,NaN,NaN
Ground_Point_10,SAT_6,2,03-Jan-2030 11:34:15,03-Jan-2030 11:35:25,70,NaN,NaN
Ground_Point_10,SAT_6,3,06-Jan-2030 00:02:20,06-Jan-2030 00:03:20,60,NaN,NaN
Ground_Point_10,SAT_6,4,07-Jan-2030 11:41:30,07-Jan-2030 11:42:00,30,NaN,NaN
Ground_Point_11,SAT_6,1,02-Jan-2030 23:32:40,02-Jan-2030 23:33:50,70,NaN,NaN
Ground_Point_11,SAT_6,2,05-Jan-2030 10:51:25,05-Jan-2030 10:52:25,60,NaN,NaN
Ground_Point_11,SAT_6,3,06-Jan-2030 23:40:00,06-Jan-2030 23:40:20,20,NaN,NaN
Ground_Point_11,SAT_6,4,07-Jan-2030 23:18:20,07-Jan-2030 23:18:45,25,NaN,NaN
Ground_Point_12,SAT_6,1,01-Jan-2030 00:22:40,01-Jan-2030 00:24:00,80,NaN,NaN
Ground_Point_12,SAT_6,2,01-Jan-2030 12:13:00,01-Jan-2030 12:13:25,25,NaN,NaN
Ground_Point_12,SAT_6,3,05-Jan-2030 00:29:40,05-Jan-2030 00:30:50,70,NaN,NaN
Ground_Point_12,SAT_6,4,05-Jan-2030 12:19:35,05-Jan-2030 12:20:45,70,NaN,NaN
Ground_Point_13,SAT_6,1,04-Jan-2030 00:48:20,04-Jan-2030 00:49:30,70,NaN,NaN
Ground_Point_13,SAT_6,2,05-Jan-2030 12:23:00,05-Jan-2030 12:23:55,55,NaN,NaN
Ground_Point_14,SAT_6,1,01-Jan-2030 00:20:10,01-Jan-2030 00:21:25,75,NaN,NaN
Ground_Point_14,SAT_6,2,01-Jan-2030 12:15:10,01-Jan-2030 12:15:50,40,NaN,NaN
Ground_Point_14,SAT_6,3,05-Jan-2030 00:27:20,05-Jan-2030 00:28:05,45,NaN,NaN
Ground_Point_14,SAT_6,4,06-Jan-2030 12:00:20,06-Jan-2030 12:01:15,55,NaN,NaN
Ground_Point_15,SAT_6,1,01-Jan-2030 12:10:35,01-Jan-2030 12:11:45,70,NaN,NaN
Ground_Point_15,SAT_6,2,02-Jan-2030 00:02:55,02-Jan-2030 00:04:05,70,NaN,NaN
Ground_Point_15,SAT_6,3,05-Jan-2030 12:17:25,05-Jan-2030 12:18:45,80,NaN,NaN
Ground_Point_15,SAT_6,4,06-Jan-2030 00:09:45,06-Jan-2030 00:11:00,75,NaN,NaN
Ground_Point_16,SAT_6,1,03-Jan-2030 23:14:05,03-Jan-2030 23:14:30,25,NaN,NaN
Ground_Point_16,SAT_6,2,04-Jan-2030 11:10:15,04-Jan-2030 11:11:30,75,NaN,NaN
Ground_Point_16,SAT_6,3,07-Jan-2030 23:20:40,07-Jan-2030 23:21:50,70,NaN,NaN
Ground_Point_17,SAT_6,1,05-Jan-2030 00:29:20,05-Jan-2030 00:30:30,70,NaN,NaN
Ground_Point_18,SAT_6,1,03-Jan-2030 02:43:20,03-Jan-2030 02:44:30,70,NaN,NaN
Ground_Point_18,SAT_6,2,04-Jan-2030 14:20:35,04-Jan-2030 14:21:45,70,NaN,NaN
Ground_Point_18,SAT_6,3,07-Jan-2030 02:50:40,07-Jan-2030 02:50:55,15,NaN,NaN
Ground_Point_19,SAT_6,1,01-Jan-2030 13:54:10,01-Jan-2030 13:55:25,75,NaN,NaN
Ground_Point_19,SAT_6,2,04-Jan-2030 02:19:15,04-Jan-2030 02:20:05,50,NaN,NaN
Ground_Point_19,SAT_6,3,05-Jan-2030 14:01:15,05-Jan-2030 14:02:15,60,NaN,NaN
Ground_Point_20,SAT_6,1,01-Jan-2030 13:50:45,01-Jan-2030 13:51:00,15,NaN,NaN
Ground_Point_20,SAT_6,2,04-Jan-2030 02:23:05,04-Jan-2030 02:24:05,60,NaN,NaN
Ground_Point_20,SAT_6,3,05-Jan-2030 13:57:10,05-Jan-2030 13:58:20,70,NaN,NaN
Ground_Point_21,SAT_6,1,01-Jan-2030 08:02:05,01-Jan-2030 08:03:20,75,NaN,NaN
Ground_Point_21,SAT_6,2,01-Jan-2030 18:43:55,01-Jan-2030 18:45:10,75,NaN,NaN
Ground_Point_21,SAT_6,3,02-Jan-2030 18:22:45,02-Jan-2030 18:23:05,20,NaN,NaN
Ground_Point_21,SAT_6,4,05-Jan-2030 08:09:05,05-Jan-2030 08:10:10,65,NaN,NaN
Ground_Point_21,SAT_6,5,05-Jan-2030 18:51:00,05-Jan-2030 18:52:00,60,NaN,NaN
Ground_Point_21,SAT_6,6,06-Jan-2030 07:47:35,06-Jan-2030 07:48:25,50,NaN,NaN
Ground_Point_21,SAT_6,7,06-Jan-2030 18:29:20,06-Jan-2030 18:30:20,60,NaN,NaN
Ground_Point_22,SAT_6,1,01-Jan-2030 18:43:15,01-Jan-2030 18:44:15,60,NaN,NaN
Ground_Point_22,SAT_6,2,02-Jan-2030 07:41:00,02-Jan-2030 07:42:15,75,NaN,NaN
Ground_Point_22,SAT_6,3,02-Jan-2030 18:21:40,02-Jan-2030 18:22:35,55,NaN,NaN
Ground_Point_22,SAT_6,4,05-Jan-2030 18:50:40,05-Jan-2030 18:50:45,5,NaN,NaN
Ground_Point_22,SAT_6,5,06-Jan-2030 07:47:55,06-Jan-2030 07:49:10,75,NaN,NaN
Ground_Point_22,SAT_6,6,06-Jan-2030 18:28:25,06-Jan-2030 18:29:40,75,NaN,NaN
Ground_Point_23,SAT_6,1,02-Jan-2030 07:40:00,02-Jan-2030 07:41:15,75,NaN,NaN
Ground_Point_23,SAT_6,2,02-Jan-2030 18:22:15,02-Jan-2030 18:23:30,75,NaN,NaN
Ground_Point_23,SAT_6,3,03-Jan-2030 18:01:05,03-Jan-2030 18:01:25,20,NaN,NaN
Ground_Point_23,SAT_6,4,06-Jan-2030 07:46:55,06-Jan-2030 07:48:10,75,NaN,NaN
Ground_Point_23,SAT_6,5,06-Jan-2030 18:29:20,06-Jan-2030 18:30:20,60,NaN,NaN
Ground_Point_23,SAT_6,6,07-Jan-2030 07:25:40,07-Jan-2030 07:26:05,25,NaN,NaN
Ground_Point_23,SAT_6,7,07-Jan-2030 18:07:40,07-Jan-2030 18:08:40,60,NaN,NaN
Ground_Point_24,SAT_6,1,02-Jan-2030 07:40:25,02-Jan-2030 07:41:40,75,NaN,NaN
Ground_Point_24,SAT_6,2,02-Jan-2030 18:21:50,02-Jan-2030 18:23:10,80,NaN,NaN
Ground_Point_24,SAT_6,3,06-Jan-2030 07:47:20,06-Jan-2030 07:48:35,75,NaN,NaN
Ground_Point_24,SAT_6,4,06-Jan-2030 18:28:50,06-Jan-2030 18:30:05,75,NaN,NaN
Ground_Point_24,SAT_6,5,07-Jan-2030 07:26:10,07-Jan-2030 07:26:30,20,NaN,NaN
Ground_Point_24,SAT_6,6,07-Jan-2030 18:07:40,07-Jan-2030 18:08:00,20,NaN,NaN
Ground_Point_25,SAT_6,1,02-Jan-2030 18:21:55,02-Jan-2030 18:22:25,30,NaN,NaN
Ground_Point_25,SAT_6,2,03-Jan-2030 07:18:45,03-Jan-2030 07:20:00,75,NaN,NaN
Ground_Point_25,SAT_6,3,03-Jan-2030 17:59:55,03-Jan-2030 18:01:05,70,NaN,NaN
Ground_Point_25,SAT_6,4,07-Jan-2030 07:25:40,07-Jan-2030 07:27:00,80,NaN,NaN
Ground_Point_25,SAT_6,5,07-Jan-2030 18:06:50,07-Jan-2030 18:08:05,75,NaN,NaN
Ground_Point_26,SAT_6,1,03-Jan-2030 07:18:05,03-Jan-2030 07:19:05,60,NaN,NaN
Ground_Point_26,SAT_6,2,03-Jan-2030 18:00:40,03-Jan-2030 18:01:10,30,NaN,NaN
Ground_Point_26,SAT_6,3,04-Jan-2030 06:56:25,04-Jan-2030 06:57:25,60,NaN,NaN
Ground_Point_26,SAT_6,4,04-Jan-2030 17:38:40,04-Jan-2030 17:39:55,75,NaN,NaN
Ground_Point_26,SAT_6,5,07-Jan-2030 07:25:20,07-Jan-2030 07:25:40,20,NaN,NaN
Ground_Point_27,SAT_6,1,03-Jan-2030 07:19:15,03-Jan-2030 07:20:15,60,NaN,NaN
Ground_Point_27,SAT_6,2,03-Jan-2030 17:59:15,03-Jan-2030 18:00:30,75,NaN,NaN
Ground_Point_27,SAT_6,3,04-Jan-2030 06:57:40,04-Jan-2030 06:58:35,55,NaN,NaN
Ground_Point_27,SAT_6,4,07-Jan-2030 18:06:15,07-Jan-2030 18:07:25,70,NaN,NaN
Ground_Point_28,SAT_6,1,01-Jan-2030 08:05:00,01-Jan-2030 08:06:15,75,NaN,NaN
Ground_Point_28,SAT_6,2,04-Jan-2030 19:09:50,04-Jan-2030 19:11:05,75,NaN,NaN
Ground_Point_28,SAT_6,3,05-Jan-2030 08:12:10,05-Jan-2030 08:13:00,50,NaN,NaN
Ground_Point_28,SAT_6,4,06-Jan-2030 07:50:35,06-Jan-2030 07:51:20,45,NaN,NaN
Ground_Point_29,SAT_6,1,01-Jan-2030 18:41:15,01-Jan-2030 18:42:30,75,NaN,NaN
Ground_Point_29,SAT_6,2,02-Jan-2030 07:42:55,02-Jan-2030 07:44:05,70,NaN,NaN
Ground_Point_29,SAT_6,3,05-Jan-2030 18:48:15,05-Jan-2030 18:49:25,70,NaN,NaN
Ground_Point_29,SAT_6,4,06-Jan-2030 07:50:00,06-Jan-2030 07:50:50,50,NaN,NaN
Ground_Point_29,SAT_6,5,07-Jan-2030 07:28:25,07-Jan-2030 07:29:10,45,NaN,NaN
Ground_Point_30,SAT_6,1,03-Jan-2030 17:57:40,03-Jan-2030 17:58:55,75,NaN,NaN
Ground_Point_30,SAT_6,2,04-Jan-2030 06:59:00,04-Jan-2030 07:00:15,75,NaN,NaN
Ground_Point_30,SAT_6,3,07-Jan-2030 18:04:35,07-Jan-2030 18:05:50,75,NaN,NaN
Ground_Point_31,SAT_6,1,02-Jan-2030 18:20:30,02-Jan-2030 18:21:25,55,NaN,NaN
Ground_Point_31,SAT_6,2,03-Jan-2030 07:19:55,03-Jan-2030 07:21:10,75,NaN,NaN
Ground_Point_31,SAT_6,3,03-Jan-2030 17:58:55,03-Jan-2030 17:59:45,50,NaN,NaN
Ground_Point_31,SAT_6,4,07-Jan-2030 07:27:00,07-Jan-2030 07:27:55,55,NaN,NaN
Ground_Point_31,SAT_6,5,07-Jan-2030 18:05:40,07-Jan-2030 18:06:55,75,NaN,NaN
Ground_Point_32,SAT_6,1,01-Jan-2030 06:27:30,01-Jan-2030 06:28:40,70,NaN,NaN
Ground_Point_32,SAT_6,2,01-Jan-2030 17:09:40,01-Jan-2030 17:10:55,75,NaN,NaN
Ground_Point_32,SAT_6,3,05-Jan-2030 06:34:25,05-Jan-2030 06:35:40,75,NaN,NaN
Ground_Point_32,SAT_6,4,05-Jan-2030 17:16:35,05-Jan-2030 17:17:55,80,NaN,NaN
Ground_Point_33,SAT_6,1,01-Jan-2030 12:48:35,01-Jan-2030 12:49:45,70,NaN,NaN
Ground_Point_33,SAT_6,2,04-Jan-2030 23:53:30,04-Jan-2030 23:54:45,75,NaN,NaN
Ground_Point_33,SAT_6,3,05-Jan-2030 12:55:50,05-Jan-2030 12:56:20,30,NaN,NaN
Ground_Point_33,SAT_6,4,06-Jan-2030 12:34:00,06-Jan-2030 12:34:55,55,NaN,NaN
Ground_Point_34,SAT_6,1,01-Jan-2030 12:49:10,01-Jan-2030 12:50:25,75,NaN,NaN
Ground_Point_34,SAT_6,2,04-Jan-2030 00:15:15,04-Jan-2030 00:15:40,25,NaN,NaN
Ground_Point_34,SAT_6,3,04-Jan-2030 23:53:20,04-Jan-2030 23:54:20,60,NaN,NaN
Ground_Point_34,SAT_6,4,05-Jan-2030 12:56:05,05-Jan-2030 12:57:20,75,NaN,NaN
Ground_Point_35,SAT_6,1,01-Jan-2030 23:25:20,01-Jan-2030 23:26:20,60,NaN,NaN
Ground_Point_35,SAT_6,2,02-Jan-2030 12:26:25,02-Jan-2030 12:27:35,70,NaN,NaN
Ground_Point_35,SAT_6,3,05-Jan-2030 23:32:10,05-Jan-2030 23:33:25,75,NaN,NaN
Ground_Point_35,SAT_6,4,06-Jan-2030 12:33:15,06-Jan-2030 12:34:35,80,NaN,NaN
Ground_Point_36,SAT_6,1,03-Jan-2030 00:37:40,03-Jan-2030 00:38:55,75,NaN,NaN
Ground_Point_36,SAT_6,2,03-Jan-2030 13:39:05,03-Jan-2030 13:40:20,75,NaN,NaN
Ground_Point_36,SAT_6,3,07-Jan-2030 00:44:35,07-Jan-2030 00:45:55,80,NaN,NaN
Ground_Point_36,SAT_6,4,07-Jan-2030 13:46:05,07-Jan-2030 13:47:10,65,NaN,NaN
Ground_Point_37,SAT_6,1,01-Jan-2030 01:19:05,01-Jan-2030 01:20:15,70,NaN,NaN
Ground_Point_37,SAT_6,2,02-Jan-2030 14:03:25,02-Jan-2030 14:04:40,75,NaN,NaN
Ground_Point_37,SAT_6,3,05-Jan-2030 01:26:00,05-Jan-2030 01:27:15,75,NaN,NaN
Ground_Point_37,SAT_6,4,06-Jan-2030 14:10:20,06-Jan-2030 14:11:35,75,NaN,NaN
Ground_Point_38,SAT_6,1,01-Jan-2030 01:18:15,01-Jan-2030 01:19:30,75,NaN,NaN
Ground_Point_38,SAT_6,2,02-Jan-2030 14:04:10,02-Jan-2030 14:05:20,70,NaN,NaN
Ground_Point_38,SAT_6,3,05-Jan-2030 01:25:10,05-Jan-2030 01:26:25,75,NaN,NaN
Ground_Point_38,SAT_6,4,06-Jan-2030 14:11:30,06-Jan-2030 14:11:50,20,NaN,NaN
Ground_Point_38,SAT_6,5,07-Jan-2030 13:49:45,07-Jan-2030 13:50:20,35,NaN,NaN
Ground_Point_39,SAT_6,1,01-Jan-2030 02:53:50,01-Jan-2030 02:55:05,75,NaN,NaN
Ground_Point_39,SAT_6,2,02-Jan-2030 15:37:35,02-Jan-2030 15:38:45,70,NaN,NaN
Ground_Point_39,SAT_6,3,05-Jan-2030 03:01:00,05-Jan-2030 03:01:50,50,NaN,NaN
Ground_Point_39,SAT_6,4,06-Jan-2030 02:39:35,06-Jan-2030 02:40:00,25,NaN,NaN
Ground_Point_39,SAT_6,5,06-Jan-2030 15:44:45,06-Jan-2030 15:45:30,45,NaN,NaN
Ground_Point_39,SAT_6,6,07-Jan-2030 15:23:15,07-Jan-2030 15:23:40,25,NaN,NaN
Ground_Point_40,SAT_6,1,01-Jan-2030 02:55:05,01-Jan-2030 02:56:05,60,NaN,NaN
Ground_Point_40,SAT_6,2,01-Jan-2030 15:58:30,01-Jan-2030 15:59:40,70,NaN,NaN
Ground_Point_40,SAT_6,3,05-Jan-2030 03:01:55,05-Jan-2030 03:03:10,75,NaN,NaN
Ground_Point_40,SAT_6,4,05-Jan-2030 16:05:40,05-Jan-2030 16:06:20,40,NaN,NaN
Ground_Point_40,SAT_6,5,06-Jan-2030 15:44:00,06-Jan-2030 15:44:45,45,NaN,NaN
Ground_Point_41,SAT_6,1,01-Jan-2030 02:57:25,01-Jan-2030 02:58:40,75,NaN,NaN
Ground_Point_41,SAT_6,2,01-Jan-2030 15:56:00,01-Jan-2030 15:57:10,70,NaN,NaN
Ground_Point_41,SAT_6,3,05-Jan-2030 03:04:30,05-Jan-2030 03:05:30,60,NaN,NaN
Ground_Point_41,SAT_6,4,05-Jan-2030 16:02:50,05-Jan-2030 16:04:10,80,NaN,NaN
Ground_Point_41,SAT_6,5,06-Jan-2030 02:42:55,06-Jan-2030 02:43:50,55,NaN,NaN
Ground_Point_42,SAT_6,1,04-Jan-2030 00:16:15,04-Jan-2030 00:17:15,60,NaN,NaN
Ground_Point_42,SAT_6,2,04-Jan-2030 13:16:45,04-Jan-2030 13:17:45,60,NaN,NaN
Ground_Point_42,SAT_6,3,04-Jan-2030 23:54:45,04-Jan-2030 23:55:30,45,NaN,NaN
Ground_Point_42,SAT_6,4,05-Jan-2030 12:55:15,05-Jan-2030 12:55:55,40,NaN,NaN
Ground_Point_43,SAT_6,1,01-Jan-2030 12:47:20,01-Jan-2030 12:48:35,75,NaN,NaN
Ground_Point_43,SAT_6,2,01-Jan-2030 23:26:30,01-Jan-2030 23:27:00,30,NaN,NaN
Ground_Point_43,SAT_6,3,04-Jan-2030 23:55:00,04-Jan-2030 23:55:40,40,NaN,NaN
Ground_Point_43,SAT_6,4,05-Jan-2030 12:54:20,05-Jan-2030 12:55:25,65,NaN,NaN
Ground_Point_43,SAT_6,5,05-Jan-2030 23:33:10,05-Jan-2030 23:34:15,65,NaN,NaN
Ground_Point_43,SAT_6,6,06-Jan-2030 12:33:00,06-Jan-2030 12:33:30,30,NaN,NaN
Ground_Point_44,SAT_6,1,02-Jan-2030 14:06:55,02-Jan-2030 14:08:10,75,NaN,NaN
Ground_Point_44,SAT_6,2,04-Jan-2030 01:44:20,04-Jan-2030 01:45:35,75,NaN,NaN
Ground_Point_44,SAT_6,3,06-Jan-2030 14:13:55,06-Jan-2030 14:15:00,65,NaN,NaN
Ground_Point_45,SAT_6,1,01-Jan-2030 01:19:05,01-Jan-2030 01:19:10,5,NaN,NaN
Ground_Point_45,SAT_6,2,02-Jan-2030 14:04:10,02-Jan-2030 14:05:20,70,NaN,NaN
Ground_Point_45,SAT_6,3,05-Jan-2030 01:25:30,05-Jan-2030 01:26:35,65,NaN,NaN
Ground_Point_45,SAT_6,4,06-Jan-2030 14:11:00,06-Jan-2030 14:12:20,80,NaN,NaN
Ground_Point_46,SAT_6,1,01-Jan-2030 15:27:50,01-Jan-2030 15:29:00,70,NaN,NaN
Ground_Point_46,SAT_6,2,04-Jan-2030 03:54:20,04-Jan-2030 03:55:35,75,NaN,NaN
Ground_Point_46,SAT_6,3,05-Jan-2030 15:35:10,05-Jan-2030 15:35:35,25,NaN,NaN
Ground_Point_46,SAT_6,4,06-Jan-2030 15:13:30,06-Jan-2030 15:14:00,30,NaN,NaN
Ground_Point_47,SAT_6,1,03-Jan-2030 04:16:55,03-Jan-2030 04:17:25,30,NaN,NaN
Ground_Point_47,SAT_6,2,04-Jan-2030 15:56:35,04-Jan-2030 15:57:55,80,NaN,NaN
Ground_Point_47,SAT_6,3,07-Jan-2030 04:23:30,07-Jan-2030 04:24:40,70,NaN,NaN
Ground_Point_48,SAT_6,1,02-Jan-2030 16:42:20,02-Jan-2030 16:43:35,75,NaN,NaN
Ground_Point_48,SAT_6,2,04-Jan-2030 05:27:05,04-Jan-2030 05:28:10,65,NaN,NaN
Ground_Point_48,SAT_6,3,06-Jan-2030 16:49:25,06-Jan-2030 16:50:20,55,NaN,NaN
Ground_Point_49,SAT_6,1,01-Jan-2030 17:03:45,01-Jan-2030 17:04:40,55,NaN,NaN
Ground_Point_49,SAT_6,2,04-Jan-2030 05:27:45,04-Jan-2030 05:28:55,70,NaN,NaN
Ground_Point_49,SAT_6,3,06-Jan-2030 16:49:00,06-Jan-2030 16:50:00,60,NaN,NaN
Ground_Point_50,SAT_6,1,01-Jan-2030 05:13:35,01-Jan-2030 05:14:45,70,NaN,NaN
Ground_Point_50,SAT_6,2,03-Jan-2030 17:39:35,03-Jan-2030 17:40:55,80,NaN,NaN
Ground_Point_50,SAT_6,3,05-Jan-2030 05:20:40,05-Jan-2030 05:21:30,50,NaN,NaN
Ground_Point_50,SAT_6,4,07-Jan-2030 17:46:35,07-Jan-2030 17:47:50,75,NaN,NaN
Ground_Point_51,SAT_6,1,04-Jan-2030 07:08:25,04-Jan-2030 07:09:40,75,NaN,NaN
Ground_Point_51,SAT_6,2,04-Jan-2030 19:00:55,04-Jan-2030 19:02:10,75,NaN,NaN
Ground_Point_52,SAT_6,1,02-Jan-2030 22:45:50,02-Jan-2030 22:46:50,60,NaN,NaN
Ground_Point_52,SAT_6,2,05-Jan-2030 10:03:50,05-Jan-2030 10:04:40,50,NaN,NaN
Ground_Point_52,SAT_6,3,07-Jan-2030 22:31:20,07-Jan-2030 22:32:00,40,NaN,NaN
Ground_Point_53,SAT_6,1,01-Jan-2030 09:56:20,01-Jan-2030 09:57:35,75,NaN,NaN
Ground_Point_53,SAT_6,2,03-Jan-2030 22:24:05,03-Jan-2030 22:25:20,75,NaN,NaN
Ground_Point_53,SAT_6,3,05-Jan-2030 10:03:20,05-Jan-2030 10:04:30,70,NaN,NaN
Ground_Point_53,SAT_6,4,07-Jan-2030 22:31:05,07-Jan-2030 22:32:15,70,NaN,NaN
Ground_Point_54,SAT_6,1,03-Jan-2030 10:50:10,03-Jan-2030 10:51:30,80,NaN,NaN
Ground_Point_54,SAT_6,2,04-Jan-2030 23:33:35,04-Jan-2030 23:34:55,80,NaN,NaN
Ground_Point_54,SAT_6,3,07-Jan-2030 10:57:10,07-Jan-2030 10:58:20,70,NaN,NaN
Ground_Point_55,SAT_6,1,01-Jan-2030 11:33:50,01-Jan-2030 11:34:55,65,NaN,NaN
Ground_Point_55,SAT_6,2,03-Jan-2030 00:17:45,03-Jan-2030 00:19:00,75,NaN,NaN
Ground_Point_55,SAT_6,3,05-Jan-2030 11:40:40,05-Jan-2030 11:41:55,75,NaN,NaN
Ground_Point_55,SAT_6,4,07-Jan-2030 00:24:40,07-Jan-2030 00:26:00,80,NaN,NaN
Ground_Point_1,SAT_7,1,01-Jan-2030 10:23:55,01-Jan-2030 10:25:15,80,NaN,NaN
Ground_Point_1,SAT_7,2,01-Jan-2030 23:27:55,01-Jan-2030 23:28:25,30,NaN,NaN
Ground_Point_1,SAT_7,3,02-Jan-2030 23:06:05,02-Jan-2030 23:06:55,50,NaN,NaN
Ground_Point_1,SAT_7,4,05-Jan-2030 10:30:50,05-Jan-2030 10:32:05,75,NaN,NaN
Ground_Point_1,SAT_7,5,06-Jan-2030 23:12:45,06-Jan-2030 23:14:00,75,NaN,NaN
Ground_Point_2,SAT_7,1,01-Jan-2030 10:23:15,01-Jan-2030 10:24:30,75,NaN,NaN
Ground_Point_2,SAT_7,2,02-Jan-2030 23:06:25,02-Jan-2030 23:07:40,75,NaN,NaN
Ground_Point_2,SAT_7,3,05-Jan-2030 10:30:20,05-Jan-2030 10:31:15,55,NaN,NaN
Ground_Point_2,SAT_7,4,06-Jan-2030 10:09:00,06-Jan-2030 10:09:20,20,NaN,NaN
Ground_Point_2,SAT_7,5,06-Jan-2030 23:13:20,06-Jan-2030 23:14:25,65,NaN,NaN
Ground_Point_3,SAT_7,1,01-Jan-2030 10:23:55,01-Jan-2030 10:25:15,80,NaN,NaN
Ground_Point_3,SAT_7,2,01-Jan-2030 23:27:50,01-Jan-2030 23:28:30,40,NaN,NaN
Ground_Point_3,SAT_7,3,02-Jan-2030 23:06:10,02-Jan-2030 23:06:55,45,NaN,NaN
Ground_Point_3,SAT_7,4,05-Jan-2030 10:30:50,05-Jan-2030 10:32:05,75,NaN,NaN
Ground_Point_3,SAT_7,5,06-Jan-2030 23:12:50,06-Jan-2030 23:14:00,70,NaN,NaN
Ground_Point_4,SAT_7,1,03-Jan-2030 09:39:35,03-Jan-2030 09:40:55,80,NaN,NaN
Ground_Point_4,SAT_7,2,04-Jan-2030 22:22:30,04-Jan-2030 22:23:45,75,NaN,NaN
Ground_Point_4,SAT_7,3,07-Jan-2030 09:46:35,07-Jan-2030 09:47:40,65,NaN,NaN
Ground_Point_5,SAT_7,1,02-Jan-2030 10:01:15,02-Jan-2030 10:02:25,70,NaN,NaN
Ground_Point_5,SAT_7,2,03-Jan-2030 22:44:35,03-Jan-2030 22:45:45,70,NaN,NaN
Ground_Point_5,SAT_7,3,06-Jan-2030 10:08:30,06-Jan-2030 10:08:55,25,NaN,NaN
Ground_Point_5,SAT_7,4,07-Jan-2030 09:46:40,07-Jan-2030 09:47:30,50,NaN,NaN
Ground_Point_5,SAT_7,5,07-Jan-2030 22:51:45,07-Jan-2030 22:52:20,35,NaN,NaN
Ground_Point_6,SAT_7,1,02-Jan-2030 10:01:45,02-Jan-2030 10:02:05,20,NaN,NaN
Ground_Point_6,SAT_7,2,03-Jan-2030 09:39:50,03-Jan-2030 09:40:40,50,NaN,NaN
Ground_Point_6,SAT_7,3,03-Jan-2030 22:44:40,03-Jan-2030 22:45:20,40,NaN,NaN
Ground_Point_6,SAT_7,4,04-Jan-2030 22:23:05,04-Jan-2030 22:23:40,35,NaN,NaN
Ground_Point_6,SAT_7,5,07-Jan-2030 09:46:30,07-Jan-2030 09:47:45,75,NaN,NaN
Ground_Point_7,SAT_7,1,03-Jan-2030 11:15:20,03-Jan-2030 11:16:20,60,NaN,NaN
Ground_Point_7,SAT_7,2,04-Jan-2030 10:54:05,04-Jan-2030 10:54:20,15,NaN,NaN
Ground_Point_7,SAT_7,3,04-Jan-2030 23:56:00,04-Jan-2030 23:57:10,70,NaN,NaN
Ground_Point_8,SAT_7,1,01-Jan-2030 23:29:25,01-Jan-2030 23:30:40,75,NaN,NaN
Ground_Point_8,SAT_7,2,04-Jan-2030 10:51:10,04-Jan-2030 10:52:25,75,NaN,NaN
Ground_Point_8,SAT_7,3,05-Jan-2030 23:36:15,05-Jan-2030 23:37:30,75,NaN,NaN
Ground_Point_9,SAT_7,1,02-Jan-2030 11:32:35,02-Jan-2030 11:33:50,75,NaN,NaN
Ground_Point_9,SAT_7,2,05-Jan-2030 00:00:30,05-Jan-2030 00:01:40,70,NaN,NaN
Ground_Point_9,SAT_7,3,06-Jan-2030 11:39:40,06-Jan-2030 11:40:30,50,NaN,NaN
Ground_Point_10,SAT_7,1,02-Jan-2030 11:32:30,02-Jan-2030 11:33:45,75,NaN,NaN
Ground_Point_10,SAT_7,2,05-Jan-2030 00:00:35,05-Jan-2030 00:01:40,65,NaN,NaN
Ground_Point_10,SAT_7,3,06-Jan-2030 11:39:40,06-Jan-2030 11:40:25,45,NaN,NaN
Ground_Point_11,SAT_7,1,01-Jan-2030 23:31:00,01-Jan-2030 23:32:10,70,NaN,NaN
Ground_Point_11,SAT_7,2,04-Jan-2030 10:49:45,04-Jan-2030 10:50:40,55,NaN,NaN
Ground_Point_11,SAT_7,3,05-Jan-2030 23:38:05,05-Jan-2030 23:38:45,40,NaN,NaN
Ground_Point_12,SAT_7,1,04-Jan-2030 00:28:00,04-Jan-2030 00:29:10,70,NaN,NaN
Ground_Point_12,SAT_7,2,04-Jan-2030 12:17:55,04-Jan-2030 12:19:00,65,NaN,NaN
Ground_Point_13,SAT_7,1,03-Jan-2030 00:46:35,03-Jan-2030 00:47:50,75,NaN,NaN
Ground_Point_13,SAT_7,2,04-Jan-2030 12:21:20,04-Jan-2030 12:22:10,50,NaN,NaN
Ground_Point_13,SAT_7,3,07-Jan-2030 00:53:40,07-Jan-2030 00:54:30,50,NaN,NaN
Ground_Point_14,SAT_7,1,04-Jan-2030 00:25:30,04-Jan-2030 00:26:30,60,NaN,NaN
Ground_Point_14,SAT_7,2,05-Jan-2030 11:58:45,05-Jan-2030 11:59:30,45,NaN,NaN
Ground_Point_15,SAT_7,1,01-Jan-2030 00:01:20,01-Jan-2030 00:02:20,60,NaN,NaN
Ground_Point_15,SAT_7,2,04-Jan-2030 12:15:45,04-Jan-2030 12:17:00,75,NaN,NaN
Ground_Point_15,SAT_7,3,05-Jan-2030 00:08:05,05-Jan-2030 00:09:20,75,NaN,NaN
Ground_Point_16,SAT_7,1,01-Jan-2030 23:34:10,01-Jan-2030 23:34:20,10,NaN,NaN
Ground_Point_16,SAT_7,2,03-Jan-2030 11:08:35,03-Jan-2030 11:09:50,75,NaN,NaN
Ground_Point_16,SAT_7,3,06-Jan-2030 23:18:55,06-Jan-2030 23:20:00,65,NaN,NaN
Ground_Point_16,SAT_7,4,07-Jan-2030 11:15:35,07-Jan-2030 11:16:35,60,NaN,NaN
Ground_Point_17,SAT_7,1,03-Jan-2030 12:40:20,03-Jan-2030 12:40:55,35,NaN,NaN
Ground_Point_17,SAT_7,2,04-Jan-2030 00:27:45,04-Jan-2030 00:28:40,55,NaN,NaN
Ground_Point_18,SAT_7,1,02-Jan-2030 02:41:40,02-Jan-2030 02:42:50,70,NaN,NaN
Ground_Point_18,SAT_7,2,03-Jan-2030 14:18:50,03-Jan-2030 14:20:05,75,NaN,NaN
Ground_Point_18,SAT_7,3,06-Jan-2030 02:48:45,06-Jan-2030 02:49:25,40,NaN,NaN
Ground_Point_18,SAT_7,4,07-Jan-2030 14:25:55,07-Jan-2030 14:26:45,50,NaN,NaN
Ground_Point_19,SAT_7,1,02-Jan-2030 02:39:30,02-Jan-2030 02:39:40,10,NaN,NaN
Ground_Point_19,SAT_7,2,03-Jan-2030 02:17:40,03-Jan-2030 02:18:20,40,NaN,NaN
Ground_Point_19,SAT_7,3,04-Jan-2030 13:59:30,04-Jan-2030 14:00:35,65,NaN,NaN
Ground_Point_19,SAT_7,4,07-Jan-2030 02:24:15,07-Jan-2030 02:25:25,70,NaN,NaN
Ground_Point_20,SAT_7,1,03-Jan-2030 02:21:20,03-Jan-2030 02:22:25,65,NaN,NaN
Ground_Point_20,SAT_7,2,04-Jan-2030 13:55:30,04-Jan-2030 13:56:35,65,NaN,NaN
Ground_Point_21,SAT_7,1,04-Jan-2030 08:07:20,04-Jan-2030 08:08:30,70,NaN,NaN
Ground_Point_21,SAT_7,2,04-Jan-2030 18:49:15,04-Jan-2030 18:50:20,65,NaN,NaN
Ground_Point_21,SAT_7,3,05-Jan-2030 07:45:55,05-Jan-2030 07:46:35,40,NaN,NaN
Ground_Point_21,SAT_7,4,05-Jan-2030 18:27:40,05-Jan-2030 18:28:35,55,NaN,NaN
Ground_Point_22,SAT_7,1,01-Jan-2030 07:39:20,01-Jan-2030 07:40:35,75,NaN,NaN
Ground_Point_22,SAT_7,2,01-Jan-2030 18:20:05,01-Jan-2030 18:20:50,45,NaN,NaN
Ground_Point_22,SAT_7,3,04-Jan-2030 18:48:45,04-Jan-2030 18:49:15,30,NaN,NaN
Ground_Point_22,SAT_7,4,05-Jan-2030 07:46:10,05-Jan-2030 07:47:30,80,NaN,NaN
Ground_Point_22,SAT_7,5,05-Jan-2030 18:26:45,05-Jan-2030 18:27:55,70,NaN,NaN
Ground_Point_23,SAT_7,1,01-Jan-2030 07:38:20,01-Jan-2030 07:39:35,75,NaN,NaN
Ground_Point_23,SAT_7,2,01-Jan-2030 18:20:35,01-Jan-2030 18:21:50,75,NaN,NaN
Ground_Point_23,SAT_7,3,05-Jan-2030 07:45:15,05-Jan-2030 07:46:30,75,NaN,NaN
Ground_Point_23,SAT_7,4,05-Jan-2030 18:27:30,05-Jan-2030 18:28:40,70,NaN,NaN
Ground_Point_23,SAT_7,5,06-Jan-2030 18:06:00,06-Jan-2030 18:06:55,55,NaN,NaN
Ground_Point_24,SAT_7,1,01-Jan-2030 07:38:45,01-Jan-2030 07:40:00,75,NaN,NaN
Ground_Point_24,SAT_7,2,01-Jan-2030 18:20:10,01-Jan-2030 18:21:30,80,NaN,NaN
Ground_Point_24,SAT_7,3,05-Jan-2030 07:45:35,05-Jan-2030 07:46:50,75,NaN,NaN
Ground_Point_24,SAT_7,4,05-Jan-2030 18:27:05,05-Jan-2030 18:28:25,80,NaN,NaN
Ground_Point_25,SAT_7,1,01-Jan-2030 07:39:15,01-Jan-2030 07:39:25,10,NaN,NaN
Ground_Point_25,SAT_7,2,01-Jan-2030 18:20:10,01-Jan-2030 18:20:50,40,NaN,NaN
Ground_Point_25,SAT_7,3,02-Jan-2030 07:17:05,02-Jan-2030 07:18:20,75,NaN,NaN
Ground_Point_25,SAT_7,4,02-Jan-2030 17:58:15,02-Jan-2030 17:59:25,70,NaN,NaN
Ground_Point_25,SAT_7,5,06-Jan-2030 07:23:55,06-Jan-2030 07:25:15,80,NaN,NaN
Ground_Point_25,SAT_7,6,06-Jan-2030 18:05:05,06-Jan-2030 18:06:20,75,NaN,NaN
Ground_Point_26,SAT_7,1,02-Jan-2030 07:16:20,02-Jan-2030 07:17:25,65,NaN,NaN
Ground_Point_26,SAT_7,2,02-Jan-2030 17:58:55,02-Jan-2030 17:59:35,40,NaN,NaN
Ground_Point_26,SAT_7,3,03-Jan-2030 06:54:45,03-Jan-2030 06:55:40,55,NaN,NaN
Ground_Point_26,SAT_7,4,03-Jan-2030 17:37:00,03-Jan-2030 17:38:10,70,NaN,NaN
Ground_Point_26,SAT_7,5,06-Jan-2030 07:23:25,06-Jan-2030 07:24:05,40,NaN,NaN
Ground_Point_26,SAT_7,6,07-Jan-2030 07:01:30,07-Jan-2030 07:02:40,70,NaN,NaN
Ground_Point_26,SAT_7,7,07-Jan-2030 17:43:50,07-Jan-2030 17:45:05,75,NaN,NaN
Ground_Point_27,SAT_7,1,02-Jan-2030 07:17:35,02-Jan-2030 07:18:35,60,NaN,NaN
Ground_Point_27,SAT_7,2,02-Jan-2030 17:57:35,02-Jan-2030 17:58:50,75,NaN,NaN
Ground_Point_27,SAT_7,3,03-Jan-2030 06:56:00,03-Jan-2030 06:56:50,50,NaN,NaN
Ground_Point_27,SAT_7,4,06-Jan-2030 07:24:45,06-Jan-2030 07:25:10,25,NaN,NaN
Ground_Point_27,SAT_7,5,06-Jan-2030 18:04:30,06-Jan-2030 18:05:40,70,NaN,NaN
Ground_Point_27,SAT_7,6,07-Jan-2030 07:02:45,07-Jan-2030 07:03:50,65,NaN,NaN
Ground_Point_27,SAT_7,7,07-Jan-2030 17:43:15,07-Jan-2030 17:43:40,25,NaN,NaN
Ground_Point_28,SAT_7,1,03-Jan-2030 19:08:05,03-Jan-2030 19:09:25,80,NaN,NaN
Ground_Point_28,SAT_7,2,04-Jan-2030 08:10:25,04-Jan-2030 08:11:20,55,NaN,NaN
Ground_Point_28,SAT_7,3,05-Jan-2030 07:49:00,05-Jan-2030 07:49:25,25,NaN,NaN
Ground_Point_28,SAT_7,4,07-Jan-2030 19:15:05,07-Jan-2030 19:16:15,70,NaN,NaN
Ground_Point_29,SAT_7,1,01-Jan-2030 07:41:15,01-Jan-2030 07:42:30,75,NaN,NaN
Ground_Point_29,SAT_7,2,04-Jan-2030 18:46:30,04-Jan-2030 18:47:45,75,NaN,NaN
Ground_Point_29,SAT_7,3,05-Jan-2030 07:48:15,05-Jan-2030 07:49:10,55,NaN,NaN
Ground_Point_29,SAT_7,4,06-Jan-2030 07:26:50,06-Jan-2030 07:27:20,30,NaN,NaN
Ground_Point_30,SAT_7,1,02-Jan-2030 17:56:00,02-Jan-2030 17:57:10,70,NaN,NaN
Ground_Point_30,SAT_7,2,03-Jan-2030 06:57:20,03-Jan-2030 06:58:35,75,NaN,NaN
Ground_Point_30,SAT_7,3,06-Jan-2030 18:02:50,06-Jan-2030 18:04:05,75,NaN,NaN
Ground_Point_30,SAT_7,4,07-Jan-2030 07:04:15,07-Jan-2030 07:05:25,70,NaN,NaN
Ground_Point_31,SAT_7,1,01-Jan-2030 18:18:45,01-Jan-2030 18:19:50,65,NaN,NaN
Ground_Point_31,SAT_7,2,02-Jan-2030 07:18:15,02-Jan-2030 07:19:30,75,NaN,NaN
Ground_Point_31,SAT_7,3,02-Jan-2030 17:57:15,02-Jan-2030 17:58:00,45,NaN,NaN
Ground_Point_31,SAT_7,4,05-Jan-2030 18:26:05,05-Jan-2030 18:26:20,15,NaN,NaN
Ground_Point_31,SAT_7,5,06-Jan-2030 07:25:15,06-Jan-2030 07:26:15,60,NaN,NaN
Ground_Point_31,SAT_7,6,06-Jan-2030 18:03:55,06-Jan-2030 18:05:05,70,NaN,NaN
Ground_Point_31,SAT_7,7,07-Jan-2030 07:03:40,07-Jan-2030 07:04:25,45,NaN,NaN
Ground_Point_32,SAT_7,1,04-Jan-2030 06:32:40,04-Jan-2030 06:33:55,75,NaN,NaN
Ground_Point_32,SAT_7,2,04-Jan-2030 17:14:50,04-Jan-2030 17:16:10,80,NaN,NaN
Ground_Point_33,SAT_7,1,03-Jan-2030 23:51:50,03-Jan-2030 23:53:05,75,NaN,NaN
Ground_Point_33,SAT_7,2,04-Jan-2030 12:54:00,04-Jan-2030 12:54:45,45,NaN,NaN
Ground_Point_33,SAT_7,3,05-Jan-2030 12:32:20,05-Jan-2030 12:33:10,50,NaN,NaN
Ground_Point_33,SAT_7,4,07-Jan-2030 23:58:50,07-Jan-2030 23:59:50,60,NaN,NaN
Ground_Point_34,SAT_7,1,03-Jan-2030 00:13:25,03-Jan-2030 00:14:05,40,NaN,NaN
Ground_Point_34,SAT_7,2,03-Jan-2030 23:51:40,03-Jan-2030 23:52:35,55,NaN,NaN
Ground_Point_34,SAT_7,3,04-Jan-2030 12:54:20,04-Jan-2030 12:55:40,80,NaN,NaN
Ground_Point_34,SAT_7,4,07-Jan-2030 23:58:25,07-Jan-2030 23:59:35,70,NaN,NaN
Ground_Point_35,SAT_7,1,01-Jan-2030 12:24:45,01-Jan-2030 12:25:55,70,NaN,NaN
Ground_Point_35,SAT_7,2,04-Jan-2030 23:30:25,04-Jan-2030 23:31:40,75,NaN,NaN
Ground_Point_35,SAT_7,3,05-Jan-2030 12:31:35,05-Jan-2030 12:32:50,75,NaN,NaN
Ground_Point_36,SAT_7,1,02-Jan-2030 00:36:00,02-Jan-2030 00:37:15,75,NaN,NaN
Ground_Point_36,SAT_7,2,02-Jan-2030 13:37:20,02-Jan-2030 13:38:40,80,NaN,NaN
Ground_Point_36,SAT_7,3,06-Jan-2030 00:42:50,06-Jan-2030 00:44:10,80,NaN,NaN
Ground_Point_36,SAT_7,4,06-Jan-2030 13:44:20,06-Jan-2030 13:45:30,70,NaN,NaN
Ground_Point_37,SAT_7,1,01-Jan-2030 14:01:45,01-Jan-2030 14:03:00,75,NaN,NaN
Ground_Point_37,SAT_7,2,04-Jan-2030 01:24:15,04-Jan-2030 01:25:35,80,NaN,NaN
Ground_Point_37,SAT_7,3,05-Jan-2030 14:08:40,05-Jan-2030 14:09:55,75,NaN,NaN
Ground_Point_38,SAT_7,1,01-Jan-2030 14:02:30,01-Jan-2030 14:03:40,70,NaN,NaN
Ground_Point_38,SAT_7,2,04-Jan-2030 01:23:25,04-Jan-2030 01:24:45,80,NaN,NaN
Ground_Point_38,SAT_7,3,05-Jan-2030 14:09:35,05-Jan-2030 14:10:15,40,NaN,NaN
Ground_Point_38,SAT_7,4,06-Jan-2030 13:48:15,06-Jan-2030 13:48:25,10,NaN,NaN
Ground_Point_39,SAT_7,1,01-Jan-2030 15:35:55,01-Jan-2030 15:37:05,70,NaN,NaN
Ground_Point_39,SAT_7,2,04-Jan-2030 02:59:10,04-Jan-2030 03:00:10,60,NaN,NaN
Ground_Point_39,SAT_7,3,05-Jan-2030 15:42:55,05-Jan-2030 15:43:50,55,NaN,NaN
Ground_Point_40,SAT_7,1,04-Jan-2030 03:00:10,04-Jan-2030 03:01:25,75,NaN,NaN
Ground_Point_40,SAT_7,2,04-Jan-2030 16:03:50,04-Jan-2030 16:04:40,50,NaN,NaN
Ground_Point_40,SAT_7,3,05-Jan-2030 15:42:20,05-Jan-2030 15:42:55,35,NaN,NaN
Ground_Point_41,SAT_7,1,04-Jan-2030 03:02:45,04-Jan-2030 03:03:50,65,NaN,NaN
Ground_Point_41,SAT_7,2,04-Jan-2030 16:01:10,04-Jan-2030 16:02:25,75,NaN,NaN
Ground_Point_41,SAT_7,3,05-Jan-2030 02:41:15,05-Jan-2030 02:42:00,45,NaN,NaN
Ground_Point_42,SAT_7,1,03-Jan-2030 00:14:30,03-Jan-2030 00:15:35,65,NaN,NaN
Ground_Point_42,SAT_7,2,03-Jan-2030 13:15:00,03-Jan-2030 13:16:05,65,NaN,NaN
Ground_Point_42,SAT_7,3,03-Jan-2030 23:53:10,03-Jan-2030 23:53:40,30,NaN,NaN
Ground_Point_42,SAT_7,4,04-Jan-2030 12:53:40,04-Jan-2030 12:54:05,25,NaN,NaN
Ground_Point_42,SAT_7,5,07-Jan-2030 00:21:45,07-Jan-2030 00:22:10,25,NaN,NaN
Ground_Point_42,SAT_7,6,07-Jan-2030 13:22:10,07-Jan-2030 13:22:40,30,NaN,NaN
Ground_Point_42,SAT_7,7,07-Jan-2030 23:59:45,08-Jan-2030 00:00:00,15,NaN,NaN
Ground_Point_43,SAT_7,1,03-Jan-2030 23:53:15,03-Jan-2030 23:54:00,45,NaN,NaN
Ground_Point_43,SAT_7,2,04-Jan-2030 12:52:35,04-Jan-2030 12:53:45,70,NaN,NaN
Ground_Point_43,SAT_7,3,04-Jan-2030 23:31:30,04-Jan-2030 23:32:30,60,NaN,NaN
Ground_Point_44,SAT_7,1,01-Jan-2030 14:05:15,01-Jan-2030 14:06:30,75,NaN,NaN
Ground_Point_44,SAT_7,2,03-Jan-2030 01:42:40,03-Jan-2030 01:43:55,75,NaN,NaN
Ground_Point_44,SAT_7,3,05-Jan-2030 14:12:10,05-Jan-2030 14:13:20,70,NaN,NaN
Ground_Point_44,SAT_7,4,07-Jan-2030 01:49:35,07-Jan-2030 01:50:45,70,NaN,NaN
Ground_Point_45,SAT_7,1,01-Jan-2030 14:02:30,01-Jan-2030 14:03:40,70,NaN,NaN
Ground_Point_45,SAT_7,2,04-Jan-2030 01:23:50,04-Jan-2030 01:24:50,60,NaN,NaN
Ground_Point_45,SAT_7,3,05-Jan-2030 14:09:20,05-Jan-2030 14:10:35,75,NaN,NaN
Ground_Point_46,SAT_7,1,03-Jan-2030 03:52:40,03-Jan-2030 03:53:55,75,NaN,NaN
Ground_Point_46,SAT_7,2,04-Jan-2030 15:33:15,04-Jan-2030 15:34:00,45,NaN,NaN
Ground_Point_46,SAT_7,3,07-Jan-2030 03:59:35,07-Jan-2030 04:00:45,70,NaN,NaN
Ground_Point_47,SAT_7,1,01-Jan-2030 04:36:50,01-Jan-2030 04:37:25,35,NaN,NaN
Ground_Point_47,SAT_7,2,03-Jan-2030 15:54:55,03-Jan-2030 15:56:10,75,NaN,NaN
Ground_Point_47,SAT_7,3,06-Jan-2030 04:21:50,06-Jan-2030 04:22:55,65,NaN,NaN
Ground_Point_47,SAT_7,4,07-Jan-2030 16:01:50,07-Jan-2030 16:03:05,75,NaN,NaN
Ground_Point_48,SAT_7,1,01-Jan-2030 16:40:35,01-Jan-2030 16:41:55,80,NaN,NaN
Ground_Point_48,SAT_7,2,03-Jan-2030 05:25:25,03-Jan-2030 05:26:30,65,NaN,NaN
Ground_Point_48,SAT_7,3,05-Jan-2030 16:47:35,05-Jan-2030 16:48:40,65,NaN,NaN
Ground_Point_48,SAT_7,4,07-Jan-2030 05:32:35,07-Jan-2030 05:33:05,30,NaN,NaN
Ground_Point_49,SAT_7,1,03-Jan-2030 05:26:05,03-Jan-2030 05:27:10,65,NaN,NaN
Ground_Point_49,SAT_7,2,05-Jan-2030 16:47:25,05-Jan-2030 16:48:15,50,NaN,NaN
Ground_Point_49,SAT_7,3,07-Jan-2030 05:32:50,07-Jan-2030 05:34:10,80,NaN,NaN
Ground_Point_50,SAT_7,1,02-Jan-2030 17:38:00,02-Jan-2030 17:39:10,70,NaN,NaN
Ground_Point_50,SAT_7,2,04-Jan-2030 05:18:55,04-Jan-2030 05:19:55,60,NaN,NaN
Ground_Point_50,SAT_7,3,06-Jan-2030 17:44:50,06-Jan-2030 17:46:05,75,NaN,NaN
Ground_Point_51,SAT_7,1,03-Jan-2030 07:06:45,03-Jan-2030 07:07:55,70,NaN,NaN
Ground_Point_51,SAT_7,2,03-Jan-2030 18:59:15,03-Jan-2030 19:00:25,70,NaN,NaN
Ground_Point_51,SAT_7,3,07-Jan-2030 07:13:35,07-Jan-2030 07:14:45,70,NaN,NaN
Ground_Point_51,SAT_7,4,07-Jan-2030 19:06:05,07-Jan-2030 19:07:20,75,NaN,NaN
Ground_Point_52,SAT_7,1,01-Jan-2030 22:44:05,01-Jan-2030 22:45:15,70,NaN,NaN
Ground_Point_52,SAT_7,2,04-Jan-2030 10:02:15,04-Jan-2030 10:02:50,35,NaN,NaN
Ground_Point_52,SAT_7,3,05-Jan-2030 22:51:20,05-Jan-2030 22:51:45,25,NaN,NaN
Ground_Point_52,SAT_7,4,06-Jan-2030 22:29:45,06-Jan-2030 22:30:05,20,NaN,NaN
Ground_Point_53,SAT_7,1,02-Jan-2030 22:22:25,02-Jan-2030 22:23:40,75,NaN,NaN
Ground_Point_53,SAT_7,2,04-Jan-2030 10:01:35,04-Jan-2030 10:02:50,75,NaN,NaN
Ground_Point_53,SAT_7,3,06-Jan-2030 22:29:15,06-Jan-2030 22:30:30,75,NaN,NaN
Ground_Point_54,SAT_7,1,02-Jan-2030 10:48:30,02-Jan-2030 10:49:45,75,NaN,NaN
Ground_Point_54,SAT_7,2,03-Jan-2030 23:31:55,03-Jan-2030 23:33:15,80,NaN,NaN
Ground_Point_54,SAT_7,3,06-Jan-2030 10:55:25,06-Jan-2030 10:56:40,75,NaN,NaN
Ground_Point_54,SAT_7,4,07-Jan-2030 23:38:50,07-Jan-2030 23:40:05,75,NaN,NaN
Ground_Point_55,SAT_7,1,02-Jan-2030 00:16:10,02-Jan-2030 00:17:15,65,NaN,NaN
Ground_Point_55,SAT_7,2,04-Jan-2030 11:38:55,04-Jan-2030 11:40:15,80,NaN,NaN
Ground_Point_55,SAT_7,3,06-Jan-2030 00:22:55,06-Jan-2030 00:24:15,80,NaN,NaN
Ground_Point_1,SAT_8,1,01-Jan-2030 23:04:30,01-Jan-2030 23:05:15,45,NaN,NaN
Ground_Point_1,SAT_8,2,04-Jan-2030 10:29:15,04-Jan-2030 10:30:30,75,NaN,NaN
Ground_Point_1,SAT_8,3,05-Jan-2030 23:11:15,05-Jan-2030 23:12:25,70,NaN,NaN
Ground_Point_2,SAT_8,1,01-Jan-2030 23:04:45,01-Jan-2030 23:06:00,75,NaN,NaN
Ground_Point_2,SAT_8,2,04-Jan-2030 10:28:40,04-Jan-2030 10:29:40,60,NaN,NaN
Ground_Point_2,SAT_8,3,05-Jan-2030 23:11:45,05-Jan-2030 23:12:55,70,NaN,NaN
Ground_Point_3,SAT_8,1,01-Jan-2030 23:04:40,01-Jan-2030 23:05:10,30,NaN,NaN
Ground_Point_3,SAT_8,2,04-Jan-2030 10:29:15,04-Jan-2030 10:30:30,75,NaN,NaN
Ground_Point_3,SAT_8,3,05-Jan-2030 23:11:20,05-Jan-2030 23:12:25,65,NaN,NaN
Ground_Point_4,SAT_8,1,02-Jan-2030 09:38:00,02-Jan-2030 09:39:15,75,NaN,NaN
Ground_Point_4,SAT_8,2,03-Jan-2030 22:20:55,03-Jan-2030 22:22:10,75,NaN,NaN
Ground_Point_4,SAT_8,3,06-Jan-2030 09:45:00,06-Jan-2030 09:46:10,70,NaN,NaN
Ground_Point_4,SAT_8,4,07-Jan-2030 22:27:50,07-Jan-2030 22:29:05,75,NaN,NaN
Ground_Point_5,SAT_8,1,01-Jan-2030 09:59:35,01-Jan-2030 10:00:50,75,NaN,NaN
Ground_Point_5,SAT_8,2,02-Jan-2030 22:43:00,02-Jan-2030 22:44:10,70,NaN,NaN
Ground_Point_5,SAT_8,3,05-Jan-2030 10:06:50,05-Jan-2030 10:07:30,40,NaN,NaN
Ground_Point_5,SAT_8,4,06-Jan-2030 09:45:10,06-Jan-2030 09:45:50,40,NaN,NaN
Ground_Point_5,SAT_8,5,06-Jan-2030 22:50:05,06-Jan-2030 22:50:55,50,NaN,NaN
Ground_Point_5,SAT_8,6,07-Jan-2030 22:28:45,07-Jan-2030 22:29:05,20,NaN,NaN
Ground_Point_6,SAT_8,1,01-Jan-2030 09:59:55,01-Jan-2030 10:00:35,40,NaN,NaN
Ground_Point_6,SAT_8,2,02-Jan-2030 09:38:15,02-Jan-2030 09:39:00,45,NaN,NaN
Ground_Point_6,SAT_8,3,02-Jan-2030 22:42:55,02-Jan-2030 22:43:50,55,NaN,NaN
Ground_Point_6,SAT_8,4,06-Jan-2030 09:45:00,06-Jan-2030 09:46:10,70,NaN,NaN
Ground_Point_6,SAT_8,5,07-Jan-2030 22:28:10,07-Jan-2030 22:29:15,65,NaN,NaN
Ground_Point_7,SAT_8,1,02-Jan-2030 11:13:40,02-Jan-2030 11:14:45,65,NaN,NaN
Ground_Point_7,SAT_8,2,03-Jan-2030 23:54:25,03-Jan-2030 23:55:35,70,NaN,NaN
Ground_Point_7,SAT_8,3,06-Jan-2030 11:20:55,06-Jan-2030 11:21:25,30,NaN,NaN
Ground_Point_7,SAT_8,4,07-Jan-2030 10:59:05,07-Jan-2030 11:00:00,55,NaN,NaN
Ground_Point_8,SAT_8,1,03-Jan-2030 10:49:35,03-Jan-2030 10:50:45,70,NaN,NaN
Ground_Point_8,SAT_8,2,04-Jan-2030 23:34:40,04-Jan-2030 23:35:55,75,NaN,NaN
Ground_Point_8,SAT_8,3,07-Jan-2030 10:56:30,07-Jan-2030 10:57:45,75,NaN,NaN
Ground_Point_9,SAT_8,1,01-Jan-2030 11:30:55,01-Jan-2030 11:32:10,75,NaN,NaN
Ground_Point_9,SAT_8,2,03-Jan-2030 23:58:50,04-Jan-2030 00:00:05,75,NaN,NaN
Ground_Point_9,SAT_8,3,05-Jan-2030 11:38:00,05-Jan-2030 11:39:00,60,NaN,NaN
Ground_Point_10,SAT_8,1,01-Jan-2030 11:30:50,01-Jan-2030 11:32:05,75,NaN,NaN
Ground_Point_10,SAT_8,2,03-Jan-2030 23:58:55,04-Jan-2030 00:00:10,75,NaN,NaN
Ground_Point_10,SAT_8,3,05-Jan-2030 11:38:00,05-Jan-2030 11:38:55,55,NaN,NaN
Ground_Point_11,SAT_8,1,03-Jan-2030 10:48:15,03-Jan-2030 10:48:55,40,NaN,NaN
Ground_Point_11,SAT_8,2,04-Jan-2030 23:36:25,04-Jan-2030 23:37:20,55,NaN,NaN
Ground_Point_11,SAT_8,3,07-Jan-2030 10:54:55,07-Jan-2030 10:56:10,75,NaN,NaN
Ground_Point_12,SAT_8,1,03-Jan-2030 00:26:20,03-Jan-2030 00:27:35,75,NaN,NaN
Ground_Point_12,SAT_8,2,03-Jan-2030 12:16:20,03-Jan-2030 12:17:20,60,NaN,NaN
Ground_Point_12,SAT_8,3,07-Jan-2030 00:33:30,07-Jan-2030 00:34:15,45,NaN,NaN
Ground_Point_12,SAT_8,4,07-Jan-2030 12:23:10,07-Jan-2030 12:24:25,75,NaN,NaN
Ground_Point_13,SAT_8,1,02-Jan-2030 00:44:55,02-Jan-2030 00:46:15,80,NaN,NaN
Ground_Point_13,SAT_8,2,03-Jan-2030 12:19:55,03-Jan-2030 12:20:25,30,NaN,NaN
Ground_Point_13,SAT_8,3,06-Jan-2030 00:52:00,06-Jan-2030 00:53:00,60,NaN,NaN
Ground_Point_13,SAT_8,4,07-Jan-2030 12:26:30,07-Jan-2030 12:27:40,70,NaN,NaN
Ground_Point_14,SAT_8,1,03-Jan-2030 00:23:50,03-Jan-2030 00:24:55,65,NaN,NaN
Ground_Point_14,SAT_8,2,04-Jan-2030 11:57:15,04-Jan-2030 11:57:45,30,NaN,NaN
Ground_Point_15,SAT_8,1,03-Jan-2030 12:14:10,03-Jan-2030 12:15:25,75,NaN,NaN
Ground_Point_15,SAT_8,2,04-Jan-2030 00:06:30,04-Jan-2030 00:07:45,75,NaN,NaN
Ground_Point_15,SAT_8,3,07-Jan-2030 12:21:10,07-Jan-2030 12:22:15,65,NaN,NaN
Ground_Point_16,SAT_8,1,02-Jan-2030 11:06:55,02-Jan-2030 11:08:15,80,NaN,NaN
Ground_Point_16,SAT_8,2,05-Jan-2030 23:17:25,05-Jan-2030 23:18:25,60,NaN,NaN
Ground_Point_16,SAT_8,3,06-Jan-2030 11:14:00,06-Jan-2030 11:15:05,65,NaN,NaN
Ground_Point_17,SAT_8,1,02-Jan-2030 12:38:35,02-Jan-2030 12:39:25,50,NaN,NaN
Ground_Point_17,SAT_8,2,03-Jan-2030 00:26:15,03-Jan-2030 00:27:00,45,NaN,NaN
Ground_Point_17,SAT_8,3,07-Jan-2030 00:32:55,07-Jan-2030 00:34:10,75,NaN,NaN
Ground_Point_17,SAT_8,4,07-Jan-2030 12:23:55,07-Jan-2030 12:24:45,50,NaN,NaN
Ground_Point_18,SAT_8,1,01-Jan-2030 02:40:00,01-Jan-2030 02:41:15,75,NaN,NaN
Ground_Point_18,SAT_8,2,02-Jan-2030 14:17:10,02-Jan-2030 14:18:30,80,NaN,NaN
Ground_Point_18,SAT_8,3,05-Jan-2030 02:47:05,05-Jan-2030 02:47:55,50,NaN,NaN
Ground_Point_18,SAT_8,4,06-Jan-2030 14:24:15,06-Jan-2030 14:25:20,65,NaN,NaN
Ground_Point_19,SAT_8,1,01-Jan-2030 02:37:40,01-Jan-2030 02:38:15,35,NaN,NaN
Ground_Point_19,SAT_8,2,02-Jan-2030 02:16:10,02-Jan-2030 02:16:30,20,NaN,NaN
Ground_Point_19,SAT_8,3,03-Jan-2030 13:57:50,03-Jan-2030 13:59:00,70,NaN,NaN
Ground_Point_19,SAT_8,4,06-Jan-2030 02:22:45,06-Jan-2030 02:23:50,65,NaN,NaN
Ground_Point_19,SAT_8,5,07-Jan-2030 14:05:05,07-Jan-2030 14:05:40,35,NaN,NaN
Ground_Point_20,SAT_8,1,02-Jan-2030 02:19:40,02-Jan-2030 02:20:55,75,NaN,NaN
Ground_Point_20,SAT_8,2,03-Jan-2030 13:54:00,03-Jan-2030 13:54:55,55,NaN,NaN
Ground_Point_20,SAT_8,3,06-Jan-2030 02:27:00,06-Jan-2030 02:27:25,25,NaN,NaN
Ground_Point_20,SAT_8,4,07-Jan-2030 14:00:45,07-Jan-2030 14:02:00,75,NaN,NaN
Ground_Point_21,SAT_8,1,03-Jan-2030 08:05:45,03-Jan-2030 08:06:55,70,NaN,NaN
Ground_Point_21,SAT_8,2,03-Jan-2030 18:47:35,03-Jan-2030 18:48:45,70,NaN,NaN
Ground_Point_21,SAT_8,3,04-Jan-2030 07:44:25,04-Jan-2030 07:44:55,30,NaN,NaN
Ground_Point_21,SAT_8,4,04-Jan-2030 18:26:10,04-Jan-2030 18:26:55,45,NaN,NaN
Ground_Point_21,SAT_8,5,07-Jan-2030 08:12:50,07-Jan-2030 08:13:45,55,NaN,NaN
Ground_Point_21,SAT_8,6,07-Jan-2030 18:54:45,07-Jan-2030 18:55:30,45,NaN,NaN
Ground_Point_22,SAT_8,1,03-Jan-2030 18:47:00,03-Jan-2030 18:47:45,45,NaN,NaN
Ground_Point_22,SAT_8,2,04-Jan-2030 07:44:35,04-Jan-2030 07:45:55,80,NaN,NaN
Ground_Point_22,SAT_8,3,04-Jan-2030 18:25:10,04-Jan-2030 18:26:20,70,NaN,NaN
Ground_Point_23,SAT_8,1,04-Jan-2030 07:43:35,04-Jan-2030 07:44:55,80,NaN,NaN
Ground_Point_23,SAT_8,2,04-Jan-2030 18:25:55,04-Jan-2030 18:27:05,70,NaN,NaN
Ground_Point_23,SAT_8,3,05-Jan-2030 18:04:30,05-Jan-2030 18:05:15,45,NaN,NaN
Ground_Point_24,SAT_8,1,04-Jan-2030 07:44:00,04-Jan-2030 07:45:15,75,NaN,NaN
Ground_Point_24,SAT_8,2,04-Jan-2030 18:25:30,04-Jan-2030 18:26:50,80,NaN,NaN
Ground_Point_25,SAT_8,1,01-Jan-2030 07:15:30,01-Jan-2030 07:16:40,70,NaN,NaN
Ground_Point_25,SAT_8,2,01-Jan-2030 17:56:40,01-Jan-2030 17:57:45,65,NaN,NaN
Ground_Point_25,SAT_8,3,05-Jan-2030 07:22:20,05-Jan-2030 07:23:40,80,NaN,NaN
Ground_Point_25,SAT_8,4,05-Jan-2030 18:03:30,05-Jan-2030 18:04:45,75,NaN,NaN
Ground_Point_26,SAT_8,1,01-Jan-2030 07:14:40,01-Jan-2030 07:15:50,70,NaN,NaN
Ground_Point_26,SAT_8,2,01-Jan-2030 17:57:10,01-Jan-2030 17:58:00,50,NaN,NaN
Ground_Point_26,SAT_8,3,02-Jan-2030 06:53:10,02-Jan-2030 06:54:00,50,NaN,NaN
Ground_Point_26,SAT_8,4,02-Jan-2030 17:35:20,02-Jan-2030 17:36:30,70,NaN,NaN
Ground_Point_26,SAT_8,5,05-Jan-2030 07:21:50,05-Jan-2030 07:22:35,45,NaN,NaN
Ground_Point_26,SAT_8,6,06-Jan-2030 07:00:00,06-Jan-2030 07:01:05,65,NaN,NaN
Ground_Point_26,SAT_8,7,06-Jan-2030 17:42:15,06-Jan-2030 17:43:35,80,NaN,NaN
Ground_Point_27,SAT_8,1,01-Jan-2030 07:15:50,01-Jan-2030 07:17:00,70,NaN,NaN
Ground_Point_27,SAT_8,2,01-Jan-2030 17:55:55,01-Jan-2030 17:57:15,80,NaN,NaN
Ground_Point_27,SAT_8,3,02-Jan-2030 06:54:30,02-Jan-2030 06:55:05,35,NaN,NaN
Ground_Point_27,SAT_8,4,05-Jan-2030 07:23:05,05-Jan-2030 07:23:40,35,NaN,NaN
Ground_Point_27,SAT_8,5,05-Jan-2030 18:02:55,05-Jan-2030 18:04:10,75,NaN,NaN
Ground_Point_27,SAT_8,6,06-Jan-2030 07:01:10,06-Jan-2030 07:02:15,65,NaN,NaN
Ground_Point_28,SAT_8,1,02-Jan-2030 19:06:30,02-Jan-2030 19:07:50,80,NaN,NaN
Ground_Point_28,SAT_8,2,03-Jan-2030 08:08:45,03-Jan-2030 08:09:50,65,NaN,NaN
Ground_Point_28,SAT_8,3,06-Jan-2030 19:13:30,06-Jan-2030 19:14:40,70,NaN,NaN
Ground_Point_28,SAT_8,4,07-Jan-2030 08:16:05,07-Jan-2030 08:16:20,15,NaN,NaN
Ground_Point_29,SAT_8,1,03-Jan-2030 18:44:50,03-Jan-2030 18:46:10,80,NaN,NaN
Ground_Point_29,SAT_8,2,04-Jan-2030 07:46:35,04-Jan-2030 07:47:40,65,NaN,NaN
Ground_Point_29,SAT_8,3,07-Jan-2030 18:51:55,07-Jan-2030 18:53:00,65,NaN,NaN
Ground_Point_30,SAT_8,1,01-Jan-2030 17:54:20,01-Jan-2030 17:55:35,75,NaN,NaN
Ground_Point_30,SAT_8,2,02-Jan-2030 06:55:40,02-Jan-2030 06:57:00,80,NaN,NaN
Ground_Point_30,SAT_8,3,05-Jan-2030 18:01:15,05-Jan-2030 18:02:35,80,NaN,NaN
Ground_Point_30,SAT_8,4,06-Jan-2030 07:02:40,06-Jan-2030 07:03:55,75,NaN,NaN
Ground_Point_31,SAT_8,1,01-Jan-2030 07:16:35,01-Jan-2030 07:17:50,75,NaN,NaN
Ground_Point_31,SAT_8,2,01-Jan-2030 17:55:45,01-Jan-2030 17:56:15,30,NaN,NaN
Ground_Point_31,SAT_8,3,04-Jan-2030 18:24:20,04-Jan-2030 18:24:55,35,NaN,NaN
Ground_Point_31,SAT_8,4,05-Jan-2030 07:23:35,05-Jan-2030 07:24:40,65,NaN,NaN
Ground_Point_31,SAT_8,5,05-Jan-2030 18:02:25,05-Jan-2030 18:03:30,65,NaN,NaN
Ground_Point_31,SAT_8,6,06-Jan-2030 07:02:15,06-Jan-2030 07:02:45,30,NaN,NaN
Ground_Point_32,SAT_8,1,02-Jan-2030 06:53:10,02-Jan-2030 06:53:30,20,NaN,NaN
Ground_Point_32,SAT_8,2,03-Jan-2030 06:31:05,03-Jan-2030 06:32:20,75,NaN,NaN
Ground_Point_32,SAT_8,3,03-Jan-2030 17:13:15,03-Jan-2030 17:14:35,80,NaN,NaN
Ground_Point_32,SAT_8,4,07-Jan-2030 06:38:00,07-Jan-2030 06:39:20,80,NaN,NaN
Ground_Point_32,SAT_8,5,07-Jan-2030 17:20:15,07-Jan-2030 17:21:30,75,NaN,NaN
Ground_Point_33,SAT_8,1,02-Jan-2030 23:50:10,02-Jan-2030 23:51:30,80,NaN,NaN
Ground_Point_33,SAT_8,2,03-Jan-2030 12:52:20,03-Jan-2030 12:53:15,55,NaN,NaN
Ground_Point_33,SAT_8,3,04-Jan-2030 12:30:50,04-Jan-2030 12:31:25,35,NaN,NaN
Ground_Point_33,SAT_8,4,06-Jan-2030 23:57:15,06-Jan-2030 23:58:20,65,NaN,NaN
Ground_Point_33,SAT_8,5,07-Jan-2030 23:36:00,07-Jan-2030 23:36:20,20,NaN,NaN
Ground_Point_34,SAT_8,1,02-Jan-2030 00:11:45,02-Jan-2030 00:12:35,50,NaN,NaN
Ground_Point_34,SAT_8,2,02-Jan-2030 23:50:10,02-Jan-2030 23:50:50,40,NaN,NaN
Ground_Point_34,SAT_8,3,03-Jan-2030 12:52:45,03-Jan-2030 12:54:00,75,NaN,NaN
Ground_Point_34,SAT_8,4,06-Jan-2030 23:56:50,06-Jan-2030 23:58:00,70,NaN,NaN
Ground_Point_34,SAT_8,5,07-Jan-2030 12:59:45,07-Jan-2030 13:00:55,70,NaN,NaN
Ground_Point_35,SAT_8,1,03-Jan-2030 23:28:50,03-Jan-2030 23:30:05,75,NaN,NaN
Ground_Point_35,SAT_8,2,04-Jan-2030 12:30:00,04-Jan-2030 12:31:15,75,NaN,NaN
Ground_Point_35,SAT_8,3,07-Jan-2030 23:35:45,07-Jan-2030 23:37:05,80,NaN,NaN
Ground_Point_36,SAT_8,1,01-Jan-2030 00:34:25,01-Jan-2030 00:35:35,70,NaN,NaN
Ground_Point_36,SAT_8,2,01-Jan-2030 13:35:45,01-Jan-2030 13:37:00,75,NaN,NaN
Ground_Point_36,SAT_8,3,05-Jan-2030 00:41:15,05-Jan-2030 00:42:35,80,NaN,NaN
Ground_Point_36,SAT_8,4,05-Jan-2030 13:42:40,05-Jan-2030 13:43:55,75,NaN,NaN
Ground_Point_37,SAT_8,1,03-Jan-2030 01:22:40,03-Jan-2030 01:23:55,75,NaN,NaN
Ground_Point_37,SAT_8,2,04-Jan-2030 14:07:00,04-Jan-2030 14:08:20,80,NaN,NaN
Ground_Point_37,SAT_8,3,07-Jan-2030 01:29:35,07-Jan-2030 01:30:55,80,NaN,NaN
Ground_Point_38,SAT_8,1,03-Jan-2030 01:21:50,03-Jan-2030 01:23:10,80,NaN,NaN
Ground_Point_38,SAT_8,2,04-Jan-2030 14:07:55,04-Jan-2030 14:08:50,55,NaN,NaN
Ground_Point_38,SAT_8,3,07-Jan-2030 01:28:50,07-Jan-2030 01:30:00,70,NaN,NaN
Ground_Point_39,SAT_8,1,03-Jan-2030 02:57:30,03-Jan-2030 02:58:35,65,NaN,NaN
Ground_Point_39,SAT_8,2,04-Jan-2030 15:41:15,04-Jan-2030 15:42:20,65,NaN,NaN
Ground_Point_39,SAT_8,3,07-Jan-2030 03:04:55,07-Jan-2030 03:05:05,10,NaN,NaN
Ground_Point_40,SAT_8,1,03-Jan-2030 02:58:35,03-Jan-2030 02:59:50,75,NaN,NaN
Ground_Point_40,SAT_8,2,03-Jan-2030 16:02:10,03-Jan-2030 16:03:10,60,NaN,NaN
Ground_Point_40,SAT_8,3,04-Jan-2030 15:41:00,04-Jan-2030 15:41:05,5,NaN,NaN
Ground_Point_40,SAT_8,4,07-Jan-2030 03:05:30,07-Jan-2030 03:06:50,80,NaN,NaN
Ground_Point_41,SAT_8,1,03-Jan-2030 03:01:05,03-Jan-2030 03:02:15,70,NaN,NaN
Ground_Point_41,SAT_8,2,03-Jan-2030 15:59:35,03-Jan-2030 16:00:50,75,NaN,NaN
Ground_Point_41,SAT_8,3,04-Jan-2030 02:39:45,04-Jan-2030 02:40:20,35,NaN,NaN
Ground_Point_41,SAT_8,4,07-Jan-2030 03:08:20,07-Jan-2030 03:09:00,40,NaN,NaN
Ground_Point_41,SAT_8,5,07-Jan-2030 16:06:30,07-Jan-2030 16:07:45,75,NaN,NaN
Ground_Point_42,SAT_8,1,02-Jan-2030 00:12:50,02-Jan-2030 00:14:00,70,NaN,NaN
Ground_Point_42,SAT_8,2,02-Jan-2030 13:13:20,02-Jan-2030 13:14:30,70,NaN,NaN
Ground_Point_42,SAT_8,3,02-Jan-2030 23:51:45,02-Jan-2030 23:51:50,5,NaN,NaN
Ground_Point_42,SAT_8,4,06-Jan-2030 00:20:05,06-Jan-2030 00:20:45,40,NaN,NaN
Ground_Point_42,SAT_8,5,06-Jan-2030 13:20:30,06-Jan-2030 13:21:10,40,NaN,NaN
Ground_Point_42,SAT_8,6,06-Jan-2030 23:58:15,06-Jan-2030 23:59:15,60,NaN,NaN
Ground_Point_42,SAT_8,7,07-Jan-2030 12:58:45,07-Jan-2030 12:59:40,55,NaN,NaN
Ground_Point_43,SAT_8,1,02-Jan-2030 23:51:35,02-Jan-2030 23:52:30,55,NaN,NaN
Ground_Point_43,SAT_8,2,03-Jan-2030 12:51:00,03-Jan-2030 12:52:10,70,NaN,NaN
Ground_Point_43,SAT_8,3,03-Jan-2030 23:29:55,03-Jan-2030 23:30:50,55,NaN,NaN
Ground_Point_43,SAT_8,4,07-Jan-2030 12:58:05,07-Jan-2030 12:58:55,50,NaN,NaN
Ground_Point_43,SAT_8,5,07-Jan-2030 23:36:45,07-Jan-2030 23:37:55,70,NaN,NaN
Ground_Point_44,SAT_8,1,02-Jan-2030 01:41:00,02-Jan-2030 01:42:15,75,NaN,NaN
Ground_Point_44,SAT_8,2,04-Jan-2030 14:10:35,04-Jan-2030 14:11:45,70,NaN,NaN
Ground_Point_44,SAT_8,3,06-Jan-2030 01:48:00,06-Jan-2030 01:49:15,75,NaN,NaN
Ground_Point_45,SAT_8,1,03-Jan-2030 01:22:20,03-Jan-2030 01:23:10,50,NaN,NaN
Ground_Point_45,SAT_8,2,04-Jan-2030 14:07:45,04-Jan-2030 14:09:00,75,NaN,NaN
Ground_Point_45,SAT_8,3,07-Jan-2030 01:29:05,07-Jan-2030 01:30:15,70,NaN,NaN
Ground_Point_46,SAT_8,1,02-Jan-2030 03:51:05,02-Jan-2030 03:52:20,75,NaN,NaN
Ground_Point_46,SAT_8,2,03-Jan-2030 15:31:35,03-Jan-2030 15:32:30,55,NaN,NaN
Ground_Point_46,SAT_8,3,06-Jan-2030 03:58:00,06-Jan-2030 03:59:10,70,NaN,NaN
Ground_Point_47,SAT_8,1,02-Jan-2030 15:53:20,02-Jan-2030 15:54:35,75,NaN,NaN
Ground_Point_47,SAT_8,2,05-Jan-2030 04:20:15,05-Jan-2030 04:21:15,60,NaN,NaN
Ground_Point_47,SAT_8,3,06-Jan-2030 16:00:15,06-Jan-2030 16:01:30,75,NaN,NaN
Ground_Point_48,SAT_8,1,02-Jan-2030 05:23:45,02-Jan-2030 05:24:55,70,NaN,NaN
Ground_Point_48,SAT_8,2,04-Jan-2030 16:46:00,04-Jan-2030 16:47:10,70,NaN,NaN
Ground_Point_48,SAT_8,3,06-Jan-2030 05:30:55,06-Jan-2030 05:31:35,40,NaN,NaN
Ground_Point_48,SAT_8,4,07-Jan-2030 05:09:30,07-Jan-2030 05:09:45,15,NaN,NaN
Ground_Point_49,SAT_8,1,02-Jan-2030 05:24:30,02-Jan-2030 05:25:30,60,NaN,NaN
Ground_Point_49,SAT_8,2,03-Jan-2030 17:07:35,03-Jan-2030 17:08:05,30,NaN,NaN
Ground_Point_49,SAT_8,3,04-Jan-2030 16:45:55,04-Jan-2030 16:46:30,35,NaN,NaN
Ground_Point_49,SAT_8,4,06-Jan-2030 05:31:20,06-Jan-2030 05:32:35,75,NaN,NaN
Ground_Point_50,SAT_8,1,01-Jan-2030 17:36:25,01-Jan-2030 17:37:30,65,NaN,NaN
Ground_Point_50,SAT_8,2,03-Jan-2030 05:17:15,03-Jan-2030 05:18:20,65,NaN,NaN
Ground_Point_50,SAT_8,3,05-Jan-2030 17:43:15,05-Jan-2030 17:44:30,75,NaN,NaN
Ground_Point_51,SAT_8,1,02-Jan-2030 07:05:10,02-Jan-2030 07:06:20,70,NaN,NaN
Ground_Point_51,SAT_8,2,02-Jan-2030 18:57:40,02-Jan-2030 18:58:50,70,NaN,NaN
Ground_Point_51,SAT_8,3,06-Jan-2030 07:12:00,06-Jan-2030 07:13:15,75,NaN,NaN
Ground_Point_51,SAT_8,4,06-Jan-2030 19:04:30,06-Jan-2030 19:05:50,80,NaN,NaN
Ground_Point_52,SAT_8,1,02-Jan-2030 10:22:20,02-Jan-2030 10:22:45,25,NaN,NaN
Ground_Point_52,SAT_8,2,04-Jan-2030 22:49:35,04-Jan-2030 22:50:20,45,NaN,NaN
Ground_Point_52,SAT_8,3,07-Jan-2030 10:07:20,07-Jan-2030 10:08:25,65,NaN,NaN
Ground_Point_53,SAT_8,1,01-Jan-2030 22:20:50,01-Jan-2030 22:22:00,70,NaN,NaN
Ground_Point_53,SAT_8,2,03-Jan-2030 10:00:00,03-Jan-2030 10:01:15,75,NaN,NaN
Ground_Point_53,SAT_8,3,05-Jan-2030 22:27:40,05-Jan-2030 22:29:00,80,NaN,NaN
Ground_Point_53,SAT_8,4,07-Jan-2030 10:07:05,07-Jan-2030 10:08:00,55,NaN,NaN
Ground_Point_54,SAT_8,1,01-Jan-2030 10:46:55,01-Jan-2030 10:48:10,75,NaN,NaN
Ground_Point_54,SAT_8,2,02-Jan-2030 23:30:20,02-Jan-2030 23:31:35,75,NaN,NaN
Ground_Point_54,SAT_8,3,05-Jan-2030 10:53:50,05-Jan-2030 10:55:05,75,NaN,NaN
Ground_Point_54,SAT_8,4,06-Jan-2030 23:37:15,06-Jan-2030 23:38:35,80,NaN,NaN
Ground_Point_55,SAT_8,1,01-Jan-2030 00:14:35,01-Jan-2030 00:15:35,60,NaN,NaN
Ground_Point_55,SAT_8,2,03-Jan-2030 11:37:20,03-Jan-2030 11:38:35,75,NaN,NaN
Ground_Point_55,SAT_8,3,05-Jan-2030 00:21:20,05-Jan-2030 00:22:40,80,NaN,NaN
Ground_Point_55,SAT_8,4,07-Jan-2030 11:44:15,07-Jan-2030 11:45:30,75,NaN,NaN
Ground_Point_1,SAT_9,1,02-Jan-2030 12:23:45,02-Jan-2030 12:25:05,80,NaN,NaN
Ground_Point_1,SAT_9,2,03-Jan-2030 01:27:45,03-Jan-2030 01:28:15,30,NaN,NaN
Ground_Point_1,SAT_9,3,04-Jan-2030 01:05:55,04-Jan-2030 01:06:50,55,NaN,NaN
Ground_Point_1,SAT_9,4,06-Jan-2030 12:30:50,06-Jan-2030 12:32:05,75,NaN,NaN
Ground_Point_2,SAT_9,1,02-Jan-2030 12:23:05,02-Jan-2030 12:24:20,75,NaN,NaN
Ground_Point_2,SAT_9,2,04-Jan-2030 01:06:15,04-Jan-2030 01:07:30,75,NaN,NaN
Ground_Point_2,SAT_9,3,06-Jan-2030 12:30:15,06-Jan-2030 12:31:10,55,NaN,NaN
Ground_Point_2,SAT_9,4,07-Jan-2030 12:09:00,07-Jan-2030 12:09:15,15,NaN,NaN
Ground_Point_3,SAT_9,1,02-Jan-2030 12:23:45,02-Jan-2030 12:25:00,75,NaN,NaN
Ground_Point_3,SAT_9,2,03-Jan-2030 01:27:40,03-Jan-2030 01:28:20,40,NaN,NaN
Ground_Point_3,SAT_9,3,04-Jan-2030 01:06:00,04-Jan-2030 01:06:50,50,NaN,NaN
Ground_Point_3,SAT_9,4,06-Jan-2030 12:30:45,06-Jan-2030 12:32:05,80,NaN,NaN
Ground_Point_4,SAT_9,1,02-Jan-2030 00:15:30,02-Jan-2030 00:16:35,65,NaN,NaN
Ground_Point_4,SAT_9,2,04-Jan-2030 11:39:30,04-Jan-2030 11:40:45,75,NaN,NaN
Ground_Point_4,SAT_9,3,06-Jan-2030 00:22:25,06-Jan-2030 00:23:40,75,NaN,NaN
Ground_Point_5,SAT_9,1,01-Jan-2030 00:37:25,01-Jan-2030 00:38:45,80,NaN,NaN
Ground_Point_5,SAT_9,2,03-Jan-2030 12:01:05,03-Jan-2030 12:02:15,70,NaN,NaN
Ground_Point_5,SAT_9,3,05-Jan-2030 00:44:30,05-Jan-2030 00:45:40,70,NaN,NaN
Ground_Point_5,SAT_9,4,07-Jan-2030 12:08:30,07-Jan-2030 12:08:55,25,NaN,NaN
Ground_Point_6,SAT_9,1,01-Jan-2030 00:37:20,01-Jan-2030 00:38:30,70,NaN,NaN
Ground_Point_6,SAT_9,2,03-Jan-2030 12:01:30,03-Jan-2030 12:02:00,30,NaN,NaN
Ground_Point_6,SAT_9,3,04-Jan-2030 11:39:45,04-Jan-2030 11:40:35,50,NaN,NaN
Ground_Point_6,SAT_9,4,05-Jan-2030 00:44:35,05-Jan-2030 00:45:15,40,NaN,NaN
Ground_Point_6,SAT_9,5,06-Jan-2030 00:23:00,06-Jan-2030 00:23:35,35,NaN,NaN
Ground_Point_7,SAT_9,1,01-Jan-2030 02:10:45,01-Jan-2030 02:11:25,40,NaN,NaN
Ground_Point_7,SAT_9,2,02-Jan-2030 01:49:05,02-Jan-2030 01:49:55,50,NaN,NaN
Ground_Point_7,SAT_9,3,04-Jan-2030 13:15:15,04-Jan-2030 13:16:15,60,NaN,NaN
Ground_Point_7,SAT_9,4,05-Jan-2030 12:54:00,05-Jan-2030 12:54:15,15,NaN,NaN
Ground_Point_7,SAT_9,5,06-Jan-2030 01:55:55,06-Jan-2030 01:57:05,70,NaN,NaN
Ground_Point_8,SAT_9,1,01-Jan-2030 12:44:15,01-Jan-2030 12:45:05,50,NaN,NaN
Ground_Point_8,SAT_9,2,03-Jan-2030 01:29:15,03-Jan-2030 01:30:30,75,NaN,NaN
Ground_Point_8,SAT_9,3,05-Jan-2030 12:51:05,05-Jan-2030 12:52:20,75,NaN,NaN
Ground_Point_8,SAT_9,4,07-Jan-2030 01:36:15,07-Jan-2030 01:37:30,75,NaN,NaN
Ground_Point_9,SAT_9,1,02-Jan-2030 01:53:25,02-Jan-2030 01:54:40,75,NaN,NaN
Ground_Point_9,SAT_9,2,03-Jan-2030 13:32:25,03-Jan-2030 13:33:40,75,NaN,NaN
Ground_Point_9,SAT_9,3,06-Jan-2030 02:00:25,06-Jan-2030 02:01:35,70,NaN,NaN
Ground_Point_9,SAT_9,4,07-Jan-2030 13:39:40,07-Jan-2030 13:40:25,45,NaN,NaN
Ground_Point_10,SAT_9,1,02-Jan-2030 01:53:25,02-Jan-2030 01:54:40,75,NaN,NaN
Ground_Point_10,SAT_9,2,03-Jan-2030 13:32:20,03-Jan-2030 13:33:35,75,NaN,NaN
Ground_Point_10,SAT_9,3,06-Jan-2030 02:00:30,06-Jan-2030 02:01:40,70,NaN,NaN
Ground_Point_10,SAT_9,4,07-Jan-2030 13:39:35,07-Jan-2030 13:40:25,50,NaN,NaN
Ground_Point_11,SAT_9,1,03-Jan-2030 01:30:50,03-Jan-2030 01:32:00,70,NaN,NaN
Ground_Point_11,SAT_9,2,05-Jan-2030 12:49:40,05-Jan-2030 12:50:35,55,NaN,NaN
Ground_Point_11,SAT_9,3,07-Jan-2030 01:38:05,07-Jan-2030 01:38:45,40,NaN,NaN
Ground_Point_12,SAT_9,1,01-Jan-2030 02:20:50,01-Jan-2030 02:22:05,75,NaN,NaN
Ground_Point_12,SAT_9,2,05-Jan-2030 02:27:50,05-Jan-2030 02:29:05,75,NaN,NaN
Ground_Point_12,SAT_9,3,05-Jan-2030 14:17:50,05-Jan-2030 14:18:55,65,NaN,NaN
Ground_Point_13,SAT_9,1,04-Jan-2030 02:46:30,04-Jan-2030 02:47:45,75,NaN,NaN
Ground_Point_13,SAT_9,2,05-Jan-2030 14:21:20,05-Jan-2030 14:22:05,45,NaN,NaN
Ground_Point_14,SAT_9,1,01-Jan-2030 02:18:20,01-Jan-2030 02:19:35,75,NaN,NaN
Ground_Point_14,SAT_9,2,01-Jan-2030 14:13:10,01-Jan-2030 14:14:05,55,NaN,NaN
Ground_Point_14,SAT_9,3,05-Jan-2030 02:25:25,05-Jan-2030 02:26:25,60,NaN,NaN
Ground_Point_14,SAT_9,4,06-Jan-2030 13:58:40,06-Jan-2030 13:59:25,45,NaN,NaN
Ground_Point_15,SAT_9,1,01-Jan-2030 14:08:45,01-Jan-2030 14:09:50,65,NaN,NaN
Ground_Point_15,SAT_9,2,02-Jan-2030 02:01:10,02-Jan-2030 02:02:10,60,NaN,NaN
Ground_Point_15,SAT_9,3,05-Jan-2030 14:15:40,05-Jan-2030 14:16:55,75,NaN,NaN
Ground_Point_15,SAT_9,4,06-Jan-2030 02:08:00,06-Jan-2030 02:09:15,75,NaN,NaN
Ground_Point_16,SAT_9,1,03-Jan-2030 01:33:55,03-Jan-2030 01:34:10,15,NaN,NaN
Ground_Point_16,SAT_9,2,04-Jan-2030 13:08:25,04-Jan-2030 13:09:45,80,NaN,NaN
Ground_Point_17,SAT_9,1,04-Jan-2030 14:40:15,04-Jan-2030 14:40:50,35,NaN,NaN
Ground_Point_17,SAT_9,2,05-Jan-2030 02:27:40,05-Jan-2030 02:28:35,55,NaN,NaN
Ground_Point_18,SAT_9,1,03-Jan-2030 04:41:30,03-Jan-2030 04:42:40,70,NaN,NaN
Ground_Point_18,SAT_9,2,04-Jan-2030 16:18:45,04-Jan-2030 16:20:00,75,NaN,NaN
Ground_Point_18,SAT_9,3,07-Jan-2030 04:48:45,07-Jan-2030 04:49:25,40,NaN,NaN
Ground_Point_19,SAT_9,1,01-Jan-2030 15:52:20,01-Jan-2030 15:53:35,75,NaN,NaN
Ground_Point_19,SAT_9,2,03-Jan-2030 04:39:20,03-Jan-2030 04:39:35,15,NaN,NaN
Ground_Point_19,SAT_9,3,04-Jan-2030 04:17:30,04-Jan-2030 04:18:10,40,NaN,NaN
Ground_Point_19,SAT_9,4,05-Jan-2030 15:59:25,05-Jan-2030 16:00:30,65,NaN,NaN
Ground_Point_20,SAT_9,1,04-Jan-2030 04:21:15,04-Jan-2030 04:22:20,65,NaN,NaN
Ground_Point_20,SAT_9,2,05-Jan-2030 15:55:30,05-Jan-2030 15:56:30,60,NaN,NaN
Ground_Point_21,SAT_9,1,01-Jan-2030 10:00:10,01-Jan-2030 10:01:30,80,NaN,NaN
Ground_Point_21,SAT_9,2,01-Jan-2030 20:42:00,01-Jan-2030 20:43:20,80,NaN,NaN
Ground_Point_21,SAT_9,3,05-Jan-2030 10:07:15,05-Jan-2030 10:08:25,70,NaN,NaN
Ground_Point_21,SAT_9,4,05-Jan-2030 20:49:10,05-Jan-2030 20:50:15,65,NaN,NaN
Ground_Point_21,SAT_9,5,06-Jan-2030 09:45:50,06-Jan-2030 09:46:35,45,NaN,NaN
Ground_Point_21,SAT_9,6,06-Jan-2030 20:27:40,06-Jan-2030 20:28:30,50,NaN,NaN
Ground_Point_22,SAT_9,1,01-Jan-2030 10:01:10,01-Jan-2030 10:01:35,25,NaN,NaN
Ground_Point_22,SAT_9,2,01-Jan-2030 20:41:20,01-Jan-2030 20:42:30,70,NaN,NaN
Ground_Point_22,SAT_9,3,02-Jan-2030 09:39:10,02-Jan-2030 09:40:20,70,NaN,NaN
Ground_Point_22,SAT_9,4,02-Jan-2030 20:19:55,02-Jan-2030 20:20:40,45,NaN,NaN
Ground_Point_22,SAT_9,5,05-Jan-2030 20:48:40,05-Jan-2030 20:49:15,35,NaN,NaN
Ground_Point_22,SAT_9,6,06-Jan-2030 09:46:10,06-Jan-2030 09:47:25,75,NaN,NaN
Ground_Point_22,SAT_9,7,06-Jan-2030 20:26:45,06-Jan-2030 20:27:55,70,NaN,NaN
Ground_Point_23,SAT_9,1,02-Jan-2030 09:38:10,02-Jan-2030 09:39:25,75,NaN,NaN
Ground_Point_23,SAT_9,2,02-Jan-2030 20:20:25,02-Jan-2030 20:21:40,75,NaN,NaN
Ground_Point_23,SAT_9,3,06-Jan-2030 09:45:10,06-Jan-2030 09:46:25,75,NaN,NaN
Ground_Point_23,SAT_9,4,06-Jan-2030 20:27:30,06-Jan-2030 20:28:40,70,NaN,NaN
Ground_Point_23,SAT_9,5,07-Jan-2030 20:06:00,07-Jan-2030 20:06:55,55,NaN,NaN
Ground_Point_24,SAT_9,1,02-Jan-2030 09:38:30,02-Jan-2030 09:39:50,80,NaN,NaN
Ground_Point_24,SAT_9,2,02-Jan-2030 20:20:00,02-Jan-2030 20:21:20,80,NaN,NaN
Ground_Point_24,SAT_9,3,06-Jan-2030 09:45:35,06-Jan-2030 09:46:50,75,NaN,NaN
Ground_Point_24,SAT_9,4,06-Jan-2030 20:27:05,06-Jan-2030 20:28:20,75,NaN,NaN
Ground_Point_25,SAT_9,1,02-Jan-2030 20:19:55,02-Jan-2030 20:20:45,50,NaN,NaN
Ground_Point_25,SAT_9,2,03-Jan-2030 09:16:55,03-Jan-2030 09:18:10,75,NaN,NaN
Ground_Point_25,SAT_9,3,03-Jan-2030 19:58:05,03-Jan-2030 19:59:15,70,NaN,NaN
Ground_Point_25,SAT_9,4,07-Jan-2030 09:23:55,07-Jan-2030 09:25:15,80,NaN,NaN
Ground_Point_25,SAT_9,5,07-Jan-2030 20:05:05,07-Jan-2030 20:06:20,75,NaN,NaN
Ground_Point_26,SAT_9,1,03-Jan-2030 09:16:10,03-Jan-2030 09:17:15,65,NaN,NaN
Ground_Point_26,SAT_9,2,03-Jan-2030 19:58:45,03-Jan-2030 19:59:30,45,NaN,NaN
Ground_Point_26,SAT_9,3,04-Jan-2030 08:54:40,04-Jan-2030 08:55:35,55,NaN,NaN
Ground_Point_26,SAT_9,4,04-Jan-2030 19:36:50,04-Jan-2030 19:38:05,75,NaN,NaN
Ground_Point_26,SAT_9,5,07-Jan-2030 09:23:30,07-Jan-2030 09:24:05,35,NaN,NaN
Ground_Point_27,SAT_9,1,03-Jan-2030 09:17:25,03-Jan-2030 09:18:25,60,NaN,NaN
Ground_Point_27,SAT_9,2,03-Jan-2030 19:57:25,03-Jan-2030 19:58:45,80,NaN,NaN
Ground_Point_27,SAT_9,3,04-Jan-2030 08:55:55,04-Jan-2030 08:56:40,45,NaN,NaN
Ground_Point_27,SAT_9,4,07-Jan-2030 09:24:45,07-Jan-2030 09:25:05,20,NaN,NaN
Ground_Point_27,SAT_9,5,07-Jan-2030 20:04:30,07-Jan-2030 20:05:40,70,NaN,NaN
Ground_Point_28,SAT_9,1,01-Jan-2030 10:03:10,01-Jan-2030 10:04:25,75,NaN,NaN
Ground_Point_28,SAT_9,2,04-Jan-2030 21:08:00,04-Jan-2030 21:09:20,80,NaN,NaN
Ground_Point_28,SAT_9,3,05-Jan-2030 10:10:20,05-Jan-2030 10:11:15,55,NaN,NaN
Ground_Point_28,SAT_9,4,06-Jan-2030 09:48:55,06-Jan-2030 09:49:25,30,NaN,NaN
Ground_Point_29,SAT_9,1,01-Jan-2030 20:39:25,01-Jan-2030 20:40:40,75,NaN,NaN
Ground_Point_29,SAT_9,2,02-Jan-2030 09:41:00,02-Jan-2030 09:42:15,75,NaN,NaN
Ground_Point_29,SAT_9,3,05-Jan-2030 20:46:25,05-Jan-2030 20:47:40,75,NaN,NaN
Ground_Point_29,SAT_9,4,06-Jan-2030 09:48:10,06-Jan-2030 09:49:10,60,NaN,NaN
Ground_Point_29,SAT_9,5,07-Jan-2030 09:26:45,07-Jan-2030 09:27:20,35,NaN,NaN
Ground_Point_30,SAT_9,1,03-Jan-2030 19:55:50,03-Jan-2030 19:57:05,75,NaN,NaN
Ground_Point_30,SAT_9,2,04-Jan-2030 08:57:10,04-Jan-2030 08:58:30,80,NaN,NaN
Ground_Point_30,SAT_9,3,07-Jan-2030 20:02:50,07-Jan-2030 20:04:05,75,NaN,NaN
Ground_Point_31,SAT_9,1,02-Jan-2030 20:18:35,02-Jan-2030 20:19:40,65,NaN,NaN
Ground_Point_31,SAT_9,2,03-Jan-2030 09:18:05,03-Jan-2030 09:19:20,75,NaN,NaN
Ground_Point_31,SAT_9,3,03-Jan-2030 19:57:10,03-Jan-2030 19:57:50,40,NaN,NaN
Ground_Point_31,SAT_9,4,06-Jan-2030 20:26:00,06-Jan-2030 20:26:20,20,NaN,NaN
Ground_Point_31,SAT_9,5,07-Jan-2030 09:25:15,07-Jan-2030 09:26:10,55,NaN,NaN
Ground_Point_31,SAT_9,6,07-Jan-2030 20:03:55,07-Jan-2030 20:05:05,70,NaN,NaN
Ground_Point_32,SAT_9,1,01-Jan-2030 08:25:40,01-Jan-2030 08:26:45,65,NaN,NaN
Ground_Point_32,SAT_9,2,01-Jan-2030 19:07:50,01-Jan-2030 19:09:00,70,NaN,NaN
Ground_Point_32,SAT_9,3,05-Jan-2030 08:32:35,05-Jan-2030 08:33:50,75,NaN,NaN
Ground_Point_32,SAT_9,4,05-Jan-2030 19:14:45,05-Jan-2030 19:16:05,80,NaN,NaN
Ground_Point_33,SAT_9,1,01-Jan-2030 01:44:40,01-Jan-2030 01:46:00,80,NaN,NaN
Ground_Point_33,SAT_9,2,01-Jan-2030 14:46:45,01-Jan-2030 14:47:55,70,NaN,NaN
Ground_Point_33,SAT_9,3,05-Jan-2030 01:51:45,05-Jan-2030 01:53:00,75,NaN,NaN
Ground_Point_33,SAT_9,4,05-Jan-2030 14:53:55,05-Jan-2030 14:54:40,45,NaN,NaN
Ground_Point_33,SAT_9,5,06-Jan-2030 14:32:20,06-Jan-2030 14:33:05,45,NaN,NaN
Ground_Point_34,SAT_9,1,01-Jan-2030 14:47:20,01-Jan-2030 14:48:30,70,NaN,NaN
Ground_Point_34,SAT_9,2,04-Jan-2030 02:13:15,04-Jan-2030 02:14:00,45,NaN,NaN
Ground_Point_34,SAT_9,3,05-Jan-2030 01:51:35,05-Jan-2030 01:52:25,50,NaN,NaN
Ground_Point_34,SAT_9,4,05-Jan-2030 14:54:15,05-Jan-2030 14:55:35,80,NaN,NaN
Ground_Point_35,SAT_9,1,01-Jan-2030 01:45:15,01-Jan-2030 01:46:00,45,NaN,NaN
Ground_Point_35,SAT_9,2,02-Jan-2030 01:23:35,02-Jan-2030 01:24:25,50,NaN,NaN
Ground_Point_35,SAT_9,3,02-Jan-2030 14:24:35,02-Jan-2030 14:25:40,65,NaN,NaN
Ground_Point_35,SAT_9,4,06-Jan-2030 01:30:25,06-Jan-2030 01:31:40,75,NaN,NaN
Ground_Point_35,SAT_9,5,06-Jan-2030 14:31:30,06-Jan-2030 14:32:50,80,NaN,NaN
Ground_Point_36,SAT_9,1,03-Jan-2030 02:35:50,03-Jan-2030 02:37:05,75,NaN,NaN
Ground_Point_36,SAT_9,2,03-Jan-2030 15:37:15,03-Jan-2030 15:38:30,75,NaN,NaN
Ground_Point_36,SAT_9,3,07-Jan-2030 02:42:50,07-Jan-2030 02:44:10,80,NaN,NaN
Ground_Point_36,SAT_9,4,07-Jan-2030 15:44:20,07-Jan-2030 15:45:30,70,NaN,NaN
Ground_Point_37,SAT_9,1,01-Jan-2030 03:17:20,01-Jan-2030 03:18:20,60,NaN,NaN
Ground_Point_37,SAT_9,2,02-Jan-2030 16:01:35,02-Jan-2030 16:02:50,75,NaN,NaN
Ground_Point_37,SAT_9,3,05-Jan-2030 03:24:10,05-Jan-2030 03:25:30,80,NaN,NaN
Ground_Point_37,SAT_9,4,06-Jan-2030 16:08:35,06-Jan-2030 16:09:50,75,NaN,NaN
Ground_Point_38,SAT_9,1,01-Jan-2030 03:16:25,01-Jan-2030 03:17:35,70,NaN,NaN
Ground_Point_38,SAT_9,2,02-Jan-2030 16:02:20,02-Jan-2030 16:03:30,70,NaN,NaN
Ground_Point_38,SAT_9,3,05-Jan-2030 03:23:20,05-Jan-2030 03:24:40,80,NaN,NaN
Ground_Point_38,SAT_9,4,06-Jan-2030 16:09:35,06-Jan-2030 16:10:15,40,NaN,NaN
Ground_Point_38,SAT_9,5,07-Jan-2030 15:48:10,07-Jan-2030 15:48:25,15,NaN,NaN
Ground_Point_39,SAT_9,1,01-Jan-2030 04:51:55,01-Jan-2030 04:53:15,80,NaN,NaN
Ground_Point_39,SAT_9,2,02-Jan-2030 17:35:45,02-Jan-2030 17:36:55,70,NaN,NaN
Ground_Point_39,SAT_9,3,05-Jan-2030 04:59:05,05-Jan-2030 05:00:05,60,NaN,NaN
Ground_Point_39,SAT_9,4,06-Jan-2030 17:42:55,06-Jan-2030 17:43:45,50,NaN,NaN
Ground_Point_40,SAT_9,1,01-Jan-2030 04:53:20,01-Jan-2030 04:54:10,50,NaN,NaN
Ground_Point_40,SAT_9,2,01-Jan-2030 17:56:35,01-Jan-2030 17:57:50,75,NaN,NaN
Ground_Point_40,SAT_9,3,05-Jan-2030 05:00:05,05-Jan-2030 05:01:20,75,NaN,NaN
Ground_Point_40,SAT_9,4,05-Jan-2030 18:03:45,05-Jan-2030 18:04:35,50,NaN,NaN
Ground_Point_40,SAT_9,5,06-Jan-2030 17:42:20,06-Jan-2030 17:42:50,30,NaN,NaN
Ground_Point_41,SAT_9,1,01-Jan-2030 04:55:35,01-Jan-2030 04:56:50,75,NaN,NaN
Ground_Point_41,SAT_9,2,01-Jan-2030 17:54:10,01-Jan-2030 17:55:15,65,NaN,NaN
Ground_Point_41,SAT_9,3,05-Jan-2030 05:02:40,05-Jan-2030 05:03:45,65,NaN,NaN
Ground_Point_41,SAT_9,4,05-Jan-2030 18:01:05,05-Jan-2030 18:02:20,75,NaN,NaN
Ground_Point_41,SAT_9,5,06-Jan-2030 04:41:15,06-Jan-2030 04:42:00,45,NaN,NaN
Ground_Point_42,SAT_9,1,04-Jan-2030 02:14:25,04-Jan-2030 02:15:30,65,NaN,NaN
Ground_Point_42,SAT_9,2,04-Jan-2030 15:14:55,04-Jan-2030 15:16:00,65,NaN,NaN
Ground_Point_42,SAT_9,3,05-Jan-2030 01:53:05,05-Jan-2030 01:53:35,30,NaN,NaN
Ground_Point_42,SAT_9,4,05-Jan-2030 14:53:35,05-Jan-2030 14:54:00,25,NaN,NaN
Ground_Point_43,SAT_9,1,01-Jan-2030 01:45:55,01-Jan-2030 01:47:10,75,NaN,NaN
Ground_Point_43,SAT_9,2,01-Jan-2030 14:45:25,01-Jan-2030 14:46:45,80,NaN,NaN
Ground_Point_43,SAT_9,3,05-Jan-2030 01:53:05,05-Jan-2030 01:54:00,55,NaN,NaN
Ground_Point_43,SAT_9,4,05-Jan-2030 14:52:30,05-Jan-2030 14:53:40,70,NaN,NaN
Ground_Point_43,SAT_9,5,06-Jan-2030 01:31:25,06-Jan-2030 01:32:25,60,NaN,NaN
Ground_Point_43,SAT_9,6,06-Jan-2030 14:31:25,06-Jan-2030 14:31:30,5,NaN,NaN
Ground_Point_44,SAT_9,1,02-Jan-2030 16:05:05,02-Jan-2030 16:06:20,75,NaN,NaN
Ground_Point_44,SAT_9,2,04-Jan-2030 03:42:30,04-Jan-2030 03:43:50,80,NaN,NaN
Ground_Point_44,SAT_9,3,06-Jan-2030 16:12:10,06-Jan-2030 16:13:15,65,NaN,NaN
Ground_Point_45,SAT_9,1,02-Jan-2030 16:02:20,02-Jan-2030 16:03:25,65,NaN,NaN
Ground_Point_45,SAT_9,2,05-Jan-2030 03:23:45,05-Jan-2030 03:24:45,60,NaN,NaN
Ground_Point_45,SAT_9,3,06-Jan-2030 16:09:15,06-Jan-2030 16:10:30,75,NaN,NaN
Ground_Point_46,SAT_9,1,01-Jan-2030 17:25:55,01-Jan-2030 17:27:10,75,NaN,NaN
Ground_Point_46,SAT_9,2,04-Jan-2030 05:52:35,04-Jan-2030 05:53:50,75,NaN,NaN
Ground_Point_46,SAT_9,3,05-Jan-2030 17:33:10,05-Jan-2030 17:33:55,45,NaN,NaN
Ground_Point_47,SAT_9,1,02-Jan-2030 06:36:35,02-Jan-2030 06:37:15,40,NaN,NaN
Ground_Point_47,SAT_9,2,04-Jan-2030 17:54:50,04-Jan-2030 17:56:05,75,NaN,NaN
Ground_Point_47,SAT_9,3,07-Jan-2030 06:21:45,07-Jan-2030 06:22:50,65,NaN,NaN
Ground_Point_48,SAT_9,1,02-Jan-2030 18:40:25,02-Jan-2030 18:41:45,80,NaN,NaN
Ground_Point_48,SAT_9,2,04-Jan-2030 07:25:15,04-Jan-2030 07:26:25,70,NaN,NaN
Ground_Point_48,SAT_9,3,06-Jan-2030 18:47:35,06-Jan-2030 18:48:40,65,NaN,NaN
Ground_Point_49,SAT_9,1,01-Jan-2030 19:01:50,01-Jan-2030 19:02:55,65,NaN,NaN
Ground_Point_49,SAT_9,2,04-Jan-2030 07:26:00,04-Jan-2030 07:27:05,65,NaN,NaN
Ground_Point_49,SAT_9,3,06-Jan-2030 18:47:20,06-Jan-2030 18:48:10,50,NaN,NaN
Ground_Point_50,SAT_9,1,01-Jan-2030 07:11:40,01-Jan-2030 07:12:55,75,NaN,NaN
Ground_Point_50,SAT_9,2,03-Jan-2030 19:37:50,03-Jan-2030 19:39:00,70,NaN,NaN
Ground_Point_50,SAT_9,3,05-Jan-2030 07:18:50,05-Jan-2030 07:19:50,60,NaN,NaN
Ground_Point_50,SAT_9,4,07-Jan-2030 19:44:50,07-Jan-2030 19:46:05,75,NaN,NaN
Ground_Point_51,SAT_9,1,04-Jan-2030 09:06:35,04-Jan-2030 09:07:50,75,NaN,NaN
Ground_Point_51,SAT_9,2,04-Jan-2030 20:59:05,04-Jan-2030 21:00:20,75,NaN,NaN
Ground_Point_52,SAT_9,1,03-Jan-2030 00:43:55,03-Jan-2030 00:45:05,70,NaN,NaN
Ground_Point_52,SAT_9,2,05-Jan-2030 12:02:10,05-Jan-2030 12:02:45,35,NaN,NaN
Ground_Point_52,SAT_9,3,07-Jan-2030 00:51:20,07-Jan-2030 00:51:45,25,NaN,NaN
Ground_Point_53,SAT_9,1,01-Jan-2030 11:54:30,01-Jan-2030 11:55:45,75,NaN,NaN
Ground_Point_53,SAT_9,2,04-Jan-2030 00:22:15,04-Jan-2030 00:23:30,75,NaN,NaN
Ground_Point_53,SAT_9,3,05-Jan-2030 12:01:30,05-Jan-2030 12:02:45,75,NaN,NaN
Ground_Point_54,SAT_9,1,01-Jan-2030 01:25:00,01-Jan-2030 01:25:55,55,NaN,NaN
Ground_Point_54,SAT_9,2,03-Jan-2030 12:48:25,03-Jan-2030 12:49:40,75,NaN,NaN
Ground_Point_54,SAT_9,3,05-Jan-2030 01:31:50,05-Jan-2030 01:33:05,75,NaN,NaN
Ground_Point_54,SAT_9,4,07-Jan-2030 12:55:25,07-Jan-2030 12:56:35,70,NaN,NaN
Ground_Point_55,SAT_9,1,01-Jan-2030 13:32:00,01-Jan-2030 13:33:00,60,NaN,NaN
Ground_Point_55,SAT_9,2,03-Jan-2030 02:16:00,03-Jan-2030 02:17:05,65,NaN,NaN
Ground_Point_55,SAT_9,3,05-Jan-2030 13:38:55,05-Jan-2030 13:40:10,75,NaN,NaN
Ground_Point_55,SAT_9,4,07-Jan-2030 02:22:55,07-Jan-2030 02:24:15,80,NaN,NaN
Ground_Point_1,SAT_10,1,01-Jan-2030 12:22:05,01-Jan-2030 12:23:20,75,NaN,NaN
Ground_Point_1,SAT_10,2,02-Jan-2030 01:25:55,02-Jan-2030 01:26:40,45,NaN,NaN
Ground_Point_1,SAT_10,3,03-Jan-2030 01:04:20,03-Jan-2030 01:05:00,40,NaN,NaN
Ground_Point_1,SAT_10,4,05-Jan-2030 12:29:05,05-Jan-2030 12:30:20,75,NaN,NaN
Ground_Point_1,SAT_10,5,07-Jan-2030 01:11:00,07-Jan-2030 01:12:10,70,NaN,NaN
Ground_Point_2,SAT_10,1,01-Jan-2030 12:21:25,01-Jan-2030 12:22:40,75,NaN,NaN
Ground_Point_2,SAT_10,2,03-Jan-2030 01:04:35,03-Jan-2030 01:05:50,75,NaN,NaN
Ground_Point_2,SAT_10,3,05-Jan-2030 12:28:30,05-Jan-2030 12:29:30,60,NaN,NaN
Ground_Point_2,SAT_10,4,07-Jan-2030 01:11:35,07-Jan-2030 01:12:40,65,NaN,NaN
Ground_Point_3,SAT_10,1,01-Jan-2030 12:22:10,01-Jan-2030 12:23:20,70,NaN,NaN
Ground_Point_3,SAT_10,2,02-Jan-2030 01:25:55,02-Jan-2030 01:26:45,50,NaN,NaN
Ground_Point_3,SAT_10,3,03-Jan-2030 01:04:25,03-Jan-2030 01:05:00,35,NaN,NaN
Ground_Point_3,SAT_10,4,05-Jan-2030 12:29:00,05-Jan-2030 12:30:20,80,NaN,NaN
Ground_Point_3,SAT_10,5,07-Jan-2030 01:11:05,07-Jan-2030 01:12:15,70,NaN,NaN
Ground_Point_4,SAT_10,1,01-Jan-2030 00:13:55,01-Jan-2030 00:14:50,55,NaN,NaN
Ground_Point_4,SAT_10,2,03-Jan-2030 11:37:45,03-Jan-2030 11:39:05,80,NaN,NaN
Ground_Point_4,SAT_10,3,05-Jan-2030 00:20:40,05-Jan-2030 00:21:55,75,NaN,NaN
Ground_Point_4,SAT_10,4,07-Jan-2030 11:44:50,07-Jan-2030 11:45:55,65,NaN,NaN
Ground_Point_5,SAT_10,1,02-Jan-2030 11:59:25,02-Jan-2030 12:00:35,70,NaN,NaN
Ground_Point_5,SAT_10,2,04-Jan-2030 00:42:45,04-Jan-2030 00:44:00,75,NaN,NaN
Ground_Point_5,SAT_10,3,06-Jan-2030 12:06:35,06-Jan-2030 12:07:20,45,NaN,NaN
Ground_Point_5,SAT_10,4,07-Jan-2030 11:45:00,07-Jan-2030 11:45:40,40,NaN,NaN
Ground_Point_6,SAT_10,1,02-Jan-2030 11:59:40,02-Jan-2030 12:00:25,45,NaN,NaN
Ground_Point_6,SAT_10,2,03-Jan-2030 11:38:05,03-Jan-2030 11:38:45,40,NaN,NaN
Ground_Point_6,SAT_10,3,04-Jan-2030 00:42:45,04-Jan-2030 00:43:40,55,NaN,NaN
Ground_Point_6,SAT_10,4,07-Jan-2030 11:44:45,07-Jan-2030 11:46:00,75,NaN,NaN
Ground_Point_7,SAT_10,1,01-Jan-2030 01:47:30,01-Jan-2030 01:48:10,40,NaN,NaN
Ground_Point_7,SAT_10,2,03-Jan-2030 13:13:25,03-Jan-2030 13:14:35,70,NaN,NaN
Ground_Point_7,SAT_10,3,05-Jan-2030 01:54:10,05-Jan-2030 01:55:20,70,NaN,NaN
Ground_Point_7,SAT_10,4,07-Jan-2030 13:20:40,07-Jan-2030 13:21:15,35,NaN,NaN
Ground_Point_8,SAT_10,1,02-Jan-2030 01:27:35,02-Jan-2030 01:28:45,70,NaN,NaN
Ground_Point_8,SAT_10,2,04-Jan-2030 12:49:20,04-Jan-2030 12:50:35,75,NaN,NaN
Ground_Point_8,SAT_10,3,06-Jan-2030 01:34:30,06-Jan-2030 01:35:45,75,NaN,NaN
Ground_Point_9,SAT_10,1,01-Jan-2030 01:51:45,01-Jan-2030 01:52:55,70,NaN,NaN
Ground_Point_9,SAT_10,2,02-Jan-2030 13:30:40,02-Jan-2030 13:32:00,80,NaN,NaN
Ground_Point_9,SAT_10,3,05-Jan-2030 01:58:40,05-Jan-2030 01:59:55,75,NaN,NaN
Ground_Point_9,SAT_10,4,06-Jan-2030 13:37:50,06-Jan-2030 13:38:45,55,NaN,NaN
Ground_Point_10,SAT_10,1,01-Jan-2030 01:51:45,01-Jan-2030 01:53:00,75,NaN,NaN
Ground_Point_10,SAT_10,2,02-Jan-2030 13:30:40,02-Jan-2030 13:31:55,75,NaN,NaN
Ground_Point_10,SAT_10,3,05-Jan-2030 01:58:45,05-Jan-2030 01:59:55,70,NaN,NaN
Ground_Point_10,SAT_10,4,06-Jan-2030 13:37:45,06-Jan-2030 13:38:45,60,NaN,NaN
Ground_Point_11,SAT_10,1,02-Jan-2030 01:29:05,02-Jan-2030 01:30:20,75,NaN,NaN
Ground_Point_11,SAT_10,2,03-Jan-2030 13:09:55,03-Jan-2030 13:10:05,10,NaN,NaN
Ground_Point_11,SAT_10,3,04-Jan-2030 12:48:05,04-Jan-2030 12:48:40,35,NaN,NaN
Ground_Point_11,SAT_10,4,06-Jan-2030 01:36:15,06-Jan-2030 01:37:05,50,NaN,NaN
Ground_Point_12,SAT_10,1,04-Jan-2030 02:26:10,04-Jan-2030 02:27:20,70,NaN,NaN
Ground_Point_12,SAT_10,2,04-Jan-2030 14:16:10,04-Jan-2030 14:17:05,55,NaN,NaN
Ground_Point_13,SAT_10,1,03-Jan-2030 02:44:45,03-Jan-2030 02:46:00,75,NaN,NaN
Ground_Point_13,SAT_10,2,04-Jan-2030 14:19:45,04-Jan-2030 14:20:10,25,NaN,NaN
Ground_Point_13,SAT_10,3,07-Jan-2030 02:51:50,07-Jan-2030 02:52:50,60,NaN,NaN
Ground_Point_14,SAT_10,1,04-Jan-2030 02:23:40,04-Jan-2030 02:24:45,65,NaN,NaN
Ground_Point_14,SAT_10,2,05-Jan-2030 13:57:05,05-Jan-2030 13:57:30,25,NaN,NaN
Ground_Point_15,SAT_10,1,01-Jan-2030 01:59:35,01-Jan-2030 02:00:20,45,NaN,NaN
Ground_Point_15,SAT_10,2,04-Jan-2030 14:13:55,04-Jan-2030 14:15:10,75,NaN,NaN
Ground_Point_15,SAT_10,3,05-Jan-2030 02:06:15,05-Jan-2030 02:07:30,75,NaN,NaN
Ground_Point_16,SAT_10,1,02-Jan-2030 01:32:05,02-Jan-2030 01:32:45,40,NaN,NaN
Ground_Point_16,SAT_10,2,03-Jan-2030 13:06:45,03-Jan-2030 13:08:00,75,NaN,NaN
Ground_Point_16,SAT_10,3,07-Jan-2030 01:17:15,07-Jan-2030 01:18:10,55,NaN,NaN
Ground_Point_16,SAT_10,4,07-Jan-2030 13:13:45,07-Jan-2030 13:14:50,65,NaN,NaN
Ground_Point_17,SAT_10,1,03-Jan-2030 14:38:20,03-Jan-2030 14:39:15,55,NaN,NaN
Ground_Point_17,SAT_10,2,04-Jan-2030 02:26:00,04-Jan-2030 02:26:45,45,NaN,NaN
Ground_Point_18,SAT_10,1,02-Jan-2030 04:39:45,02-Jan-2030 04:41:00,75,NaN,NaN
Ground_Point_18,SAT_10,2,03-Jan-2030 16:17:00,03-Jan-2030 16:18:15,75,NaN,NaN
Ground_Point_18,SAT_10,3,06-Jan-2030 04:46:55,06-Jan-2030 04:47:45,50,NaN,NaN
Ground_Point_18,SAT_10,4,07-Jan-2030 16:24:05,07-Jan-2030 16:25:05,60,NaN,NaN
Ground_Point_19,SAT_10,1,02-Jan-2030 04:37:25,02-Jan-2030 04:38:05,40,NaN,NaN
Ground_Point_19,SAT_10,2,03-Jan-2030 04:16:00,03-Jan-2030 04:16:15,15,NaN,NaN
Ground_Point_19,SAT_10,3,04-Jan-2030 15:57:40,04-Jan-2030 15:58:50,70,NaN,NaN
Ground_Point_19,SAT_10,4,07-Jan-2030 04:22:30,07-Jan-2030 04:23:40,70,NaN,NaN
Ground_Point_20,SAT_10,1,03-Jan-2030 04:19:30,03-Jan-2030 04:20:40,70,NaN,NaN
Ground_Point_20,SAT_10,2,04-Jan-2030 15:53:50,04-Jan-2030 15:54:40,50,NaN,NaN
Ground_Point_20,SAT_10,3,07-Jan-2030 04:26:45,07-Jan-2030 04:27:15,30,NaN,NaN
Ground_Point_21,SAT_10,1,04-Jan-2030 10:05:30,04-Jan-2030 10:06:45,75,NaN,NaN
Ground_Point_21,SAT_10,2,04-Jan-2030 20:47:20,04-Jan-2030 20:48:35,75,NaN,NaN
Ground_Point_21,SAT_10,3,05-Jan-2030 09:44:15,05-Jan-2030 09:44:40,25,NaN,NaN
Ground_Point_21,SAT_10,4,05-Jan-2030 20:26:00,05-Jan-2030 20:26:40,40,NaN,NaN
Ground_Point_22,SAT_10,1,01-Jan-2030 09:37:30,01-Jan-2030 09:38:40,70,NaN,NaN
Ground_Point_22,SAT_10,2,01-Jan-2030 20:18:20,01-Jan-2030 20:18:50,30,NaN,NaN
Ground_Point_22,SAT_10,3,04-Jan-2030 20:46:50,04-Jan-2030 20:47:35,45,NaN,NaN
Ground_Point_22,SAT_10,4,05-Jan-2030 09:44:25,05-Jan-2030 09:45:40,75,NaN,NaN
Ground_Point_22,SAT_10,5,05-Jan-2030 20:25:00,05-Jan-2030 20:26:05,65,NaN,NaN
Ground_Point_23,SAT_10,1,01-Jan-2030 09:36:25,01-Jan-2030 09:37:45,80,NaN,NaN
Ground_Point_23,SAT_10,2,01-Jan-2030 20:18:40,01-Jan-2030 20:20:00,80,NaN,NaN
Ground_Point_23,SAT_10,3,05-Jan-2030 09:43:25,05-Jan-2030 09:44:40,75,NaN,NaN
Ground_Point_23,SAT_10,4,05-Jan-2030 20:25:45,05-Jan-2030 20:26:55,70,NaN,NaN
Ground_Point_23,SAT_10,5,06-Jan-2030 20:04:20,06-Jan-2030 20:05:00,40,NaN,NaN
Ground_Point_24,SAT_10,1,01-Jan-2030 09:36:50,01-Jan-2030 09:38:10,80,NaN,NaN
Ground_Point_24,SAT_10,2,01-Jan-2030 20:18:20,01-Jan-2030 20:19:40,80,NaN,NaN
Ground_Point_24,SAT_10,3,05-Jan-2030 09:43:50,05-Jan-2030 09:45:05,75,NaN,NaN
Ground_Point_24,SAT_10,4,05-Jan-2030 20:25:20,05-Jan-2030 20:26:35,75,NaN,NaN
Ground_Point_25,SAT_10,1,01-Jan-2030 09:37:15,01-Jan-2030 09:37:45,30,NaN,NaN
Ground_Point_25,SAT_10,2,01-Jan-2030 20:18:10,01-Jan-2030 20:19:05,55,NaN,NaN
Ground_Point_25,SAT_10,3,02-Jan-2030 09:15:15,02-Jan-2030 09:16:25,70,NaN,NaN
Ground_Point_25,SAT_10,4,02-Jan-2030 19:56:25,02-Jan-2030 19:57:30,65,NaN,NaN
Ground_Point_25,SAT_10,5,06-Jan-2030 09:22:10,06-Jan-2030 09:23:25,75,NaN,NaN
Ground_Point_25,SAT_10,6,06-Jan-2030 20:03:20,06-Jan-2030 20:04:35,75,NaN,NaN
Ground_Point_26,SAT_10,1,02-Jan-2030 09:14:30,02-Jan-2030 09:15:35,65,NaN,NaN
Ground_Point_26,SAT_10,2,02-Jan-2030 19:56:55,02-Jan-2030 19:57:50,55,NaN,NaN
Ground_Point_26,SAT_10,3,03-Jan-2030 08:53:00,03-Jan-2030 08:53:45,45,NaN,NaN
Ground_Point_26,SAT_10,4,03-Jan-2030 19:35:10,03-Jan-2030 19:36:20,70,NaN,NaN
Ground_Point_26,SAT_10,5,06-Jan-2030 09:21:35,06-Jan-2030 09:22:25,50,NaN,NaN
Ground_Point_26,SAT_10,6,07-Jan-2030 08:59:45,07-Jan-2030 09:00:55,70,NaN,NaN
Ground_Point_26,SAT_10,7,07-Jan-2030 19:42:05,07-Jan-2030 19:43:20,75,NaN,NaN
Ground_Point_27,SAT_10,1,02-Jan-2030 09:15:40,02-Jan-2030 09:16:45,65,NaN,NaN
Ground_Point_27,SAT_10,2,02-Jan-2030 19:55:45,02-Jan-2030 19:57:00,75,NaN,NaN
Ground_Point_27,SAT_10,3,03-Jan-2030 08:54:15,03-Jan-2030 08:54:55,40,NaN,NaN
Ground_Point_27,SAT_10,4,06-Jan-2030 09:22:50,06-Jan-2030 09:23:30,40,NaN,NaN
Ground_Point_27,SAT_10,5,06-Jan-2030 20:02:40,06-Jan-2030 20:03:55,75,NaN,NaN
Ground_Point_27,SAT_10,6,07-Jan-2030 09:01:00,07-Jan-2030 09:02:05,65,NaN,NaN
Ground_Point_28,SAT_10,1,03-Jan-2030 21:06:20,03-Jan-2030 21:07:35,75,NaN,NaN
Ground_Point_28,SAT_10,2,04-Jan-2030 10:08:30,04-Jan-2030 10:09:35,65,NaN,NaN
Ground_Point_28,SAT_10,3,07-Jan-2030 21:13:20,07-Jan-2030 21:14:30,70,NaN,NaN
Ground_Point_29,SAT_10,1,01-Jan-2030 09:39:20,01-Jan-2030 09:40:35,75,NaN,NaN
Ground_Point_29,SAT_10,2,04-Jan-2030 20:44:40,04-Jan-2030 20:45:55,75,NaN,NaN
Ground_Point_29,SAT_10,3,05-Jan-2030 09:46:25,05-Jan-2030 09:47:25,60,NaN,NaN
Ground_Point_29,SAT_10,4,06-Jan-2030 09:25:15,06-Jan-2030 09:25:20,5,NaN,NaN
Ground_Point_30,SAT_10,1,02-Jan-2030 19:54:10,02-Jan-2030 19:55:20,70,NaN,NaN
Ground_Point_30,SAT_10,2,03-Jan-2030 08:55:30,03-Jan-2030 08:56:45,75,NaN,NaN
Ground_Point_30,SAT_10,3,06-Jan-2030 20:01:05,06-Jan-2030 20:02:20,75,NaN,NaN
Ground_Point_30,SAT_10,4,07-Jan-2030 09:02:30,07-Jan-2030 09:03:40,70,NaN,NaN
Ground_Point_31,SAT_10,1,01-Jan-2030 20:16:50,01-Jan-2030 20:18:00,70,NaN,NaN
Ground_Point_31,SAT_10,2,02-Jan-2030 09:16:20,02-Jan-2030 09:17:40,80,NaN,NaN
Ground_Point_31,SAT_10,3,02-Jan-2030 19:55:35,02-Jan-2030 19:56:00,25,NaN,NaN
Ground_Point_31,SAT_10,4,05-Jan-2030 20:24:05,05-Jan-2030 20:24:45,40,NaN,NaN
Ground_Point_31,SAT_10,5,06-Jan-2030 09:23:25,06-Jan-2030 09:24:30,65,NaN,NaN
Ground_Point_31,SAT_10,6,06-Jan-2030 20:02:15,06-Jan-2030 20:03:15,60,NaN,NaN
Ground_Point_31,SAT_10,7,07-Jan-2030 09:02:00,07-Jan-2030 09:02:35,35,NaN,NaN
Ground_Point_32,SAT_10,1,03-Jan-2030 08:52:55,03-Jan-2030 08:53:20,25,NaN,NaN
Ground_Point_32,SAT_10,2,04-Jan-2030 08:30:55,04-Jan-2030 08:32:10,75,NaN,NaN
Ground_Point_32,SAT_10,3,04-Jan-2030 19:13:05,04-Jan-2030 19:14:20,75,NaN,NaN
Ground_Point_33,SAT_10,1,04-Jan-2030 01:50:00,04-Jan-2030 01:51:15,75,NaN,NaN
Ground_Point_33,SAT_10,2,04-Jan-2030 14:52:10,04-Jan-2030 14:53:05,55,NaN,NaN
Ground_Point_33,SAT_10,3,05-Jan-2030 14:30:40,05-Jan-2030 14:31:15,35,NaN,NaN
Ground_Point_34,SAT_10,1,03-Jan-2030 02:11:30,03-Jan-2030 02:12:25,55,NaN,NaN
Ground_Point_34,SAT_10,2,04-Jan-2030 01:50:00,04-Jan-2030 01:50:35,35,NaN,NaN
Ground_Point_34,SAT_10,3,04-Jan-2030 14:52:35,04-Jan-2030 14:53:50,75,NaN,NaN
Ground_Point_35,SAT_10,1,01-Jan-2030 01:22:00,01-Jan-2030 01:22:40,40,NaN,NaN
Ground_Point_35,SAT_10,2,01-Jan-2030 14:22:55,01-Jan-2030 14:24:00,65,NaN,NaN
Ground_Point_35,SAT_10,3,05-Jan-2030 01:28:40,05-Jan-2030 01:29:50,70,NaN,NaN
Ground_Point_35,SAT_10,4,05-Jan-2030 14:29:45,05-Jan-2030 14:31:05,80,NaN,NaN
Ground_Point_36,SAT_10,1,02-Jan-2030 02:34:15,02-Jan-2030 02:35:20,65,NaN,NaN
Ground_Point_36,SAT_10,2,02-Jan-2030 15:35:30,02-Jan-2030 15:36:50,80,NaN,NaN
Ground_Point_36,SAT_10,3,06-Jan-2030 02:41:05,06-Jan-2030 02:42:25,80,NaN,NaN
Ground_Point_36,SAT_10,4,06-Jan-2030 15:42:30,06-Jan-2030 15:43:45,75,NaN,NaN
Ground_Point_37,SAT_10,1,01-Jan-2030 16:00:00,01-Jan-2030 16:01:05,65,NaN,NaN
Ground_Point_37,SAT_10,2,04-Jan-2030 03:22:30,04-Jan-2030 03:23:45,75,NaN,NaN
Ground_Point_37,SAT_10,3,05-Jan-2030 16:06:50,05-Jan-2030 16:08:05,75,NaN,NaN
Ground_Point_38,SAT_10,1,01-Jan-2030 16:00:35,01-Jan-2030 16:01:50,75,NaN,NaN
Ground_Point_38,SAT_10,2,04-Jan-2030 03:21:40,04-Jan-2030 03:22:55,75,NaN,NaN
Ground_Point_38,SAT_10,3,05-Jan-2030 16:07:45,05-Jan-2030 16:08:35,50,NaN,NaN
Ground_Point_39,SAT_10,1,01-Jan-2030 17:34:00,01-Jan-2030 17:35:15,75,NaN,NaN
Ground_Point_39,SAT_10,2,04-Jan-2030 04:57:20,04-Jan-2030 04:58:25,65,NaN,NaN
Ground_Point_39,SAT_10,3,05-Jan-2030 17:41:05,05-Jan-2030 17:42:05,60,NaN,NaN
Ground_Point_40,SAT_10,1,04-Jan-2030 04:58:25,04-Jan-2030 04:59:35,70,NaN,NaN
Ground_Point_40,SAT_10,2,04-Jan-2030 18:02:00,04-Jan-2030 18:02:55,55,NaN,NaN
Ground_Point_41,SAT_10,1,04-Jan-2030 05:00:55,04-Jan-2030 05:02:05,70,NaN,NaN
Ground_Point_41,SAT_10,2,04-Jan-2030 17:59:20,04-Jan-2030 18:00:35,75,NaN,NaN
Ground_Point_41,SAT_10,3,05-Jan-2030 04:39:35,05-Jan-2030 04:40:05,30,NaN,NaN
Ground_Point_42,SAT_10,1,03-Jan-2030 02:12:40,03-Jan-2030 02:13:50,70,NaN,NaN
Ground_Point_42,SAT_10,2,03-Jan-2030 15:13:10,03-Jan-2030 15:14:20,70,NaN,NaN
Ground_Point_42,SAT_10,3,07-Jan-2030 02:19:50,07-Jan-2030 02:20:35,45,NaN,NaN
Ground_Point_42,SAT_10,4,07-Jan-2030 15:20:20,07-Jan-2030 15:21:00,40,NaN,NaN
Ground_Point_43,SAT_10,1,04-Jan-2030 01:51:20,04-Jan-2030 01:52:20,60,NaN,NaN
Ground_Point_43,SAT_10,2,04-Jan-2030 14:50:45,04-Jan-2030 14:52:00,75,NaN,NaN
Ground_Point_43,SAT_10,3,05-Jan-2030 01:29:45,05-Jan-2030 01:30:35,50,NaN,NaN
Ground_Point_44,SAT_10,1,01-Jan-2030 16:03:25,01-Jan-2030 16:04:40,75,NaN,NaN
Ground_Point_44,SAT_10,2,03-Jan-2030 03:40:50,03-Jan-2030 03:42:05,75,NaN,NaN
Ground_Point_44,SAT_10,3,05-Jan-2030 16:10:20,05-Jan-2030 16:11:35,75,NaN,NaN
Ground_Point_44,SAT_10,4,07-Jan-2030 03:47:45,07-Jan-2030 03:49:00,75,NaN,NaN
Ground_Point_45,SAT_10,1,01-Jan-2030 16:00:40,01-Jan-2030 16:01:45,65,NaN,NaN
Ground_Point_45,SAT_10,2,03-Jan-2030 03:44:00,03-Jan-2030 03:44:15,15,NaN,NaN
Ground_Point_45,SAT_10,3,04-Jan-2030 03:22:10,04-Jan-2030 03:22:55,45,NaN,NaN
Ground_Point_45,SAT_10,4,05-Jan-2030 16:07:30,05-Jan-2030 16:08:45,75,NaN,NaN
Ground_Point_46,SAT_10,1,03-Jan-2030 05:50:50,03-Jan-2030 05:52:05,75,NaN,NaN
Ground_Point_46,SAT_10,2,04-Jan-2030 17:31:20,04-Jan-2030 17:32:20,60,NaN,NaN
Ground_Point_46,SAT_10,3,07-Jan-2030 05:57:50,07-Jan-2030 05:59:00,70,NaN,NaN
Ground_Point_47,SAT_10,1,01-Jan-2030 06:34:50,01-Jan-2030 06:35:40,50,NaN,NaN
Ground_Point_47,SAT_10,2,03-Jan-2030 17:53:10,03-Jan-2030 17:54:20,70,NaN,NaN
Ground_Point_47,SAT_10,3,06-Jan-2030 06:20:05,06-Jan-2030 06:21:00,55,NaN,NaN
Ground_Point_47,SAT_10,4,07-Jan-2030 18:00:05,07-Jan-2030 18:01:20,75,NaN,NaN
Ground_Point_48,SAT_10,1,01-Jan-2030 18:38:45,01-Jan-2030 18:40:05,80,NaN,NaN
Ground_Point_48,SAT_10,2,03-Jan-2030 07:23:30,03-Jan-2030 07:24:45,75,NaN,NaN
Ground_Point_48,SAT_10,3,05-Jan-2030 18:45:45,05-Jan-2030 18:46:55,70,NaN,NaN
Ground_Point_48,SAT_10,4,07-Jan-2030 07:30:40,07-Jan-2030 07:31:25,45,NaN,NaN
Ground_Point_49,SAT_10,1,03-Jan-2030 07:24:20,03-Jan-2030 07:25:15,55,NaN,NaN
Ground_Point_49,SAT_10,2,04-Jan-2030 19:07:20,04-Jan-2030 19:07:55,35,NaN,NaN
Ground_Point_49,SAT_10,3,05-Jan-2030 18:45:45,05-Jan-2030 18:46:20,35,NaN,NaN
Ground_Point_49,SAT_10,4,07-Jan-2030 07:31:05,07-Jan-2030 07:32:20,75,NaN,NaN
Ground_Point_50,SAT_10,1,02-Jan-2030 19:36:10,02-Jan-2030 19:37:15,65,NaN,NaN
Ground_Point_50,SAT_10,2,04-Jan-2030 07:17:00,04-Jan-2030 07:18:10,70,NaN,NaN
Ground_Point_50,SAT_10,3,06-Jan-2030 19:43:00,06-Jan-2030 19:44:20,80,NaN,NaN
Ground_Point_51,SAT_10,1,03-Jan-2030 09:04:55,03-Jan-2030 09:06:05,70,NaN,NaN
Ground_Point_51,SAT_10,2,03-Jan-2030 20:57:25,03-Jan-2030 20:58:35,70,NaN,NaN
Ground_Point_51,SAT_10,3,07-Jan-2030 09:11:50,07-Jan-2030 09:13:05,75,NaN,NaN
Ground_Point_51,SAT_10,4,07-Jan-2030 21:04:20,07-Jan-2030 21:05:35,75,NaN,NaN
Ground_Point_52,SAT_10,1,02-Jan-2030 00:42:10,02-Jan-2030 00:43:25,75,NaN,NaN
Ground_Point_52,SAT_10,2,03-Jan-2030 12:22:05,03-Jan-2030 12:22:35,30,NaN,NaN
Ground_Point_52,SAT_10,3,06-Jan-2030 00:49:25,06-Jan-2030 00:50:10,45,NaN,NaN
Ground_Point_53,SAT_10,1,03-Jan-2030 00:20:35,03-Jan-2030 00:21:50,75,NaN,NaN
Ground_Point_53,SAT_10,2,04-Jan-2030 11:59:45,04-Jan-2030 12:01:00,75,NaN,NaN
Ground_Point_53,SAT_10,3,07-Jan-2030 00:27:30,07-Jan-2030 00:28:45,75,NaN,NaN
Ground_Point_54,SAT_10,1,02-Jan-2030 12:46:40,02-Jan-2030 12:47:55,75,NaN,NaN
Ground_Point_54,SAT_10,2,04-Jan-2030 01:30:10,04-Jan-2030 01:31:20,70,NaN,NaN
Ground_Point_54,SAT_10,3,06-Jan-2030 12:53:35,06-Jan-2030 12:54:55,80,NaN,NaN
Ground_Point_55,SAT_10,1,02-Jan-2030 02:14:20,02-Jan-2030 02:15:25,65,NaN,NaN
Ground_Point_55,SAT_10,2,04-Jan-2030 13:37:10,04-Jan-2030 13:38:25,75,NaN,NaN
Ground_Point_55,SAT_10,3,06-Jan-2030 02:21:10,06-Jan-2030 02:22:30,80,NaN,NaN
Ground_Point_1,SAT_11,1,01-Jan-2030 01:24:10,01-Jan-2030 01:25:05,55,NaN,NaN
Ground_Point_1,SAT_11,2,02-Jan-2030 01:02:45,02-Jan-2030 01:03:10,25,NaN,NaN
Ground_Point_1,SAT_11,3,04-Jan-2030 12:27:15,04-Jan-2030 12:28:35,80,NaN,NaN
Ground_Point_1,SAT_11,4,06-Jan-2030 01:09:15,06-Jan-2030 01:10:20,65,NaN,NaN
Ground_Point_2,SAT_11,1,02-Jan-2030 01:02:50,02-Jan-2030 01:04:10,80,NaN,NaN
Ground_Point_2,SAT_11,2,04-Jan-2030 12:26:40,04-Jan-2030 12:27:50,70,NaN,NaN
Ground_Point_2,SAT_11,3,06-Jan-2030 01:09:45,06-Jan-2030 01:10:55,70,NaN,NaN
Ground_Point_3,SAT_11,1,01-Jan-2030 01:24:10,01-Jan-2030 01:25:10,60,NaN,NaN
Ground_Point_3,SAT_11,2,04-Jan-2030 12:27:15,04-Jan-2030 12:28:35,80,NaN,NaN
Ground_Point_3,SAT_11,3,06-Jan-2030 01:09:20,06-Jan-2030 01:10:20,60,NaN,NaN
Ground_Point_4,SAT_11,1,02-Jan-2030 11:36:05,02-Jan-2030 11:37:20,75,NaN,NaN
Ground_Point_4,SAT_11,2,04-Jan-2030 00:19:00,04-Jan-2030 00:20:10,70,NaN,NaN
Ground_Point_4,SAT_11,3,06-Jan-2030 11:42:55,06-Jan-2030 11:44:10,75,NaN,NaN
Ground_Point_5,SAT_11,1,01-Jan-2030 11:57:40,01-Jan-2030 11:58:55,75,NaN,NaN
Ground_Point_5,SAT_11,2,03-Jan-2030 00:41:00,03-Jan-2030 00:42:20,80,NaN,NaN
Ground_Point_5,SAT_11,3,05-Jan-2030 12:04:40,05-Jan-2030 12:05:35,55,NaN,NaN
Ground_Point_5,SAT_11,4,06-Jan-2030 11:43:25,06-Jan-2030 11:43:35,10,NaN,NaN
Ground_Point_5,SAT_11,5,07-Jan-2030 00:48:00,07-Jan-2030 00:49:00,60,NaN,NaN
Ground_Point_6,SAT_11,1,01-Jan-2030 11:57:55,01-Jan-2030 11:58:50,55,NaN,NaN
Ground_Point_6,SAT_11,2,02-Jan-2030 11:36:35,02-Jan-2030 11:36:50,15,NaN,NaN
Ground_Point_6,SAT_11,3,03-Jan-2030 00:40:55,03-Jan-2030 00:42:00,65,NaN,NaN
Ground_Point_6,SAT_11,4,06-Jan-2030 11:43:00,06-Jan-2030 11:44:05,65,NaN,NaN
Ground_Point_7,SAT_11,1,02-Jan-2030 13:11:40,02-Jan-2030 13:12:55,75,NaN,NaN
Ground_Point_7,SAT_11,2,04-Jan-2030 01:52:30,04-Jan-2030 01:53:35,65,NaN,NaN
Ground_Point_7,SAT_11,3,06-Jan-2030 13:18:45,06-Jan-2030 13:19:35,50,NaN,NaN
Ground_Point_7,SAT_11,4,07-Jan-2030 12:57:05,07-Jan-2030 12:57:55,50,NaN,NaN
Ground_Point_8,SAT_11,1,01-Jan-2030 01:25:55,01-Jan-2030 01:27:05,70,NaN,NaN
Ground_Point_8,SAT_11,2,03-Jan-2030 12:47:40,03-Jan-2030 12:48:45,65,NaN,NaN
Ground_Point_8,SAT_11,3,05-Jan-2030 01:32:40,05-Jan-2030 01:34:00,80,NaN,NaN
Ground_Point_8,SAT_11,4,07-Jan-2030 12:54:25,07-Jan-2030 12:55:40,75,NaN,NaN
Ground_Point_9,SAT_11,1,01-Jan-2030 13:29:00,01-Jan-2030 13:30:20,80,NaN,NaN
Ground_Point_9,SAT_11,2,04-Jan-2030 01:56:55,04-Jan-2030 01:58:10,75,NaN,NaN
Ground_Point_9,SAT_11,3,05-Jan-2030 13:35:55,05-Jan-2030 13:37:05,70,NaN,NaN
Ground_Point_10,SAT_11,1,01-Jan-2030 13:29:00,01-Jan-2030 13:30:15,75,NaN,NaN
Ground_Point_10,SAT_11,2,04-Jan-2030 01:56:55,04-Jan-2030 01:58:10,75,NaN,NaN
Ground_Point_10,SAT_11,3,05-Jan-2030 13:35:55,05-Jan-2030 13:37:00,65,NaN,NaN
Ground_Point_11,SAT_11,1,01-Jan-2030 01:27:25,01-Jan-2030 01:28:40,75,NaN,NaN
Ground_Point_11,SAT_11,2,02-Jan-2030 13:08:00,02-Jan-2030 13:08:40,40,NaN,NaN
Ground_Point_11,SAT_11,3,05-Jan-2030 01:34:20,05-Jan-2030 01:35:25,65,NaN,NaN
Ground_Point_11,SAT_11,4,07-Jan-2030 12:52:55,07-Jan-2030 12:54:00,65,NaN,NaN
Ground_Point_12,SAT_11,1,03-Jan-2030 02:24:25,03-Jan-2030 02:25:40,75,NaN,NaN
Ground_Point_12,SAT_11,2,03-Jan-2030 14:14:35,03-Jan-2030 14:15:15,40,NaN,NaN
Ground_Point_12,SAT_11,3,07-Jan-2030 02:31:20,07-Jan-2030 02:32:20,60,NaN,NaN
Ground_Point_12,SAT_11,4,07-Jan-2030 14:21:05,07-Jan-2030 14:22:20,75,NaN,NaN
Ground_Point_13,SAT_11,1,02-Jan-2030 02:43:05,02-Jan-2030 02:44:20,75,NaN,NaN
Ground_Point_13,SAT_11,2,02-Jan-2030 14:39:40,02-Jan-2030 14:40:05,25,NaN,NaN
Ground_Point_13,SAT_11,3,06-Jan-2030 02:49:55,06-Jan-2030 02:51:05,70,NaN,NaN
Ground_Point_13,SAT_11,4,07-Jan-2030 14:24:30,07-Jan-2030 14:25:35,65,NaN,NaN
Ground_Point_14,SAT_11,1,03-Jan-2030 02:21:55,03-Jan-2030 02:23:05,70,NaN,NaN
Ground_Point_14,SAT_11,2,03-Jan-2030 14:16:55,03-Jan-2030 14:17:20,25,NaN,NaN
Ground_Point_14,SAT_11,3,07-Jan-2030 02:29:00,07-Jan-2030 02:29:35,35,NaN,NaN
Ground_Point_15,SAT_11,1,03-Jan-2030 14:12:15,03-Jan-2030 14:13:25,70,NaN,NaN
Ground_Point_15,SAT_11,2,04-Jan-2030 02:04:35,04-Jan-2030 02:05:45,70,NaN,NaN
Ground_Point_15,SAT_11,3,07-Jan-2030 14:19:00,07-Jan-2030 14:20:15,75,NaN,NaN
Ground_Point_16,SAT_11,1,01-Jan-2030 01:30:15,01-Jan-2030 01:31:10,55,NaN,NaN
Ground_Point_16,SAT_11,2,02-Jan-2030 13:05:00,02-Jan-2030 13:06:20,80,NaN,NaN
Ground_Point_16,SAT_11,3,06-Jan-2030 01:15:35,06-Jan-2030 01:16:15,40,NaN,NaN
Ground_Point_16,SAT_11,4,06-Jan-2030 13:11:55,06-Jan-2030 13:13:05,70,NaN,NaN
Ground_Point_17,SAT_11,1,02-Jan-2030 14:36:35,02-Jan-2030 14:37:35,60,NaN,NaN
Ground_Point_17,SAT_11,2,03-Jan-2030 02:24:30,03-Jan-2030 02:24:55,25,NaN,NaN
Ground_Point_17,SAT_11,3,07-Jan-2030 02:30:55,07-Jan-2030 02:32:05,70,NaN,NaN
Ground_Point_17,SAT_11,4,07-Jan-2030 14:22:05,07-Jan-2030 14:22:30,25,NaN,NaN
Ground_Point_18,SAT_11,1,01-Jan-2030 04:38:05,01-Jan-2030 04:39:20,75,NaN,NaN
Ground_Point_18,SAT_11,2,02-Jan-2030 16:15:20,02-Jan-2030 16:16:35,75,NaN,NaN
Ground_Point_18,SAT_11,3,05-Jan-2030 04:45:00,05-Jan-2030 04:46:05,65,NaN,NaN
Ground_Point_18,SAT_11,4,06-Jan-2030 16:22:10,06-Jan-2030 16:23:20,70,NaN,NaN
Ground_Point_19,SAT_11,1,01-Jan-2030 04:35:40,01-Jan-2030 04:36:30,50,NaN,NaN
Ground_Point_19,SAT_11,2,03-Jan-2030 15:55:50,03-Jan-2030 15:57:10,80,NaN,NaN
Ground_Point_19,SAT_11,3,06-Jan-2030 04:20:45,06-Jan-2030 04:21:45,60,NaN,NaN
Ground_Point_19,SAT_11,4,07-Jan-2030 16:02:55,07-Jan-2030 16:03:45,50,NaN,NaN
Ground_Point_20,SAT_11,1,02-Jan-2030 04:17:45,02-Jan-2030 04:19:00,75,NaN,NaN
Ground_Point_20,SAT_11,2,03-Jan-2030 15:52:15,03-Jan-2030 15:52:50,35,NaN,NaN
Ground_Point_20,SAT_11,3,06-Jan-2030 04:24:50,06-Jan-2030 04:25:35,45,NaN,NaN
Ground_Point_20,SAT_11,4,07-Jan-2030 15:58:45,07-Jan-2030 15:59:55,70,NaN,NaN
Ground_Point_21,SAT_11,1,03-Jan-2030 10:03:45,03-Jan-2030 10:05:00,75,NaN,NaN
Ground_Point_21,SAT_11,2,03-Jan-2030 20:45:35,03-Jan-2030 20:46:50,75,NaN,NaN
Ground_Point_21,SAT_11,3,04-Jan-2030 20:24:20,04-Jan-2030 20:24:50,30,NaN,NaN
Ground_Point_21,SAT_11,4,07-Jan-2030 10:10:40,07-Jan-2030 10:11:45,65,NaN,NaN
Ground_Point_21,SAT_11,5,07-Jan-2030 20:52:35,07-Jan-2030 20:53:30,55,NaN,NaN
Ground_Point_22,SAT_11,1,03-Jan-2030 20:45:00,03-Jan-2030 20:45:55,55,NaN,NaN
Ground_Point_22,SAT_11,2,04-Jan-2030 09:42:40,04-Jan-2030 09:43:55,75,NaN,NaN
Ground_Point_22,SAT_11,3,04-Jan-2030 20:23:15,04-Jan-2030 20:24:15,60,NaN,NaN
Ground_Point_23,SAT_11,1,04-Jan-2030 09:41:40,04-Jan-2030 09:42:55,75,NaN,NaN
Ground_Point_23,SAT_11,2,04-Jan-2030 20:23:55,04-Jan-2030 20:25:10,75,NaN,NaN
Ground_Point_23,SAT_11,3,05-Jan-2030 20:02:40,05-Jan-2030 20:03:05,25,NaN,NaN
Ground_Point_24,SAT_11,1,04-Jan-2030 09:42:05,04-Jan-2030 09:43:20,75,NaN,NaN
Ground_Point_24,SAT_11,2,04-Jan-2030 20:23:30,04-Jan-2030 20:24:50,80,NaN,NaN
Ground_Point_25,SAT_11,1,01-Jan-2030 09:13:35,01-Jan-2030 09:14:45,70,NaN,NaN
Ground_Point_25,SAT_11,2,01-Jan-2030 19:54:50,01-Jan-2030 19:55:45,55,NaN,NaN
Ground_Point_25,SAT_11,3,04-Jan-2030 20:23:40,04-Jan-2030 20:23:55,15,NaN,NaN
Ground_Point_25,SAT_11,4,05-Jan-2030 09:20:20,05-Jan-2030 09:21:40,80,NaN,NaN
Ground_Point_25,SAT_11,5,05-Jan-2030 20:01:30,05-Jan-2030 20:02:45,75,NaN,NaN
Ground_Point_26,SAT_11,1,01-Jan-2030 09:12:45,01-Jan-2030 09:14:00,75,NaN,NaN
Ground_Point_26,SAT_11,2,01-Jan-2030 19:55:15,01-Jan-2030 19:56:15,60,NaN,NaN
Ground_Point_26,SAT_11,3,02-Jan-2030 08:51:20,02-Jan-2030 08:52:00,40,NaN,NaN
Ground_Point_26,SAT_11,4,02-Jan-2030 19:33:30,02-Jan-2030 19:34:35,65,NaN,NaN
Ground_Point_26,SAT_11,5,05-Jan-2030 09:19:45,05-Jan-2030 09:20:40,55,NaN,NaN
Ground_Point_26,SAT_11,6,05-Jan-2030 20:02:25,05-Jan-2030 20:02:45,20,NaN,NaN
Ground_Point_26,SAT_11,7,06-Jan-2030 08:58:00,06-Jan-2030 08:59:05,65,NaN,NaN
Ground_Point_26,SAT_11,8,06-Jan-2030 19:40:15,06-Jan-2030 19:41:30,75,NaN,NaN
Ground_Point_27,SAT_11,1,01-Jan-2030 09:14:00,01-Jan-2030 09:15:10,70,NaN,NaN
Ground_Point_27,SAT_11,2,01-Jan-2030 19:54:00,01-Jan-2030 19:55:20,80,NaN,NaN
Ground_Point_27,SAT_11,3,02-Jan-2030 08:52:40,02-Jan-2030 08:53:00,20,NaN,NaN
Ground_Point_27,SAT_11,4,05-Jan-2030 09:21:00,05-Jan-2030 09:21:45,45,NaN,NaN
Ground_Point_27,SAT_11,5,05-Jan-2030 20:00:50,05-Jan-2030 20:02:10,80,NaN,NaN
Ground_Point_27,SAT_11,6,06-Jan-2030 08:59:10,06-Jan-2030 09:00:15,65,NaN,NaN
Ground_Point_28,SAT_11,1,02-Jan-2030 21:04:35,02-Jan-2030 21:05:55,80,NaN,NaN
Ground_Point_28,SAT_11,2,03-Jan-2030 10:06:45,03-Jan-2030 10:07:55,70,NaN,NaN
Ground_Point_28,SAT_11,3,06-Jan-2030 21:11:25,06-Jan-2030 21:12:40,75,NaN,NaN
Ground_Point_28,SAT_11,4,07-Jan-2030 10:13:50,07-Jan-2030 10:14:30,40,NaN,NaN
Ground_Point_29,SAT_11,1,03-Jan-2030 20:42:55,03-Jan-2030 20:44:10,75,NaN,NaN
Ground_Point_29,SAT_11,2,04-Jan-2030 09:44:35,04-Jan-2030 09:45:45,70,NaN,NaN
Ground_Point_29,SAT_11,3,07-Jan-2030 20:49:50,07-Jan-2030 20:51:00,70,NaN,NaN
Ground_Point_30,SAT_11,1,01-Jan-2030 19:52:30,01-Jan-2030 19:53:35,65,NaN,NaN
Ground_Point_30,SAT_11,2,02-Jan-2030 08:53:50,02-Jan-2030 08:55:05,75,NaN,NaN
Ground_Point_30,SAT_11,3,05-Jan-2030 19:59:15,05-Jan-2030 20:00:35,80,NaN,NaN
Ground_Point_30,SAT_11,4,06-Jan-2030 09:00:35,06-Jan-2030 09:01:55,80,NaN,NaN
Ground_Point_31,SAT_11,1,01-Jan-2030 09:14:40,01-Jan-2030 09:16:00,80,NaN,NaN
Ground_Point_31,SAT_11,2,04-Jan-2030 20:22:10,04-Jan-2030 20:23:00,50,NaN,NaN
Ground_Point_31,SAT_11,3,05-Jan-2030 09:21:35,05-Jan-2030 09:22:45,70,NaN,NaN
Ground_Point_31,SAT_11,4,05-Jan-2030 20:00:30,05-Jan-2030 20:01:25,55,NaN,NaN
Ground_Point_31,SAT_11,5,06-Jan-2030 09:00:25,06-Jan-2030 09:00:30,5,NaN,NaN
Ground_Point_32,SAT_11,1,02-Jan-2030 08:51:10,02-Jan-2030 08:51:45,35,NaN,NaN
Ground_Point_32,SAT_11,2,03-Jan-2030 08:29:10,03-Jan-2030 08:30:20,70,NaN,NaN
Ground_Point_32,SAT_11,3,03-Jan-2030 19:11:20,03-Jan-2030 19:12:35,75,NaN,NaN
Ground_Point_32,SAT_11,4,07-Jan-2030 08:36:00,07-Jan-2030 08:37:15,75,NaN,NaN
Ground_Point_32,SAT_11,5,07-Jan-2030 19:18:10,07-Jan-2030 19:19:25,75,NaN,NaN
Ground_Point_33,SAT_11,1,03-Jan-2030 01:48:15,03-Jan-2030 01:49:35,80,NaN,NaN
Ground_Point_33,SAT_11,2,03-Jan-2030 14:50:20,03-Jan-2030 14:51:20,60,NaN,NaN
Ground_Point_33,SAT_11,3,04-Jan-2030 14:29:05,04-Jan-2030 14:29:15,10,NaN,NaN
Ground_Point_33,SAT_11,4,07-Jan-2030 01:55:10,07-Jan-2030 01:56:20,70,NaN,NaN
Ground_Point_33,SAT_11,5,07-Jan-2030 14:57:35,07-Jan-2030 14:57:45,10,NaN,NaN
Ground_Point_34,SAT_11,1,02-Jan-2030 02:09:45,02-Jan-2030 02:10:45,60,NaN,NaN
Ground_Point_34,SAT_11,2,03-Jan-2030 01:48:30,03-Jan-2030 01:48:40,10,NaN,NaN
Ground_Point_34,SAT_11,3,03-Jan-2030 14:50:50,03-Jan-2030 14:52:05,75,NaN,NaN
Ground_Point_34,SAT_11,4,07-Jan-2030 01:54:55,07-Jan-2030 01:55:55,60,NaN,NaN
Ground_Point_34,SAT_11,5,07-Jan-2030 14:57:40,07-Jan-2030 14:58:55,75,NaN,NaN
Ground_Point_35,SAT_11,1,03-Jan-2030 01:49:05,03-Jan-2030 01:49:20,15,NaN,NaN
Ground_Point_35,SAT_11,2,04-Jan-2030 01:27:00,04-Jan-2030 01:28:05,65,NaN,NaN
Ground_Point_35,SAT_11,3,04-Jan-2030 14:28:00,04-Jan-2030 14:29:15,75,NaN,NaN
Ground_Point_36,SAT_11,1,01-Jan-2030 02:32:35,01-Jan-2030 02:33:40,65,NaN,NaN
Ground_Point_36,SAT_11,2,01-Jan-2030 15:33:50,01-Jan-2030 15:35:05,75,NaN,NaN
Ground_Point_36,SAT_11,3,05-Jan-2030 02:39:20,05-Jan-2030 02:40:35,75,NaN,NaN
Ground_Point_36,SAT_11,4,05-Jan-2030 15:40:40,05-Jan-2030 15:41:55,75,NaN,NaN
Ground_Point_37,SAT_11,1,03-Jan-2030 03:20:50,03-Jan-2030 03:22:00,70,NaN,NaN
Ground_Point_37,SAT_11,2,04-Jan-2030 16:05:05,04-Jan-2030 16:06:20,75,NaN,NaN
Ground_Point_37,SAT_11,3,07-Jan-2030 03:27:35,07-Jan-2030 03:28:50,75,NaN,NaN
Ground_Point_38,SAT_11,1,03-Jan-2030 03:19:55,03-Jan-2030 03:21:10,75,NaN,NaN
Ground_Point_38,SAT_11,2,04-Jan-2030 16:05:55,04-Jan-2030 16:06:55,60,NaN,NaN
Ground_Point_38,SAT_11,3,07-Jan-2030 03:26:45,07-Jan-2030 03:28:00,75,NaN,NaN
Ground_Point_39,SAT_11,1,03-Jan-2030 04:55:35,03-Jan-2030 04:56:45,70,NaN,NaN
Ground_Point_39,SAT_11,2,04-Jan-2030 17:39:15,04-Jan-2030 17:40:25,70,NaN,NaN
Ground_Point_39,SAT_11,3,07-Jan-2030 05:02:40,07-Jan-2030 05:03:20,40,NaN,NaN
Ground_Point_40,SAT_11,1,03-Jan-2030 04:56:45,03-Jan-2030 04:57:50,65,NaN,NaN
Ground_Point_40,SAT_11,2,03-Jan-2030 18:00:10,03-Jan-2030 18:01:15,65,NaN,NaN
Ground_Point_40,SAT_11,3,07-Jan-2030 05:03:30,07-Jan-2030 05:04:45,75,NaN,NaN
Ground_Point_40,SAT_11,4,07-Jan-2030 18:07:25,07-Jan-2030 18:07:40,15,NaN,NaN
Ground_Point_41,SAT_11,1,03-Jan-2030 04:59:10,03-Jan-2030 05:00:25,75,NaN,NaN
Ground_Point_41,SAT_11,2,03-Jan-2030 17:57:40,03-Jan-2030 17:58:50,70,NaN,NaN
Ground_Point_41,SAT_11,3,07-Jan-2030 05:06:10,07-Jan-2030 05:07:05,55,NaN,NaN
Ground_Point_41,SAT_11,4,07-Jan-2030 18:04:25,07-Jan-2030 18:05:45,80,NaN,NaN
Ground_Point_42,SAT_11,1,02-Jan-2030 02:10:55,02-Jan-2030 02:12:10,75,NaN,NaN
Ground_Point_42,SAT_11,2,02-Jan-2030 15:11:25,02-Jan-2030 15:12:35,70,NaN,NaN
Ground_Point_42,SAT_11,3,06-Jan-2030 02:17:55,06-Jan-2030 02:18:50,55,NaN,NaN
Ground_Point_42,SAT_11,4,06-Jan-2030 15:18:25,06-Jan-2030 15:19:15,50,NaN,NaN
Ground_Point_42,SAT_11,5,07-Jan-2030 01:56:20,07-Jan-2030 01:57:10,50,NaN,NaN
Ground_Point_42,SAT_11,6,07-Jan-2030 14:56:45,07-Jan-2030 14:57:35,50,NaN,NaN
Ground_Point_43,SAT_11,1,03-Jan-2030 01:49:35,03-Jan-2030 01:50:40,65,NaN,NaN
Ground_Point_43,SAT_11,2,03-Jan-2030 14:49:00,03-Jan-2030 14:50:15,75,NaN,NaN
Ground_Point_43,SAT_11,3,04-Jan-2030 01:28:05,04-Jan-2030 01:28:45,40,NaN,NaN
Ground_Point_43,SAT_11,4,07-Jan-2030 01:56:45,07-Jan-2030 01:57:10,25,NaN,NaN
Ground_Point_43,SAT_11,5,07-Jan-2030 14:55:55,07-Jan-2030 14:56:55,60,NaN,NaN
Ground_Point_44,SAT_11,1,02-Jan-2030 03:39:10,02-Jan-2030 03:40:20,70,NaN,NaN
Ground_Point_44,SAT_11,2,04-Jan-2030 16:08:35,04-Jan-2030 16:09:50,75,NaN,NaN
Ground_Point_44,SAT_11,3,06-Jan-2030 03:45:55,06-Jan-2030 03:47:15,80,NaN,NaN
Ground_Point_45,SAT_11,1,02-Jan-2030 03:42:10,02-Jan-2030 03:42:45,35,NaN,NaN
Ground_Point_45,SAT_11,2,03-Jan-2030 03:20:35,03-Jan-2030 03:21:05,30,NaN,NaN
Ground_Point_45,SAT_11,3,04-Jan-2030 16:05:45,04-Jan-2030 16:07:00,75,NaN,NaN
Ground_Point_45,SAT_11,4,07-Jan-2030 03:27:05,07-Jan-2030 03:28:10,65,NaN,NaN
Ground_Point_46,SAT_11,1,02-Jan-2030 05:49:10,02-Jan-2030 05:50:25,75,NaN,NaN
Ground_Point_46,SAT_11,2,03-Jan-2030 17:29:35,03-Jan-2030 17:30:40,65,NaN,NaN
Ground_Point_46,SAT_11,3,06-Jan-2030 05:56:00,06-Jan-2030 05:57:15,75,NaN,NaN
Ground_Point_47,SAT_11,1,02-Jan-2030 17:51:30,02-Jan-2030 17:52:35,65,NaN,NaN
Ground_Point_47,SAT_11,2,05-Jan-2030 06:18:25,05-Jan-2030 06:19:10,45,NaN,NaN
Ground_Point_47,SAT_11,3,06-Jan-2030 17:58:10,06-Jan-2030 17:59:30,80,NaN,NaN
Ground_Point_48,SAT_11,1,02-Jan-2030 07:21:50,02-Jan-2030 07:23:05,75,NaN,NaN
Ground_Point_48,SAT_11,2,04-Jan-2030 18:44:00,04-Jan-2030 18:45:15,75,NaN,NaN
Ground_Point_48,SAT_11,3,06-Jan-2030 07:28:45,06-Jan-2030 07:29:40,55,NaN,NaN
Ground_Point_49,SAT_11,1,02-Jan-2030 07:22:45,02-Jan-2030 07:23:30,45,NaN,NaN
Ground_Point_49,SAT_11,2,03-Jan-2030 19:05:30,03-Jan-2030 19:06:20,50,NaN,NaN
Ground_Point_49,SAT_11,3,06-Jan-2030 07:29:20,06-Jan-2030 07:30:30,70,NaN,NaN
Ground_Point_50,SAT_11,1,01-Jan-2030 19:34:35,01-Jan-2030 19:35:35,60,NaN,NaN
Ground_Point_50,SAT_11,2,03-Jan-2030 07:15:15,03-Jan-2030 07:16:30,75,NaN,NaN
Ground_Point_50,SAT_11,3,05-Jan-2030 19:41:15,05-Jan-2030 19:42:30,75,NaN,NaN
Ground_Point_50,SAT_11,4,07-Jan-2030 07:22:20,07-Jan-2030 07:23:00,40,NaN,NaN
Ground_Point_51,SAT_11,1,02-Jan-2030 09:03:15,02-Jan-2030 09:04:20,65,NaN,NaN
Ground_Point_51,SAT_11,2,02-Jan-2030 20:55:45,02-Jan-2030 20:56:50,65,NaN,NaN
Ground_Point_51,SAT_11,3,06-Jan-2030 09:10:00,06-Jan-2030 09:11:15,75,NaN,NaN
Ground_Point_51,SAT_11,4,06-Jan-2030 21:02:30,06-Jan-2030 21:03:45,75,NaN,NaN
Ground_Point_52,SAT_11,1,01-Jan-2030 00:40:30,01-Jan-2030 00:41:50,80,NaN,NaN
Ground_Point_52,SAT_11,2,02-Jan-2030 12:20:15,02-Jan-2030 12:21:05,50,NaN,NaN
Ground_Point_52,SAT_11,3,05-Jan-2030 00:47:30,05-Jan-2030 00:48:25,55,NaN,NaN
Ground_Point_52,SAT_11,4,07-Jan-2030 12:05:20,07-Jan-2030 12:06:15,55,NaN,NaN
Ground_Point_53,SAT_11,1,02-Jan-2030 00:18:55,02-Jan-2030 00:20:05,70,NaN,NaN
Ground_Point_53,SAT_11,2,03-Jan-2030 11:58:00,03-Jan-2030 11:59:20,80,NaN,NaN
Ground_Point_53,SAT_11,3,06-Jan-2030 00:25:40,06-Jan-2030 00:27:00,80,NaN,NaN
Ground_Point_53,SAT_11,4,07-Jan-2030 12:04:55,07-Jan-2030 12:06:00,65,NaN,NaN
Ground_Point_54,SAT_11,1,01-Jan-2030 12:45:05,01-Jan-2030 12:46:15,70,NaN,NaN
Ground_Point_54,SAT_11,2,03-Jan-2030 01:28:25,03-Jan-2030 01:29:35,70,NaN,NaN
Ground_Point_54,SAT_11,3,05-Jan-2030 12:51:50,05-Jan-2030 12:53:05,75,NaN,NaN
Ground_Point_54,SAT_11,4,07-Jan-2030 01:35:10,07-Jan-2030 01:36:30,80,NaN,NaN
Ground_Point_55,SAT_11,1,01-Jan-2030 02:12:45,01-Jan-2030 02:13:40,55,NaN,NaN
Ground_Point_55,SAT_11,2,03-Jan-2030 13:35:30,03-Jan-2030 13:36:40,70,NaN,NaN
Ground_Point_55,SAT_11,3,05-Jan-2030 02:19:25,05-Jan-2030 02:20:40,75,NaN,NaN
Ground_Point_55,SAT_11,4,07-Jan-2030 13:42:15,07-Jan-2030 13:43:30,75,NaN,NaN
Ground_Point_1,SAT_12,1,03-Jan-2030 12:25:45,03-Jan-2030 12:27:05,80,NaN,NaN
Ground_Point_1,SAT_12,2,05-Jan-2030 01:07:50,05-Jan-2030 01:08:50,60,NaN,NaN
Ground_Point_1,SAT_12,3,07-Jan-2030 12:32:45,07-Jan-2030 12:34:00,75,NaN,NaN
Ground_Point_2,SAT_12,1,01-Jan-2030 01:01:15,01-Jan-2030 01:02:30,75,NaN,NaN
Ground_Point_2,SAT_12,2,03-Jan-2030 12:25:05,03-Jan-2030 12:26:20,75,NaN,NaN
Ground_Point_2,SAT_12,3,05-Jan-2030 01:08:15,05-Jan-2030 01:09:30,75,NaN,NaN
Ground_Point_2,SAT_12,4,07-Jan-2030 12:32:20,07-Jan-2030 12:33:05,45,NaN,NaN
Ground_Point_3,SAT_12,1,03-Jan-2030 12:25:45,03-Jan-2030 12:27:00,75,NaN,NaN
Ground_Point_3,SAT_12,2,04-Jan-2030 01:29:50,04-Jan-2030 01:30:10,20,NaN,NaN
Ground_Point_3,SAT_12,3,05-Jan-2030 01:07:55,05-Jan-2030 01:08:50,55,NaN,NaN
Ground_Point_3,SAT_12,4,07-Jan-2030 12:32:45,07-Jan-2030 12:34:00,75,NaN,NaN
Ground_Point_4,SAT_12,1,01-Jan-2030 11:34:30,01-Jan-2030 11:35:45,75,NaN,NaN
Ground_Point_4,SAT_12,2,03-Jan-2030 00:17:25,03-Jan-2030 00:18:35,70,NaN,NaN
Ground_Point_4,SAT_12,3,05-Jan-2030 11:41:30,05-Jan-2030 11:42:45,75,NaN,NaN
Ground_Point_4,SAT_12,4,07-Jan-2030 00:24:20,07-Jan-2030 00:25:40,80,NaN,NaN
Ground_Point_5,SAT_12,1,02-Jan-2030 00:39:25,02-Jan-2030 00:40:45,80,NaN,NaN
Ground_Point_5,SAT_12,2,04-Jan-2030 12:03:10,04-Jan-2030 12:04:10,60,NaN,NaN
Ground_Point_5,SAT_12,3,06-Jan-2030 00:46:30,06-Jan-2030 00:47:35,65,NaN,NaN
Ground_Point_6,SAT_12,1,02-Jan-2030 00:39:20,02-Jan-2030 00:40:25,65,NaN,NaN
Ground_Point_6,SAT_12,2,05-Jan-2030 11:41:35,05-Jan-2030 11:42:35,60,NaN,NaN
Ground_Point_6,SAT_12,3,06-Jan-2030 00:46:40,06-Jan-2030 00:47:05,25,NaN,NaN
Ground_Point_6,SAT_12,4,07-Jan-2030 00:24:50,07-Jan-2030 00:25:40,50,NaN,NaN
Ground_Point_7,SAT_12,1,01-Jan-2030 13:10:05,01-Jan-2030 13:11:20,75,NaN,NaN
Ground_Point_7,SAT_12,2,02-Jan-2030 02:12:55,02-Jan-2030 02:13:15,20,NaN,NaN
Ground_Point_7,SAT_12,3,03-Jan-2030 01:51:00,03-Jan-2030 01:52:00,60,NaN,NaN
Ground_Point_7,SAT_12,4,05-Jan-2030 13:17:15,05-Jan-2030 13:18:10,55,NaN,NaN
Ground_Point_7,SAT_12,5,06-Jan-2030 12:55:45,06-Jan-2030 12:56:25,40,NaN,NaN
Ground_Point_7,SAT_12,6,07-Jan-2030 01:57:50,07-Jan-2030 01:59:05,75,NaN,NaN
Ground_Point_8,SAT_12,1,02-Jan-2030 12:46:10,02-Jan-2030 12:47:10,60,NaN,NaN
Ground_Point_8,SAT_12,2,04-Jan-2030 01:31:10,04-Jan-2030 01:32:30,80,NaN,NaN
Ground_Point_8,SAT_12,3,06-Jan-2030 12:53:00,06-Jan-2030 12:54:20,80,NaN,NaN
Ground_Point_9,SAT_12,1,03-Jan-2030 01:55:20,03-Jan-2030 01:56:35,75,NaN,NaN
Ground_Point_9,SAT_12,2,04-Jan-2030 13:34:25,04-Jan-2030 13:35:35,70,NaN,NaN
Ground_Point_9,SAT_12,3,07-Jan-2030 02:02:25,07-Jan-2030 02:03:30,65,NaN,NaN
Ground_Point_10,SAT_12,1,03-Jan-2030 01:55:25,03-Jan-2030 01:56:40,75,NaN,NaN
Ground_Point_10,SAT_12,2,04-Jan-2030 13:34:20,04-Jan-2030 13:35:30,70,NaN,NaN
Ground_Point_10,SAT_12,3,07-Jan-2030 02:02:30,07-Jan-2030 02:03:30,60,NaN,NaN
Ground_Point_11,SAT_12,1,01-Jan-2030 13:06:15,01-Jan-2030 13:07:10,55,NaN,NaN
Ground_Point_11,SAT_12,2,04-Jan-2030 01:32:50,04-Jan-2030 01:33:55,65,NaN,NaN
Ground_Point_11,SAT_12,3,06-Jan-2030 12:51:35,06-Jan-2030 12:52:35,60,NaN,NaN
Ground_Point_12,SAT_12,1,02-Jan-2030 02:22:50,02-Jan-2030 02:24:05,75,NaN,NaN
Ground_Point_12,SAT_12,2,02-Jan-2030 14:13:10,02-Jan-2030 14:13:30,20,NaN,NaN
Ground_Point_12,SAT_12,3,06-Jan-2030 02:29:50,06-Jan-2030 02:31:00,70,NaN,NaN
Ground_Point_12,SAT_12,4,06-Jan-2030 14:19:45,06-Jan-2030 14:20:55,70,NaN,NaN
Ground_Point_13,SAT_12,1,01-Jan-2030 02:41:30,01-Jan-2030 02:42:40,70,NaN,NaN
Ground_Point_13,SAT_12,2,01-Jan-2030 14:37:55,01-Jan-2030 14:38:35,40,NaN,NaN
Ground_Point_13,SAT_12,3,05-Jan-2030 02:48:25,05-Jan-2030 02:49:40,75,NaN,NaN
Ground_Point_13,SAT_12,4,06-Jan-2030 14:23:10,06-Jan-2030 14:24:10,60,NaN,NaN
Ground_Point_14,SAT_12,1,02-Jan-2030 02:20:20,02-Jan-2030 02:21:30,70,NaN,NaN
Ground_Point_14,SAT_12,2,02-Jan-2030 14:15:15,02-Jan-2030 14:16:00,45,NaN,NaN
Ground_Point_14,SAT_12,3,06-Jan-2030 02:27:30,06-Jan-2030 02:28:15,45,NaN,NaN
Ground_Point_14,SAT_12,4,07-Jan-2030 14:00:30,07-Jan-2030 14:01:30,60,NaN,NaN
Ground_Point_15,SAT_12,1,02-Jan-2030 14:10:40,02-Jan-2030 14:11:50,70,NaN,NaN
Ground_Point_15,SAT_12,2,03-Jan-2030 02:03:05,03-Jan-2030 02:04:10,65,NaN,NaN
Ground_Point_15,SAT_12,3,06-Jan-2030 14:17:35,06-Jan-2030 14:18:55,80,NaN,NaN
Ground_Point_15,SAT_12,4,07-Jan-2030 02:10:00,07-Jan-2030 02:11:15,75,NaN,NaN
Ground_Point_16,SAT_12,1,01-Jan-2030 13:03:25,01-Jan-2030 13:04:40,75,NaN,NaN
Ground_Point_16,SAT_12,2,05-Jan-2030 01:14:15,05-Jan-2030 01:14:40,25,NaN,NaN
Ground_Point_16,SAT_12,3,05-Jan-2030 13:10:25,05-Jan-2030 13:11:40,75,NaN,NaN
Ground_Point_17,SAT_12,1,01-Jan-2030 14:34:55,01-Jan-2030 14:36:05,70,NaN,NaN
Ground_Point_17,SAT_12,2,06-Jan-2030 02:29:35,06-Jan-2030 02:30:35,60,NaN,NaN
Ground_Point_18,SAT_12,1,01-Jan-2030 16:13:45,01-Jan-2030 16:15:00,75,NaN,NaN
Ground_Point_18,SAT_12,2,04-Jan-2030 04:43:30,04-Jan-2030 04:44:35,65,NaN,NaN
Ground_Point_18,SAT_12,3,05-Jan-2030 16:20:45,05-Jan-2030 16:21:55,70,NaN,NaN
Ground_Point_19,SAT_12,1,02-Jan-2030 15:54:20,02-Jan-2030 15:55:35,75,NaN,NaN
Ground_Point_19,SAT_12,2,05-Jan-2030 04:19:25,05-Jan-2030 04:20:15,50,NaN,NaN
Ground_Point_19,SAT_12,3,06-Jan-2030 16:01:25,06-Jan-2030 16:02:25,60,NaN,NaN
Ground_Point_20,SAT_12,1,01-Jan-2030 04:16:10,01-Jan-2030 04:17:25,75,NaN,NaN
Ground_Point_20,SAT_12,2,02-Jan-2030 15:50:55,02-Jan-2030 15:51:00,5,NaN,NaN
Ground_Point_20,SAT_12,3,05-Jan-2030 04:23:15,05-Jan-2030 04:24:15,60,NaN,NaN
Ground_Point_20,SAT_12,4,06-Jan-2030 15:57:20,06-Jan-2030 15:58:30,70,NaN,NaN
Ground_Point_21,SAT_12,1,02-Jan-2030 10:02:10,02-Jan-2030 10:03:25,75,NaN,NaN
Ground_Point_21,SAT_12,2,02-Jan-2030 20:44:00,02-Jan-2030 20:45:15,75,NaN,NaN
Ground_Point_21,SAT_12,3,03-Jan-2030 20:22:55,03-Jan-2030 20:23:05,10,NaN,NaN
Ground_Point_21,SAT_12,4,06-Jan-2030 10:09:15,06-Jan-2030 10:10:20,65,NaN,NaN
Ground_Point_21,SAT_12,5,06-Jan-2030 20:51:10,06-Jan-2030 20:52:10,60,NaN,NaN
Ground_Point_21,SAT_12,6,07-Jan-2030 09:47:45,07-Jan-2030 09:48:35,50,NaN,NaN
Ground_Point_21,SAT_12,7,07-Jan-2030 20:29:30,07-Jan-2030 20:30:30,60,NaN,NaN
Ground_Point_22,SAT_12,1,02-Jan-2030 20:43:20,02-Jan-2030 20:44:25,65,NaN,NaN
Ground_Point_22,SAT_12,2,03-Jan-2030 09:41:05,03-Jan-2030 09:42:20,75,NaN,NaN
Ground_Point_22,SAT_12,3,03-Jan-2030 20:21:50,03-Jan-2030 20:22:40,50,NaN,NaN
Ground_Point_22,SAT_12,4,06-Jan-2030 20:50:45,06-Jan-2030 20:51:00,15,NaN,NaN
Ground_Point_22,SAT_12,5,07-Jan-2030 09:48:05,07-Jan-2030 09:49:25,80,NaN,NaN
Ground_Point_22,SAT_12,6,07-Jan-2030 20:28:40,07-Jan-2030 20:29:50,70,NaN,NaN
Ground_Point_23,SAT_12,1,03-Jan-2030 09:40:05,03-Jan-2030 09:41:25,80,NaN,NaN
Ground_Point_23,SAT_12,2,03-Jan-2030 20:22:25,03-Jan-2030 20:23:40,75,NaN,NaN
Ground_Point_23,SAT_12,3,04-Jan-2030 20:01:20,04-Jan-2030 20:01:30,10,NaN,NaN
Ground_Point_23,SAT_12,4,07-Jan-2030 09:47:10,07-Jan-2030 09:48:20,70,NaN,NaN
Ground_Point_23,SAT_12,5,07-Jan-2030 20:29:30,07-Jan-2030 20:30:35,65,NaN,NaN
Ground_Point_24,SAT_12,1,03-Jan-2030 09:40:30,03-Jan-2030 09:41:50,80,NaN,NaN
Ground_Point_24,SAT_12,2,03-Jan-2030 20:22:00,03-Jan-2030 20:23:20,80,NaN,NaN
Ground_Point_24,SAT_12,3,07-Jan-2030 09:47:35,07-Jan-2030 09:48:45,70,NaN,NaN
Ground_Point_24,SAT_12,4,07-Jan-2030 20:29:00,07-Jan-2030 20:30:15,75,NaN,NaN
Ground_Point_25,SAT_12,1,03-Jan-2030 20:22:00,03-Jan-2030 20:22:35,35,NaN,NaN
Ground_Point_25,SAT_12,2,04-Jan-2030 09:18:55,04-Jan-2030 09:20:10,75,NaN,NaN
Ground_Point_25,SAT_12,3,04-Jan-2030 20:00:05,04-Jan-2030 20:01:15,70,NaN,NaN
Ground_Point_26,SAT_12,1,01-Jan-2030 08:49:50,01-Jan-2030 08:50:15,25,NaN,NaN
Ground_Point_26,SAT_12,2,01-Jan-2030 19:31:55,01-Jan-2030 19:32:55,60,NaN,NaN
Ground_Point_26,SAT_12,3,04-Jan-2030 09:18:15,04-Jan-2030 09:19:15,60,NaN,NaN
Ground_Point_26,SAT_12,4,04-Jan-2030 20:00:50,04-Jan-2030 20:01:20,30,NaN,NaN
Ground_Point_26,SAT_12,5,05-Jan-2030 08:56:35,05-Jan-2030 08:57:35,60,NaN,NaN
Ground_Point_26,SAT_12,6,05-Jan-2030 19:38:50,05-Jan-2030 19:40:05,75,NaN,NaN
Ground_Point_27,SAT_12,1,04-Jan-2030 09:19:25,04-Jan-2030 09:20:20,55,NaN,NaN
Ground_Point_27,SAT_12,2,04-Jan-2030 19:59:25,04-Jan-2030 20:00:40,75,NaN,NaN
Ground_Point_27,SAT_12,3,05-Jan-2030 08:57:45,05-Jan-2030 08:58:45,60,NaN,NaN
Ground_Point_28,SAT_12,1,01-Jan-2030 21:03:00,01-Jan-2030 21:04:15,75,NaN,NaN
Ground_Point_28,SAT_12,2,02-Jan-2030 10:05:10,02-Jan-2030 10:06:20,70,NaN,NaN
Ground_Point_28,SAT_12,3,05-Jan-2030 21:10:00,05-Jan-2030 21:11:15,75,NaN,NaN
Ground_Point_28,SAT_12,4,06-Jan-2030 10:12:20,06-Jan-2030 10:13:10,50,NaN,NaN
Ground_Point_28,SAT_12,5,07-Jan-2030 09:50:45,07-Jan-2030 09:51:30,45,NaN,NaN
Ground_Point_29,SAT_12,1,02-Jan-2030 20:41:20,02-Jan-2030 20:42:40,80,NaN,NaN
Ground_Point_29,SAT_12,2,03-Jan-2030 09:43:00,03-Jan-2030 09:44:15,75,NaN,NaN
Ground_Point_29,SAT_12,3,06-Jan-2030 20:48:25,06-Jan-2030 20:49:35,70,NaN,NaN
Ground_Point_29,SAT_12,4,07-Jan-2030 09:50:15,07-Jan-2030 09:51:00,45,NaN,NaN
Ground_Point_30,SAT_12,1,01-Jan-2030 08:52:10,01-Jan-2030 08:53:25,75,NaN,NaN
Ground_Point_30,SAT_12,2,04-Jan-2030 19:57:45,04-Jan-2030 19:59:05,80,NaN,NaN
Ground_Point_30,SAT_12,3,05-Jan-2030 08:59:10,05-Jan-2030 09:00:25,75,NaN,NaN
Ground_Point_31,SAT_12,1,03-Jan-2030 20:20:35,03-Jan-2030 20:21:35,60,NaN,NaN
Ground_Point_31,SAT_12,2,04-Jan-2030 09:20:05,04-Jan-2030 09:21:15,70,NaN,NaN
Ground_Point_31,SAT_12,3,04-Jan-2030 19:59:05,04-Jan-2030 19:59:55,50,NaN,NaN
Ground_Point_32,SAT_12,1,01-Jan-2030 08:49:25,01-Jan-2030 08:50:15,50,NaN,NaN
Ground_Point_32,SAT_12,2,01-Jan-2030 19:32:00,01-Jan-2030 19:32:05,5,NaN,NaN
Ground_Point_32,SAT_12,3,02-Jan-2030 08:27:35,02-Jan-2030 08:28:45,70,NaN,NaN
Ground_Point_32,SAT_12,4,02-Jan-2030 19:09:45,02-Jan-2030 19:11:00,75,NaN,NaN
Ground_Point_32,SAT_12,5,06-Jan-2030 08:34:35,06-Jan-2030 08:35:50,75,NaN,NaN
Ground_Point_32,SAT_12,6,06-Jan-2030 19:16:45,06-Jan-2030 19:18:05,80,NaN,NaN
Ground_Point_33,SAT_12,1,02-Jan-2030 01:46:40,02-Jan-2030 01:48:00,80,NaN,NaN
Ground_Point_33,SAT_12,2,02-Jan-2030 14:48:45,02-Jan-2030 14:49:50,65,NaN,NaN
Ground_Point_33,SAT_12,3,06-Jan-2030 01:53:40,06-Jan-2030 01:54:55,75,NaN,NaN
Ground_Point_33,SAT_12,4,06-Jan-2030 14:56:00,06-Jan-2030 14:56:30,30,NaN,NaN
Ground_Point_33,SAT_12,5,07-Jan-2030 14:34:10,07-Jan-2030 14:35:10,60,NaN,NaN
Ground_Point_34,SAT_12,1,01-Jan-2030 02:08:05,01-Jan-2030 02:09:10,65,NaN,NaN
Ground_Point_34,SAT_12,2,02-Jan-2030 14:49:15,02-Jan-2030 14:50:30,75,NaN,NaN
Ground_Point_34,SAT_12,3,05-Jan-2030 02:15:25,05-Jan-2030 02:15:50,25,NaN,NaN
Ground_Point_34,SAT_12,4,06-Jan-2030 01:53:30,06-Jan-2030 01:54:30,60,NaN,NaN
Ground_Point_34,SAT_12,5,06-Jan-2030 14:56:15,06-Jan-2030 14:57:30,75,NaN,NaN
Ground_Point_35,SAT_12,1,02-Jan-2030 01:47:20,02-Jan-2030 01:47:55,35,NaN,NaN
Ground_Point_35,SAT_12,2,03-Jan-2030 01:25:30,03-Jan-2030 01:26:30,60,NaN,NaN
Ground_Point_35,SAT_12,3,03-Jan-2030 14:26:30,03-Jan-2030 14:27:45,75,NaN,NaN
Ground_Point_35,SAT_12,4,07-Jan-2030 01:32:20,07-Jan-2030 01:33:35,75,NaN,NaN
Ground_Point_35,SAT_12,5,07-Jan-2030 14:33:30,07-Jan-2030 14:34:45,75,NaN,NaN
Ground_Point_36,SAT_12,1,04-Jan-2030 02:37:50,04-Jan-2030 02:39:05,75,NaN,NaN
Ground_Point_36,SAT_12,2,04-Jan-2030 15:39:10,04-Jan-2030 15:40:30,80,NaN,NaN
Ground_Point_37,SAT_12,1,02-Jan-2030 03:19:15,02-Jan-2030 03:20:20,65,NaN,NaN
Ground_Point_37,SAT_12,2,03-Jan-2030 16:03:35,03-Jan-2030 16:04:50,75,NaN,NaN
Ground_Point_37,SAT_12,3,06-Jan-2030 03:26:10,06-Jan-2030 03:27:25,75,NaN,NaN
Ground_Point_37,SAT_12,4,07-Jan-2030 16:10:35,07-Jan-2030 16:11:45,70,NaN,NaN
Ground_Point_38,SAT_12,1,02-Jan-2030 03:18:20,02-Jan-2030 03:19:35,75,NaN,NaN
Ground_Point_38,SAT_12,2,03-Jan-2030 16:04:20,03-Jan-2030 16:05:25,65,NaN,NaN
Ground_Point_38,SAT_12,3,06-Jan-2030 03:25:20,06-Jan-2030 03:26:35,75,NaN,NaN
Ground_Point_38,SAT_12,4,07-Jan-2030 16:11:45,07-Jan-2030 16:12:00,15,NaN,NaN
Ground_Point_39,SAT_12,1,02-Jan-2030 04:53:55,02-Jan-2030 04:55:10,75,NaN,NaN
Ground_Point_39,SAT_12,2,03-Jan-2030 17:37:40,03-Jan-2030 17:38:55,75,NaN,NaN
Ground_Point_39,SAT_12,3,06-Jan-2030 05:01:10,06-Jan-2030 05:02:00,50,NaN,NaN
Ground_Point_39,SAT_12,4,07-Jan-2030 04:39:45,07-Jan-2030 04:40:10,25,NaN,NaN
Ground_Point_39,SAT_12,5,07-Jan-2030 17:44:55,07-Jan-2030 17:45:40,45,NaN,NaN
Ground_Point_40,SAT_12,1,01-Jan-2030 05:17:10,01-Jan-2030 05:17:30,20,NaN,NaN
Ground_Point_40,SAT_12,2,02-Jan-2030 04:55:15,02-Jan-2030 04:56:10,55,NaN,NaN
Ground_Point_40,SAT_12,3,02-Jan-2030 17:58:35,02-Jan-2030 17:59:45,70,NaN,NaN
Ground_Point_40,SAT_12,4,06-Jan-2030 05:02:05,06-Jan-2030 05:03:20,75,NaN,NaN
Ground_Point_40,SAT_12,5,06-Jan-2030 18:05:50,06-Jan-2030 18:06:25,35,NaN,NaN
Ground_Point_40,SAT_12,6,07-Jan-2030 17:44:10,07-Jan-2030 17:44:55,45,NaN,NaN
Ground_Point_41,SAT_12,1,01-Jan-2030 18:18:05,01-Jan-2030 18:18:30,25,NaN,NaN
Ground_Point_41,SAT_12,2,02-Jan-2030 04:57:35,02-Jan-2030 04:58:50,75,NaN,NaN
Ground_Point_41,SAT_12,3,02-Jan-2030 17:56:05,02-Jan-2030 17:57:15,70,NaN,NaN
Ground_Point_41,SAT_12,4,06-Jan-2030 05:04:40,06-Jan-2030 05:05:40,60,NaN,NaN
Ground_Point_41,SAT_12,5,06-Jan-2030 18:03:00,06-Jan-2030 18:04:20,80,NaN,NaN
Ground_Point_41,SAT_12,6,07-Jan-2030 04:43:05,07-Jan-2030 04:44:00,55,NaN,NaN
Ground_Point_42,SAT_12,1,01-Jan-2030 02:09:15,01-Jan-2030 02:10:35,80,NaN,NaN
Ground_Point_42,SAT_12,2,01-Jan-2030 15:09:45,01-Jan-2030 15:11:00,75,NaN,NaN
Ground_Point_42,SAT_12,3,05-Jan-2030 02:16:25,05-Jan-2030 02:17:25,60,NaN,NaN
Ground_Point_42,SAT_12,4,05-Jan-2030 15:16:55,05-Jan-2030 15:17:55,60,NaN,NaN
Ground_Point_42,SAT_12,5,06-Jan-2030 01:54:55,06-Jan-2030 01:55:40,45,NaN,NaN
Ground_Point_42,SAT_12,6,06-Jan-2030 14:55:25,06-Jan-2030 14:56:05,40,NaN,NaN
Ground_Point_43,SAT_12,1,02-Jan-2030 01:47:55,02-Jan-2030 01:49:05,70,NaN,NaN
Ground_Point_43,SAT_12,2,02-Jan-2030 14:47:25,02-Jan-2030 14:48:40,75,NaN,NaN
Ground_Point_43,SAT_12,3,03-Jan-2030 01:26:45,03-Jan-2030 01:27:05,20,NaN,NaN
Ground_Point_43,SAT_12,4,06-Jan-2030 01:55:10,06-Jan-2030 01:55:50,40,NaN,NaN
Ground_Point_43,SAT_12,5,06-Jan-2030 14:54:30,06-Jan-2030 14:55:35,65,NaN,NaN
Ground_Point_43,SAT_12,6,07-Jan-2030 01:33:20,07-Jan-2030 01:34:25,65,NaN,NaN
Ground_Point_43,SAT_12,7,07-Jan-2030 14:33:10,07-Jan-2030 14:33:40,30,NaN,NaN
Ground_Point_44,SAT_12,1,01-Jan-2030 03:37:35,01-Jan-2030 03:38:40,65,NaN,NaN
Ground_Point_44,SAT_12,2,03-Jan-2030 16:07:05,03-Jan-2030 16:08:20,75,NaN,NaN
Ground_Point_44,SAT_12,3,05-Jan-2030 03:44:30,05-Jan-2030 03:45:45,75,NaN,NaN
Ground_Point_44,SAT_12,4,07-Jan-2030 16:14:10,07-Jan-2030 16:15:10,60,NaN,NaN
Ground_Point_45,SAT_12,1,01-Jan-2030 03:40:25,01-Jan-2030 03:41:15,50,NaN,NaN
Ground_Point_45,SAT_12,2,03-Jan-2030 16:04:15,03-Jan-2030 16:05:30,75,NaN,NaN
Ground_Point_45,SAT_12,3,06-Jan-2030 03:25:40,06-Jan-2030 03:26:45,65,NaN,NaN
Ground_Point_45,SAT_12,4,07-Jan-2030 16:11:15,07-Jan-2030 16:12:30,75,NaN,NaN
Ground_Point_46,SAT_12,1,01-Jan-2030 05:47:35,01-Jan-2030 05:48:45,70,NaN,NaN
Ground_Point_46,SAT_12,2,02-Jan-2030 17:27:55,02-Jan-2030 17:29:05,70,NaN,NaN
Ground_Point_46,SAT_12,3,05-Jan-2030 05:54:30,05-Jan-2030 05:55:45,75,NaN,NaN
Ground_Point_46,SAT_12,4,06-Jan-2030 17:35:20,06-Jan-2030 17:35:45,25,NaN,NaN
Ground_Point_46,SAT_12,5,07-Jan-2030 17:13:40,07-Jan-2030 17:14:10,30,NaN,NaN
Ground_Point_47,SAT_12,1,01-Jan-2030 17:49:55,01-Jan-2030 17:50:55,60,NaN,NaN
Ground_Point_47,SAT_12,2,03-Jan-2030 06:38:50,03-Jan-2030 06:38:55,5,NaN,NaN
Ground_Point_47,SAT_12,3,04-Jan-2030 06:17:00,04-Jan-2030 06:17:35,35,NaN,NaN
Ground_Point_47,SAT_12,4,05-Jan-2030 17:56:45,05-Jan-2030 17:58:05,80,NaN,NaN
Ground_Point_48,SAT_12,1,01-Jan-2030 07:20:10,01-Jan-2030 07:21:25,75,NaN,NaN
Ground_Point_48,SAT_12,2,03-Jan-2030 18:42:25,03-Jan-2030 18:43:45,80,NaN,NaN
Ground_Point_48,SAT_12,3,05-Jan-2030 07:27:15,05-Jan-2030 07:28:20,65,NaN,NaN
Ground_Point_48,SAT_12,4,07-Jan-2030 18:49:35,07-Jan-2030 18:50:35,60,NaN,NaN
Ground_Point_49,SAT_12,1,01-Jan-2030 07:21:15,01-Jan-2030 07:21:45,30,NaN,NaN
Ground_Point_49,SAT_12,2,02-Jan-2030 19:03:50,02-Jan-2030 19:04:50,60,NaN,NaN
Ground_Point_49,SAT_12,3,05-Jan-2030 07:27:55,05-Jan-2030 07:29:05,70,NaN,NaN
Ground_Point_49,SAT_12,4,07-Jan-2030 18:49:15,07-Jan-2030 18:50:15,60,NaN,NaN
Ground_Point_50,SAT_12,1,02-Jan-2030 07:13:40,02-Jan-2030 07:14:55,75,NaN,NaN
Ground_Point_50,SAT_12,2,04-Jan-2030 19:39:45,04-Jan-2030 19:41:00,75,NaN,NaN
Ground_Point_50,SAT_12,3,06-Jan-2030 07:20:50,06-Jan-2030 07:21:40,50,NaN,NaN
Ground_Point_51,SAT_12,1,01-Jan-2030 09:01:45,01-Jan-2030 09:02:40,55,NaN,NaN
Ground_Point_51,SAT_12,2,01-Jan-2030 20:54:15,01-Jan-2030 20:55:10,55,NaN,NaN
Ground_Point_51,SAT_12,3,05-Jan-2030 09:08:35,05-Jan-2030 09:09:50,75,NaN,NaN
Ground_Point_51,SAT_12,4,05-Jan-2030 21:01:05,05-Jan-2030 21:02:20,75,NaN,NaN
Ground_Point_52,SAT_12,1,01-Jan-2030 12:18:30,01-Jan-2030 12:19:30,60,NaN,NaN
Ground_Point_52,SAT_12,2,04-Jan-2030 00:45:55,04-Jan-2030 00:47:00,65,NaN,NaN
Ground_Point_52,SAT_12,3,06-Jan-2030 12:04:00,06-Jan-2030 12:04:50,50,NaN,NaN
Ground_Point_53,SAT_12,1,01-Jan-2030 00:17:25,01-Jan-2030 00:18:25,60,NaN,NaN
Ground_Point_53,SAT_12,2,02-Jan-2030 11:56:30,02-Jan-2030 11:57:45,75,NaN,NaN
Ground_Point_53,SAT_12,3,05-Jan-2030 00:24:15,05-Jan-2030 00:25:30,75,NaN,NaN
Ground_Point_53,SAT_12,4,06-Jan-2030 12:03:30,06-Jan-2030 12:04:40,70,NaN,NaN
Ground_Point_54,SAT_12,1,02-Jan-2030 01:26:55,02-Jan-2030 01:28:00,65,NaN,NaN
Ground_Point_54,SAT_12,2,04-Jan-2030 12:50:20,04-Jan-2030 12:51:35,75,NaN,NaN
Ground_Point_54,SAT_12,3,06-Jan-2030 01:33:45,06-Jan-2030 01:35:05,80,NaN,NaN
Ground_Point_55,SAT_12,1,02-Jan-2030 13:33:55,02-Jan-2030 13:35:00,65,NaN,NaN
Ground_Point_55,SAT_12,2,04-Jan-2030 02:17:55,04-Jan-2030 02:19:10,75,NaN,NaN
Ground_Point_55,SAT_12,3,06-Jan-2030 13:40:50,06-Jan-2030 13:42:05,75,NaN,NaN
Ground_Point_1,SAT_13,1,01-Jan-2030 14:20:20,01-Jan-2030 14:21:30,70,NaN,NaN
Ground_Point_1,SAT_13,2,02-Jan-2030 03:24:00,02-Jan-2030 03:24:55,55,NaN,NaN
Ground_Point_1,SAT_13,3,03-Jan-2030 03:02:40,03-Jan-2030 03:03:00,20,NaN,NaN
Ground_Point_1,SAT_13,4,05-Jan-2030 14:27:10,05-Jan-2030 14:28:30,80,NaN,NaN
Ground_Point_1,SAT_13,5,07-Jan-2030 03:09:10,07-Jan-2030 03:10:20,70,NaN,NaN
Ground_Point_2,SAT_13,1,01-Jan-2030 14:19:30,01-Jan-2030 14:20:50,80,NaN,NaN
Ground_Point_2,SAT_13,2,03-Jan-2030 03:02:40,03-Jan-2030 03:03:55,75,NaN,NaN
Ground_Point_2,SAT_13,3,05-Jan-2030 14:26:30,05-Jan-2030 14:27:40,70,NaN,NaN
Ground_Point_2,SAT_13,4,07-Jan-2030 03:09:40,07-Jan-2030 03:10:50,70,NaN,NaN
Ground_Point_3,SAT_13,1,01-Jan-2030 14:20:20,01-Jan-2030 14:21:25,65,NaN,NaN
Ground_Point_3,SAT_13,2,02-Jan-2030 03:24:00,02-Jan-2030 03:25:00,60,NaN,NaN
Ground_Point_3,SAT_13,3,05-Jan-2030 14:27:10,05-Jan-2030 14:28:30,80,NaN,NaN
Ground_Point_3,SAT_13,4,07-Jan-2030 03:09:15,07-Jan-2030 03:10:20,65,NaN,NaN
Ground_Point_4,SAT_13,1,01-Jan-2030 02:12:05,01-Jan-2030 02:12:55,50,NaN,NaN
Ground_Point_4,SAT_13,2,03-Jan-2030 13:35:55,03-Jan-2030 13:37:10,75,NaN,NaN
Ground_Point_4,SAT_13,3,05-Jan-2030 02:18:50,05-Jan-2030 02:20:05,75,NaN,NaN
Ground_Point_4,SAT_13,4,07-Jan-2030 13:42:55,07-Jan-2030 13:44:05,70,NaN,NaN
Ground_Point_5,SAT_13,1,02-Jan-2030 13:57:30,02-Jan-2030 13:58:45,75,NaN,NaN
Ground_Point_5,SAT_13,2,04-Jan-2030 02:40:55,04-Jan-2030 02:42:10,75,NaN,NaN
Ground_Point_5,SAT_13,3,06-Jan-2030 14:04:35,06-Jan-2030 14:05:35,60,NaN,NaN
Ground_Point_6,SAT_13,1,02-Jan-2030 13:57:45,02-Jan-2030 13:58:40,55,NaN,NaN
Ground_Point_6,SAT_13,2,03-Jan-2030 13:36:30,03-Jan-2030 13:36:40,10,NaN,NaN
Ground_Point_6,SAT_13,3,04-Jan-2030 02:40:50,04-Jan-2030 02:41:50,60,NaN,NaN
Ground_Point_6,SAT_13,4,07-Jan-2030 13:43:00,07-Jan-2030 13:44:05,65,NaN,NaN
Ground_Point_7,SAT_13,1,01-Jan-2030 03:45:50,01-Jan-2030 03:46:05,15,NaN,NaN
Ground_Point_7,SAT_13,2,03-Jan-2030 15:11:35,03-Jan-2030 15:12:45,70,NaN,NaN
Ground_Point_7,SAT_13,3,05-Jan-2030 03:52:20,05-Jan-2030 03:53:25,65,NaN,NaN
Ground_Point_7,SAT_13,4,07-Jan-2030 15:18:40,07-Jan-2030 15:19:30,50,NaN,NaN
Ground_Point_8,SAT_13,1,02-Jan-2030 03:25:45,02-Jan-2030 03:26:50,65,NaN,NaN
Ground_Point_8,SAT_13,2,04-Jan-2030 14:47:35,04-Jan-2030 14:48:40,65,NaN,NaN
Ground_Point_8,SAT_13,3,06-Jan-2030 03:32:35,06-Jan-2030 03:33:55,80,NaN,NaN
Ground_Point_9,SAT_13,1,01-Jan-2030 03:49:55,01-Jan-2030 03:51:00,65,NaN,NaN
Ground_Point_9,SAT_13,2,02-Jan-2030 15:28:50,02-Jan-2030 15:30:10,80,NaN,NaN
Ground_Point_9,SAT_13,3,05-Jan-2030 03:56:45,05-Jan-2030 03:58:00,75,NaN,NaN
Ground_Point_9,SAT_13,4,06-Jan-2030 15:35:50,06-Jan-2030 15:37:00,70,NaN,NaN
Ground_Point_10,SAT_13,1,01-Jan-2030 03:49:55,01-Jan-2030 03:51:05,70,NaN,NaN
Ground_Point_10,SAT_13,2,02-Jan-2030 15:28:45,02-Jan-2030 15:30:05,80,NaN,NaN
Ground_Point_10,SAT_13,3,05-Jan-2030 03:56:50,05-Jan-2030 03:58:05,75,NaN,NaN
Ground_Point_10,SAT_13,4,06-Jan-2030 15:35:50,06-Jan-2030 15:36:55,65,NaN,NaN
Ground_Point_11,SAT_13,1,02-Jan-2030 03:27:15,02-Jan-2030 03:28:30,75,NaN,NaN
Ground_Point_11,SAT_13,2,03-Jan-2030 15:07:45,03-Jan-2030 15:08:30,45,NaN,NaN
Ground_Point_11,SAT_13,3,06-Jan-2030 03:34:15,06-Jan-2030 03:35:20,65,NaN,NaN
Ground_Point_12,SAT_13,1,04-Jan-2030 04:24:15,04-Jan-2030 04:25:30,75,NaN,NaN
Ground_Point_12,SAT_13,2,04-Jan-2030 16:14:25,04-Jan-2030 16:15:05,40,NaN,NaN
Ground_Point_13,SAT_13,1,03-Jan-2030 04:42:55,03-Jan-2030 04:44:10,75,NaN,NaN
Ground_Point_13,SAT_13,2,03-Jan-2030 16:39:25,03-Jan-2030 16:39:55,30,NaN,NaN
Ground_Point_13,SAT_13,3,07-Jan-2030 04:49:55,07-Jan-2030 04:51:00,65,NaN,NaN
Ground_Point_14,SAT_13,1,04-Jan-2030 04:21:45,04-Jan-2030 04:22:55,70,NaN,NaN
Ground_Point_14,SAT_13,2,04-Jan-2030 16:16:50,04-Jan-2030 16:17:15,25,NaN,NaN
Ground_Point_15,SAT_13,1,01-Jan-2030 03:57:55,01-Jan-2030 03:58:20,25,NaN,NaN
Ground_Point_15,SAT_13,2,04-Jan-2030 16:12:05,04-Jan-2030 16:13:20,75,NaN,NaN
Ground_Point_15,SAT_13,3,05-Jan-2030 04:04:30,05-Jan-2030 04:05:35,65,NaN,NaN
Ground_Point_16,SAT_13,1,02-Jan-2030 03:30:05,02-Jan-2030 03:31:00,55,NaN,NaN
Ground_Point_16,SAT_13,2,03-Jan-2030 15:04:55,03-Jan-2030 15:06:10,75,NaN,NaN
Ground_Point_16,SAT_13,3,07-Jan-2030 03:15:30,07-Jan-2030 03:16:15,45,NaN,NaN
Ground_Point_16,SAT_13,4,07-Jan-2030 15:11:50,07-Jan-2030 15:13:05,75,NaN,NaN
Ground_Point_17,SAT_13,1,03-Jan-2030 16:36:25,03-Jan-2030 16:37:30,65,NaN,NaN
Ground_Point_17,SAT_13,2,04-Jan-2030 04:24:25,04-Jan-2030 04:24:40,15,NaN,NaN
Ground_Point_18,SAT_13,1,02-Jan-2030 06:37:55,02-Jan-2030 06:39:10,75,NaN,NaN
Ground_Point_18,SAT_13,2,03-Jan-2030 18:15:10,03-Jan-2030 18:16:25,75,NaN,NaN
Ground_Point_18,SAT_13,3,06-Jan-2030 06:44:55,06-Jan-2030 06:46:00,65,NaN,NaN
Ground_Point_18,SAT_13,4,07-Jan-2030 18:22:10,07-Jan-2030 18:23:20,70,NaN,NaN
Ground_Point_19,SAT_13,1,02-Jan-2030 06:35:30,02-Jan-2030 06:36:20,50,NaN,NaN
Ground_Point_19,SAT_13,2,04-Jan-2030 17:55:45,04-Jan-2030 17:57:00,75,NaN,NaN
Ground_Point_19,SAT_13,3,07-Jan-2030 06:20:45,07-Jan-2030 06:21:45,60,NaN,NaN
Ground_Point_20,SAT_13,1,03-Jan-2030 06:17:35,03-Jan-2030 06:18:50,75,NaN,NaN
Ground_Point_20,SAT_13,2,04-Jan-2030 17:52:05,04-Jan-2030 17:52:40,35,NaN,NaN
Ground_Point_20,SAT_13,3,07-Jan-2030 06:24:45,07-Jan-2030 06:25:35,50,NaN,NaN
Ground_Point_21,SAT_13,1,04-Jan-2030 12:03:40,04-Jan-2030 12:04:55,75,NaN,NaN
Ground_Point_21,SAT_13,2,04-Jan-2030 22:45:30,04-Jan-2030 22:46:45,75,NaN,NaN
Ground_Point_21,SAT_13,3,05-Jan-2030 22:24:15,05-Jan-2030 22:24:40,25,NaN,NaN
Ground_Point_22,SAT_13,1,01-Jan-2030 11:35:40,01-Jan-2030 11:36:45,65,NaN,NaN
Ground_Point_22,SAT_13,2,04-Jan-2030 22:44:50,04-Jan-2030 22:45:50,60,NaN,NaN
Ground_Point_22,SAT_13,3,05-Jan-2030 11:42:30,05-Jan-2030 11:43:50,80,NaN,NaN
Ground_Point_22,SAT_13,4,05-Jan-2030 22:23:10,05-Jan-2030 22:24:10,60,NaN,NaN
Ground_Point_23,SAT_13,1,01-Jan-2030 11:34:35,01-Jan-2030 11:35:50,75,NaN,NaN
Ground_Point_23,SAT_13,2,01-Jan-2030 22:16:50,01-Jan-2030 22:18:10,80,NaN,NaN
Ground_Point_23,SAT_13,3,05-Jan-2030 11:41:30,05-Jan-2030 11:42:50,80,NaN,NaN
Ground_Point_23,SAT_13,4,05-Jan-2030 22:23:50,05-Jan-2030 22:25:05,75,NaN,NaN
Ground_Point_23,SAT_13,5,06-Jan-2030 22:02:35,06-Jan-2030 22:03:00,25,NaN,NaN
Ground_Point_24,SAT_13,1,01-Jan-2030 11:35:00,01-Jan-2030 11:36:15,75,NaN,NaN
Ground_Point_24,SAT_13,2,01-Jan-2030 22:16:30,01-Jan-2030 22:17:45,75,NaN,NaN
Ground_Point_24,SAT_13,3,05-Jan-2030 11:41:55,05-Jan-2030 11:43:15,80,NaN,NaN
Ground_Point_24,SAT_13,4,05-Jan-2030 22:23:25,05-Jan-2030 22:24:45,80,NaN,NaN
Ground_Point_25,SAT_13,1,01-Jan-2030 11:35:15,01-Jan-2030 11:36:00,45,NaN,NaN
Ground_Point_25,SAT_13,2,01-Jan-2030 22:16:15,01-Jan-2030 22:17:15,60,NaN,NaN
Ground_Point_25,SAT_13,3,02-Jan-2030 11:13:25,02-Jan-2030 11:14:35,70,NaN,NaN
Ground_Point_25,SAT_13,4,02-Jan-2030 21:54:40,02-Jan-2030 21:55:35,55,NaN,NaN
Ground_Point_25,SAT_13,5,05-Jan-2030 22:23:35,05-Jan-2030 22:23:55,20,NaN,NaN
Ground_Point_25,SAT_13,6,06-Jan-2030 11:20:20,06-Jan-2030 11:21:35,75,NaN,NaN
Ground_Point_25,SAT_13,7,06-Jan-2030 22:01:25,06-Jan-2030 22:02:40,75,NaN,NaN
Ground_Point_26,SAT_13,1,02-Jan-2030 11:12:35,02-Jan-2030 11:13:45,70,NaN,NaN
Ground_Point_26,SAT_13,2,02-Jan-2030 21:55:00,02-Jan-2030 21:56:05,65,NaN,NaN
Ground_Point_26,SAT_13,3,03-Jan-2030 10:51:15,03-Jan-2030 10:51:50,35,NaN,NaN
Ground_Point_26,SAT_13,4,03-Jan-2030 21:33:20,03-Jan-2030 21:34:25,65,NaN,NaN
Ground_Point_26,SAT_13,5,06-Jan-2030 11:19:40,06-Jan-2030 11:20:35,55,NaN,NaN
Ground_Point_26,SAT_13,6,06-Jan-2030 22:02:20,06-Jan-2030 22:02:40,20,NaN,NaN
Ground_Point_26,SAT_13,7,07-Jan-2030 10:57:55,07-Jan-2030 10:59:00,65,NaN,NaN
Ground_Point_26,SAT_13,8,07-Jan-2030 21:40:10,07-Jan-2030 21:41:30,80,NaN,NaN
Ground_Point_27,SAT_13,1,02-Jan-2030 11:13:45,02-Jan-2030 11:14:55,70,NaN,NaN
Ground_Point_27,SAT_13,2,02-Jan-2030 21:53:50,02-Jan-2030 21:55:10,80,NaN,NaN
Ground_Point_27,SAT_13,3,03-Jan-2030 10:52:35,03-Jan-2030 10:52:50,15,NaN,NaN
Ground_Point_27,SAT_13,4,06-Jan-2030 11:20:55,06-Jan-2030 11:21:40,45,NaN,NaN
Ground_Point_27,SAT_13,5,06-Jan-2030 22:00:50,06-Jan-2030 22:02:05,75,NaN,NaN
Ground_Point_27,SAT_13,6,07-Jan-2030 10:59:10,07-Jan-2030 11:00:10,60,NaN,NaN
Ground_Point_28,SAT_13,1,03-Jan-2030 23:04:25,03-Jan-2030 23:05:45,80,NaN,NaN
Ground_Point_28,SAT_13,2,04-Jan-2030 12:06:40,04-Jan-2030 12:07:45,65,NaN,NaN
Ground_Point_28,SAT_13,3,07-Jan-2030 23:11:25,07-Jan-2030 23:12:40,75,NaN,NaN
Ground_Point_29,SAT_13,1,01-Jan-2030 11:37:30,01-Jan-2030 11:38:45,75,NaN,NaN
Ground_Point_29,SAT_13,2,04-Jan-2030 22:42:45,04-Jan-2030 22:44:05,80,NaN,NaN
Ground_Point_29,SAT_13,3,05-Jan-2030 11:44:30,05-Jan-2030 11:45:40,70,NaN,NaN
Ground_Point_30,SAT_13,1,01-Jan-2030 22:14:20,01-Jan-2030 22:14:40,20,NaN,NaN
Ground_Point_30,SAT_13,2,02-Jan-2030 21:52:20,02-Jan-2030 21:53:25,65,NaN,NaN
Ground_Point_30,SAT_13,3,03-Jan-2030 10:53:40,03-Jan-2030 10:54:55,75,NaN,NaN
Ground_Point_30,SAT_13,4,06-Jan-2030 21:59:10,06-Jan-2030 22:00:30,80,NaN,NaN
Ground_Point_30,SAT_13,5,07-Jan-2030 11:00:35,07-Jan-2030 11:01:50,75,NaN,NaN
Ground_Point_31,SAT_13,1,01-Jan-2030 22:14:55,01-Jan-2030 22:16:10,75,NaN,NaN
Ground_Point_31,SAT_13,2,02-Jan-2030 11:14:30,02-Jan-2030 11:15:45,75,NaN,NaN
Ground_Point_31,SAT_13,3,05-Jan-2030 22:22:05,05-Jan-2030 22:23:00,55,NaN,NaN
Ground_Point_31,SAT_13,4,06-Jan-2030 11:21:30,06-Jan-2030 11:22:40,70,NaN,NaN
Ground_Point_31,SAT_13,5,06-Jan-2030 22:00:25,06-Jan-2030 22:01:20,55,NaN,NaN
Ground_Point_31,SAT_13,6,07-Jan-2030 11:00:25,07-Jan-2030 11:00:30,5,NaN,NaN
Ground_Point_32,SAT_13,1,03-Jan-2030 10:51:00,03-Jan-2030 10:51:35,35,NaN,NaN
Ground_Point_32,SAT_13,2,04-Jan-2030 10:29:00,04-Jan-2030 10:30:15,75,NaN,NaN
Ground_Point_32,SAT_13,3,04-Jan-2030 21:11:10,04-Jan-2030 21:12:30,80,NaN,NaN
Ground_Point_33,SAT_13,1,04-Jan-2030 03:48:05,04-Jan-2030 03:49:25,80,NaN,NaN
Ground_Point_33,SAT_13,2,04-Jan-2030 16:50:10,04-Jan-2030 16:51:15,65,NaN,NaN
Ground_Point_33,SAT_13,3,05-Jan-2030 16:29:00,05-Jan-2030 16:29:10,10,NaN,NaN
Ground_Point_34,SAT_13,1,03-Jan-2030 04:09:30,03-Jan-2030 04:10:35,65,NaN,NaN
Ground_Point_34,SAT_13,2,04-Jan-2030 03:48:25,04-Jan-2030 03:48:30,5,NaN,NaN
Ground_Point_34,SAT_13,3,04-Jan-2030 16:50:40,04-Jan-2030 16:51:55,75,NaN,NaN
Ground_Point_35,SAT_13,1,01-Jan-2030 03:20:15,01-Jan-2030 03:20:40,25,NaN,NaN
Ground_Point_35,SAT_13,2,01-Jan-2030 16:21:10,01-Jan-2030 16:22:00,50,NaN,NaN
Ground_Point_35,SAT_13,3,04-Jan-2030 03:48:55,04-Jan-2030 03:49:15,20,NaN,NaN
Ground_Point_35,SAT_13,4,05-Jan-2030 03:26:50,05-Jan-2030 03:27:55,65,NaN,NaN
Ground_Point_35,SAT_13,5,05-Jan-2030 16:27:55,05-Jan-2030 16:29:10,75,NaN,NaN
Ground_Point_36,SAT_13,1,01-Jan-2030 04:54:20,01-Jan-2030 04:54:50,30,NaN,NaN
Ground_Point_36,SAT_13,2,02-Jan-2030 04:32:25,02-Jan-2030 04:33:25,60,NaN,NaN
Ground_Point_36,SAT_13,3,02-Jan-2030 17:33:40,02-Jan-2030 17:34:55,75,NaN,NaN
Ground_Point_36,SAT_13,4,06-Jan-2030 04:39:15,06-Jan-2030 04:40:30,75,NaN,NaN
Ground_Point_36,SAT_13,5,06-Jan-2030 17:40:40,06-Jan-2030 17:41:55,75,NaN,NaN
Ground_Point_37,SAT_13,1,01-Jan-2030 17:58:10,01-Jan-2030 17:59:10,60,NaN,NaN
Ground_Point_37,SAT_13,2,04-Jan-2030 05:20:40,04-Jan-2030 05:21:50,70,NaN,NaN
Ground_Point_37,SAT_13,3,05-Jan-2030 18:05:00,05-Jan-2030 18:06:15,75,NaN,NaN
Ground_Point_38,SAT_13,1,01-Jan-2030 17:58:45,01-Jan-2030 18:00:00,75,NaN,NaN
Ground_Point_38,SAT_13,2,04-Jan-2030 05:19:45,04-Jan-2030 05:21:05,80,NaN,NaN
Ground_Point_38,SAT_13,3,05-Jan-2030 18:05:45,05-Jan-2030 18:06:50,65,NaN,NaN
Ground_Point_39,SAT_13,1,01-Jan-2030 19:32:10,01-Jan-2030 19:33:25,75,NaN,NaN
Ground_Point_39,SAT_13,2,04-Jan-2030 06:55:25,04-Jan-2030 06:56:35,70,NaN,NaN
Ground_Point_39,SAT_13,3,05-Jan-2030 19:39:10,05-Jan-2030 19:40:15,65,NaN,NaN
Ground_Point_40,SAT_13,1,04-Jan-2030 06:56:35,04-Jan-2030 06:57:40,65,NaN,NaN
Ground_Point_40,SAT_13,2,04-Jan-2030 20:00:05,04-Jan-2030 20:01:10,65,NaN,NaN
Ground_Point_41,SAT_13,1,04-Jan-2030 06:59:00,04-Jan-2030 07:00:15,75,NaN,NaN
Ground_Point_41,SAT_13,2,04-Jan-2030 19:57:30,04-Jan-2030 19:58:45,75,NaN,NaN
Ground_Point_42,SAT_13,1,03-Jan-2030 04:10:45,03-Jan-2030 04:12:00,75,NaN,NaN
Ground_Point_42,SAT_13,2,03-Jan-2030 17:11:15,03-Jan-2030 17:12:30,75,NaN,NaN
Ground_Point_42,SAT_13,3,07-Jan-2030 04:17:55,07-Jan-2030 04:18:45,50,NaN,NaN
Ground_Point_42,SAT_13,4,07-Jan-2030 17:18:25,07-Jan-2030 17:19:15,50,NaN,NaN
Ground_Point_43,SAT_13,1,04-Jan-2030 03:49:25,04-Jan-2030 03:50:30,65,NaN,NaN
Ground_Point_43,SAT_13,2,04-Jan-2030 16:48:50,04-Jan-2030 16:50:10,80,NaN,NaN
Ground_Point_43,SAT_13,3,05-Jan-2030 03:28:00,05-Jan-2030 03:28:35,35,NaN,NaN
Ground_Point_44,SAT_13,1,01-Jan-2030 18:01:35,01-Jan-2030 18:02:45,70,NaN,NaN
Ground_Point_44,SAT_13,2,03-Jan-2030 05:39:00,03-Jan-2030 05:40:10,70,NaN,NaN
Ground_Point_44,SAT_13,3,05-Jan-2030 18:08:30,05-Jan-2030 18:09:45,75,NaN,NaN
Ground_Point_44,SAT_13,4,07-Jan-2030 05:45:55,07-Jan-2030 05:47:10,75,NaN,NaN
Ground_Point_45,SAT_13,1,01-Jan-2030 17:58:55,01-Jan-2030 17:59:45,50,NaN,NaN
Ground_Point_45,SAT_13,2,03-Jan-2030 05:41:55,03-Jan-2030 05:42:35,40,NaN,NaN
Ground_Point_45,SAT_13,3,04-Jan-2030 05:20:25,04-Jan-2030 05:20:55,30,NaN,NaN
Ground_Point_45,SAT_13,4,05-Jan-2030 18:05:40,05-Jan-2030 18:06:55,75,NaN,NaN
Ground_Point_46,SAT_13,1,03-Jan-2030 07:49:00,03-Jan-2030 07:50:15,75,NaN,NaN
Ground_Point_46,SAT_13,2,04-Jan-2030 19:29:25,04-Jan-2030 19:30:30,65,NaN,NaN
Ground_Point_46,SAT_13,3,07-Jan-2030 07:55:55,07-Jan-2030 07:57:10,75,NaN,NaN
Ground_Point_47,SAT_13,1,01-Jan-2030 08:32:50,01-Jan-2030 08:33:55,65,NaN,NaN
Ground_Point_47,SAT_13,2,03-Jan-2030 19:51:20,03-Jan-2030 19:52:25,65,NaN,NaN
Ground_Point_47,SAT_13,3,06-Jan-2030 08:18:20,06-Jan-2030 08:19:05,45,NaN,NaN
Ground_Point_47,SAT_13,4,07-Jan-2030 19:58:10,07-Jan-2030 19:59:30,80,NaN,NaN
Ground_Point_48,SAT_13,1,01-Jan-2030 20:36:55,01-Jan-2030 20:38:10,75,NaN,NaN
Ground_Point_48,SAT_13,2,03-Jan-2030 09:21:40,03-Jan-2030 09:22:55,75,NaN,NaN
Ground_Point_48,SAT_13,3,05-Jan-2030 20:43:50,05-Jan-2030 20:45:05,75,NaN,NaN
Ground_Point_48,SAT_13,4,07-Jan-2030 09:28:45,07-Jan-2030 09:29:40,55,NaN,NaN
Ground_Point_49,SAT_13,1,03-Jan-2030 09:22:35,03-Jan-2030 09:23:20,45,NaN,NaN
Ground_Point_49,SAT_13,2,04-Jan-2030 21:05:20,04-Jan-2030 21:06:10,50,NaN,NaN
Ground_Point_49,SAT_13,3,07-Jan-2030 09:29:15,07-Jan-2030 09:30:30,75,NaN,NaN
Ground_Point_50,SAT_13,1,02-Jan-2030 21:34:25,02-Jan-2030 21:35:20,55,NaN,NaN
Ground_Point_50,SAT_13,2,04-Jan-2030 09:15:05,04-Jan-2030 09:16:20,75,NaN,NaN
Ground_Point_50,SAT_13,3,06-Jan-2030 21:41:10,06-Jan-2030 21:42:25,75,NaN,NaN
Ground_Point_51,SAT_13,1,03-Jan-2030 11:03:10,03-Jan-2030 11:04:10,60,NaN,NaN
Ground_Point_51,SAT_13,2,03-Jan-2030 22:55:40,03-Jan-2030 22:56:40,60,NaN,NaN
Ground_Point_51,SAT_13,3,07-Jan-2030 11:09:55,07-Jan-2030 11:11:10,75,NaN,NaN
Ground_Point_51,SAT_13,4,07-Jan-2030 23:02:25,07-Jan-2030 23:03:45,80,NaN,NaN
Ground_Point_52,SAT_13,1,02-Jan-2030 02:40:20,02-Jan-2030 02:41:35,75,NaN,NaN
Ground_Point_52,SAT_13,2,03-Jan-2030 14:20:05,03-Jan-2030 14:20:55,50,NaN,NaN
Ground_Point_52,SAT_13,3,06-Jan-2030 02:47:25,06-Jan-2030 02:48:20,55,NaN,NaN
Ground_Point_53,SAT_13,1,03-Jan-2030 02:18:45,03-Jan-2030 02:19:55,70,NaN,NaN
Ground_Point_53,SAT_13,2,04-Jan-2030 13:57:55,04-Jan-2030 13:59:10,75,NaN,NaN
Ground_Point_53,SAT_13,3,07-Jan-2030 02:25:40,07-Jan-2030 02:26:55,75,NaN,NaN
Ground_Point_54,SAT_13,1,02-Jan-2030 14:44:55,02-Jan-2030 14:46:00,65,NaN,NaN
Ground_Point_54,SAT_13,2,04-Jan-2030 03:28:20,04-Jan-2030 03:29:30,70,NaN,NaN
Ground_Point_54,SAT_13,3,06-Jan-2030 14:51:45,06-Jan-2030 14:53:00,75,NaN,NaN
Ground_Point_55,SAT_13,1,01-Jan-2030 04:34:30,01-Jan-2030 04:34:45,15,NaN,NaN
Ground_Point_55,SAT_13,2,02-Jan-2030 04:12:35,02-Jan-2030 04:13:25,50,NaN,NaN
Ground_Point_55,SAT_13,3,04-Jan-2030 15:35:20,04-Jan-2030 15:36:30,70,NaN,NaN
Ground_Point_55,SAT_13,4,06-Jan-2030 04:19:20,06-Jan-2030 04:20:35,75,NaN,NaN
Ground_Point_1,SAT_14,1,01-Jan-2030 03:22:15,01-Jan-2030 03:23:20,65,NaN,NaN
Ground_Point_1,SAT_14,2,04-Jan-2030 14:25:35,04-Jan-2030 14:26:50,75,NaN,NaN
Ground_Point_1,SAT_14,3,06-Jan-2030 03:07:40,06-Jan-2030 03:08:40,60,NaN,NaN
Ground_Point_2,SAT_14,1,02-Jan-2030 03:01:05,02-Jan-2030 03:02:20,75,NaN,NaN
Ground_Point_2,SAT_14,2,04-Jan-2030 14:24:55,04-Jan-2030 14:26:05,70,NaN,NaN
Ground_Point_2,SAT_14,3,06-Jan-2030 03:08:00,06-Jan-2030 03:09:15,75,NaN,NaN
Ground_Point_3,SAT_14,1,01-Jan-2030 03:22:15,01-Jan-2030 03:23:25,70,NaN,NaN
Ground_Point_3,SAT_14,2,04-Jan-2030 14:25:30,04-Jan-2030 14:26:50,80,NaN,NaN
Ground_Point_3,SAT_14,3,05-Jan-2030 03:29:35,05-Jan-2030 03:30:00,25,NaN,NaN
Ground_Point_3,SAT_14,4,06-Jan-2030 03:07:45,06-Jan-2030 03:08:40,55,NaN,NaN
Ground_Point_4,SAT_14,1,02-Jan-2030 13:34:15,02-Jan-2030 13:35:35,80,NaN,NaN
Ground_Point_4,SAT_14,2,04-Jan-2030 02:17:15,04-Jan-2030 02:18:25,70,NaN,NaN
Ground_Point_4,SAT_14,3,06-Jan-2030 13:41:15,06-Jan-2030 13:42:30,75,NaN,NaN
Ground_Point_5,SAT_14,1,01-Jan-2030 13:55:50,01-Jan-2030 13:57:05,75,NaN,NaN
Ground_Point_5,SAT_14,2,03-Jan-2030 02:39:15,03-Jan-2030 02:40:30,75,NaN,NaN
Ground_Point_5,SAT_14,3,05-Jan-2030 14:02:55,05-Jan-2030 14:04:00,65,NaN,NaN
Ground_Point_5,SAT_14,4,07-Jan-2030 02:46:20,07-Jan-2030 02:47:25,65,NaN,NaN
Ground_Point_6,SAT_14,1,01-Jan-2030 13:56:00,01-Jan-2030 13:57:05,65,NaN,NaN
Ground_Point_6,SAT_14,2,03-Jan-2030 02:39:05,03-Jan-2030 02:40:15,70,NaN,NaN
Ground_Point_6,SAT_14,3,06-Jan-2030 13:41:25,06-Jan-2030 13:42:25,60,NaN,NaN
Ground_Point_6,SAT_14,4,07-Jan-2030 02:46:25,07-Jan-2030 02:46:55,30,NaN,NaN
Ground_Point_7,SAT_14,1,02-Jan-2030 15:09:50,02-Jan-2030 15:11:10,80,NaN,NaN
Ground_Point_7,SAT_14,2,03-Jan-2030 04:12:40,03-Jan-2030 04:13:05,25,NaN,NaN
Ground_Point_7,SAT_14,3,04-Jan-2030 03:50:45,04-Jan-2030 03:51:45,60,NaN,NaN
Ground_Point_7,SAT_14,4,06-Jan-2030 15:17:00,06-Jan-2030 15:18:00,60,NaN,NaN
Ground_Point_7,SAT_14,5,07-Jan-2030 14:55:35,07-Jan-2030 14:56:10,35,NaN,NaN
Ground_Point_8,SAT_14,1,01-Jan-2030 03:24:10,01-Jan-2030 03:25:10,60,NaN,NaN
Ground_Point_8,SAT_14,2,03-Jan-2030 14:46:00,03-Jan-2030 14:46:55,55,NaN,NaN
Ground_Point_8,SAT_14,3,05-Jan-2030 03:31:00,05-Jan-2030 03:32:15,75,NaN,NaN
Ground_Point_8,SAT_14,4,07-Jan-2030 14:52:50,07-Jan-2030 14:54:05,75,NaN,NaN
Ground_Point_9,SAT_14,1,01-Jan-2030 15:27:10,01-Jan-2030 15:28:30,80,NaN,NaN
Ground_Point_9,SAT_14,2,04-Jan-2030 03:55:10,04-Jan-2030 03:56:25,75,NaN,NaN
Ground_Point_9,SAT_14,3,05-Jan-2030 15:34:10,05-Jan-2030 15:35:25,75,NaN,NaN
Ground_Point_10,SAT_14,1,01-Jan-2030 15:27:10,01-Jan-2030 15:28:25,75,NaN,NaN
Ground_Point_10,SAT_14,2,04-Jan-2030 03:55:10,04-Jan-2030 03:56:30,80,NaN,NaN
Ground_Point_10,SAT_14,3,05-Jan-2030 15:34:10,05-Jan-2030 15:35:20,70,NaN,NaN
Ground_Point_11,SAT_14,1,01-Jan-2030 03:25:35,01-Jan-2030 03:26:50,75,NaN,NaN
Ground_Point_11,SAT_14,2,02-Jan-2030 15:06:05,02-Jan-2030 15:06:55,50,NaN,NaN
Ground_Point_11,SAT_14,3,05-Jan-2030 03:32:35,05-Jan-2030 03:33:45,70,NaN,NaN
Ground_Point_11,SAT_14,4,07-Jan-2030 14:51:25,07-Jan-2030 14:52:20,55,NaN,NaN
Ground_Point_12,SAT_14,1,03-Jan-2030 04:22:40,03-Jan-2030 04:23:50,70,NaN,NaN
Ground_Point_12,SAT_14,2,03-Jan-2030 16:13:00,03-Jan-2030 16:13:15,15,NaN,NaN
Ground_Point_12,SAT_14,3,07-Jan-2030 04:29:40,07-Jan-2030 04:30:45,65,NaN,NaN
Ground_Point_12,SAT_14,4,07-Jan-2030 16:19:30,07-Jan-2030 16:20:40,70,NaN,NaN
Ground_Point_13,SAT_14,1,02-Jan-2030 04:41:15,02-Jan-2030 04:42:30,75,NaN,NaN
Ground_Point_13,SAT_14,2,02-Jan-2030 16:37:40,02-Jan-2030 16:38:25,45,NaN,NaN
Ground_Point_13,SAT_14,3,06-Jan-2030 04:48:15,06-Jan-2030 04:49:25,70,NaN,NaN
Ground_Point_13,SAT_14,4,07-Jan-2030 16:22:55,07-Jan-2030 16:23:55,60,NaN,NaN
Ground_Point_14,SAT_14,1,03-Jan-2030 04:20:05,03-Jan-2030 04:21:20,75,NaN,NaN
Ground_Point_14,SAT_14,2,03-Jan-2030 16:15:00,03-Jan-2030 16:15:45,45,NaN,NaN
Ground_Point_14,SAT_14,3,07-Jan-2030 04:27:15,07-Jan-2030 04:28:05,50,NaN,NaN
Ground_Point_15,SAT_14,1,03-Jan-2030 16:10:30,03-Jan-2030 16:11:40,70,NaN,NaN
Ground_Point_15,SAT_14,2,04-Jan-2030 04:02:55,04-Jan-2030 04:03:55,60,NaN,NaN
Ground_Point_15,SAT_14,3,07-Jan-2030 16:17:25,07-Jan-2030 16:18:40,75,NaN,NaN
Ground_Point_16,SAT_14,1,01-Jan-2030 03:28:20,01-Jan-2030 03:29:25,65,NaN,NaN
Ground_Point_16,SAT_14,2,02-Jan-2030 15:03:15,02-Jan-2030 15:04:30,75,NaN,NaN
Ground_Point_16,SAT_14,3,06-Jan-2030 03:14:05,06-Jan-2030 03:14:25,20,NaN,NaN
Ground_Point_16,SAT_14,4,06-Jan-2030 15:10:15,06-Jan-2030 15:11:30,75,NaN,NaN
Ground_Point_17,SAT_14,1,02-Jan-2030 16:34:45,02-Jan-2030 16:35:50,65,NaN,NaN
Ground_Point_17,SAT_14,2,06-Jan-2030 16:42:15,06-Jan-2030 16:42:20,5,NaN,NaN
Ground_Point_17,SAT_14,3,07-Jan-2030 04:29:20,07-Jan-2030 04:30:25,65,NaN,NaN
Ground_Point_18,SAT_14,1,01-Jan-2030 06:36:15,01-Jan-2030 06:37:30,75,NaN,NaN
Ground_Point_18,SAT_14,2,02-Jan-2030 18:13:30,02-Jan-2030 18:14:45,75,NaN,NaN
Ground_Point_18,SAT_14,3,05-Jan-2030 06:43:15,05-Jan-2030 06:44:25,70,NaN,NaN
Ground_Point_18,SAT_14,4,06-Jan-2030 18:20:30,06-Jan-2030 18:21:45,75,NaN,NaN
Ground_Point_19,SAT_14,1,01-Jan-2030 06:33:45,01-Jan-2030 06:34:45,60,NaN,NaN
Ground_Point_19,SAT_14,2,03-Jan-2030 17:54:05,03-Jan-2030 17:55:25,80,NaN,NaN
Ground_Point_19,SAT_14,3,06-Jan-2030 06:19:10,06-Jan-2030 06:20:00,50,NaN,NaN
Ground_Point_19,SAT_14,4,07-Jan-2030 18:01:10,07-Jan-2030 18:02:15,65,NaN,NaN
Ground_Point_20,SAT_14,1,02-Jan-2030 06:15:55,02-Jan-2030 06:17:15,80,NaN,NaN
Ground_Point_20,SAT_14,2,02-Jan-2030 18:12:15,02-Jan-2030 18:12:25,10,NaN,NaN
Ground_Point_20,SAT_14,3,06-Jan-2030 06:23:05,06-Jan-2030 06:24:00,55,NaN,NaN
Ground_Point_20,SAT_14,4,07-Jan-2030 17:57:10,07-Jan-2030 17:58:20,70,NaN,NaN
Ground_Point_21,SAT_14,1,03-Jan-2030 12:02:00,03-Jan-2030 12:03:15,75,NaN,NaN
Ground_Point_21,SAT_14,2,03-Jan-2030 22:43:50,03-Jan-2030 22:45:05,75,NaN,NaN
Ground_Point_21,SAT_14,3,07-Jan-2030 12:09:05,07-Jan-2030 12:10:10,65,NaN,NaN
Ground_Point_21,SAT_14,4,07-Jan-2030 22:50:55,07-Jan-2030 22:52:00,65,NaN,NaN
Ground_Point_22,SAT_14,1,03-Jan-2030 22:43:10,03-Jan-2030 22:44:15,65,NaN,NaN
Ground_Point_22,SAT_14,2,04-Jan-2030 11:40:55,04-Jan-2030 11:42:10,75,NaN,NaN
Ground_Point_22,SAT_14,3,04-Jan-2030 22:21:35,04-Jan-2030 22:22:30,55,NaN,NaN
Ground_Point_22,SAT_14,4,07-Jan-2030 22:50:30,07-Jan-2030 22:50:50,20,NaN,NaN
Ground_Point_23,SAT_14,1,04-Jan-2030 11:39:55,04-Jan-2030 11:41:10,75,NaN,NaN
Ground_Point_23,SAT_14,2,04-Jan-2030 22:22:10,04-Jan-2030 22:23:30,80,NaN,NaN
Ground_Point_24,SAT_14,1,04-Jan-2030 11:40:20,04-Jan-2030 11:41:35,75,NaN,NaN
Ground_Point_24,SAT_14,2,04-Jan-2030 22:21:50,04-Jan-2030 22:23:05,75,NaN,NaN
Ground_Point_25,SAT_14,1,01-Jan-2030 11:11:50,01-Jan-2030 11:12:50,60,NaN,NaN
Ground_Point_25,SAT_14,2,01-Jan-2030 21:53:05,01-Jan-2030 21:53:55,50,NaN,NaN
Ground_Point_25,SAT_14,3,04-Jan-2030 22:21:50,04-Jan-2030 22:22:25,35,NaN,NaN
Ground_Point_25,SAT_14,4,05-Jan-2030 11:18:40,05-Jan-2030 11:19:55,75,NaN,NaN
Ground_Point_25,SAT_14,5,05-Jan-2030 21:59:50,05-Jan-2030 22:01:05,75,NaN,NaN
Ground_Point_26,SAT_14,1,01-Jan-2030 11:10:55,01-Jan-2030 11:12:10,75,NaN,NaN
Ground_Point_26,SAT_14,2,01-Jan-2030 21:53:20,01-Jan-2030 21:54:25,65,NaN,NaN
Ground_Point_26,SAT_14,3,02-Jan-2030 10:49:40,02-Jan-2030 10:50:05,25,NaN,NaN
Ground_Point_26,SAT_14,4,02-Jan-2030 21:31:45,02-Jan-2030 21:32:45,60,NaN,NaN
Ground_Point_26,SAT_14,5,05-Jan-2030 11:18:00,05-Jan-2030 11:19:00,60,NaN,NaN
Ground_Point_26,SAT_14,6,05-Jan-2030 22:00:35,05-Jan-2030 22:01:10,35,NaN,NaN
Ground_Point_26,SAT_14,7,06-Jan-2030 10:56:20,06-Jan-2030 10:57:20,60,NaN,NaN
Ground_Point_26,SAT_14,8,06-Jan-2030 21:38:35,06-Jan-2030 21:39:50,75,NaN,NaN
Ground_Point_27,SAT_14,1,01-Jan-2030 11:12:05,01-Jan-2030 11:13:20,75,NaN,NaN
Ground_Point_27,SAT_14,2,01-Jan-2030 21:52:15,01-Jan-2030 21:53:30,75,NaN,NaN
Ground_Point_27,SAT_14,3,05-Jan-2030 11:19:15,05-Jan-2030 11:20:10,55,NaN,NaN
Ground_Point_27,SAT_14,4,05-Jan-2030 21:59:10,05-Jan-2030 22:00:30,80,NaN,NaN
Ground_Point_27,SAT_14,5,06-Jan-2030 10:57:35,06-Jan-2030 10:58:30,55,NaN,NaN
Ground_Point_28,SAT_14,1,02-Jan-2030 23:02:50,02-Jan-2030 23:04:05,75,NaN,NaN
Ground_Point_28,SAT_14,2,03-Jan-2030 12:05:00,03-Jan-2030 12:06:10,70,NaN,NaN
Ground_Point_28,SAT_14,3,06-Jan-2030 23:09:45,06-Jan-2030 23:11:05,80,NaN,NaN
Ground_Point_28,SAT_14,4,07-Jan-2030 12:12:10,07-Jan-2030 12:12:55,45,NaN,NaN
Ground_Point_29,SAT_14,1,03-Jan-2030 22:41:10,03-Jan-2030 22:42:25,75,NaN,NaN
Ground_Point_29,SAT_14,2,04-Jan-2030 11:42:50,04-Jan-2030 11:44:00,70,NaN,NaN
Ground_Point_29,SAT_14,3,07-Jan-2030 22:48:10,07-Jan-2030 22:49:25,75,NaN,NaN
Ground_Point_30,SAT_14,1,01-Jan-2030 21:50:45,01-Jan-2030 21:51:45,60,NaN,NaN
Ground_Point_30,SAT_14,2,02-Jan-2030 10:52:00,02-Jan-2030 10:53:15,75,NaN,NaN
Ground_Point_30,SAT_14,3,05-Jan-2030 21:57:35,05-Jan-2030 21:58:50,75,NaN,NaN
Ground_Point_30,SAT_14,4,06-Jan-2030 10:58:55,06-Jan-2030 11:00:15,80,NaN,NaN
Ground_Point_31,SAT_14,1,01-Jan-2030 11:12:50,01-Jan-2030 11:14:10,80,NaN,NaN
Ground_Point_31,SAT_14,2,04-Jan-2030 22:20:25,04-Jan-2030 22:21:25,60,NaN,NaN
Ground_Point_31,SAT_14,3,05-Jan-2030 11:19:50,05-Jan-2030 11:21:05,75,NaN,NaN
Ground_Point_31,SAT_14,4,05-Jan-2030 21:58:50,05-Jan-2030 21:59:40,50,NaN,NaN
Ground_Point_32,SAT_14,1,02-Jan-2030 10:49:15,02-Jan-2030 10:50:00,45,NaN,NaN
Ground_Point_32,SAT_14,2,02-Jan-2030 21:31:45,02-Jan-2030 21:32:00,15,NaN,NaN
Ground_Point_32,SAT_14,3,03-Jan-2030 10:27:25,03-Jan-2030 10:28:35,70,NaN,NaN
Ground_Point_32,SAT_14,4,03-Jan-2030 21:09:35,03-Jan-2030 21:10:50,75,NaN,NaN
Ground_Point_32,SAT_14,5,07-Jan-2030 10:34:20,07-Jan-2030 10:35:35,75,NaN,NaN
Ground_Point_32,SAT_14,6,07-Jan-2030 21:16:30,07-Jan-2030 21:17:50,80,NaN,NaN
Ground_Point_33,SAT_14,1,03-Jan-2030 03:46:30,03-Jan-2030 03:47:45,75,NaN,NaN
Ground_Point_33,SAT_14,2,03-Jan-2030 16:48:30,03-Jan-2030 16:49:40,70,NaN,NaN
Ground_Point_33,SAT_14,3,07-Jan-2030 03:53:30,07-Jan-2030 03:54:45,75,NaN,NaN
Ground_Point_33,SAT_14,4,07-Jan-2030 16:55:50,07-Jan-2030 16:56:20,30,NaN,NaN
Ground_Point_34,SAT_14,1,02-Jan-2030 04:07:50,02-Jan-2030 04:09:00,70,NaN,NaN
Ground_Point_34,SAT_14,2,03-Jan-2030 16:49:05,03-Jan-2030 16:50:20,75,NaN,NaN
Ground_Point_34,SAT_14,3,06-Jan-2030 04:15:10,06-Jan-2030 04:15:40,30,NaN,NaN
Ground_Point_34,SAT_14,4,07-Jan-2030 03:53:20,07-Jan-2030 03:54:15,55,NaN,NaN
Ground_Point_34,SAT_14,5,07-Jan-2030 16:56:00,07-Jan-2030 16:57:15,75,NaN,NaN
Ground_Point_35,SAT_14,1,03-Jan-2030 03:47:05,03-Jan-2030 03:47:45,40,NaN,NaN
Ground_Point_35,SAT_14,2,04-Jan-2030 03:25:15,04-Jan-2030 03:26:15,60,NaN,NaN
Ground_Point_35,SAT_14,3,04-Jan-2030 16:26:20,04-Jan-2030 16:27:30,70,NaN,NaN
Ground_Point_36,SAT_14,1,01-Jan-2030 04:30:50,01-Jan-2030 04:31:45,55,NaN,NaN
Ground_Point_36,SAT_14,2,01-Jan-2030 17:32:05,01-Jan-2030 17:33:15,70,NaN,NaN
Ground_Point_36,SAT_14,3,05-Jan-2030 04:37:35,05-Jan-2030 04:38:55,80,NaN,NaN
Ground_Point_36,SAT_14,4,05-Jan-2030 17:39:00,05-Jan-2030 17:40:15,75,NaN,NaN
Ground_Point_37,SAT_14,1,03-Jan-2030 05:19:05,03-Jan-2030 05:20:10,65,NaN,NaN
Ground_Point_37,SAT_14,2,04-Jan-2030 18:03:20,04-Jan-2030 18:04:35,75,NaN,NaN
Ground_Point_37,SAT_14,3,07-Jan-2030 05:25:55,07-Jan-2030 05:27:15,80,NaN,NaN
Ground_Point_38,SAT_14,1,03-Jan-2030 05:18:10,03-Jan-2030 05:19:25,75,NaN,NaN
Ground_Point_38,SAT_14,2,04-Jan-2030 18:04:05,04-Jan-2030 18:05:15,70,NaN,NaN
Ground_Point_38,SAT_14,3,07-Jan-2030 05:25:05,07-Jan-2030 05:26:25,80,NaN,NaN
Ground_Point_39,SAT_14,1,03-Jan-2030 06:53:45,03-Jan-2030 06:55:00,75,NaN,NaN
Ground_Point_39,SAT_14,2,04-Jan-2030 19:37:30,04-Jan-2030 19:38:40,70,NaN,NaN
Ground_Point_39,SAT_14,3,07-Jan-2030 07:00:55,07-Jan-2030 07:01:50,55,NaN,NaN
Ground_Point_40,SAT_14,1,02-Jan-2030 07:16:55,02-Jan-2030 07:17:20,25,NaN,NaN
Ground_Point_40,SAT_14,2,03-Jan-2030 06:55:00,03-Jan-2030 06:56:00,60,NaN,NaN
Ground_Point_40,SAT_14,3,03-Jan-2030 19:58:25,03-Jan-2030 19:59:35,70,NaN,NaN
Ground_Point_40,SAT_14,4,07-Jan-2030 07:01:50,07-Jan-2030 07:03:05,75,NaN,NaN
Ground_Point_40,SAT_14,5,07-Jan-2030 20:05:40,07-Jan-2030 20:06:15,35,NaN,NaN
Ground_Point_41,SAT_14,1,02-Jan-2030 20:17:55,02-Jan-2030 20:18:20,25,NaN,NaN
Ground_Point_41,SAT_14,2,03-Jan-2030 06:57:20,03-Jan-2030 06:58:40,80,NaN,NaN
Ground_Point_41,SAT_14,3,03-Jan-2030 19:55:55,03-Jan-2030 19:57:05,70,NaN,NaN
Ground_Point_41,SAT_14,4,07-Jan-2030 07:04:30,07-Jan-2030 07:05:30,60,NaN,NaN
Ground_Point_41,SAT_14,5,07-Jan-2030 20:02:50,07-Jan-2030 20:04:05,75,NaN,NaN
Ground_Point_42,SAT_14,1,02-Jan-2030 04:09:05,02-Jan-2030 04:10:20,75,NaN,NaN
Ground_Point_42,SAT_14,2,02-Jan-2030 17:09:35,02-Jan-2030 17:10:50,75,NaN,NaN
Ground_Point_42,SAT_14,3,06-Jan-2030 04:16:10,06-Jan-2030 04:17:15,65,NaN,NaN
Ground_Point_42,SAT_14,4,06-Jan-2030 17:16:40,06-Jan-2030 17:17:40,60,NaN,NaN
Ground_Point_42,SAT_14,5,07-Jan-2030 03:54:45,07-Jan-2030 03:55:25,40,NaN,NaN
Ground_Point_42,SAT_14,6,07-Jan-2030 16:55:15,07-Jan-2030 16:55:55,40,NaN,NaN
Ground_Point_43,SAT_14,1,03-Jan-2030 03:47:45,03-Jan-2030 03:48:55,70,NaN,NaN
Ground_Point_43,SAT_14,2,03-Jan-2030 16:47:15,03-Jan-2030 16:48:30,75,NaN,NaN
Ground_Point_43,SAT_14,3,04-Jan-2030 03:26:35,04-Jan-2030 03:26:50,15,NaN,NaN
Ground_Point_43,SAT_14,4,07-Jan-2030 03:54:55,07-Jan-2030 03:55:40,45,NaN,NaN
Ground_Point_43,SAT_14,5,07-Jan-2030 16:54:20,07-Jan-2030 16:55:25,65,NaN,NaN
Ground_Point_44,SAT_14,1,02-Jan-2030 05:37:25,02-Jan-2030 05:38:30,65,NaN,NaN
Ground_Point_44,SAT_14,2,04-Jan-2030 18:06:50,04-Jan-2030 18:08:05,75,NaN,NaN
Ground_Point_44,SAT_14,3,06-Jan-2030 05:44:15,06-Jan-2030 05:45:35,80,NaN,NaN
Ground_Point_45,SAT_14,1,02-Jan-2030 05:40:10,02-Jan-2030 05:41:05,55,NaN,NaN
Ground_Point_45,SAT_14,2,04-Jan-2030 18:04:05,04-Jan-2030 18:05:15,70,NaN,NaN
Ground_Point_45,SAT_14,3,07-Jan-2030 05:25:30,07-Jan-2030 05:26:30,60,NaN,NaN
Ground_Point_46,SAT_14,1,02-Jan-2030 07:47:25,02-Jan-2030 07:48:30,65,NaN,NaN
Ground_Point_46,SAT_14,2,03-Jan-2030 19:27:45,03-Jan-2030 19:28:55,70,NaN,NaN
Ground_Point_46,SAT_14,3,06-Jan-2030 07:54:20,06-Jan-2030 07:55:35,75,NaN,NaN
Ground_Point_46,SAT_14,4,07-Jan-2030 19:35:05,07-Jan-2030 19:35:35,30,NaN,NaN
Ground_Point_47,SAT_14,1,02-Jan-2030 19:49:45,02-Jan-2030 19:50:45,60,NaN,NaN
Ground_Point_47,SAT_14,2,04-Jan-2030 08:38:35,04-Jan-2030 08:38:50,15,NaN,NaN
Ground_Point_47,SAT_14,3,05-Jan-2030 08:16:50,05-Jan-2030 08:17:20,30,NaN,NaN
Ground_Point_47,SAT_14,4,06-Jan-2030 19:56:35,06-Jan-2030 19:57:50,75,NaN,NaN
Ground_Point_48,SAT_14,1,02-Jan-2030 09:20:00,02-Jan-2030 09:21:15,75,NaN,NaN
Ground_Point_48,SAT_14,2,04-Jan-2030 20:42:15,04-Jan-2030 20:43:30,75,NaN,NaN
Ground_Point_48,SAT_14,3,06-Jan-2030 09:27:05,06-Jan-2030 09:28:05,60,NaN,NaN
Ground_Point_49,SAT_14,1,01-Jan-2030 09:42:35,01-Jan-2030 09:43:10,35,NaN,NaN
Ground_Point_49,SAT_14,2,02-Jan-2030 09:21:05,02-Jan-2030 09:21:30,25,NaN,NaN
Ground_Point_49,SAT_14,3,03-Jan-2030 21:03:40,03-Jan-2030 21:04:40,60,NaN,NaN
Ground_Point_49,SAT_14,4,06-Jan-2030 09:27:40,06-Jan-2030 09:28:50,70,NaN,NaN
Ground_Point_50,SAT_14,1,01-Jan-2030 21:32:50,01-Jan-2030 21:33:35,45,NaN,NaN
Ground_Point_50,SAT_14,2,03-Jan-2030 09:13:30,03-Jan-2030 09:14:45,75,NaN,NaN
Ground_Point_50,SAT_14,3,05-Jan-2030 21:39:35,05-Jan-2030 21:40:50,75,NaN,NaN
Ground_Point_50,SAT_14,4,07-Jan-2030 09:20:35,07-Jan-2030 09:21:30,55,NaN,NaN
Ground_Point_51,SAT_14,1,02-Jan-2030 11:01:35,02-Jan-2030 11:02:25,50,NaN,NaN
Ground_Point_51,SAT_14,2,02-Jan-2030 22:54:05,02-Jan-2030 22:54:55,50,NaN,NaN
Ground_Point_51,SAT_14,3,06-Jan-2030 11:08:20,06-Jan-2030 11:09:35,75,NaN,NaN
Ground_Point_51,SAT_14,4,06-Jan-2030 23:00:50,06-Jan-2030 23:02:05,75,NaN,NaN
Ground_Point_52,SAT_14,1,01-Jan-2030 02:38:40,01-Jan-2030 02:39:55,75,NaN,NaN
Ground_Point_52,SAT_14,2,02-Jan-2030 14:18:20,02-Jan-2030 14:19:20,60,NaN,NaN
Ground_Point_52,SAT_14,3,05-Jan-2030 02:45:45,05-Jan-2030 02:46:50,65,NaN,NaN
Ground_Point_52,SAT_14,4,07-Jan-2030 14:03:50,07-Jan-2030 14:04:35,45,NaN,NaN
Ground_Point_53,SAT_14,1,02-Jan-2030 02:17:10,02-Jan-2030 02:18:10,60,NaN,NaN
Ground_Point_53,SAT_14,2,03-Jan-2030 13:56:15,03-Jan-2030 13:57:30,75,NaN,NaN
Ground_Point_53,SAT_14,3,06-Jan-2030 02:24:00,06-Jan-2030 02:25:20,80,NaN,NaN
Ground_Point_53,SAT_14,4,07-Jan-2030 14:03:15,07-Jan-2030 14:04:25,70,NaN,NaN
Ground_Point_54,SAT_14,1,01-Jan-2030 14:43:15,01-Jan-2030 14:44:20,65,NaN,NaN
Ground_Point_54,SAT_14,2,03-Jan-2030 03:26:45,03-Jan-2030 03:27:45,60,NaN,NaN
Ground_Point_54,SAT_14,3,05-Jan-2030 14:50:10,05-Jan-2030 14:51:25,75,NaN,NaN
Ground_Point_54,SAT_14,4,07-Jan-2030 03:33:35,07-Jan-2030 03:34:55,80,NaN,NaN
Ground_Point_55,SAT_14,1,01-Jan-2030 04:11:00,01-Jan-2030 04:11:40,40,NaN,NaN
Ground_Point_55,SAT_14,2,03-Jan-2030 15:33:45,03-Jan-2030 15:34:50,65,NaN,NaN
Ground_Point_55,SAT_14,3,05-Jan-2030 04:17:45,05-Jan-2030 04:18:55,70,NaN,NaN
Ground_Point_55,SAT_14,4,07-Jan-2030 15:40:35,07-Jan-2030 15:41:55,80,NaN,NaN
Ground_Point_1,SAT_15,1,03-Jan-2030 14:23:50,03-Jan-2030 14:25:10,80,NaN,NaN
Ground_Point_1,SAT_15,2,04-Jan-2030 03:27:45,04-Jan-2030 03:28:15,30,NaN,NaN
Ground_Point_1,SAT_15,3,05-Jan-2030 03:06:00,05-Jan-2030 03:06:50,50,NaN,NaN
Ground_Point_1,SAT_15,4,07-Jan-2030 14:30:45,07-Jan-2030 14:32:05,80,NaN,NaN
Ground_Point_2,SAT_15,1,01-Jan-2030 02:59:25,01-Jan-2030 03:00:35,70,NaN,NaN
Ground_Point_2,SAT_15,2,03-Jan-2030 14:23:10,03-Jan-2030 14:24:25,75,NaN,NaN
Ground_Point_2,SAT_15,3,05-Jan-2030 03:06:15,05-Jan-2030 03:07:35,80,NaN,NaN
Ground_Point_2,SAT_15,4,07-Jan-2030 14:30:15,07-Jan-2030 14:31:10,55,NaN,NaN
Ground_Point_3,SAT_15,1,03-Jan-2030 14:23:50,03-Jan-2030 14:25:05,75,NaN,NaN
Ground_Point_3,SAT_15,2,04-Jan-2030 03:27:45,04-Jan-2030 03:28:25,40,NaN,NaN
Ground_Point_3,SAT_15,3,05-Jan-2030 03:06:05,05-Jan-2030 03:06:50,45,NaN,NaN
Ground_Point_3,SAT_15,4,07-Jan-2030 14:30:45,07-Jan-2030 14:32:00,75,NaN,NaN
Ground_Point_4,SAT_15,1,01-Jan-2030 13:32:40,01-Jan-2030 13:33:50,70,NaN,NaN
Ground_Point_4,SAT_15,2,03-Jan-2030 02:15:35,03-Jan-2030 02:16:40,65,NaN,NaN
Ground_Point_4,SAT_15,3,05-Jan-2030 13:39:30,05-Jan-2030 13:40:50,80,NaN,NaN
Ground_Point_4,SAT_15,4,07-Jan-2030 02:22:25,07-Jan-2030 02:23:40,75,NaN,NaN
Ground_Point_5,SAT_15,1,02-Jan-2030 02:37:35,02-Jan-2030 02:38:50,75,NaN,NaN
Ground_Point_5,SAT_15,2,04-Jan-2030 14:01:10,04-Jan-2030 14:02:20,70,NaN,NaN
Ground_Point_5,SAT_15,3,06-Jan-2030 02:44:30,06-Jan-2030 02:45:40,70,NaN,NaN
Ground_Point_6,SAT_15,1,02-Jan-2030 02:37:25,02-Jan-2030 02:38:35,70,NaN,NaN
Ground_Point_6,SAT_15,2,04-Jan-2030 14:01:30,04-Jan-2030 14:02:05,35,NaN,NaN
Ground_Point_6,SAT_15,3,05-Jan-2030 13:39:45,05-Jan-2030 13:40:35,50,NaN,NaN
Ground_Point_6,SAT_15,4,06-Jan-2030 02:44:35,06-Jan-2030 02:45:15,40,NaN,NaN
Ground_Point_6,SAT_15,5,07-Jan-2030 02:23:00,07-Jan-2030 02:23:30,30,NaN,NaN
Ground_Point_7,SAT_15,1,01-Jan-2030 15:08:10,01-Jan-2030 15:09:30,80,NaN,NaN
Ground_Point_7,SAT_15,2,02-Jan-2030 04:10:50,02-Jan-2030 04:11:35,45,NaN,NaN
Ground_Point_7,SAT_15,3,03-Jan-2030 03:49:10,03-Jan-2030 03:50:00,50,NaN,NaN
Ground_Point_7,SAT_15,4,05-Jan-2030 15:15:15,05-Jan-2030 15:16:20,65,NaN,NaN
Ground_Point_7,SAT_15,5,07-Jan-2030 03:55:55,07-Jan-2030 03:57:05,70,NaN,NaN
Ground_Point_8,SAT_15,1,01-Jan-2030 15:06:20,01-Jan-2030 15:06:30,10,NaN,NaN
Ground_Point_8,SAT_15,2,02-Jan-2030 14:44:20,02-Jan-2030 14:45:10,50,NaN,NaN
Ground_Point_8,SAT_15,3,04-Jan-2030 03:29:15,04-Jan-2030 03:30:30,75,NaN,NaN
Ground_Point_8,SAT_15,4,06-Jan-2030 14:51:05,06-Jan-2030 14:52:20,75,NaN,NaN
Ground_Point_9,SAT_15,1,03-Jan-2030 03:53:30,03-Jan-2030 03:54:45,75,NaN,NaN
Ground_Point_9,SAT_15,2,04-Jan-2030 15:32:25,04-Jan-2030 15:33:45,80,NaN,NaN
Ground_Point_9,SAT_15,3,07-Jan-2030 04:00:25,07-Jan-2030 04:01:35,70,NaN,NaN
Ground_Point_10,SAT_15,1,03-Jan-2030 03:53:30,03-Jan-2030 03:54:45,75,NaN,NaN
Ground_Point_10,SAT_15,2,04-Jan-2030 15:32:25,04-Jan-2030 15:33:40,75,NaN,NaN
Ground_Point_10,SAT_15,3,07-Jan-2030 04:00:30,07-Jan-2030 04:01:35,65,NaN,NaN
Ground_Point_11,SAT_15,1,01-Jan-2030 15:04:20,01-Jan-2030 15:05:20,60,NaN,NaN
Ground_Point_11,SAT_15,2,04-Jan-2030 03:30:50,04-Jan-2030 03:32:05,75,NaN,NaN
Ground_Point_11,SAT_15,3,06-Jan-2030 14:49:45,06-Jan-2030 14:50:30,45,NaN,NaN
Ground_Point_12,SAT_15,1,01-Jan-2030 16:32:50,01-Jan-2030 16:33:15,25,NaN,NaN
Ground_Point_12,SAT_15,2,02-Jan-2030 04:21:00,02-Jan-2030 04:22:10,70,NaN,NaN
Ground_Point_12,SAT_15,3,06-Jan-2030 04:27:50,06-Jan-2030 04:29:05,75,NaN,NaN
Ground_Point_12,SAT_15,4,06-Jan-2030 16:17:50,06-Jan-2030 16:18:55,65,NaN,NaN
Ground_Point_13,SAT_15,1,01-Jan-2030 04:39:40,01-Jan-2030 04:40:45,65,NaN,NaN
Ground_Point_13,SAT_15,2,01-Jan-2030 16:35:55,01-Jan-2030 16:36:50,55,NaN,NaN
Ground_Point_13,SAT_15,3,05-Jan-2030 04:46:30,05-Jan-2030 04:47:45,75,NaN,NaN
Ground_Point_13,SAT_15,4,06-Jan-2030 16:21:20,06-Jan-2030 16:22:00,40,NaN,NaN
Ground_Point_14,SAT_15,1,02-Jan-2030 04:18:25,02-Jan-2030 04:19:40,75,NaN,NaN
Ground_Point_14,SAT_15,2,02-Jan-2030 16:13:15,02-Jan-2030 16:14:10,55,NaN,NaN
Ground_Point_14,SAT_15,3,06-Jan-2030 04:25:25,06-Jan-2030 04:26:25,60,NaN,NaN
Ground_Point_14,SAT_15,4,07-Jan-2030 15:58:40,07-Jan-2030 15:59:20,40,NaN,NaN
Ground_Point_15,SAT_15,1,02-Jan-2030 16:08:50,02-Jan-2030 16:09:55,65,NaN,NaN
Ground_Point_15,SAT_15,2,03-Jan-2030 04:01:15,03-Jan-2030 04:02:10,55,NaN,NaN
Ground_Point_15,SAT_15,3,06-Jan-2030 16:15:40,06-Jan-2030 16:16:55,75,NaN,NaN
Ground_Point_15,SAT_15,4,07-Jan-2030 04:08:00,07-Jan-2030 04:09:15,75,NaN,NaN
Ground_Point_16,SAT_15,1,01-Jan-2030 15:01:40,01-Jan-2030 15:02:45,65,NaN,NaN
Ground_Point_16,SAT_15,2,04-Jan-2030 03:33:55,04-Jan-2030 03:34:20,25,NaN,NaN
Ground_Point_16,SAT_15,3,05-Jan-2030 15:08:30,05-Jan-2030 15:09:45,75,NaN,NaN
Ground_Point_17,SAT_15,1,01-Jan-2030 04:42:30,01-Jan-2030 04:43:10,40,NaN,NaN
Ground_Point_17,SAT_15,2,01-Jan-2030 16:33:00,01-Jan-2030 16:34:15,75,NaN,NaN
Ground_Point_17,SAT_15,3,05-Jan-2030 16:40:10,05-Jan-2030 16:40:50,40,NaN,NaN
Ground_Point_17,SAT_15,4,06-Jan-2030 04:27:40,06-Jan-2030 04:28:35,55,NaN,NaN
Ground_Point_18,SAT_15,1,01-Jan-2030 18:11:50,01-Jan-2030 18:13:05,75,NaN,NaN
Ground_Point_18,SAT_15,2,04-Jan-2030 06:41:30,04-Jan-2030 06:42:45,75,NaN,NaN
Ground_Point_18,SAT_15,3,05-Jan-2030 18:18:45,05-Jan-2030 18:20:00,75,NaN,NaN
Ground_Point_19,SAT_15,1,02-Jan-2030 17:52:25,02-Jan-2030 17:53:40,75,NaN,NaN
Ground_Point_19,SAT_15,2,04-Jan-2030 06:39:20,04-Jan-2030 06:39:40,20,NaN,NaN
Ground_Point_19,SAT_15,3,05-Jan-2030 06:17:35,05-Jan-2030 06:18:10,35,NaN,NaN
Ground_Point_19,SAT_15,4,06-Jan-2030 17:59:25,06-Jan-2030 18:00:30,65,NaN,NaN
Ground_Point_20,SAT_15,1,01-Jan-2030 06:14:15,01-Jan-2030 06:15:35,80,NaN,NaN
Ground_Point_20,SAT_15,2,01-Jan-2030 18:10:20,01-Jan-2030 18:11:00,40,NaN,NaN
Ground_Point_20,SAT_15,3,05-Jan-2030 06:21:15,05-Jan-2030 06:22:20,65,NaN,NaN
Ground_Point_20,SAT_15,4,06-Jan-2030 17:55:30,06-Jan-2030 17:56:30,60,NaN,NaN
Ground_Point_21,SAT_15,1,02-Jan-2030 12:00:15,02-Jan-2030 12:01:35,80,NaN,NaN
Ground_Point_21,SAT_15,2,02-Jan-2030 22:42:05,02-Jan-2030 22:43:25,80,NaN,NaN
Ground_Point_21,SAT_15,3,06-Jan-2030 12:07:15,06-Jan-2030 12:08:25,70,NaN,NaN
Ground_Point_21,SAT_15,4,06-Jan-2030 22:49:05,06-Jan-2030 22:50:15,70,NaN,NaN
Ground_Point_21,SAT_15,5,07-Jan-2030 11:45:50,07-Jan-2030 11:46:30,40,NaN,NaN
Ground_Point_21,SAT_15,6,07-Jan-2030 22:27:35,07-Jan-2030 22:28:25,50,NaN,NaN
Ground_Point_22,SAT_15,1,02-Jan-2030 12:01:15,02-Jan-2030 12:01:40,25,NaN,NaN
Ground_Point_22,SAT_15,2,02-Jan-2030 22:41:25,02-Jan-2030 22:42:35,70,NaN,NaN
Ground_Point_22,SAT_15,3,03-Jan-2030 11:39:15,03-Jan-2030 11:40:25,70,NaN,NaN
Ground_Point_22,SAT_15,4,03-Jan-2030 22:20:00,03-Jan-2030 22:20:40,40,NaN,NaN
Ground_Point_22,SAT_15,5,06-Jan-2030 22:48:35,06-Jan-2030 22:49:15,40,NaN,NaN
Ground_Point_22,SAT_15,6,07-Jan-2030 11:46:05,07-Jan-2030 11:47:25,80,NaN,NaN
Ground_Point_22,SAT_15,7,07-Jan-2030 22:26:40,07-Jan-2030 22:27:50,70,NaN,NaN
Ground_Point_23,SAT_15,1,03-Jan-2030 11:38:10,03-Jan-2030 11:39:30,80,NaN,NaN
Ground_Point_23,SAT_15,2,03-Jan-2030 22:20:25,03-Jan-2030 22:21:45,80,NaN,NaN
Ground_Point_23,SAT_15,3,07-Jan-2030 11:45:10,07-Jan-2030 11:46:25,75,NaN,NaN
Ground_Point_23,SAT_15,4,07-Jan-2030 22:27:25,07-Jan-2030 22:28:35,70,NaN,NaN
Ground_Point_24,SAT_15,1,03-Jan-2030 11:38:35,03-Jan-2030 11:39:55,80,NaN,NaN
Ground_Point_24,SAT_15,2,03-Jan-2030 22:20:05,03-Jan-2030 22:21:25,80,NaN,NaN
Ground_Point_24,SAT_15,3,07-Jan-2030 11:45:35,07-Jan-2030 11:46:50,75,NaN,NaN
Ground_Point_24,SAT_15,4,07-Jan-2030 22:27:00,07-Jan-2030 22:28:20,80,NaN,NaN
Ground_Point_25,SAT_15,1,03-Jan-2030 11:39:10,03-Jan-2030 11:39:20,10,NaN,NaN
Ground_Point_25,SAT_15,2,03-Jan-2030 22:20:00,03-Jan-2030 22:20:45,45,NaN,NaN
Ground_Point_25,SAT_15,3,04-Jan-2030 11:17:00,04-Jan-2030 11:18:15,75,NaN,NaN
Ground_Point_25,SAT_15,4,04-Jan-2030 21:58:10,04-Jan-2030 21:59:15,65,NaN,NaN
Ground_Point_26,SAT_15,1,01-Jan-2030 21:30:10,01-Jan-2030 21:31:00,50,NaN,NaN
Ground_Point_26,SAT_15,2,04-Jan-2030 11:16:15,04-Jan-2030 11:17:20,65,NaN,NaN
Ground_Point_26,SAT_15,3,04-Jan-2030 21:58:45,04-Jan-2030 21:59:35,50,NaN,NaN
Ground_Point_26,SAT_15,4,05-Jan-2030 10:54:40,05-Jan-2030 10:55:35,55,NaN,NaN
Ground_Point_26,SAT_15,5,05-Jan-2030 21:36:55,05-Jan-2030 21:38:05,70,NaN,NaN
Ground_Point_27,SAT_15,1,04-Jan-2030 11:17:25,04-Jan-2030 11:18:30,65,NaN,NaN
Ground_Point_27,SAT_15,2,04-Jan-2030 21:57:25,04-Jan-2030 21:58:45,80,NaN,NaN
Ground_Point_27,SAT_15,3,05-Jan-2030 10:55:55,05-Jan-2030 10:56:40,45,NaN,NaN
Ground_Point_28,SAT_15,1,01-Jan-2030 23:01:10,01-Jan-2030 23:02:20,70,NaN,NaN
Ground_Point_28,SAT_15,2,02-Jan-2030 12:03:15,02-Jan-2030 12:04:30,75,NaN,NaN
Ground_Point_28,SAT_15,3,05-Jan-2030 23:08:00,05-Jan-2030 23:09:20,80,NaN,NaN
Ground_Point_28,SAT_15,4,06-Jan-2030 12:10:20,06-Jan-2030 12:11:15,55,NaN,NaN
Ground_Point_28,SAT_15,5,07-Jan-2030 11:48:55,07-Jan-2030 11:49:20,25,NaN,NaN
Ground_Point_29,SAT_15,1,02-Jan-2030 22:39:30,02-Jan-2030 22:40:45,75,NaN,NaN
Ground_Point_29,SAT_15,2,03-Jan-2030 11:41:05,03-Jan-2030 11:42:20,75,NaN,NaN
Ground_Point_29,SAT_15,3,06-Jan-2030 22:46:25,06-Jan-2030 22:47:40,75,NaN,NaN
Ground_Point_29,SAT_15,4,07-Jan-2030 11:48:10,07-Jan-2030 11:49:05,55,NaN,NaN
Ground_Point_30,SAT_15,1,01-Jan-2030 10:50:20,01-Jan-2030 10:51:30,70,NaN,NaN
Ground_Point_30,SAT_15,2,04-Jan-2030 21:55:55,04-Jan-2030 21:57:05,70,NaN,NaN
Ground_Point_30,SAT_15,3,05-Jan-2030 10:57:15,05-Jan-2030 10:58:30,75,NaN,NaN
Ground_Point_31,SAT_15,1,03-Jan-2030 22:18:40,03-Jan-2030 22:19:45,65,NaN,NaN
Ground_Point_31,SAT_15,2,04-Jan-2030 11:18:05,04-Jan-2030 11:19:20,75,NaN,NaN
Ground_Point_31,SAT_15,3,04-Jan-2030 21:57:15,04-Jan-2030 21:57:50,35,NaN,NaN
Ground_Point_31,SAT_15,4,07-Jan-2030 22:25:55,07-Jan-2030 22:26:20,25,NaN,NaN
Ground_Point_32,SAT_15,1,01-Jan-2030 10:47:30,01-Jan-2030 10:48:25,55,NaN,NaN
Ground_Point_32,SAT_15,2,01-Jan-2030 21:29:55,01-Jan-2030 21:30:25,30,NaN,NaN
Ground_Point_32,SAT_15,3,02-Jan-2030 10:25:45,02-Jan-2030 10:26:50,65,NaN,NaN
Ground_Point_32,SAT_15,4,02-Jan-2030 21:07:55,02-Jan-2030 21:09:05,70,NaN,NaN
Ground_Point_32,SAT_15,5,06-Jan-2030 10:32:35,06-Jan-2030 10:33:50,75,NaN,NaN
Ground_Point_32,SAT_15,6,06-Jan-2030 21:14:45,06-Jan-2030 21:16:05,80,NaN,NaN
Ground_Point_33,SAT_15,1,02-Jan-2030 03:44:45,02-Jan-2030 03:46:05,80,NaN,NaN
Ground_Point_33,SAT_15,2,02-Jan-2030 16:46:50,02-Jan-2030 16:48:00,70,NaN,NaN
Ground_Point_33,SAT_15,3,06-Jan-2030 03:51:45,06-Jan-2030 03:53:00,75,NaN,NaN
Ground_Point_33,SAT_15,4,06-Jan-2030 16:53:55,06-Jan-2030 16:54:40,45,NaN,NaN
Ground_Point_33,SAT_15,5,07-Jan-2030 16:32:15,07-Jan-2030 16:33:05,50,NaN,NaN
Ground_Point_34,SAT_15,1,01-Jan-2030 04:06:10,01-Jan-2030 04:07:20,70,NaN,NaN
Ground_Point_34,SAT_15,2,02-Jan-2030 16:47:25,02-Jan-2030 16:48:35,70,NaN,NaN
Ground_Point_34,SAT_15,3,05-Jan-2030 04:13:15,05-Jan-2030 04:14:05,50,NaN,NaN
Ground_Point_34,SAT_15,4,06-Jan-2030 03:51:40,06-Jan-2030 03:52:25,45,NaN,NaN
Ground_Point_34,SAT_15,5,06-Jan-2030 16:54:15,06-Jan-2030 16:55:35,80,NaN,NaN
Ground_Point_35,SAT_15,1,02-Jan-2030 03:45:20,02-Jan-2030 03:46:10,50,NaN,NaN
Ground_Point_35,SAT_15,2,03-Jan-2030 03:23:40,03-Jan-2030 03:24:30,50,NaN,NaN
Ground_Point_35,SAT_15,3,03-Jan-2030 16:24:40,03-Jan-2030 16:25:45,65,NaN,NaN
Ground_Point_35,SAT_15,4,07-Jan-2030 03:30:25,07-Jan-2030 03:31:35,70,NaN,NaN
Ground_Point_35,SAT_15,5,07-Jan-2030 16:31:30,07-Jan-2030 16:32:45,75,NaN,NaN
Ground_Point_36,SAT_15,1,04-Jan-2030 04:35:55,04-Jan-2030 04:37:10,75,NaN,NaN
Ground_Point_36,SAT_15,2,04-Jan-2030 17:37:15,04-Jan-2030 17:38:35,80,NaN,NaN
Ground_Point_37,SAT_15,1,02-Jan-2030 05:17:25,02-Jan-2030 05:18:25,60,NaN,NaN
Ground_Point_37,SAT_15,2,03-Jan-2030 18:01:40,03-Jan-2030 18:02:50,70,NaN,NaN
Ground_Point_37,SAT_15,3,06-Jan-2030 05:24:10,06-Jan-2030 05:25:30,80,NaN,NaN
Ground_Point_37,SAT_15,4,07-Jan-2030 18:08:35,07-Jan-2030 18:09:50,75,NaN,NaN
Ground_Point_38,SAT_15,1,02-Jan-2030 05:16:30,02-Jan-2030 05:17:40,70,NaN,NaN
Ground_Point_38,SAT_15,2,03-Jan-2030 18:02:20,03-Jan-2030 18:03:35,75,NaN,NaN
Ground_Point_38,SAT_15,3,06-Jan-2030 05:23:20,06-Jan-2030 05:24:40,80,NaN,NaN
Ground_Point_38,SAT_15,4,07-Jan-2030 18:09:30,07-Jan-2030 18:10:15,45,NaN,NaN
Ground_Point_39,SAT_15,1,02-Jan-2030 06:52:00,02-Jan-2030 06:53:20,80,NaN,NaN
Ground_Point_39,SAT_15,2,03-Jan-2030 19:35:45,03-Jan-2030 19:37:00,75,NaN,NaN
Ground_Point_39,SAT_15,3,06-Jan-2030 06:59:05,06-Jan-2030 07:00:05,60,NaN,NaN
Ground_Point_39,SAT_15,4,07-Jan-2030 19:42:50,07-Jan-2030 19:43:45,55,NaN,NaN
Ground_Point_40,SAT_15,1,01-Jan-2030 07:15:05,01-Jan-2030 07:15:50,45,NaN,NaN
Ground_Point_40,SAT_15,2,02-Jan-2030 06:53:25,02-Jan-2030 06:54:15,50,NaN,NaN
Ground_Point_40,SAT_15,3,02-Jan-2030 19:56:40,02-Jan-2030 19:57:55,75,NaN,NaN
Ground_Point_40,SAT_15,4,06-Jan-2030 07:00:10,06-Jan-2030 07:01:20,70,NaN,NaN
Ground_Point_40,SAT_15,5,06-Jan-2030 20:03:45,06-Jan-2030 20:04:35,50,NaN,NaN
Ground_Point_40,SAT_15,6,07-Jan-2030 19:42:15,07-Jan-2030 19:42:50,35,NaN,NaN
Ground_Point_41,SAT_15,1,01-Jan-2030 20:16:05,01-Jan-2030 20:16:45,40,NaN,NaN
Ground_Point_41,SAT_15,2,02-Jan-2030 06:55:40,02-Jan-2030 06:56:55,75,NaN,NaN
Ground_Point_41,SAT_15,3,02-Jan-2030 19:54:15,02-Jan-2030 19:55:20,65,NaN,NaN
Ground_Point_41,SAT_15,4,06-Jan-2030 07:02:40,06-Jan-2030 07:03:45,65,NaN,NaN
Ground_Point_41,SAT_15,5,06-Jan-2030 20:01:05,06-Jan-2030 20:02:20,75,NaN,NaN
Ground_Point_41,SAT_15,6,07-Jan-2030 06:41:15,07-Jan-2030 06:41:55,40,NaN,NaN
Ground_Point_42,SAT_15,1,01-Jan-2030 04:07:25,01-Jan-2030 04:08:40,75,NaN,NaN
Ground_Point_42,SAT_15,2,01-Jan-2030 17:07:55,01-Jan-2030 17:09:10,75,NaN,NaN
Ground_Point_42,SAT_15,3,05-Jan-2030 04:14:25,05-Jan-2030 04:15:30,65,NaN,NaN
Ground_Point_42,SAT_15,4,05-Jan-2030 17:14:55,05-Jan-2030 17:16:00,65,NaN,NaN
Ground_Point_42,SAT_15,5,06-Jan-2030 03:53:10,06-Jan-2030 03:53:30,20,NaN,NaN
Ground_Point_42,SAT_15,6,06-Jan-2030 16:53:40,06-Jan-2030 16:54:00,20,NaN,NaN
Ground_Point_43,SAT_15,1,02-Jan-2030 03:46:00,02-Jan-2030 03:47:15,75,NaN,NaN
Ground_Point_43,SAT_15,2,02-Jan-2030 16:45:30,02-Jan-2030 16:46:50,80,NaN,NaN
Ground_Point_43,SAT_15,3,06-Jan-2030 03:53:05,06-Jan-2030 03:54:00,55,NaN,NaN
Ground_Point_43,SAT_15,4,06-Jan-2030 16:52:30,06-Jan-2030 16:53:40,70,NaN,NaN
Ground_Point_43,SAT_15,5,07-Jan-2030 03:31:25,07-Jan-2030 03:32:20,55,NaN,NaN
Ground_Point_44,SAT_15,1,01-Jan-2030 05:35:50,01-Jan-2030 05:36:45,55,NaN,NaN
Ground_Point_44,SAT_15,2,03-Jan-2030 18:05:10,03-Jan-2030 18:06:25,75,NaN,NaN
Ground_Point_44,SAT_15,3,05-Jan-2030 05:42:35,05-Jan-2030 05:43:50,75,NaN,NaN
Ground_Point_44,SAT_15,4,07-Jan-2030 18:12:05,07-Jan-2030 18:13:15,70,NaN,NaN
Ground_Point_45,SAT_15,1,01-Jan-2030 05:38:25,01-Jan-2030 05:39:30,65,NaN,NaN
Ground_Point_45,SAT_15,2,03-Jan-2030 18:02:25,03-Jan-2030 18:03:30,65,NaN,NaN
Ground_Point_45,SAT_15,3,06-Jan-2030 05:23:45,06-Jan-2030 05:24:45,60,NaN,NaN
Ground_Point_45,SAT_15,4,07-Jan-2030 18:09:15,07-Jan-2030 18:10:30,75,NaN,NaN
Ground_Point_46,SAT_15,1,01-Jan-2030 07:45:45,01-Jan-2030 07:46:50,65,NaN,NaN
Ground_Point_46,SAT_15,2,02-Jan-2030 19:26:00,02-Jan-2030 19:27:15,75,NaN,NaN
Ground_Point_46,SAT_15,3,05-Jan-2030 07:52:35,05-Jan-2030 07:53:50,75,NaN,NaN
Ground_Point_46,SAT_15,4,06-Jan-2030 19:33:10,06-Jan-2030 19:34:00,50,NaN,NaN
Ground_Point_47,SAT_15,1,01-Jan-2030 19:48:10,01-Jan-2030 19:48:55,45,NaN,NaN
Ground_Point_47,SAT_15,2,03-Jan-2030 08:36:40,03-Jan-2030 08:37:20,40,NaN,NaN
Ground_Point_47,SAT_15,3,05-Jan-2030 19:54:50,05-Jan-2030 19:56:05,75,NaN,NaN
Ground_Point_48,SAT_15,1,01-Jan-2030 09:18:20,01-Jan-2030 09:19:35,75,NaN,NaN
Ground_Point_48,SAT_15,2,03-Jan-2030 20:40:30,03-Jan-2030 20:41:50,80,NaN,NaN
Ground_Point_48,SAT_15,3,05-Jan-2030 09:25:15,05-Jan-2030 09:26:25,70,NaN,NaN
Ground_Point_48,SAT_15,4,07-Jan-2030 20:47:30,07-Jan-2030 20:48:40,70,NaN,NaN
Ground_Point_49,SAT_15,1,02-Jan-2030 21:01:55,02-Jan-2030 21:03:00,65,NaN,NaN
Ground_Point_49,SAT_15,2,05-Jan-2030 09:26:00,05-Jan-2030 09:27:05,65,NaN,NaN
Ground_Point_49,SAT_15,3,06-Jan-2030 21:09:15,06-Jan-2030 21:09:25,10,NaN,NaN
Ground_Point_49,SAT_15,4,07-Jan-2030 20:47:20,07-Jan-2030 20:48:10,50,NaN,NaN
Ground_Point_50,SAT_15,1,02-Jan-2030 09:11:45,02-Jan-2030 09:13:05,80,NaN,NaN
Ground_Point_50,SAT_15,2,04-Jan-2030 21:37:50,04-Jan-2030 21:39:05,75,NaN,NaN
Ground_Point_50,SAT_15,3,06-Jan-2030 09:18:50,06-Jan-2030 09:19:50,60,NaN,NaN
Ground_Point_51,SAT_15,1,01-Jan-2030 11:00:00,01-Jan-2030 11:00:40,40,NaN,NaN
Ground_Point_51,SAT_15,2,01-Jan-2030 22:52:30,01-Jan-2030 22:53:10,40,NaN,NaN
Ground_Point_51,SAT_15,3,05-Jan-2030 11:06:40,05-Jan-2030 11:07:50,70,NaN,NaN
Ground_Point_51,SAT_15,4,05-Jan-2030 22:59:10,05-Jan-2030 23:00:20,70,NaN,NaN
Ground_Point_52,SAT_15,1,01-Jan-2030 14:16:35,01-Jan-2030 14:17:45,70,NaN,NaN
Ground_Point_52,SAT_15,2,04-Jan-2030 02:44:00,04-Jan-2030 02:45:10,70,NaN,NaN
Ground_Point_52,SAT_15,3,05-Jan-2030 14:24:00,05-Jan-2030 14:24:10,10,NaN,NaN
Ground_Point_52,SAT_15,4,06-Jan-2030 14:02:15,06-Jan-2030 14:02:40,25,NaN,NaN
Ground_Point_53,SAT_15,1,01-Jan-2030 02:15:40,01-Jan-2030 02:16:25,45,NaN,NaN
Ground_Point_53,SAT_15,2,02-Jan-2030 13:54:35,02-Jan-2030 13:55:50,75,NaN,NaN
Ground_Point_53,SAT_15,3,05-Jan-2030 02:22:20,05-Jan-2030 02:23:35,75,NaN,NaN
Ground_Point_53,SAT_15,4,06-Jan-2030 14:01:30,06-Jan-2030 14:02:45,75,NaN,NaN
Ground_Point_54,SAT_15,1,02-Jan-2030 03:25:05,02-Jan-2030 03:26:00,55,NaN,NaN
Ground_Point_54,SAT_15,2,04-Jan-2030 14:48:25,04-Jan-2030 14:49:40,75,NaN,NaN
Ground_Point_54,SAT_15,3,06-Jan-2030 03:31:50,06-Jan-2030 03:33:05,75,NaN,NaN
Ground_Point_55,SAT_15,1,02-Jan-2030 15:32:10,02-Jan-2030 15:33:05,55,NaN,NaN
Ground_Point_55,SAT_15,2,04-Jan-2030 04:16:05,04-Jan-2030 04:17:10,65,NaN,NaN
Ground_Point_55,SAT_15,3,06-Jan-2030 15:38:55,06-Jan-2030 15:40:05,70,NaN,NaN
Ground_Point_1,SAT_16,1,02-Jan-2030 14:22:15,02-Jan-2030 14:23:30,75,NaN,NaN
Ground_Point_1,SAT_16,2,03-Jan-2030 03:26:05,03-Jan-2030 03:26:50,45,NaN,NaN
Ground_Point_1,SAT_16,3,04-Jan-2030 03:04:30,04-Jan-2030 03:05:10,40,NaN,NaN
Ground_Point_1,SAT_16,4,06-Jan-2030 14:29:15,06-Jan-2030 14:30:35,80,NaN,NaN
Ground_Point_2,SAT_16,1,02-Jan-2030 14:21:30,02-Jan-2030 14:22:50,80,NaN,NaN
Ground_Point_2,SAT_16,2,04-Jan-2030 03:04:45,04-Jan-2030 03:06:00,75,NaN,NaN
Ground_Point_2,SAT_16,3,06-Jan-2030 14:28:40,06-Jan-2030 14:29:45,65,NaN,NaN
Ground_Point_3,SAT_16,1,02-Jan-2030 14:22:15,02-Jan-2030 14:23:25,70,NaN,NaN
Ground_Point_3,SAT_16,2,03-Jan-2030 03:26:05,03-Jan-2030 03:26:55,50,NaN,NaN
Ground_Point_3,SAT_16,3,04-Jan-2030 03:04:35,04-Jan-2030 03:05:10,35,NaN,NaN
Ground_Point_3,SAT_16,4,06-Jan-2030 14:29:15,06-Jan-2030 14:30:35,80,NaN,NaN
Ground_Point_4,SAT_16,1,02-Jan-2030 02:14:00,02-Jan-2030 02:15:00,60,NaN,NaN
Ground_Point_4,SAT_16,2,04-Jan-2030 13:37:55,04-Jan-2030 13:39:15,80,NaN,NaN
Ground_Point_4,SAT_16,3,06-Jan-2030 02:20:55,06-Jan-2030 02:22:10,75,NaN,NaN
Ground_Point_5,SAT_16,1,01-Jan-2030 02:35:55,01-Jan-2030 02:37:10,75,NaN,NaN
Ground_Point_5,SAT_16,2,03-Jan-2030 13:59:30,03-Jan-2030 14:00:45,75,NaN,NaN
Ground_Point_5,SAT_16,3,05-Jan-2030 02:43:00,05-Jan-2030 02:44:10,70,NaN,NaN
Ground_Point_5,SAT_16,4,07-Jan-2030 14:06:50,07-Jan-2030 14:07:35,45,NaN,NaN
Ground_Point_6,SAT_16,1,01-Jan-2030 02:35:45,01-Jan-2030 02:37:00,75,NaN,NaN
Ground_Point_6,SAT_16,2,03-Jan-2030 13:59:50,03-Jan-2030 14:00:35,45,NaN,NaN
Ground_Point_6,SAT_16,3,04-Jan-2030 13:38:20,04-Jan-2030 13:38:55,35,NaN,NaN
Ground_Point_6,SAT_16,4,05-Jan-2030 02:42:55,05-Jan-2030 02:43:50,55,NaN,NaN
Ground_Point_7,SAT_16,1,01-Jan-2030 04:09:10,01-Jan-2030 04:10:00,50,NaN,NaN
Ground_Point_7,SAT_16,2,02-Jan-2030 03:47:40,02-Jan-2030 03:48:15,35,NaN,NaN
Ground_Point_7,SAT_16,3,04-Jan-2030 15:13:35,04-Jan-2030 15:14:45,70,NaN,NaN
Ground_Point_7,SAT_16,4,06-Jan-2030 03:54:25,06-Jan-2030 03:55:35,70,NaN,NaN
Ground_Point_8,SAT_16,1,01-Jan-2030 14:42:50,01-Jan-2030 14:43:25,35,NaN,NaN
Ground_Point_8,SAT_16,2,03-Jan-2030 03:27:45,03-Jan-2030 03:28:55,70,NaN,NaN
Ground_Point_8,SAT_16,3,05-Jan-2030 14:49:35,05-Jan-2030 14:50:45,70,NaN,NaN
Ground_Point_8,SAT_16,4,07-Jan-2030 03:34:40,07-Jan-2030 03:35:55,75,NaN,NaN
Ground_Point_9,SAT_16,1,02-Jan-2030 03:51:50,02-Jan-2030 03:53:05,75,NaN,NaN
Ground_Point_9,SAT_16,2,03-Jan-2030 15:30:50,03-Jan-2030 15:32:10,80,NaN,NaN
Ground_Point_9,SAT_16,3,06-Jan-2030 03:58:50,06-Jan-2030 04:00:05,75,NaN,NaN
Ground_Point_9,SAT_16,4,07-Jan-2030 15:38:00,07-Jan-2030 15:39:00,60,NaN,NaN
Ground_Point_10,SAT_16,1,02-Jan-2030 03:51:55,02-Jan-2030 03:53:10,75,NaN,NaN
Ground_Point_10,SAT_16,2,03-Jan-2030 15:30:50,03-Jan-2030 15:32:05,75,NaN,NaN
Ground_Point_10,SAT_16,3,06-Jan-2030 03:58:55,06-Jan-2030 04:00:10,75,NaN,NaN
Ground_Point_10,SAT_16,4,07-Jan-2030 15:38:00,07-Jan-2030 15:38:55,55,NaN,NaN
Ground_Point_11,SAT_16,1,03-Jan-2030 03:29:15,03-Jan-2030 03:30:30,75,NaN,NaN
Ground_Point_11,SAT_16,2,04-Jan-2030 15:10:00,04-Jan-2030 15:10:20,20,NaN,NaN
Ground_Point_11,SAT_16,3,05-Jan-2030 14:48:20,05-Jan-2030 14:48:50,30,NaN,NaN
Ground_Point_11,SAT_16,4,07-Jan-2030 03:36:25,07-Jan-2030 03:37:20,55,NaN,NaN
Ground_Point_12,SAT_16,1,01-Jan-2030 04:19:20,01-Jan-2030 04:20:30,70,NaN,NaN
Ground_Point_12,SAT_16,2,05-Jan-2030 04:26:20,05-Jan-2030 04:27:35,75,NaN,NaN
Ground_Point_12,SAT_16,3,05-Jan-2030 16:16:20,05-Jan-2030 16:17:20,60,NaN,NaN
Ground_Point_13,SAT_16,1,04-Jan-2030 04:44:55,04-Jan-2030 04:46:10,75,NaN,NaN
Ground_Point_13,SAT_16,2,05-Jan-2030 16:19:55,05-Jan-2030 16:20:20,25,NaN,NaN
Ground_Point_14,SAT_16,1,01-Jan-2030 04:16:45,01-Jan-2030 04:18:00,75,NaN,NaN
Ground_Point_14,SAT_16,2,01-Jan-2030 16:11:30,01-Jan-2030 16:12:40,70,NaN,NaN
Ground_Point_14,SAT_16,3,05-Jan-2030 04:23:50,05-Jan-2030 04:24:55,65,NaN,NaN
Ground_Point_14,SAT_16,4,06-Jan-2030 15:57:20,06-Jan-2030 15:57:40,20,NaN,NaN
Ground_Point_15,SAT_16,1,01-Jan-2030 16:07:20,01-Jan-2030 16:08:10,50,NaN,NaN
Ground_Point_15,SAT_16,2,02-Jan-2030 03:59:45,02-Jan-2030 04:00:30,45,NaN,NaN
Ground_Point_15,SAT_16,3,05-Jan-2030 16:14:05,05-Jan-2030 16:15:25,80,NaN,NaN
Ground_Point_15,SAT_16,4,06-Jan-2030 04:06:30,06-Jan-2030 04:07:45,75,NaN,NaN
Ground_Point_16,SAT_16,1,03-Jan-2030 03:32:10,03-Jan-2030 03:32:55,45,NaN,NaN
Ground_Point_16,SAT_16,2,04-Jan-2030 15:06:55,04-Jan-2030 15:08:10,75,NaN,NaN
Ground_Point_17,SAT_16,1,04-Jan-2030 16:38:30,04-Jan-2030 16:39:25,55,NaN,NaN
Ground_Point_17,SAT_16,2,05-Jan-2030 04:26:15,05-Jan-2030 04:26:55,40,NaN,NaN
Ground_Point_18,SAT_16,1,03-Jan-2030 06:39:55,03-Jan-2030 06:41:10,75,NaN,NaN
Ground_Point_18,SAT_16,2,04-Jan-2030 18:17:10,04-Jan-2030 18:18:30,80,NaN,NaN
Ground_Point_18,SAT_16,3,07-Jan-2030 06:47:05,07-Jan-2030 06:48:00,55,NaN,NaN
Ground_Point_19,SAT_16,1,01-Jan-2030 17:50:45,01-Jan-2030 17:52:05,80,NaN,NaN
Ground_Point_19,SAT_16,2,03-Jan-2030 06:37:35,03-Jan-2030 06:38:15,40,NaN,NaN
Ground_Point_19,SAT_16,3,04-Jan-2030 06:16:15,04-Jan-2030 06:16:25,10,NaN,NaN
Ground_Point_19,SAT_16,4,05-Jan-2030 17:57:50,05-Jan-2030 17:59:05,75,NaN,NaN
Ground_Point_20,SAT_16,1,04-Jan-2030 06:19:40,04-Jan-2030 06:20:50,70,NaN,NaN
Ground_Point_20,SAT_16,2,05-Jan-2030 17:54:00,05-Jan-2030 17:54:55,55,NaN,NaN
Ground_Point_21,SAT_16,1,01-Jan-2030 11:58:40,01-Jan-2030 11:59:55,75,NaN,NaN
Ground_Point_21,SAT_16,2,01-Jan-2030 22:40:30,01-Jan-2030 22:41:45,75,NaN,NaN
Ground_Point_21,SAT_16,3,05-Jan-2030 12:05:45,05-Jan-2030 12:06:55,70,NaN,NaN
Ground_Point_21,SAT_16,4,05-Jan-2030 22:47:35,05-Jan-2030 22:48:45,70,NaN,NaN
Ground_Point_21,SAT_16,5,06-Jan-2030 11:44:25,06-Jan-2030 11:44:55,30,NaN,NaN
Ground_Point_21,SAT_16,6,06-Jan-2030 22:26:10,06-Jan-2030 22:26:55,45,NaN,NaN
Ground_Point_22,SAT_16,1,01-Jan-2030 11:59:30,01-Jan-2030 12:00:10,40,NaN,NaN
Ground_Point_22,SAT_16,2,01-Jan-2030 22:39:45,01-Jan-2030 22:40:55,70,NaN,NaN
Ground_Point_22,SAT_16,3,02-Jan-2030 11:37:40,02-Jan-2030 11:38:45,65,NaN,NaN
Ground_Point_22,SAT_16,4,02-Jan-2030 22:18:30,02-Jan-2030 22:19:00,30,NaN,NaN
Ground_Point_22,SAT_16,5,05-Jan-2030 22:47:00,05-Jan-2030 22:47:50,50,NaN,NaN
Ground_Point_22,SAT_16,6,06-Jan-2030 11:44:35,06-Jan-2030 11:45:55,80,NaN,NaN
Ground_Point_22,SAT_16,7,06-Jan-2030 22:25:15,06-Jan-2030 22:26:20,65,NaN,NaN
Ground_Point_23,SAT_16,1,02-Jan-2030 11:36:35,02-Jan-2030 11:37:50,75,NaN,NaN
Ground_Point_23,SAT_16,2,02-Jan-2030 22:18:50,02-Jan-2030 22:20:10,80,NaN,NaN
Ground_Point_23,SAT_16,3,06-Jan-2030 11:43:35,06-Jan-2030 11:44:55,80,NaN,NaN
Ground_Point_23,SAT_16,4,06-Jan-2030 22:25:55,06-Jan-2030 22:27:10,75,NaN,NaN
Ground_Point_23,SAT_16,5,07-Jan-2030 22:04:35,07-Jan-2030 22:05:15,40,NaN,NaN
Ground_Point_24,SAT_16,1,02-Jan-2030 11:37:00,02-Jan-2030 11:38:15,75,NaN,NaN
Ground_Point_24,SAT_16,2,02-Jan-2030 22:18:30,02-Jan-2030 22:19:45,75,NaN,NaN
Ground_Point_24,SAT_16,3,06-Jan-2030 11:44:00,06-Jan-2030 11:45:20,80,NaN,NaN
Ground_Point_24,SAT_16,4,06-Jan-2030 22:25:30,06-Jan-2030 22:26:50,80,NaN,NaN
Ground_Point_25,SAT_16,1,02-Jan-2030 11:37:20,02-Jan-2030 11:37:55,35,NaN,NaN
Ground_Point_25,SAT_16,2,02-Jan-2030 22:18:20,02-Jan-2030 22:19:15,55,NaN,NaN
Ground_Point_25,SAT_16,3,03-Jan-2030 11:15:25,03-Jan-2030 11:16:35,70,NaN,NaN
Ground_Point_25,SAT_16,4,03-Jan-2030 21:56:40,03-Jan-2030 21:57:40,60,NaN,NaN
Ground_Point_25,SAT_16,5,07-Jan-2030 11:22:25,07-Jan-2030 11:23:40,75,NaN,NaN
Ground_Point_25,SAT_16,6,07-Jan-2030 22:03:35,07-Jan-2030 22:04:50,75,NaN,NaN
Ground_Point_26,SAT_16,1,03-Jan-2030 11:14:40,03-Jan-2030 11:15:45,65,NaN,NaN
Ground_Point_26,SAT_16,2,03-Jan-2030 21:57:05,03-Jan-2030 21:58:00,55,NaN,NaN
Ground_Point_26,SAT_16,3,04-Jan-2030 10:53:10,04-Jan-2030 10:53:55,45,NaN,NaN
Ground_Point_26,SAT_16,4,04-Jan-2030 21:35:20,04-Jan-2030 21:36:30,70,NaN,NaN
Ground_Point_26,SAT_16,5,07-Jan-2030 11:21:50,07-Jan-2030 11:22:35,45,NaN,NaN
Ground_Point_27,SAT_16,1,03-Jan-2030 11:15:50,03-Jan-2030 11:16:55,65,NaN,NaN
Ground_Point_27,SAT_16,2,03-Jan-2030 21:55:55,03-Jan-2030 21:57:10,75,NaN,NaN
Ground_Point_27,SAT_16,3,04-Jan-2030 10:54:25,04-Jan-2030 10:55:05,40,NaN,NaN
Ground_Point_27,SAT_16,4,07-Jan-2030 11:23:05,07-Jan-2030 11:23:40,35,NaN,NaN
Ground_Point_27,SAT_16,5,07-Jan-2030 22:02:55,07-Jan-2030 22:04:10,75,NaN,NaN
Ground_Point_28,SAT_16,1,01-Jan-2030 12:01:35,01-Jan-2030 12:02:55,80,NaN,NaN
Ground_Point_28,SAT_16,2,04-Jan-2030 23:06:30,04-Jan-2030 23:07:45,75,NaN,NaN
Ground_Point_28,SAT_16,3,05-Jan-2030 12:08:45,05-Jan-2030 12:09:45,60,NaN,NaN
Ground_Point_29,SAT_16,1,01-Jan-2030 22:37:50,01-Jan-2030 22:39:05,75,NaN,NaN
Ground_Point_29,SAT_16,2,02-Jan-2030 11:39:30,02-Jan-2030 11:40:45,75,NaN,NaN
Ground_Point_29,SAT_16,3,05-Jan-2030 22:44:50,05-Jan-2030 22:46:10,80,NaN,NaN
Ground_Point_29,SAT_16,4,06-Jan-2030 11:46:35,06-Jan-2030 11:47:40,65,NaN,NaN
Ground_Point_29,SAT_16,5,07-Jan-2030 11:25:30,07-Jan-2030 11:25:35,5,NaN,NaN
Ground_Point_30,SAT_16,1,03-Jan-2030 21:54:20,03-Jan-2030 21:55:30,70,NaN,NaN
Ground_Point_30,SAT_16,2,04-Jan-2030 10:55:40,04-Jan-2030 10:56:55,75,NaN,NaN
Ground_Point_30,SAT_16,3,07-Jan-2030 22:01:15,07-Jan-2030 22:02:35,80,NaN,NaN
Ground_Point_31,SAT_16,1,02-Jan-2030 22:17:00,02-Jan-2030 22:18:10,70,NaN,NaN
Ground_Point_31,SAT_16,2,03-Jan-2030 11:16:30,03-Jan-2030 11:17:50,80,NaN,NaN
Ground_Point_31,SAT_16,3,03-Jan-2030 21:55:50,03-Jan-2030 21:56:10,20,NaN,NaN
Ground_Point_31,SAT_16,4,06-Jan-2030 22:24:15,06-Jan-2030 22:24:55,40,NaN,NaN
Ground_Point_31,SAT_16,5,07-Jan-2030 11:23:40,07-Jan-2030 11:24:40,60,NaN,NaN
Ground_Point_31,SAT_16,6,07-Jan-2030 22:02:30,07-Jan-2030 22:03:30,60,NaN,NaN
Ground_Point_32,SAT_16,1,01-Jan-2030 10:24:10,01-Jan-2030 10:25:10,60,NaN,NaN
Ground_Point_32,SAT_16,2,01-Jan-2030 21:06:15,01-Jan-2030 21:07:30,75,NaN,NaN
Ground_Point_32,SAT_16,3,04-Jan-2030 10:53:10,04-Jan-2030 10:53:30,20,NaN,NaN
Ground_Point_32,SAT_16,4,05-Jan-2030 10:31:05,05-Jan-2030 10:32:20,75,NaN,NaN
Ground_Point_32,SAT_16,5,05-Jan-2030 21:13:15,05-Jan-2030 21:14:35,80,NaN,NaN
Ground_Point_33,SAT_16,1,01-Jan-2030 03:43:10,01-Jan-2030 03:44:25,75,NaN,NaN
Ground_Point_33,SAT_16,2,01-Jan-2030 16:45:10,01-Jan-2030 16:46:25,75,NaN,NaN
Ground_Point_33,SAT_16,3,05-Jan-2030 03:50:10,05-Jan-2030 03:51:25,75,NaN,NaN
Ground_Point_33,SAT_16,4,05-Jan-2030 16:52:20,05-Jan-2030 16:53:15,55,NaN,NaN
Ground_Point_33,SAT_16,5,06-Jan-2030 16:30:50,06-Jan-2030 16:31:25,35,NaN,NaN
Ground_Point_34,SAT_16,1,01-Jan-2030 16:45:50,01-Jan-2030 16:46:55,65,NaN,NaN
Ground_Point_34,SAT_16,2,04-Jan-2030 04:11:40,04-Jan-2030 04:12:35,55,NaN,NaN
Ground_Point_34,SAT_16,3,05-Jan-2030 03:50:10,05-Jan-2030 03:50:45,35,NaN,NaN
Ground_Point_34,SAT_16,4,05-Jan-2030 16:52:45,05-Jan-2030 16:54:00,75,NaN,NaN
Ground_Point_35,SAT_16,1,01-Jan-2030 03:43:35,01-Jan-2030 03:44:35,60,NaN,NaN
Ground_Point_35,SAT_16,2,01-Jan-2030 16:45:00,01-Jan-2030 16:45:30,30,NaN,NaN
Ground_Point_35,SAT_16,3,02-Jan-2030 03:22:05,02-Jan-2030 03:22:50,45,NaN,NaN
Ground_Point_35,SAT_16,4,02-Jan-2030 16:23:05,02-Jan-2030 16:24:05,60,NaN,NaN
Ground_Point_35,SAT_16,5,06-Jan-2030 03:28:55,06-Jan-2030 03:30:05,70,NaN,NaN
Ground_Point_35,SAT_16,6,06-Jan-2030 16:30:00,06-Jan-2030 16:31:15,75,NaN,NaN
Ground_Point_36,SAT_16,1,03-Jan-2030 04:34:20,03-Jan-2030 04:35:30,70,NaN,NaN
Ground_Point_36,SAT_16,2,03-Jan-2030 17:35:40,03-Jan-2030 17:37:00,80,NaN,NaN
Ground_Point_36,SAT_16,3,07-Jan-2030 04:41:20,07-Jan-2030 04:42:35,75,NaN,NaN
Ground_Point_36,SAT_16,4,07-Jan-2030 17:42:45,07-Jan-2030 17:44:00,75,NaN,NaN
Ground_Point_37,SAT_16,1,01-Jan-2030 05:15:55,01-Jan-2030 05:16:40,45,NaN,NaN
Ground_Point_37,SAT_16,2,02-Jan-2030 18:00:05,02-Jan-2030 18:01:15,70,NaN,NaN
Ground_Point_37,SAT_16,3,05-Jan-2030 05:22:40,05-Jan-2030 05:23:55,75,NaN,NaN
Ground_Point_37,SAT_16,4,06-Jan-2030 18:07:05,06-Jan-2030 18:08:20,75,NaN,NaN
Ground_Point_38,SAT_16,1,01-Jan-2030 05:14:55,01-Jan-2030 05:16:00,65,NaN,NaN
Ground_Point_38,SAT_16,2,02-Jan-2030 18:00:45,02-Jan-2030 18:02:00,75,NaN,NaN
Ground_Point_38,SAT_16,3,05-Jan-2030 05:21:50,05-Jan-2030 05:23:05,75,NaN,NaN
Ground_Point_38,SAT_16,4,06-Jan-2030 18:07:55,06-Jan-2030 18:08:50,55,NaN,NaN
Ground_Point_39,SAT_16,1,01-Jan-2030 06:50:25,01-Jan-2030 06:51:40,75,NaN,NaN
Ground_Point_39,SAT_16,2,02-Jan-2030 19:34:10,02-Jan-2030 19:35:25,75,NaN,NaN
Ground_Point_39,SAT_16,3,05-Jan-2030 06:57:30,05-Jan-2030 06:58:40,70,NaN,NaN
Ground_Point_39,SAT_16,4,06-Jan-2030 19:41:15,06-Jan-2030 19:42:20,65,NaN,NaN
Ground_Point_40,SAT_16,1,01-Jan-2030 06:51:55,01-Jan-2030 06:52:25,30,NaN,NaN
Ground_Point_40,SAT_16,2,01-Jan-2030 19:55:00,01-Jan-2030 19:56:15,75,NaN,NaN
Ground_Point_40,SAT_16,3,05-Jan-2030 06:58:35,05-Jan-2030 06:59:45,70,NaN,NaN
Ground_Point_40,SAT_16,4,05-Jan-2030 20:02:10,05-Jan-2030 20:03:10,60,NaN,NaN
Ground_Point_40,SAT_16,5,06-Jan-2030 19:41:00,06-Jan-2030 19:41:05,5,NaN,NaN
Ground_Point_41,SAT_16,1,01-Jan-2030 06:54:00,01-Jan-2030 06:55:20,80,NaN,NaN
Ground_Point_41,SAT_16,2,01-Jan-2030 19:52:40,01-Jan-2030 19:53:40,60,NaN,NaN
Ground_Point_41,SAT_16,3,05-Jan-2030 07:01:05,05-Jan-2030 07:02:15,70,NaN,NaN
Ground_Point_41,SAT_16,4,05-Jan-2030 19:59:35,05-Jan-2030 20:00:50,75,NaN,NaN
Ground_Point_41,SAT_16,5,06-Jan-2030 06:39:50,06-Jan-2030 06:40:20,30,NaN,NaN
Ground_Point_42,SAT_16,1,04-Jan-2030 04:12:50,04-Jan-2030 04:14:00,70,NaN,NaN
Ground_Point_42,SAT_16,2,04-Jan-2030 17:13:20,04-Jan-2030 17:14:30,70,NaN,NaN
Ground_Point_43,SAT_16,1,01-Jan-2030 03:44:20,01-Jan-2030 03:45:35,75,NaN,NaN
Ground_Point_43,SAT_16,2,01-Jan-2030 16:43:55,01-Jan-2030 16:45:10,75,NaN,NaN
Ground_Point_43,SAT_16,3,05-Jan-2030 03:51:30,05-Jan-2030 03:52:30,60,NaN,NaN
Ground_Point_43,SAT_16,4,05-Jan-2030 16:50:55,05-Jan-2030 16:52:10,75,NaN,NaN
Ground_Point_43,SAT_16,5,06-Jan-2030 03:30:00,06-Jan-2030 03:30:45,45,NaN,NaN
Ground_Point_44,SAT_16,1,02-Jan-2030 18:03:35,02-Jan-2030 18:04:45,70,NaN,NaN
Ground_Point_44,SAT_16,2,04-Jan-2030 05:41:00,04-Jan-2030 05:42:15,75,NaN,NaN
Ground_Point_44,SAT_16,3,06-Jan-2030 18:10:35,06-Jan-2030 18:11:45,70,NaN,NaN
Ground_Point_45,SAT_16,1,02-Jan-2030 18:00:50,02-Jan-2030 18:01:50,60,NaN,NaN
Ground_Point_45,SAT_16,2,04-Jan-2030 05:44:10,04-Jan-2030 05:44:30,20,NaN,NaN
Ground_Point_45,SAT_16,3,05-Jan-2030 05:22:20,05-Jan-2030 05:23:05,45,NaN,NaN
Ground_Point_45,SAT_16,4,06-Jan-2030 18:07:45,06-Jan-2030 18:09:00,75,NaN,NaN
Ground_Point_46,SAT_16,1,01-Jan-2030 19:24:25,01-Jan-2030 19:25:40,75,NaN,NaN
Ground_Point_46,SAT_16,2,04-Jan-2030 07:51:00,04-Jan-2030 07:52:15,75,NaN,NaN
Ground_Point_46,SAT_16,3,05-Jan-2030 19:31:35,05-Jan-2030 19:32:30,55,NaN,NaN
Ground_Point_47,SAT_16,1,02-Jan-2030 08:34:55,02-Jan-2030 08:35:50,55,NaN,NaN
Ground_Point_47,SAT_16,2,04-Jan-2030 19:53:20,04-Jan-2030 19:54:30,70,NaN,NaN
Ground_Point_47,SAT_16,3,07-Jan-2030 08:20:20,07-Jan-2030 08:21:15,55,NaN,NaN
Ground_Point_48,SAT_16,1,02-Jan-2030 20:38:55,02-Jan-2030 20:40:10,75,NaN,NaN
Ground_Point_48,SAT_16,2,04-Jan-2030 09:23:40,04-Jan-2030 09:24:55,75,NaN,NaN
Ground_Point_48,SAT_16,3,06-Jan-2030 20:46:00,06-Jan-2030 20:47:10,70,NaN,NaN
Ground_Point_49,SAT_16,1,01-Jan-2030 21:00:15,01-Jan-2030 21:01:25,70,NaN,NaN
Ground_Point_49,SAT_16,2,04-Jan-2030 09:24:30,04-Jan-2030 09:25:25,55,NaN,NaN
Ground_Point_49,SAT_16,3,05-Jan-2030 21:07:30,05-Jan-2030 21:08:10,40,NaN,NaN
Ground_Point_49,SAT_16,4,06-Jan-2030 20:45:55,06-Jan-2030 20:46:30,35,NaN,NaN
Ground_Point_50,SAT_16,1,01-Jan-2030 09:10:10,01-Jan-2030 09:11:25,75,NaN,NaN
Ground_Point_50,SAT_16,2,03-Jan-2030 21:36:20,03-Jan-2030 21:37:25,65,NaN,NaN
Ground_Point_50,SAT_16,3,05-Jan-2030 09:17:15,05-Jan-2030 09:18:20,65,NaN,NaN
Ground_Point_50,SAT_16,4,07-Jan-2030 21:43:15,07-Jan-2030 21:44:35,80,NaN,NaN
Ground_Point_51,SAT_16,1,04-Jan-2030 11:05:05,04-Jan-2030 11:06:15,70,NaN,NaN
Ground_Point_51,SAT_16,2,04-Jan-2030 22:57:35,04-Jan-2030 22:58:45,70,NaN,NaN
Ground_Point_52,SAT_16,1,03-Jan-2030 02:42:20,03-Jan-2030 02:43:35,75,NaN,NaN
Ground_Point_52,SAT_16,2,04-Jan-2030 14:22:10,04-Jan-2030 14:22:50,40,NaN,NaN
Ground_Point_52,SAT_16,3,07-Jan-2030 02:49:35,07-Jan-2030 02:50:20,45,NaN,NaN
Ground_Point_53,SAT_16,1,01-Jan-2030 13:53:00,01-Jan-2030 13:54:10,70,NaN,NaN
Ground_Point_53,SAT_16,2,04-Jan-2030 02:20:45,04-Jan-2030 02:22:00,75,NaN,NaN
Ground_Point_53,SAT_16,3,05-Jan-2030 13:59:55,05-Jan-2030 14:01:15,80,NaN,NaN
Ground_Point_54,SAT_16,1,01-Jan-2030 03:23:30,01-Jan-2030 03:24:20,50,NaN,NaN
Ground_Point_54,SAT_16,2,03-Jan-2030 14:46:50,03-Jan-2030 14:48:05,75,NaN,NaN
Ground_Point_54,SAT_16,3,05-Jan-2030 03:30:20,05-Jan-2030 03:31:35,75,NaN,NaN
Ground_Point_54,SAT_16,4,07-Jan-2030 14:53:50,07-Jan-2030 14:55:05,75,NaN,NaN
Ground_Point_55,SAT_16,1,01-Jan-2030 15:30:35,01-Jan-2030 15:31:20,45,NaN,NaN
Ground_Point_55,SAT_16,2,03-Jan-2030 04:14:30,03-Jan-2030 04:15:30,60,NaN,NaN
Ground_Point_55,SAT_16,3,05-Jan-2030 15:37:20,05-Jan-2030 15:38:35,75,NaN,NaN
Ground_Point_55,SAT_16,4,07-Jan-2030 04:21:25,07-Jan-2030 04:22:40,75,NaN,NaN
Ground_Point_1,SAT_17,1,01-Jan-2030 05:20:20,01-Jan-2030 05:21:30,70,NaN,NaN
Ground_Point_1,SAT_17,2,04-Jan-2030 16:23:45,04-Jan-2030 16:25:00,75,NaN,NaN
Ground_Point_1,SAT_17,3,05-Jan-2030 05:27:35,05-Jan-2030 05:28:10,35,NaN,NaN
Ground_Point_1,SAT_17,4,06-Jan-2030 05:05:55,06-Jan-2030 05:06:40,45,NaN,NaN
Ground_Point_2,SAT_17,1,02-Jan-2030 04:59:15,02-Jan-2030 05:00:25,70,NaN,NaN
Ground_Point_2,SAT_17,2,04-Jan-2030 16:23:00,04-Jan-2030 16:24:15,75,NaN,NaN
Ground_Point_2,SAT_17,3,06-Jan-2030 05:06:10,06-Jan-2030 05:07:25,75,NaN,NaN
Ground_Point_3,SAT_17,1,01-Jan-2030 05:20:20,01-Jan-2030 05:21:35,75,NaN,NaN
Ground_Point_3,SAT_17,2,04-Jan-2030 16:23:45,04-Jan-2030 16:24:55,70,NaN,NaN
Ground_Point_3,SAT_17,3,05-Jan-2030 05:27:35,05-Jan-2030 05:28:20,45,NaN,NaN
Ground_Point_3,SAT_17,4,06-Jan-2030 05:06:00,06-Jan-2030 05:06:40,40,NaN,NaN
Ground_Point_4,SAT_17,1,02-Jan-2030 15:32:25,02-Jan-2030 15:33:40,75,NaN,NaN
Ground_Point_4,SAT_17,2,04-Jan-2030 04:15:25,04-Jan-2030 04:16:30,65,NaN,NaN
Ground_Point_4,SAT_17,3,06-Jan-2030 15:39:25,06-Jan-2030 15:40:40,75,NaN,NaN
Ground_Point_5,SAT_17,1,01-Jan-2030 15:54:00,01-Jan-2030 15:55:15,75,NaN,NaN
Ground_Point_5,SAT_17,2,03-Jan-2030 04:37:25,03-Jan-2030 04:38:40,75,NaN,NaN
Ground_Point_5,SAT_17,3,05-Jan-2030 16:01:00,05-Jan-2030 16:02:10,70,NaN,NaN
Ground_Point_5,SAT_17,4,07-Jan-2030 04:44:25,07-Jan-2030 04:45:35,70,NaN,NaN
Ground_Point_6,SAT_17,1,01-Jan-2030 15:54:05,01-Jan-2030 15:55:15,70,NaN,NaN
Ground_Point_6,SAT_17,2,03-Jan-2030 04:37:15,03-Jan-2030 04:38:25,70,NaN,NaN
Ground_Point_6,SAT_17,3,05-Jan-2030 16:01:25,05-Jan-2030 16:01:55,30,NaN,NaN
Ground_Point_6,SAT_17,4,06-Jan-2030 15:39:40,06-Jan-2030 15:40:25,45,NaN,NaN
Ground_Point_6,SAT_17,5,07-Jan-2030 04:44:25,07-Jan-2030 04:45:10,45,NaN,NaN
Ground_Point_7,SAT_17,1,02-Jan-2030 17:08:00,02-Jan-2030 17:09:20,80,NaN,NaN
Ground_Point_7,SAT_17,2,03-Jan-2030 06:10:40,03-Jan-2030 06:11:25,45,NaN,NaN
Ground_Point_7,SAT_17,3,04-Jan-2030 05:49:00,04-Jan-2030 05:49:50,50,NaN,NaN
Ground_Point_7,SAT_17,4,06-Jan-2030 17:15:05,06-Jan-2030 17:16:10,65,NaN,NaN
Ground_Point_8,SAT_17,1,01-Jan-2030 05:22:20,01-Jan-2030 05:23:10,50,NaN,NaN
Ground_Point_8,SAT_17,2,02-Jan-2030 17:06:05,02-Jan-2030 17:06:20,15,NaN,NaN
Ground_Point_8,SAT_17,3,03-Jan-2030 16:44:15,03-Jan-2030 16:45:00,45,NaN,NaN
Ground_Point_8,SAT_17,4,05-Jan-2030 05:29:10,05-Jan-2030 05:30:25,75,NaN,NaN
Ground_Point_8,SAT_17,5,07-Jan-2030 16:51:00,07-Jan-2030 16:52:15,75,NaN,NaN
Ground_Point_9,SAT_17,1,01-Jan-2030 17:25:20,01-Jan-2030 17:26:35,75,NaN,NaN
Ground_Point_9,SAT_17,2,04-Jan-2030 05:53:20,04-Jan-2030 05:54:35,75,NaN,NaN
Ground_Point_9,SAT_17,3,05-Jan-2030 17:32:20,05-Jan-2030 17:33:35,75,NaN,NaN
Ground_Point_10,SAT_17,1,01-Jan-2030 17:25:20,01-Jan-2030 17:26:30,70,NaN,NaN
Ground_Point_10,SAT_17,2,04-Jan-2030 05:53:20,04-Jan-2030 05:54:35,75,NaN,NaN
Ground_Point_10,SAT_17,3,05-Jan-2030 17:32:15,05-Jan-2030 17:33:30,75,NaN,NaN
Ground_Point_11,SAT_17,1,01-Jan-2030 05:23:45,01-Jan-2030 05:25:00,75,NaN,NaN
Ground_Point_11,SAT_17,2,02-Jan-2030 17:04:05,02-Jan-2030 17:05:10,65,NaN,NaN
Ground_Point_11,SAT_17,3,05-Jan-2030 05:30:45,05-Jan-2030 05:31:55,70,NaN,NaN
Ground_Point_11,SAT_17,4,07-Jan-2030 16:49:40,07-Jan-2030 16:50:25,45,NaN,NaN
Ground_Point_12,SAT_17,1,02-Jan-2030 18:32:40,02-Jan-2030 18:33:05,25,NaN,NaN
Ground_Point_12,SAT_17,2,03-Jan-2030 06:20:50,03-Jan-2030 06:22:00,70,NaN,NaN
Ground_Point_12,SAT_17,3,07-Jan-2030 06:27:45,07-Jan-2030 06:29:00,75,NaN,NaN
Ground_Point_12,SAT_17,4,07-Jan-2030 18:17:45,07-Jan-2030 18:18:50,65,NaN,NaN
Ground_Point_13,SAT_17,1,02-Jan-2030 06:39:25,02-Jan-2030 06:40:35,70,NaN,NaN
Ground_Point_13,SAT_17,2,02-Jan-2030 18:35:40,02-Jan-2030 18:36:40,60,NaN,NaN
Ground_Point_13,SAT_17,3,06-Jan-2030 06:46:20,06-Jan-2030 06:47:35,75,NaN,NaN
Ground_Point_13,SAT_17,4,07-Jan-2030 18:21:15,07-Jan-2030 18:21:55,40,NaN,NaN
Ground_Point_14,SAT_17,1,03-Jan-2030 06:18:15,03-Jan-2030 06:19:30,75,NaN,NaN
Ground_Point_14,SAT_17,2,03-Jan-2030 18:13:05,03-Jan-2030 18:14:05,60,NaN,NaN
Ground_Point_14,SAT_17,3,07-Jan-2030 06:25:20,07-Jan-2030 06:26:20,60,NaN,NaN
Ground_Point_15,SAT_17,1,03-Jan-2030 18:08:40,03-Jan-2030 18:09:45,65,NaN,NaN
Ground_Point_15,SAT_17,2,04-Jan-2030 06:01:05,04-Jan-2030 06:02:00,55,NaN,NaN
Ground_Point_15,SAT_17,3,07-Jan-2030 18:15:35,07-Jan-2030 18:16:50,75,NaN,NaN
Ground_Point_16,SAT_17,1,01-Jan-2030 05:26:25,01-Jan-2030 05:27:35,70,NaN,NaN
Ground_Point_16,SAT_17,2,02-Jan-2030 17:01:25,02-Jan-2030 17:02:35,70,NaN,NaN
Ground_Point_16,SAT_17,3,05-Jan-2030 05:33:45,05-Jan-2030 05:34:10,25,NaN,NaN
Ground_Point_16,SAT_17,4,06-Jan-2030 17:08:20,06-Jan-2030 17:09:40,80,NaN,NaN
Ground_Point_17,SAT_17,1,02-Jan-2030 06:42:20,02-Jan-2030 06:43:00,40,NaN,NaN
Ground_Point_17,SAT_17,2,02-Jan-2030 18:32:50,02-Jan-2030 18:34:05,75,NaN,NaN
Ground_Point_17,SAT_17,3,06-Jan-2030 18:40:05,06-Jan-2030 18:40:45,40,NaN,NaN
Ground_Point_17,SAT_17,4,07-Jan-2030 06:27:35,07-Jan-2030 06:28:30,55,NaN,NaN
Ground_Point_18,SAT_17,1,01-Jan-2030 08:34:25,01-Jan-2030 08:35:35,70,NaN,NaN
Ground_Point_18,SAT_17,2,02-Jan-2030 20:11:40,02-Jan-2030 20:12:55,75,NaN,NaN
Ground_Point_18,SAT_17,3,05-Jan-2030 08:41:25,05-Jan-2030 08:42:35,70,NaN,NaN
Ground_Point_18,SAT_17,4,06-Jan-2030 20:18:40,06-Jan-2030 20:19:55,75,NaN,NaN
Ground_Point_19,SAT_17,1,01-Jan-2030 08:31:50,01-Jan-2030 08:33:00,70,NaN,NaN
Ground_Point_19,SAT_17,2,03-Jan-2030 19:52:15,03-Jan-2030 19:53:30,75,NaN,NaN
Ground_Point_19,SAT_17,3,05-Jan-2030 08:39:10,05-Jan-2030 08:39:35,25,NaN,NaN
Ground_Point_19,SAT_17,4,06-Jan-2030 08:17:30,06-Jan-2030 08:18:00,30,NaN,NaN
Ground_Point_19,SAT_17,5,07-Jan-2030 19:59:20,07-Jan-2030 20:00:25,65,NaN,NaN
Ground_Point_20,SAT_17,1,02-Jan-2030 08:14:05,02-Jan-2030 08:15:20,75,NaN,NaN
Ground_Point_20,SAT_17,2,02-Jan-2030 20:10:10,02-Jan-2030 20:10:50,40,NaN,NaN
Ground_Point_20,SAT_17,3,06-Jan-2030 08:21:10,06-Jan-2030 08:22:15,65,NaN,NaN
Ground_Point_20,SAT_17,4,07-Jan-2030 19:55:25,07-Jan-2030 19:56:25,60,NaN,NaN
Ground_Point_21,SAT_17,1,03-Jan-2030 14:00:05,03-Jan-2030 14:01:25,80,NaN,NaN
Ground_Point_21,SAT_17,2,04-Jan-2030 00:41:55,04-Jan-2030 00:43:15,80,NaN,NaN
Ground_Point_21,SAT_17,3,07-Jan-2030 14:07:10,07-Jan-2030 14:08:20,70,NaN,NaN
Ground_Point_22,SAT_17,1,03-Jan-2030 14:01:05,03-Jan-2030 14:01:30,25,NaN,NaN
Ground_Point_22,SAT_17,2,04-Jan-2030 00:41:15,04-Jan-2030 00:42:25,70,NaN,NaN
Ground_Point_22,SAT_17,3,04-Jan-2030 13:39:05,04-Jan-2030 13:40:15,70,NaN,NaN
Ground_Point_22,SAT_17,4,05-Jan-2030 00:19:50,05-Jan-2030 00:20:35,45,NaN,NaN
Ground_Point_23,SAT_17,1,01-Jan-2030 00:13:20,01-Jan-2030 00:14:35,75,NaN,NaN
Ground_Point_23,SAT_17,2,04-Jan-2030 13:38:05,04-Jan-2030 13:39:20,75,NaN,NaN
Ground_Point_23,SAT_17,3,05-Jan-2030 00:20:20,05-Jan-2030 00:21:35,75,NaN,NaN
Ground_Point_24,SAT_17,1,01-Jan-2030 00:13:05,01-Jan-2030 00:14:10,65,NaN,NaN
Ground_Point_24,SAT_17,2,04-Jan-2030 13:38:25,04-Jan-2030 13:39:45,80,NaN,NaN
Ground_Point_24,SAT_17,3,05-Jan-2030 00:20:00,05-Jan-2030 00:21:15,75,NaN,NaN
Ground_Point_25,SAT_17,1,01-Jan-2030 00:12:40,01-Jan-2030 00:13:50,70,NaN,NaN
Ground_Point_25,SAT_17,2,01-Jan-2030 13:10:00,01-Jan-2030 13:10:55,55,NaN,NaN
Ground_Point_25,SAT_17,3,01-Jan-2030 23:51:20,01-Jan-2030 23:51:55,35,NaN,NaN
Ground_Point_25,SAT_17,4,04-Jan-2030 13:38:55,04-Jan-2030 13:39:15,20,NaN,NaN
Ground_Point_25,SAT_17,5,05-Jan-2030 00:19:50,05-Jan-2030 00:20:40,50,NaN,NaN
Ground_Point_25,SAT_17,6,05-Jan-2030 13:16:50,05-Jan-2030 13:18:05,75,NaN,NaN
Ground_Point_25,SAT_17,7,05-Jan-2030 23:58:05,05-Jan-2030 23:59:10,65,NaN,NaN
Ground_Point_26,SAT_17,1,01-Jan-2030 13:09:00,01-Jan-2030 13:10:20,80,NaN,NaN
Ground_Point_26,SAT_17,2,01-Jan-2030 23:51:25,01-Jan-2030 23:52:35,70,NaN,NaN
Ground_Point_26,SAT_17,3,02-Jan-2030 23:30:00,02-Jan-2030 23:30:45,45,NaN,NaN
Ground_Point_26,SAT_17,4,05-Jan-2030 13:16:05,05-Jan-2030 13:17:10,65,NaN,NaN
Ground_Point_26,SAT_17,5,05-Jan-2030 23:58:35,05-Jan-2030 23:59:25,50,NaN,NaN
Ground_Point_26,SAT_17,6,06-Jan-2030 12:54:35,06-Jan-2030 12:55:25,50,NaN,NaN
Ground_Point_26,SAT_17,7,06-Jan-2030 23:36:45,06-Jan-2030 23:38:00,75,NaN,NaN
Ground_Point_27,SAT_17,1,01-Jan-2030 00:12:30,01-Jan-2030 00:12:50,20,NaN,NaN
Ground_Point_27,SAT_17,2,01-Jan-2030 13:10:15,01-Jan-2030 13:11:30,75,NaN,NaN
Ground_Point_27,SAT_17,3,01-Jan-2030 23:50:25,01-Jan-2030 23:51:35,70,NaN,NaN
Ground_Point_27,SAT_17,4,05-Jan-2030 13:17:20,05-Jan-2030 13:18:20,60,NaN,NaN
Ground_Point_27,SAT_17,5,05-Jan-2030 23:57:20,05-Jan-2030 23:58:40,80,NaN,NaN
Ground_Point_27,SAT_17,6,06-Jan-2030 12:55:50,06-Jan-2030 12:56:35,45,NaN,NaN
Ground_Point_28,SAT_17,1,03-Jan-2030 01:01:00,03-Jan-2030 01:02:10,70,NaN,NaN
Ground_Point_28,SAT_17,2,03-Jan-2030 14:03:05,03-Jan-2030 14:04:20,75,NaN,NaN
Ground_Point_28,SAT_17,3,07-Jan-2030 01:07:55,07-Jan-2030 01:09:15,80,NaN,NaN
Ground_Point_28,SAT_17,4,07-Jan-2030 14:10:10,07-Jan-2030 14:11:10,60,NaN,NaN
Ground_Point_29,SAT_17,1,04-Jan-2030 00:39:20,04-Jan-2030 00:40:35,75,NaN,NaN
Ground_Point_29,SAT_17,2,04-Jan-2030 13:40:55,04-Jan-2030 13:42:10,75,NaN,NaN
Ground_Point_30,SAT_17,1,01-Jan-2030 00:10:35,01-Jan-2030 00:11:25,50,NaN,NaN
Ground_Point_30,SAT_17,2,01-Jan-2030 23:49:00,01-Jan-2030 23:49:45,45,NaN,NaN
Ground_Point_30,SAT_17,3,02-Jan-2030 12:50:10,02-Jan-2030 12:51:20,70,NaN,NaN
Ground_Point_30,SAT_17,4,05-Jan-2030 23:55:45,05-Jan-2030 23:57:00,75,NaN,NaN
Ground_Point_30,SAT_17,5,06-Jan-2030 12:57:05,06-Jan-2030 12:58:25,80,NaN,NaN
Ground_Point_31,SAT_17,1,01-Jan-2030 00:11:25,01-Jan-2030 00:12:40,75,NaN,NaN
Ground_Point_31,SAT_17,2,01-Jan-2030 13:11:00,01-Jan-2030 13:12:15,75,NaN,NaN
Ground_Point_31,SAT_17,3,05-Jan-2030 00:18:30,05-Jan-2030 00:19:35,65,NaN,NaN
Ground_Point_31,SAT_17,4,05-Jan-2030 13:18:00,05-Jan-2030 13:19:15,75,NaN,NaN
Ground_Point_31,SAT_17,5,05-Jan-2030 23:57:10,05-Jan-2030 23:57:45,35,NaN,NaN
Ground_Point_32,SAT_17,1,02-Jan-2030 12:47:20,02-Jan-2030 12:48:15,55,NaN,NaN
Ground_Point_32,SAT_17,2,02-Jan-2030 23:29:40,02-Jan-2030 23:30:20,40,NaN,NaN
Ground_Point_32,SAT_17,3,03-Jan-2030 12:25:35,03-Jan-2030 12:26:40,65,NaN,NaN
Ground_Point_32,SAT_17,4,03-Jan-2030 23:07:45,03-Jan-2030 23:09:00,75,NaN,NaN
Ground_Point_32,SAT_17,5,07-Jan-2030 12:32:30,07-Jan-2030 12:33:45,75,NaN,NaN
Ground_Point_32,SAT_17,6,07-Jan-2030 23:14:40,07-Jan-2030 23:16:00,80,NaN,NaN
Ground_Point_33,SAT_17,1,03-Jan-2030 05:44:35,03-Jan-2030 05:45:55,80,NaN,NaN
Ground_Point_33,SAT_17,2,03-Jan-2030 18:46:40,03-Jan-2030 18:47:50,70,NaN,NaN
Ground_Point_33,SAT_17,3,07-Jan-2030 05:51:35,07-Jan-2030 05:52:55,80,NaN,NaN
Ground_Point_33,SAT_17,4,07-Jan-2030 18:53:50,07-Jan-2030 18:54:35,45,NaN,NaN
Ground_Point_34,SAT_17,1,02-Jan-2030 06:05:55,02-Jan-2030 06:07:10,75,NaN,NaN
Ground_Point_34,SAT_17,2,03-Jan-2030 18:47:15,03-Jan-2030 18:48:25,70,NaN,NaN
Ground_Point_34,SAT_17,3,06-Jan-2030 06:13:10,06-Jan-2030 06:13:55,45,NaN,NaN
Ground_Point_34,SAT_17,4,07-Jan-2030 05:51:35,07-Jan-2030 05:52:20,45,NaN,NaN
Ground_Point_34,SAT_17,5,07-Jan-2030 18:54:10,07-Jan-2030 18:55:25,75,NaN,NaN
Ground_Point_35,SAT_17,1,03-Jan-2030 05:45:05,03-Jan-2030 05:46:00,55,NaN,NaN
Ground_Point_35,SAT_17,2,03-Jan-2030 18:46:35,03-Jan-2030 18:46:45,10,NaN,NaN
Ground_Point_35,SAT_17,3,04-Jan-2030 05:23:30,04-Jan-2030 05:24:20,50,NaN,NaN
Ground_Point_35,SAT_17,4,04-Jan-2030 18:24:30,04-Jan-2030 18:25:35,65,NaN,NaN
Ground_Point_36,SAT_17,1,01-Jan-2030 06:29:00,01-Jan-2030 06:29:50,50,NaN,NaN
Ground_Point_36,SAT_17,2,01-Jan-2030 19:30:15,01-Jan-2030 19:31:20,65,NaN,NaN
Ground_Point_36,SAT_17,3,05-Jan-2030 06:35:50,05-Jan-2030 06:37:00,70,NaN,NaN
Ground_Point_36,SAT_17,4,05-Jan-2030 19:37:10,05-Jan-2030 19:38:25,75,NaN,NaN
Ground_Point_37,SAT_17,1,03-Jan-2030 07:17:15,03-Jan-2030 07:18:15,60,NaN,NaN
Ground_Point_37,SAT_17,2,04-Jan-2030 20:01:35,04-Jan-2030 20:02:45,70,NaN,NaN
Ground_Point_37,SAT_17,3,07-Jan-2030 07:24:05,07-Jan-2030 07:25:25,80,NaN,NaN
Ground_Point_38,SAT_17,1,03-Jan-2030 07:16:20,03-Jan-2030 07:17:30,70,NaN,NaN
Ground_Point_38,SAT_17,2,04-Jan-2030 20:02:15,04-Jan-2030 20:03:25,70,NaN,NaN
Ground_Point_38,SAT_17,3,07-Jan-2030 07:23:15,07-Jan-2030 07:24:35,80,NaN,NaN
Ground_Point_39,SAT_17,1,03-Jan-2030 08:51:50,03-Jan-2030 08:53:10,80,NaN,NaN
Ground_Point_39,SAT_17,2,04-Jan-2030 21:35:35,04-Jan-2030 21:36:50,75,NaN,NaN
Ground_Point_39,SAT_17,3,07-Jan-2030 08:59:00,07-Jan-2030 09:00:00,60,NaN,NaN
Ground_Point_40,SAT_17,1,02-Jan-2030 09:14:55,02-Jan-2030 09:15:40,45,NaN,NaN
Ground_Point_40,SAT_17,2,03-Jan-2030 08:53:15,03-Jan-2030 08:54:00,45,NaN,NaN
Ground_Point_40,SAT_17,3,03-Jan-2030 21:56:30,03-Jan-2030 21:57:45,75,NaN,NaN
Ground_Point_40,SAT_17,4,07-Jan-2030 09:00:00,07-Jan-2030 09:01:15,75,NaN,NaN
Ground_Point_40,SAT_17,5,07-Jan-2030 22:03:40,07-Jan-2030 22:04:30,50,NaN,NaN
Ground_Point_41,SAT_17,1,02-Jan-2030 22:15:55,02-Jan-2030 22:16:35,40,NaN,NaN
Ground_Point_41,SAT_17,2,03-Jan-2030 08:55:30,03-Jan-2030 08:56:45,75,NaN,NaN
Ground_Point_41,SAT_17,3,03-Jan-2030 21:54:05,03-Jan-2030 21:55:10,65,NaN,NaN
Ground_Point_41,SAT_17,4,07-Jan-2030 09:02:35,07-Jan-2030 09:03:40,65,NaN,NaN
Ground_Point_41,SAT_17,5,07-Jan-2030 22:01:00,07-Jan-2030 22:02:15,75,NaN,NaN
Ground_Point_42,SAT_17,1,02-Jan-2030 06:07:15,02-Jan-2030 06:08:30,75,NaN,NaN
Ground_Point_42,SAT_17,2,02-Jan-2030 19:07:45,02-Jan-2030 19:09:00,75,NaN,NaN
Ground_Point_42,SAT_17,3,06-Jan-2030 06:14:20,06-Jan-2030 06:15:25,65,NaN,NaN
Ground_Point_42,SAT_17,4,06-Jan-2030 19:14:50,06-Jan-2030 19:15:55,65,NaN,NaN
Ground_Point_42,SAT_17,5,07-Jan-2030 05:53:05,07-Jan-2030 05:53:25,20,NaN,NaN
Ground_Point_42,SAT_17,6,07-Jan-2030 18:53:35,07-Jan-2030 18:53:50,15,NaN,NaN
Ground_Point_43,SAT_17,1,03-Jan-2030 05:45:50,03-Jan-2030 05:47:05,75,NaN,NaN
Ground_Point_43,SAT_17,2,03-Jan-2030 18:45:20,03-Jan-2030 18:46:40,80,NaN,NaN
Ground_Point_43,SAT_17,3,07-Jan-2030 05:53:00,07-Jan-2030 05:53:55,55,NaN,NaN
Ground_Point_43,SAT_17,4,07-Jan-2030 18:52:25,07-Jan-2030 18:53:35,70,NaN,NaN
Ground_Point_44,SAT_17,1,02-Jan-2030 07:35:40,02-Jan-2030 07:36:30,50,NaN,NaN
Ground_Point_44,SAT_17,2,04-Jan-2030 20:05:00,04-Jan-2030 20:06:15,75,NaN,NaN
Ground_Point_44,SAT_17,3,06-Jan-2030 07:42:25,06-Jan-2030 07:43:40,75,NaN,NaN
Ground_Point_45,SAT_17,1,02-Jan-2030 07:38:15,02-Jan-2030 07:39:20,65,NaN,NaN
Ground_Point_45,SAT_17,2,04-Jan-2030 20:02:15,04-Jan-2030 20:03:20,65,NaN,NaN
Ground_Point_45,SAT_17,3,07-Jan-2030 07:23:40,07-Jan-2030 07:24:35,55,NaN,NaN
Ground_Point_46,SAT_17,1,02-Jan-2030 09:45:35,02-Jan-2030 09:46:35,60,NaN,NaN
Ground_Point_46,SAT_17,2,03-Jan-2030 21:25:50,03-Jan-2030 21:27:05,75,NaN,NaN
Ground_Point_46,SAT_17,3,06-Jan-2030 09:52:25,06-Jan-2030 09:53:45,80,NaN,NaN
Ground_Point_46,SAT_17,4,07-Jan-2030 21:33:05,07-Jan-2030 21:33:55,50,NaN,NaN
Ground_Point_47,SAT_17,1,02-Jan-2030 21:48:00,02-Jan-2030 21:48:45,45,NaN,NaN
Ground_Point_47,SAT_17,2,04-Jan-2030 10:36:30,04-Jan-2030 10:37:10,40,NaN,NaN
Ground_Point_47,SAT_17,3,06-Jan-2030 21:54:45,06-Jan-2030 21:56:00,75,NaN,NaN
Ground_Point_48,SAT_17,1,02-Jan-2030 11:18:05,02-Jan-2030 11:19:25,80,NaN,NaN
Ground_Point_48,SAT_17,2,04-Jan-2030 22:40:20,04-Jan-2030 22:41:40,80,NaN,NaN
Ground_Point_48,SAT_17,3,06-Jan-2030 11:25:10,06-Jan-2030 11:26:20,70,NaN,NaN
Ground_Point_49,SAT_17,1,01-Jan-2030 11:40:35,01-Jan-2030 11:41:30,55,NaN,NaN
Ground_Point_49,SAT_17,2,03-Jan-2030 23:01:45,03-Jan-2030 23:02:50,65,NaN,NaN
Ground_Point_49,SAT_17,3,06-Jan-2030 11:25:55,06-Jan-2030 11:26:55,60,NaN,NaN
Ground_Point_49,SAT_17,4,07-Jan-2030 23:09:10,07-Jan-2030 23:09:25,15,NaN,NaN
Ground_Point_50,SAT_17,1,01-Jan-2030 23:31:10,01-Jan-2030 23:31:35,25,NaN,NaN
Ground_Point_50,SAT_17,2,03-Jan-2030 11:11:35,03-Jan-2030 11:12:50,75,NaN,NaN
Ground_Point_50,SAT_17,3,05-Jan-2030 23:37:45,05-Jan-2030 23:38:55,70,NaN,NaN
Ground_Point_50,SAT_17,4,07-Jan-2030 11:18:40,07-Jan-2030 11:19:45,65,NaN,NaN
Ground_Point_51,SAT_17,1,02-Jan-2030 12:59:50,02-Jan-2030 13:00:25,35,NaN,NaN
Ground_Point_51,SAT_17,2,03-Jan-2030 00:52:25,03-Jan-2030 00:52:55,30,NaN,NaN
Ground_Point_51,SAT_17,3,06-Jan-2030 13:06:30,06-Jan-2030 13:07:45,75,NaN,NaN
Ground_Point_51,SAT_17,4,07-Jan-2030 00:59:00,07-Jan-2030 01:00:15,75,NaN,NaN
Ground_Point_52,SAT_17,1,01-Jan-2030 04:36:50,01-Jan-2030 04:38:05,75,NaN,NaN
Ground_Point_52,SAT_17,2,02-Jan-2030 16:16:25,02-Jan-2030 16:17:35,70,NaN,NaN
Ground_Point_52,SAT_17,3,05-Jan-2030 04:43:50,05-Jan-2030 04:45:00,70,NaN,NaN
Ground_Point_52,SAT_17,4,06-Jan-2030 16:23:50,06-Jan-2030 16:24:05,15,NaN,NaN
Ground_Point_52,SAT_17,5,07-Jan-2030 16:02:10,07-Jan-2030 16:02:30,20,NaN,NaN
Ground_Point_53,SAT_17,1,02-Jan-2030 04:15:25,02-Jan-2030 04:16:15,50,NaN,NaN
Ground_Point_53,SAT_17,2,03-Jan-2030 15:54:25,03-Jan-2030 15:55:40,75,NaN,NaN
Ground_Point_53,SAT_17,3,06-Jan-2030 04:22:10,06-Jan-2030 04:23:25,75,NaN,NaN
Ground_Point_53,SAT_17,4,07-Jan-2030 16:01:25,07-Jan-2030 16:02:40,75,NaN,NaN
Ground_Point_54,SAT_17,1,01-Jan-2030 16:41:30,01-Jan-2030 16:42:25,55,NaN,NaN
Ground_Point_54,SAT_17,2,02-Jan-2030 05:46:50,02-Jan-2030 05:47:10,20,NaN,NaN
Ground_Point_54,SAT_17,3,03-Jan-2030 05:24:55,03-Jan-2030 05:25:50,55,NaN,NaN
Ground_Point_54,SAT_17,4,05-Jan-2030 16:48:15,05-Jan-2030 16:49:30,75,NaN,NaN
Ground_Point_54,SAT_17,5,07-Jan-2030 05:31:45,07-Jan-2030 05:33:00,75,NaN,NaN
Ground_Point_55,SAT_17,1,03-Jan-2030 17:32:00,03-Jan-2030 17:32:55,55,NaN,NaN
Ground_Point_55,SAT_17,2,05-Jan-2030 06:15:55,05-Jan-2030 06:17:00,65,NaN,NaN
Ground_Point_55,SAT_17,3,07-Jan-2030 17:38:45,07-Jan-2030 17:40:00,75,NaN,NaN
Ground_Point_1,SAT_18,1,03-Jan-2030 16:22:00,03-Jan-2030 16:23:15,75,NaN,NaN
Ground_Point_1,SAT_18,2,04-Jan-2030 05:25:50,04-Jan-2030 05:26:35,45,NaN,NaN
Ground_Point_1,SAT_18,3,05-Jan-2030 05:04:15,05-Jan-2030 05:04:50,35,NaN,NaN
Ground_Point_1,SAT_18,4,07-Jan-2030 16:28:55,07-Jan-2030 16:30:15,80,NaN,NaN
Ground_Point_2,SAT_18,1,01-Jan-2030 04:57:35,01-Jan-2030 04:58:40,65,NaN,NaN
Ground_Point_2,SAT_18,2,03-Jan-2030 16:21:20,03-Jan-2030 16:22:35,75,NaN,NaN
Ground_Point_2,SAT_18,3,05-Jan-2030 05:04:25,05-Jan-2030 05:05:45,80,NaN,NaN
Ground_Point_2,SAT_18,4,07-Jan-2030 16:28:20,07-Jan-2030 16:29:25,65,NaN,NaN
Ground_Point_3,SAT_18,1,03-Jan-2030 16:22:05,03-Jan-2030 16:23:15,70,NaN,NaN
Ground_Point_3,SAT_18,2,04-Jan-2030 05:25:50,04-Jan-2030 05:26:40,50,NaN,NaN
Ground_Point_3,SAT_18,3,05-Jan-2030 05:04:25,05-Jan-2030 05:04:50,25,NaN,NaN
Ground_Point_3,SAT_18,4,07-Jan-2030 16:28:55,07-Jan-2030 16:30:15,80,NaN,NaN
Ground_Point_4,SAT_18,1,01-Jan-2030 15:30:50,01-Jan-2030 15:31:55,65,NaN,NaN
Ground_Point_4,SAT_18,2,02-Jan-2030 04:35:50,02-Jan-2030 04:36:00,10,NaN,NaN
Ground_Point_4,SAT_18,3,03-Jan-2030 04:13:50,03-Jan-2030 04:14:45,55,NaN,NaN
Ground_Point_4,SAT_18,4,05-Jan-2030 15:37:40,05-Jan-2030 15:39:00,80,NaN,NaN
Ground_Point_4,SAT_18,5,07-Jan-2030 04:20:35,07-Jan-2030 04:21:50,75,NaN,NaN
Ground_Point_5,SAT_18,1,02-Jan-2030 04:35:45,02-Jan-2030 04:37:00,75,NaN,NaN
Ground_Point_5,SAT_18,2,04-Jan-2030 15:59:15,04-Jan-2030 16:00:30,75,NaN,NaN
Ground_Point_5,SAT_18,3,06-Jan-2030 04:42:40,06-Jan-2030 04:43:55,75,NaN,NaN
Ground_Point_6,SAT_18,1,02-Jan-2030 04:35:30,02-Jan-2030 04:36:45,75,NaN,NaN
Ground_Point_6,SAT_18,2,04-Jan-2030 15:59:35,04-Jan-2030 16:00:20,45,NaN,NaN
Ground_Point_6,SAT_18,3,05-Jan-2030 15:38:05,05-Jan-2030 15:38:35,30,NaN,NaN
Ground_Point_6,SAT_18,4,06-Jan-2030 04:42:35,06-Jan-2030 04:43:35,60,NaN,NaN
Ground_Point_7,SAT_18,1,01-Jan-2030 17:06:20,01-Jan-2030 17:07:40,80,NaN,NaN
Ground_Point_7,SAT_18,2,02-Jan-2030 06:08:55,02-Jan-2030 06:09:50,55,NaN,NaN
Ground_Point_7,SAT_18,3,03-Jan-2030 05:47:25,03-Jan-2030 05:48:00,35,NaN,NaN
Ground_Point_7,SAT_18,4,05-Jan-2030 17:13:20,05-Jan-2030 17:14:30,70,NaN,NaN
Ground_Point_7,SAT_18,5,07-Jan-2030 05:54:05,07-Jan-2030 05:55:15,70,NaN,NaN
Ground_Point_8,SAT_18,1,01-Jan-2030 17:04:15,01-Jan-2030 17:04:55,40,NaN,NaN
Ground_Point_8,SAT_18,2,02-Jan-2030 16:42:40,02-Jan-2030 16:43:10,30,NaN,NaN
Ground_Point_8,SAT_18,3,04-Jan-2030 05:27:30,04-Jan-2030 05:28:40,70,NaN,NaN
Ground_Point_8,SAT_18,4,06-Jan-2030 16:49:15,06-Jan-2030 16:50:25,70,NaN,NaN
Ground_Point_9,SAT_18,1,03-Jan-2030 05:51:40,03-Jan-2030 05:52:50,70,NaN,NaN
Ground_Point_9,SAT_18,2,04-Jan-2030 17:30:35,04-Jan-2030 17:31:55,80,NaN,NaN
Ground_Point_9,SAT_18,3,07-Jan-2030 05:58:35,07-Jan-2030 05:59:45,70,NaN,NaN
Ground_Point_10,SAT_18,1,03-Jan-2030 05:51:40,03-Jan-2030 05:52:55,75,NaN,NaN
Ground_Point_10,SAT_18,2,04-Jan-2030 17:30:35,04-Jan-2030 17:31:50,75,NaN,NaN
Ground_Point_10,SAT_18,3,07-Jan-2030 05:58:35,07-Jan-2030 05:59:50,75,NaN,NaN
Ground_Point_11,SAT_18,1,01-Jan-2030 17:02:25,01-Jan-2030 17:03:35,70,NaN,NaN
Ground_Point_11,SAT_18,2,04-Jan-2030 05:29:00,04-Jan-2030 05:30:15,75,NaN,NaN
Ground_Point_11,SAT_18,3,05-Jan-2030 17:09:40,05-Jan-2030 17:10:10,30,NaN,NaN
Ground_Point_11,SAT_18,4,06-Jan-2030 16:48:05,06-Jan-2030 16:48:30,25,NaN,NaN
Ground_Point_12,SAT_18,1,01-Jan-2030 18:30:50,01-Jan-2030 18:31:35,45,NaN,NaN
Ground_Point_12,SAT_18,2,02-Jan-2030 06:19:10,02-Jan-2030 06:20:15,65,NaN,NaN
Ground_Point_12,SAT_18,3,06-Jan-2030 06:26:00,06-Jan-2030 06:27:15,75,NaN,NaN
Ground_Point_12,SAT_18,4,06-Jan-2030 18:16:05,06-Jan-2030 18:17:00,55,NaN,NaN
Ground_Point_13,SAT_18,1,01-Jan-2030 06:37:50,01-Jan-2030 06:38:50,60,NaN,NaN
Ground_Point_13,SAT_18,2,01-Jan-2030 18:33:55,01-Jan-2030 18:35:05,70,NaN,NaN
Ground_Point_13,SAT_18,3,05-Jan-2030 06:44:40,05-Jan-2030 06:45:55,75,NaN,NaN
Ground_Point_13,SAT_18,4,06-Jan-2030 18:19:45,06-Jan-2030 18:20:00,15,NaN,NaN
Ground_Point_14,SAT_18,1,02-Jan-2030 06:16:35,02-Jan-2030 06:17:50,75,NaN,NaN
Ground_Point_14,SAT_18,2,02-Jan-2030 18:11:20,02-Jan-2030 18:12:25,65,NaN,NaN
Ground_Point_14,SAT_18,3,06-Jan-2030 06:23:30,06-Jan-2030 06:24:40,70,NaN,NaN
Ground_Point_14,SAT_18,4,07-Jan-2030 17:57:10,07-Jan-2030 17:57:15,5,NaN,NaN
Ground_Point_15,SAT_18,1,02-Jan-2030 18:07:05,02-Jan-2030 18:08:00,55,NaN,NaN
Ground_Point_15,SAT_18,2,03-Jan-2030 05:59:30,03-Jan-2030 06:00:15,45,NaN,NaN
Ground_Point_15,SAT_18,3,06-Jan-2030 18:13:50,06-Jan-2030 18:15:05,75,NaN,NaN
Ground_Point_15,SAT_18,4,07-Jan-2030 06:06:10,07-Jan-2030 06:07:25,75,NaN,NaN
Ground_Point_16,SAT_18,1,01-Jan-2030 16:59:50,01-Jan-2030 17:00:50,60,NaN,NaN
Ground_Point_16,SAT_18,2,04-Jan-2030 05:31:55,04-Jan-2030 05:32:40,45,NaN,NaN
Ground_Point_16,SAT_18,3,05-Jan-2030 17:06:40,05-Jan-2030 17:07:55,75,NaN,NaN
Ground_Point_17,SAT_18,1,01-Jan-2030 06:40:30,01-Jan-2030 06:41:25,55,NaN,NaN
Ground_Point_17,SAT_18,2,01-Jan-2030 18:31:10,01-Jan-2030 18:32:25,75,NaN,NaN
Ground_Point_17,SAT_18,3,05-Jan-2030 18:38:15,05-Jan-2030 18:39:10,55,NaN,NaN
Ground_Point_17,SAT_18,4,06-Jan-2030 06:26:00,06-Jan-2030 06:26:35,35,NaN,NaN
Ground_Point_18,SAT_18,1,01-Jan-2030 20:10:05,01-Jan-2030 20:11:10,65,NaN,NaN
Ground_Point_18,SAT_18,2,04-Jan-2030 08:39:40,04-Jan-2030 08:40:55,75,NaN,NaN
Ground_Point_18,SAT_18,3,05-Jan-2030 20:16:55,05-Jan-2030 20:18:10,75,NaN,NaN
Ground_Point_19,SAT_18,1,02-Jan-2030 19:50:35,02-Jan-2030 19:51:50,75,NaN,NaN
Ground_Point_19,SAT_18,2,04-Jan-2030 08:37:20,04-Jan-2030 08:38:00,40,NaN,NaN
Ground_Point_19,SAT_18,3,06-Jan-2030 19:57:30,06-Jan-2030 19:58:45,75,NaN,NaN
Ground_Point_20,SAT_18,1,01-Jan-2030 08:12:25,01-Jan-2030 08:13:40,75,NaN,NaN
Ground_Point_20,SAT_18,2,01-Jan-2030 20:08:20,01-Jan-2030 20:09:15,55,NaN,NaN
Ground_Point_20,SAT_18,3,05-Jan-2030 08:19:25,05-Jan-2030 08:20:35,70,NaN,NaN
Ground_Point_20,SAT_18,4,06-Jan-2030 19:53:45,06-Jan-2030 19:54:35,50,NaN,NaN
Ground_Point_21,SAT_18,1,02-Jan-2030 13:58:25,02-Jan-2030 13:59:45,80,NaN,NaN
Ground_Point_21,SAT_18,2,03-Jan-2030 00:40:15,03-Jan-2030 00:41:35,80,NaN,NaN
Ground_Point_21,SAT_18,3,06-Jan-2030 14:05:25,06-Jan-2030 14:06:40,75,NaN,NaN
Ground_Point_21,SAT_18,4,07-Jan-2030 00:47:15,07-Jan-2030 00:48:30,75,NaN,NaN
Ground_Point_21,SAT_18,5,07-Jan-2030 13:44:10,07-Jan-2030 13:44:30,20,NaN,NaN
Ground_Point_22,SAT_18,1,02-Jan-2030 13:59:15,02-Jan-2030 14:00:00,45,NaN,NaN
Ground_Point_22,SAT_18,2,03-Jan-2030 00:39:30,03-Jan-2030 00:40:45,75,NaN,NaN
Ground_Point_22,SAT_18,3,03-Jan-2030 13:37:25,03-Jan-2030 13:38:30,65,NaN,NaN
Ground_Point_22,SAT_18,4,04-Jan-2030 00:18:15,04-Jan-2030 00:18:45,30,NaN,NaN
Ground_Point_22,SAT_18,5,07-Jan-2030 00:46:40,07-Jan-2030 00:47:30,50,NaN,NaN
Ground_Point_22,SAT_18,6,07-Jan-2030 13:44:20,07-Jan-2030 13:45:35,75,NaN,NaN
Ground_Point_23,SAT_18,1,03-Jan-2030 13:36:20,03-Jan-2030 13:37:40,80,NaN,NaN
Ground_Point_23,SAT_18,2,04-Jan-2030 00:18:35,04-Jan-2030 00:19:55,80,NaN,NaN
Ground_Point_23,SAT_18,3,07-Jan-2030 13:43:20,07-Jan-2030 13:44:35,75,NaN,NaN
Ground_Point_24,SAT_18,1,03-Jan-2030 13:36:45,03-Jan-2030 13:38:00,75,NaN,NaN
Ground_Point_24,SAT_18,2,04-Jan-2030 00:18:15,04-Jan-2030 00:19:30,75,NaN,NaN
Ground_Point_24,SAT_18,3,07-Jan-2030 13:43:45,07-Jan-2030 13:45:00,75,NaN,NaN
Ground_Point_25,SAT_18,1,03-Jan-2030 13:37:05,03-Jan-2030 13:37:40,35,NaN,NaN
Ground_Point_25,SAT_18,2,04-Jan-2030 00:18:05,04-Jan-2030 00:19:00,55,NaN,NaN
Ground_Point_25,SAT_18,3,04-Jan-2030 13:15:10,04-Jan-2030 13:16:20,70,NaN,NaN
Ground_Point_25,SAT_18,4,04-Jan-2030 23:56:25,04-Jan-2030 23:57:25,60,NaN,NaN
Ground_Point_26,SAT_18,1,01-Jan-2030 23:28:25,01-Jan-2030 23:29:00,35,NaN,NaN
Ground_Point_26,SAT_18,2,04-Jan-2030 13:14:20,04-Jan-2030 13:15:30,70,NaN,NaN
Ground_Point_26,SAT_18,3,04-Jan-2030 23:56:50,04-Jan-2030 23:57:45,55,NaN,NaN
Ground_Point_26,SAT_18,4,05-Jan-2030 12:52:55,05-Jan-2030 12:53:40,45,NaN,NaN
Ground_Point_26,SAT_18,5,05-Jan-2030 23:35:05,05-Jan-2030 23:36:10,65,NaN,NaN
Ground_Point_27,SAT_18,1,04-Jan-2030 13:15:35,04-Jan-2030 13:16:40,65,NaN,NaN
Ground_Point_27,SAT_18,2,04-Jan-2030 23:55:35,04-Jan-2030 23:56:55,80,NaN,NaN
Ground_Point_27,SAT_18,3,05-Jan-2030 12:54:10,05-Jan-2030 12:54:45,35,NaN,NaN
Ground_Point_28,SAT_18,1,02-Jan-2030 00:59:20,02-Jan-2030 01:00:30,70,NaN,NaN
Ground_Point_28,SAT_18,2,02-Jan-2030 14:01:25,02-Jan-2030 14:02:40,75,NaN,NaN
Ground_Point_28,SAT_18,3,06-Jan-2030 01:06:10,06-Jan-2030 01:07:30,80,NaN,NaN
Ground_Point_28,SAT_18,4,06-Jan-2030 14:08:25,06-Jan-2030 14:09:30,65,NaN,NaN
Ground_Point_29,SAT_18,1,03-Jan-2030 00:37:40,03-Jan-2030 00:38:50,70,NaN,NaN
Ground_Point_29,SAT_18,2,03-Jan-2030 13:39:15,03-Jan-2030 13:40:30,75,NaN,NaN
Ground_Point_29,SAT_18,3,07-Jan-2030 00:44:35,07-Jan-2030 00:45:50,75,NaN,NaN
Ground_Point_29,SAT_18,4,07-Jan-2030 13:46:15,07-Jan-2030 13:47:20,65,NaN,NaN
Ground_Point_30,SAT_18,1,01-Jan-2030 12:48:35,01-Jan-2030 12:49:35,60,NaN,NaN
Ground_Point_30,SAT_18,2,04-Jan-2030 23:54:05,04-Jan-2030 23:55:15,70,NaN,NaN
Ground_Point_30,SAT_18,3,05-Jan-2030 12:55:25,05-Jan-2030 12:56:40,75,NaN,NaN
Ground_Point_31,SAT_18,1,04-Jan-2030 00:16:45,04-Jan-2030 00:17:55,70,NaN,NaN
Ground_Point_31,SAT_18,2,04-Jan-2030 13:16:15,04-Jan-2030 13:17:35,80,NaN,NaN
Ground_Point_31,SAT_18,3,04-Jan-2030 23:55:35,04-Jan-2030 23:55:50,15,NaN,NaN
Ground_Point_32,SAT_18,1,01-Jan-2030 12:45:35,01-Jan-2030 12:46:35,60,NaN,NaN
Ground_Point_32,SAT_18,2,01-Jan-2030 23:27:55,01-Jan-2030 23:28:40,45,NaN,NaN
Ground_Point_32,SAT_18,3,02-Jan-2030 12:24:00,02-Jan-2030 12:24:55,55,NaN,NaN
Ground_Point_32,SAT_18,4,02-Jan-2030 23:06:05,02-Jan-2030 23:07:15,70,NaN,NaN
Ground_Point_32,SAT_18,5,05-Jan-2030 12:52:50,05-Jan-2030 12:53:15,25,NaN,NaN
Ground_Point_32,SAT_18,6,06-Jan-2030 12:30:45,06-Jan-2030 12:32:00,75,NaN,NaN
Ground_Point_32,SAT_18,7,06-Jan-2030 23:12:55,06-Jan-2030 23:14:15,80,NaN,NaN
Ground_Point_33,SAT_18,1,02-Jan-2030 05:42:55,02-Jan-2030 05:44:10,75,NaN,NaN
Ground_Point_33,SAT_18,2,02-Jan-2030 18:44:55,02-Jan-2030 18:46:10,75,NaN,NaN
Ground_Point_33,SAT_18,3,06-Jan-2030 05:49:50,06-Jan-2030 05:51:10,80,NaN,NaN
Ground_Point_33,SAT_18,4,06-Jan-2030 18:52:00,06-Jan-2030 18:53:00,60,NaN,NaN
Ground_Point_33,SAT_18,5,07-Jan-2030 18:30:35,07-Jan-2030 18:31:05,30,NaN,NaN
Ground_Point_34,SAT_18,1,01-Jan-2030 06:04:15,01-Jan-2030 06:05:30,75,NaN,NaN
Ground_Point_34,SAT_18,2,02-Jan-2030 18:45:35,02-Jan-2030 18:46:40,65,NaN,NaN
Ground_Point_34,SAT_18,3,05-Jan-2030 06:11:20,05-Jan-2030 06:12:20,60,NaN,NaN
Ground_Point_34,SAT_18,4,06-Jan-2030 05:49:55,06-Jan-2030 05:50:30,35,NaN,NaN
Ground_Point_34,SAT_18,5,06-Jan-2030 18:52:25,06-Jan-2030 18:53:45,80,NaN,NaN
Ground_Point_35,SAT_18,1,02-Jan-2030 05:43:20,02-Jan-2030 05:44:20,60,NaN,NaN
Ground_Point_35,SAT_18,2,02-Jan-2030 18:44:40,02-Jan-2030 18:45:15,35,NaN,NaN
Ground_Point_35,SAT_18,3,03-Jan-2030 05:21:55,03-Jan-2030 05:22:35,40,NaN,NaN
Ground_Point_35,SAT_18,4,03-Jan-2030 18:22:50,03-Jan-2030 18:23:50,60,NaN,NaN
Ground_Point_35,SAT_18,5,07-Jan-2030 05:28:35,07-Jan-2030 05:29:45,70,NaN,NaN
Ground_Point_35,SAT_18,6,07-Jan-2030 18:29:40,07-Jan-2030 18:30:55,75,NaN,NaN
Ground_Point_36,SAT_18,1,04-Jan-2030 06:34:10,04-Jan-2030 06:35:15,65,NaN,NaN
Ground_Point_36,SAT_18,2,04-Jan-2030 19:35:25,04-Jan-2030 19:36:45,80,NaN,NaN
Ground_Point_37,SAT_18,1,01-Jan-2030 07:37:30,01-Jan-2030 07:37:55,25,NaN,NaN
Ground_Point_37,SAT_18,2,02-Jan-2030 07:15:40,02-Jan-2030 07:16:30,50,NaN,NaN
Ground_Point_37,SAT_18,3,03-Jan-2030 19:59:55,03-Jan-2030 20:01:00,65,NaN,NaN
Ground_Point_37,SAT_18,4,06-Jan-2030 07:22:25,06-Jan-2030 07:23:40,75,NaN,NaN
Ground_Point_37,SAT_18,5,07-Jan-2030 20:06:45,07-Jan-2030 20:08:00,75,NaN,NaN
Ground_Point_38,SAT_18,1,02-Jan-2030 07:14:45,02-Jan-2030 07:15:45,60,NaN,NaN
Ground_Point_38,SAT_18,2,03-Jan-2030 20:00:30,03-Jan-2030 20:01:45,75,NaN,NaN
Ground_Point_38,SAT_18,3,06-Jan-2030 07:21:30,06-Jan-2030 07:22:50,80,NaN,NaN
Ground_Point_38,SAT_18,4,07-Jan-2030 20:07:35,07-Jan-2030 20:08:30,55,NaN,NaN
Ground_Point_39,SAT_18,1,02-Jan-2030 08:50:10,02-Jan-2030 08:51:30,80,NaN,NaN
Ground_Point_39,SAT_18,2,03-Jan-2030 21:33:55,03-Jan-2030 21:35:10,75,NaN,NaN
Ground_Point_39,SAT_18,3,06-Jan-2030 08:57:10,06-Jan-2030 08:58:20,70,NaN,NaN
Ground_Point_39,SAT_18,4,07-Jan-2030 21:40:55,07-Jan-2030 21:42:00,65,NaN,NaN
Ground_Point_40,SAT_18,1,01-Jan-2030 09:13:10,01-Jan-2030 09:14:05,55,NaN,NaN
Ground_Point_40,SAT_18,2,02-Jan-2030 08:51:45,02-Jan-2030 08:52:15,30,NaN,NaN
Ground_Point_40,SAT_18,3,02-Jan-2030 21:54:50,02-Jan-2030 21:56:05,75,NaN,NaN
Ground_Point_40,SAT_18,4,06-Jan-2030 08:58:20,06-Jan-2030 08:59:30,70,NaN,NaN
Ground_Point_40,SAT_18,5,06-Jan-2030 22:01:50,06-Jan-2030 22:02:50,60,NaN,NaN
Ground_Point_41,SAT_18,1,01-Jan-2030 22:14:10,01-Jan-2030 22:15:00,50,NaN,NaN
Ground_Point_41,SAT_18,2,02-Jan-2030 08:53:45,02-Jan-2030 08:55:05,80,NaN,NaN
Ground_Point_41,SAT_18,3,02-Jan-2030 21:52:25,02-Jan-2030 21:53:25,60,NaN,NaN
Ground_Point_41,SAT_18,4,06-Jan-2030 09:00:50,06-Jan-2030 09:02:00,70,NaN,NaN
Ground_Point_41,SAT_18,5,06-Jan-2030 21:59:15,06-Jan-2030 22:00:30,75,NaN,NaN
Ground_Point_41,SAT_18,6,07-Jan-2030 08:39:35,07-Jan-2030 08:39:55,20,NaN,NaN
Ground_Point_42,SAT_18,1,01-Jan-2030 06:05:30,01-Jan-2030 06:06:50,80,NaN,NaN
Ground_Point_42,SAT_18,2,01-Jan-2030 19:06:00,01-Jan-2030 19:07:20,80,NaN,NaN
Ground_Point_42,SAT_18,3,05-Jan-2030 06:12:30,05-Jan-2030 06:13:45,75,NaN,NaN
Ground_Point_42,SAT_18,4,05-Jan-2030 19:13:00,05-Jan-2030 19:14:10,70,NaN,NaN
Ground_Point_43,SAT_18,1,02-Jan-2030 05:44:10,02-Jan-2030 05:45:25,75,NaN,NaN
Ground_Point_43,SAT_18,2,02-Jan-2030 18:43:40,02-Jan-2030 18:45:00,80,NaN,NaN
Ground_Point_43,SAT_18,3,06-Jan-2030 05:51:10,06-Jan-2030 05:52:15,65,NaN,NaN
Ground_Point_43,SAT_18,4,06-Jan-2030 18:50:40,06-Jan-2030 18:51:50,70,NaN,NaN
Ground_Point_43,SAT_18,5,07-Jan-2030 05:29:40,07-Jan-2030 05:30:30,50,NaN,NaN
Ground_Point_44,SAT_18,1,01-Jan-2030 07:34:10,01-Jan-2030 07:34:45,35,NaN,NaN
Ground_Point_44,SAT_18,2,03-Jan-2030 20:03:20,03-Jan-2030 20:04:30,70,NaN,NaN
Ground_Point_44,SAT_18,3,05-Jan-2030 07:40:45,05-Jan-2030 07:42:00,75,NaN,NaN
Ground_Point_44,SAT_18,4,07-Jan-2030 20:10:15,07-Jan-2030 20:11:30,75,NaN,NaN
Ground_Point_45,SAT_18,1,01-Jan-2030 07:36:30,01-Jan-2030 07:37:40,70,NaN,NaN
Ground_Point_45,SAT_18,2,03-Jan-2030 20:00:40,03-Jan-2030 20:01:35,55,NaN,NaN
Ground_Point_45,SAT_18,3,05-Jan-2030 07:43:50,05-Jan-2030 07:44:15,25,NaN,NaN
Ground_Point_45,SAT_18,4,06-Jan-2030 07:22:05,06-Jan-2030 07:22:45,40,NaN,NaN
Ground_Point_45,SAT_18,5,07-Jan-2030 20:07:25,07-Jan-2030 20:08:40,75,NaN,NaN
Ground_Point_46,SAT_18,1,01-Jan-2030 09:44:00,01-Jan-2030 09:44:55,55,NaN,NaN
Ground_Point_46,SAT_18,2,02-Jan-2030 21:24:10,02-Jan-2030 21:25:25,75,NaN,NaN
Ground_Point_46,SAT_18,3,05-Jan-2030 09:50:45,05-Jan-2030 09:52:00,75,NaN,NaN
Ground_Point_46,SAT_18,4,06-Jan-2030 21:31:15,06-Jan-2030 21:32:15,60,NaN,NaN
Ground_Point_47,SAT_18,1,01-Jan-2030 21:46:30,01-Jan-2030 21:46:55,25,NaN,NaN
Ground_Point_47,SAT_18,2,03-Jan-2030 10:34:40,03-Jan-2030 10:35:35,55,NaN,NaN
Ground_Point_47,SAT_18,3,05-Jan-2030 21:53:05,05-Jan-2030 21:54:15,70,NaN,NaN
Ground_Point_48,SAT_18,1,01-Jan-2030 11:16:25,01-Jan-2030 11:17:45,80,NaN,NaN
Ground_Point_48,SAT_18,2,03-Jan-2030 22:38:40,03-Jan-2030 22:40:00,80,NaN,NaN
Ground_Point_48,SAT_18,3,05-Jan-2030 11:23:25,05-Jan-2030 11:24:40,75,NaN,NaN
Ground_Point_48,SAT_18,4,07-Jan-2030 22:45:40,07-Jan-2030 22:46:50,70,NaN,NaN
Ground_Point_49,SAT_18,1,02-Jan-2030 23:00:00,02-Jan-2030 23:01:10,70,NaN,NaN
Ground_Point_49,SAT_18,2,05-Jan-2030 11:24:15,05-Jan-2030 11:25:10,55,NaN,NaN
Ground_Point_49,SAT_18,3,06-Jan-2030 23:07:10,06-Jan-2030 23:07:50,40,NaN,NaN
Ground_Point_49,SAT_18,4,07-Jan-2030 22:45:40,07-Jan-2030 22:46:10,30,NaN,NaN
Ground_Point_50,SAT_18,1,02-Jan-2030 11:09:55,02-Jan-2030 11:11:10,75,NaN,NaN
Ground_Point_50,SAT_18,2,04-Jan-2030 23:36:05,04-Jan-2030 23:37:10,65,NaN,NaN
Ground_Point_50,SAT_18,3,06-Jan-2030 11:16:55,06-Jan-2030 11:18:05,70,NaN,NaN
Ground_Point_51,SAT_18,1,05-Jan-2030 13:04:50,05-Jan-2030 13:06:00,70,NaN,NaN
Ground_Point_51,SAT_18,2,06-Jan-2030 00:57:20,06-Jan-2030 00:58:30,70,NaN,NaN
Ground_Point_52,SAT_18,1,01-Jan-2030 16:14:40,01-Jan-2030 16:15:55,75,NaN,NaN
Ground_Point_52,SAT_18,2,04-Jan-2030 04:42:05,04-Jan-2030 04:43:20,75,NaN,NaN
Ground_Point_52,SAT_18,3,05-Jan-2030 16:21:55,05-Jan-2030 16:22:35,40,NaN,NaN
Ground_Point_53,SAT_18,1,01-Jan-2030 04:13:55,01-Jan-2030 04:14:25,30,NaN,NaN
Ground_Point_53,SAT_18,2,02-Jan-2030 15:52:50,02-Jan-2030 15:53:55,65,NaN,NaN
Ground_Point_53,SAT_18,3,05-Jan-2030 04:20:30,05-Jan-2030 04:21:40,70,NaN,NaN
Ground_Point_53,SAT_18,4,06-Jan-2030 15:59:40,06-Jan-2030 16:00:55,75,NaN,NaN
Ground_Point_54,SAT_18,1,01-Jan-2030 05:45:00,01-Jan-2030 05:45:40,40,NaN,NaN
Ground_Point_54,SAT_18,2,02-Jan-2030 05:23:20,02-Jan-2030 05:24:05,45,NaN,NaN
Ground_Point_54,SAT_18,3,04-Jan-2030 16:46:35,04-Jan-2030 16:47:50,75,NaN,NaN
Ground_Point_54,SAT_18,4,06-Jan-2030 05:30:00,06-Jan-2030 05:31:15,75,NaN,NaN
Ground_Point_55,SAT_18,1,01-Jan-2030 17:52:10,01-Jan-2030 17:52:35,25,NaN,NaN
Ground_Point_55,SAT_18,2,02-Jan-2030 17:30:25,02-Jan-2030 17:31:05,40,NaN,NaN
Ground_Point_55,SAT_18,3,04-Jan-2030 06:14:15,04-Jan-2030 06:15:15,60,NaN,NaN
Ground_Point_55,SAT_18,4,06-Jan-2030 17:37:05,06-Jan-2030 17:38:15,70,NaN,NaN
Ground_Point_1,SAT_19,1,02-Jan-2030 16:20:25,02-Jan-2030 16:21:35,70,NaN,NaN
Ground_Point_1,SAT_19,2,03-Jan-2030 05:24:05,03-Jan-2030 05:25:00,55,NaN,NaN
Ground_Point_1,SAT_19,3,04-Jan-2030 05:02:50,04-Jan-2030 05:03:00,10,NaN,NaN
Ground_Point_1,SAT_19,4,06-Jan-2030 16:27:15,06-Jan-2030 16:28:35,80,NaN,NaN
Ground_Point_2,SAT_19,1,02-Jan-2030 16:19:40,02-Jan-2030 16:20:55,75,NaN,NaN
Ground_Point_2,SAT_19,2,04-Jan-2030 05:02:50,04-Jan-2030 05:04:05,75,NaN,NaN
Ground_Point_2,SAT_19,3,06-Jan-2030 16:26:40,06-Jan-2030 16:27:50,70,NaN,NaN
Ground_Point_3,SAT_19,1,02-Jan-2030 16:20:25,02-Jan-2030 16:21:30,65,NaN,NaN
Ground_Point_3,SAT_19,2,03-Jan-2030 05:24:05,03-Jan-2030 05:25:05,60,NaN,NaN
Ground_Point_3,SAT_19,3,06-Jan-2030 16:27:15,06-Jan-2030 16:28:35,80,NaN,NaN
Ground_Point_4,SAT_19,1,01-Jan-2030 04:33:55,01-Jan-2030 04:34:30,35,NaN,NaN
Ground_Point_4,SAT_19,2,02-Jan-2030 04:12:15,02-Jan-2030 04:13:00,45,NaN,NaN
Ground_Point_4,SAT_19,3,04-Jan-2030 15:36:00,04-Jan-2030 15:37:20,80,NaN,NaN
Ground_Point_4,SAT_19,4,06-Jan-2030 04:19:00,06-Jan-2030 04:20:10,70,NaN,NaN
Ground_Point_5,SAT_19,1,01-Jan-2030 04:34:05,01-Jan-2030 04:35:20,75,NaN,NaN
Ground_Point_5,SAT_19,2,03-Jan-2030 15:57:35,03-Jan-2030 15:58:55,80,NaN,NaN
Ground_Point_5,SAT_19,3,05-Jan-2030 04:41:00,05-Jan-2030 04:42:15,75,NaN,NaN
Ground_Point_5,SAT_19,4,07-Jan-2030 16:04:40,07-Jan-2030 16:05:40,60,NaN,NaN
Ground_Point_6,SAT_19,1,01-Jan-2030 04:33:50,01-Jan-2030 04:35:10,80,NaN,NaN
Ground_Point_6,SAT_19,2,03-Jan-2030 15:57:50,03-Jan-2030 15:58:45,55,NaN,NaN
Ground_Point_6,SAT_19,3,05-Jan-2030 04:40:55,05-Jan-2030 04:42:00,65,NaN,NaN
Ground_Point_7,SAT_19,1,01-Jan-2030 06:07:10,01-Jan-2030 06:08:15,65,NaN,NaN
Ground_Point_7,SAT_19,2,04-Jan-2030 17:11:40,04-Jan-2030 17:12:55,75,NaN,NaN
Ground_Point_7,SAT_19,3,06-Jan-2030 05:52:30,06-Jan-2030 05:53:30,60,NaN,NaN
Ground_Point_8,SAT_19,1,03-Jan-2030 05:25:50,03-Jan-2030 05:26:55,65,NaN,NaN
Ground_Point_8,SAT_19,2,05-Jan-2030 16:47:40,05-Jan-2030 16:48:45,65,NaN,NaN
Ground_Point_8,SAT_19,3,07-Jan-2030 05:32:45,07-Jan-2030 05:34:00,75,NaN,NaN
Ground_Point_9,SAT_19,1,02-Jan-2030 05:50:00,02-Jan-2030 05:51:10,70,NaN,NaN
Ground_Point_9,SAT_19,2,03-Jan-2030 17:28:55,03-Jan-2030 17:30:15,80,NaN,NaN
Ground_Point_9,SAT_19,3,06-Jan-2030 05:56:55,06-Jan-2030 05:58:10,75,NaN,NaN
Ground_Point_9,SAT_19,4,07-Jan-2030 17:36:00,07-Jan-2030 17:37:05,65,NaN,NaN
Ground_Point_10,SAT_19,1,02-Jan-2030 05:50:05,02-Jan-2030 05:51:15,70,NaN,NaN
Ground_Point_10,SAT_19,2,03-Jan-2030 17:28:55,03-Jan-2030 17:30:10,75,NaN,NaN
Ground_Point_10,SAT_19,3,06-Jan-2030 05:56:55,06-Jan-2030 05:58:10,75,NaN,NaN
Ground_Point_10,SAT_19,4,07-Jan-2030 17:35:55,07-Jan-2030 17:37:00,65,NaN,NaN
Ground_Point_11,SAT_19,1,03-Jan-2030 05:27:20,03-Jan-2030 05:28:35,75,NaN,NaN
Ground_Point_11,SAT_19,2,04-Jan-2030 17:07:55,04-Jan-2030 17:08:35,40,NaN,NaN
Ground_Point_11,SAT_19,3,07-Jan-2030 05:34:25,07-Jan-2030 05:35:25,60,NaN,NaN
Ground_Point_12,SAT_19,1,01-Jan-2030 06:17:35,01-Jan-2030 06:18:35,60,NaN,NaN
Ground_Point_12,SAT_19,2,05-Jan-2030 06:24:20,05-Jan-2030 06:25:35,75,NaN,NaN
Ground_Point_12,SAT_19,3,05-Jan-2030 18:14:35,05-Jan-2030 18:15:10,35,NaN,NaN
Ground_Point_13,SAT_19,1,04-Jan-2030 06:43:00,04-Jan-2030 06:44:15,75,NaN,NaN
Ground_Point_13,SAT_19,2,04-Jan-2030 18:39:30,04-Jan-2030 18:40:05,35,NaN,NaN
Ground_Point_14,SAT_19,1,01-Jan-2030 06:14:55,01-Jan-2030 06:16:10,75,NaN,NaN
Ground_Point_14,SAT_19,2,01-Jan-2030 18:09:35,01-Jan-2030 18:10:50,75,NaN,NaN
Ground_Point_14,SAT_19,3,05-Jan-2030 06:21:50,05-Jan-2030 06:23:05,75,NaN,NaN
Ground_Point_14,SAT_19,4,05-Jan-2030 18:16:50,05-Jan-2030 18:17:25,35,NaN,NaN
Ground_Point_15,SAT_19,1,01-Jan-2030 18:05:35,01-Jan-2030 18:06:10,35,NaN,NaN
Ground_Point_15,SAT_19,2,02-Jan-2030 05:58:05,02-Jan-2030 05:58:20,15,NaN,NaN
Ground_Point_15,SAT_19,3,05-Jan-2030 18:12:10,05-Jan-2030 18:13:25,75,NaN,NaN
Ground_Point_15,SAT_19,4,06-Jan-2030 06:04:35,06-Jan-2030 06:05:45,70,NaN,NaN
Ground_Point_16,SAT_19,1,03-Jan-2030 05:30:10,03-Jan-2030 05:31:05,55,NaN,NaN
Ground_Point_16,SAT_19,2,04-Jan-2030 17:05:00,04-Jan-2030 17:06:15,75,NaN,NaN
Ground_Point_17,SAT_19,1,04-Jan-2030 18:36:30,04-Jan-2030 18:37:35,65,NaN,NaN
Ground_Point_17,SAT_19,2,05-Jan-2030 06:24:35,05-Jan-2030 06:24:45,10,NaN,NaN
Ground_Point_18,SAT_19,1,03-Jan-2030 08:38:00,03-Jan-2030 08:39:15,75,NaN,NaN
Ground_Point_18,SAT_19,2,04-Jan-2030 20:15:15,04-Jan-2030 20:16:30,75,NaN,NaN
Ground_Point_18,SAT_19,3,07-Jan-2030 08:45:00,07-Jan-2030 08:46:05,65,NaN,NaN
Ground_Point_19,SAT_19,1,01-Jan-2030 19:48:55,01-Jan-2030 19:50:10,75,NaN,NaN
Ground_Point_19,SAT_19,2,03-Jan-2030 08:35:35,03-Jan-2030 08:36:30,55,NaN,NaN
Ground_Point_19,SAT_19,3,05-Jan-2030 19:55:50,05-Jan-2030 19:57:05,75,NaN,NaN
Ground_Point_20,SAT_19,1,04-Jan-2030 08:17:45,04-Jan-2030 08:18:55,70,NaN,NaN
Ground_Point_20,SAT_19,2,05-Jan-2030 19:52:15,05-Jan-2030 19:52:45,30,NaN,NaN
Ground_Point_21,SAT_19,1,01-Jan-2030 13:56:45,01-Jan-2030 13:58:05,80,NaN,NaN
Ground_Point_21,SAT_19,2,02-Jan-2030 00:38:35,02-Jan-2030 00:39:55,80,NaN,NaN
Ground_Point_21,SAT_19,3,05-Jan-2030 14:03:45,05-Jan-2030 14:05:00,75,NaN,NaN
Ground_Point_21,SAT_19,4,06-Jan-2030 00:45:35,06-Jan-2030 00:46:50,75,NaN,NaN
Ground_Point_21,SAT_19,5,07-Jan-2030 00:24:20,07-Jan-2030 00:24:45,25,NaN,NaN
Ground_Point_22,SAT_19,1,01-Jan-2030 13:57:35,01-Jan-2030 13:58:25,50,NaN,NaN
Ground_Point_22,SAT_19,2,02-Jan-2030 00:37:50,02-Jan-2030 00:39:05,75,NaN,NaN
Ground_Point_22,SAT_19,3,02-Jan-2030 13:35:50,02-Jan-2030 13:36:50,60,NaN,NaN
Ground_Point_22,SAT_19,4,06-Jan-2030 00:44:55,06-Jan-2030 00:45:55,60,NaN,NaN
Ground_Point_22,SAT_19,5,06-Jan-2030 13:42:40,06-Jan-2030 13:43:55,75,NaN,NaN
Ground_Point_22,SAT_19,6,07-Jan-2030 00:23:20,07-Jan-2030 00:24:15,55,NaN,NaN
Ground_Point_23,SAT_19,1,01-Jan-2030 13:56:45,01-Jan-2030 13:57:10,25,NaN,NaN
Ground_Point_23,SAT_19,2,02-Jan-2030 13:34:45,02-Jan-2030 13:36:00,75,NaN,NaN
Ground_Point_23,SAT_19,3,03-Jan-2030 00:16:55,03-Jan-2030 00:18:15,80,NaN,NaN
Ground_Point_23,SAT_19,4,06-Jan-2030 13:41:40,06-Jan-2030 13:42:55,75,NaN,NaN
Ground_Point_23,SAT_19,5,07-Jan-2030 00:23:55,07-Jan-2030 00:25:10,75,NaN,NaN
Ground_Point_24,SAT_19,1,01-Jan-2030 13:57:15,01-Jan-2030 13:57:30,15,NaN,NaN
Ground_Point_24,SAT_19,2,02-Jan-2030 00:38:40,02-Jan-2030 00:39:10,30,NaN,NaN
Ground_Point_24,SAT_19,3,02-Jan-2030 13:35:10,02-Jan-2030 13:36:20,70,NaN,NaN
Ground_Point_24,SAT_19,4,03-Jan-2030 00:16:40,03-Jan-2030 00:17:50,70,NaN,NaN
Ground_Point_24,SAT_19,5,06-Jan-2030 13:42:05,06-Jan-2030 13:43:20,75,NaN,NaN
Ground_Point_24,SAT_19,6,07-Jan-2030 00:23:30,07-Jan-2030 00:24:50,80,NaN,NaN
Ground_Point_25,SAT_19,1,02-Jan-2030 13:35:20,02-Jan-2030 13:36:05,45,NaN,NaN
Ground_Point_25,SAT_19,2,03-Jan-2030 00:16:20,03-Jan-2030 00:17:25,65,NaN,NaN
Ground_Point_25,SAT_19,3,03-Jan-2030 13:13:35,03-Jan-2030 13:14:40,65,NaN,NaN
Ground_Point_25,SAT_19,4,03-Jan-2030 23:54:45,03-Jan-2030 23:55:40,55,NaN,NaN
Ground_Point_25,SAT_19,5,07-Jan-2030 00:23:40,07-Jan-2030 00:24:00,20,NaN,NaN
Ground_Point_25,SAT_19,6,07-Jan-2030 13:20:25,07-Jan-2030 13:21:40,75,NaN,NaN
Ground_Point_26,SAT_19,1,03-Jan-2030 13:12:40,03-Jan-2030 13:13:55,75,NaN,NaN
Ground_Point_26,SAT_19,2,03-Jan-2030 23:55:10,03-Jan-2030 23:56:10,60,NaN,NaN
Ground_Point_26,SAT_19,3,04-Jan-2030 12:51:20,04-Jan-2030 12:51:55,35,NaN,NaN
Ground_Point_26,SAT_19,4,04-Jan-2030 23:33:30,04-Jan-2030 23:34:30,60,NaN,NaN
Ground_Point_26,SAT_19,5,07-Jan-2030 13:19:45,07-Jan-2030 13:20:40,55,NaN,NaN
Ground_Point_27,SAT_19,1,03-Jan-2030 13:13:50,03-Jan-2030 13:15:05,75,NaN,NaN
Ground_Point_27,SAT_19,2,03-Jan-2030 23:54:00,03-Jan-2030 23:55:15,75,NaN,NaN
Ground_Point_27,SAT_19,3,04-Jan-2030 12:52:45,04-Jan-2030 12:52:50,5,NaN,NaN
Ground_Point_27,SAT_19,4,07-Jan-2030 13:21:00,07-Jan-2030 13:21:50,50,NaN,NaN
Ground_Point_28,SAT_19,1,01-Jan-2030 00:57:45,01-Jan-2030 00:58:45,60,NaN,NaN
Ground_Point_28,SAT_19,2,01-Jan-2030 13:59:45,01-Jan-2030 14:01:00,75,NaN,NaN
Ground_Point_28,SAT_19,3,05-Jan-2030 01:04:35,05-Jan-2030 01:05:50,75,NaN,NaN
Ground_Point_28,SAT_19,4,05-Jan-2030 14:06:45,05-Jan-2030 14:07:55,70,NaN,NaN
Ground_Point_29,SAT_19,1,02-Jan-2030 00:36:00,02-Jan-2030 00:37:10,70,NaN,NaN
Ground_Point_29,SAT_19,2,02-Jan-2030 13:37:35,02-Jan-2030 13:38:50,75,NaN,NaN
Ground_Point_29,SAT_19,3,06-Jan-2030 00:42:55,06-Jan-2030 00:44:10,75,NaN,NaN
Ground_Point_29,SAT_19,4,06-Jan-2030 13:44:35,06-Jan-2030 13:45:45,70,NaN,NaN
Ground_Point_30,SAT_19,1,03-Jan-2030 00:14:25,03-Jan-2030 00:14:50,25,NaN,NaN
Ground_Point_30,SAT_19,2,03-Jan-2030 23:52:30,03-Jan-2030 23:53:30,60,NaN,NaN
Ground_Point_30,SAT_19,3,04-Jan-2030 12:53:45,04-Jan-2030 12:55:00,75,NaN,NaN
Ground_Point_30,SAT_19,4,07-Jan-2030 23:59:20,08-Jan-2030 00:00:00,40,NaN,NaN
Ground_Point_31,SAT_19,1,03-Jan-2030 00:15:05,03-Jan-2030 00:16:20,75,NaN,NaN
Ground_Point_31,SAT_19,2,03-Jan-2030 13:14:35,03-Jan-2030 13:15:55,80,NaN,NaN
Ground_Point_31,SAT_19,3,07-Jan-2030 00:22:10,07-Jan-2030 00:23:05,55,NaN,NaN
Ground_Point_31,SAT_19,4,07-Jan-2030 13:21:35,07-Jan-2030 13:22:45,70,NaN,NaN
Ground_Point_32,SAT_19,1,01-Jan-2030 12:22:20,01-Jan-2030 12:23:15,55,NaN,NaN
Ground_Point_32,SAT_19,2,01-Jan-2030 23:04:25,01-Jan-2030 23:05:35,70,NaN,NaN
Ground_Point_32,SAT_19,3,04-Jan-2030 12:51:05,04-Jan-2030 12:51:45,40,NaN,NaN
Ground_Point_32,SAT_19,4,05-Jan-2030 12:29:10,05-Jan-2030 12:30:20,70,NaN,NaN
Ground_Point_32,SAT_19,5,05-Jan-2030 23:11:20,05-Jan-2030 23:12:35,75,NaN,NaN
Ground_Point_33,SAT_19,1,01-Jan-2030 05:41:20,01-Jan-2030 05:42:30,70,NaN,NaN
Ground_Point_33,SAT_19,2,01-Jan-2030 18:43:15,01-Jan-2030 18:44:30,75,NaN,NaN
Ground_Point_33,SAT_19,3,05-Jan-2030 05:48:15,05-Jan-2030 05:49:30,75,NaN,NaN
Ground_Point_33,SAT_19,4,05-Jan-2030 18:50:20,05-Jan-2030 18:51:20,60,NaN,NaN
Ground_Point_34,SAT_19,1,01-Jan-2030 18:44:00,01-Jan-2030 18:45:00,60,NaN,NaN
Ground_Point_34,SAT_19,2,04-Jan-2030 06:09:40,04-Jan-2030 06:10:45,65,NaN,NaN
Ground_Point_34,SAT_19,3,05-Jan-2030 18:50:50,05-Jan-2030 18:52:05,75,NaN,NaN
Ground_Point_35,SAT_19,1,01-Jan-2030 05:41:40,01-Jan-2030 05:42:45,65,NaN,NaN
Ground_Point_35,SAT_19,2,01-Jan-2030 18:42:55,01-Jan-2030 18:43:45,50,NaN,NaN
Ground_Point_35,SAT_19,3,02-Jan-2030 05:20:25,02-Jan-2030 05:20:45,20,NaN,NaN
Ground_Point_35,SAT_19,4,02-Jan-2030 18:21:15,02-Jan-2030 18:22:10,55,NaN,NaN
Ground_Point_35,SAT_19,5,05-Jan-2030 05:49:00,05-Jan-2030 05:49:20,20,NaN,NaN
Ground_Point_35,SAT_19,6,06-Jan-2030 05:27:00,06-Jan-2030 05:28:05,65,NaN,NaN
Ground_Point_35,SAT_19,7,06-Jan-2030 18:28:05,06-Jan-2030 18:29:15,70,NaN,NaN
Ground_Point_36,SAT_19,1,02-Jan-2030 06:54:25,02-Jan-2030 06:54:55,30,NaN,NaN
Ground_Point_36,SAT_19,2,03-Jan-2030 06:32:30,03-Jan-2030 06:33:35,65,NaN,NaN
Ground_Point_36,SAT_19,3,03-Jan-2030 19:33:50,03-Jan-2030 19:35:00,70,NaN,NaN
Ground_Point_36,SAT_19,4,07-Jan-2030 06:39:20,07-Jan-2030 06:40:40,80,NaN,NaN
Ground_Point_36,SAT_19,5,07-Jan-2030 19:40:45,07-Jan-2030 19:42:00,75,NaN,NaN
Ground_Point_37,SAT_19,1,01-Jan-2030 07:14:10,01-Jan-2030 07:14:40,30,NaN,NaN
Ground_Point_37,SAT_19,2,02-Jan-2030 19:58:15,02-Jan-2030 19:59:15,60,NaN,NaN
Ground_Point_37,SAT_19,3,05-Jan-2030 07:20:45,05-Jan-2030 07:21:55,70,NaN,NaN
Ground_Point_37,SAT_19,4,06-Jan-2030 20:05:05,06-Jan-2030 20:06:20,75,NaN,NaN
Ground_Point_38,SAT_19,1,01-Jan-2030 07:13:10,01-Jan-2030 07:14:00,50,NaN,NaN
Ground_Point_38,SAT_19,2,02-Jan-2030 19:58:50,02-Jan-2030 20:00:05,75,NaN,NaN
Ground_Point_38,SAT_19,3,05-Jan-2030 07:19:55,05-Jan-2030 07:21:10,75,NaN,NaN
Ground_Point_38,SAT_19,4,06-Jan-2030 20:05:55,06-Jan-2030 20:06:55,60,NaN,NaN
Ground_Point_39,SAT_19,1,01-Jan-2030 08:48:30,01-Jan-2030 08:49:50,80,NaN,NaN
Ground_Point_39,SAT_19,2,02-Jan-2030 21:32:15,02-Jan-2030 21:33:30,75,NaN,NaN
Ground_Point_39,SAT_19,3,05-Jan-2030 08:55:30,05-Jan-2030 08:56:45,75,NaN,NaN
Ground_Point_39,SAT_19,4,06-Jan-2030 21:39:15,06-Jan-2030 21:40:25,70,NaN,NaN
Ground_Point_40,SAT_19,1,01-Jan-2030 21:53:10,01-Jan-2030 21:54:25,75,NaN,NaN
Ground_Point_40,SAT_19,2,05-Jan-2030 08:56:45,05-Jan-2030 08:57:45,60,NaN,NaN
Ground_Point_40,SAT_19,3,05-Jan-2030 22:00:10,05-Jan-2030 22:01:15,65,NaN,NaN
Ground_Point_41,SAT_19,1,01-Jan-2030 08:52:10,01-Jan-2030 08:53:25,75,NaN,NaN
Ground_Point_41,SAT_19,2,01-Jan-2030 21:50:50,01-Jan-2030 21:51:40,50,NaN,NaN
Ground_Point_41,SAT_19,3,05-Jan-2030 08:59:05,05-Jan-2030 09:00:20,75,NaN,NaN
Ground_Point_41,SAT_19,4,05-Jan-2030 21:57:40,05-Jan-2030 21:58:50,70,NaN,NaN
Ground_Point_42,SAT_19,1,04-Jan-2030 06:10:50,04-Jan-2030 06:12:05,75,NaN,NaN
Ground_Point_42,SAT_19,2,04-Jan-2030 19:11:20,04-Jan-2030 19:12:35,75,NaN,NaN
Ground_Point_43,SAT_19,1,01-Jan-2030 05:42:25,01-Jan-2030 05:43:45,80,NaN,NaN
Ground_Point_43,SAT_19,2,01-Jan-2030 18:42:00,01-Jan-2030 18:43:20,80,NaN,NaN
Ground_Point_43,SAT_19,3,05-Jan-2030 05:49:30,05-Jan-2030 05:50:35,65,NaN,NaN
Ground_Point_43,SAT_19,4,05-Jan-2030 18:49:00,05-Jan-2030 18:50:15,75,NaN,NaN
Ground_Point_43,SAT_19,5,06-Jan-2030 05:28:10,06-Jan-2030 05:28:40,30,NaN,NaN
Ground_Point_44,SAT_19,1,02-Jan-2030 20:01:40,02-Jan-2030 20:02:50,70,NaN,NaN
Ground_Point_44,SAT_19,2,04-Jan-2030 07:39:10,04-Jan-2030 07:40:15,65,NaN,NaN
Ground_Point_44,SAT_19,3,06-Jan-2030 20:08:35,06-Jan-2030 20:09:50,75,NaN,NaN
Ground_Point_45,SAT_19,1,02-Jan-2030 19:59:05,02-Jan-2030 19:59:50,45,NaN,NaN
Ground_Point_45,SAT_19,2,04-Jan-2030 07:42:00,04-Jan-2030 07:42:45,45,NaN,NaN
Ground_Point_45,SAT_19,3,05-Jan-2030 07:20:35,05-Jan-2030 07:21:00,25,NaN,NaN
Ground_Point_45,SAT_19,4,06-Jan-2030 20:05:45,06-Jan-2030 20:07:00,75,NaN,NaN
Ground_Point_46,SAT_19,1,01-Jan-2030 21:22:30,01-Jan-2030 21:23:45,75,NaN,NaN
Ground_Point_46,SAT_19,2,04-Jan-2030 09:49:05,04-Jan-2030 09:50:20,75,NaN,NaN
Ground_Point_46,SAT_19,3,05-Jan-2030 21:29:30,05-Jan-2030 21:30:40,70,NaN,NaN
Ground_Point_47,SAT_19,1,02-Jan-2030 10:33:00,02-Jan-2030 10:34:00,60,NaN,NaN
Ground_Point_47,SAT_19,2,04-Jan-2030 21:51:30,04-Jan-2030 21:52:30,60,NaN,NaN
Ground_Point_47,SAT_19,3,07-Jan-2030 10:18:30,07-Jan-2030 10:19:10,40,NaN,NaN
Ground_Point_48,SAT_19,1,02-Jan-2030 22:37:00,02-Jan-2030 22:38:20,80,NaN,NaN
Ground_Point_48,SAT_19,2,04-Jan-2030 11:21:45,04-Jan-2030 11:23:00,75,NaN,NaN
Ground_Point_48,SAT_19,3,06-Jan-2030 22:44:00,06-Jan-2030 22:45:15,75,NaN,NaN
Ground_Point_49,SAT_19,1,01-Jan-2030 22:58:20,01-Jan-2030 22:59:35,75,NaN,NaN
Ground_Point_49,SAT_19,2,03-Jan-2030 11:44:35,03-Jan-2030 11:44:45,10,NaN,NaN
Ground_Point_49,SAT_19,3,04-Jan-2030 11:22:40,04-Jan-2030 11:23:25,45,NaN,NaN
Ground_Point_49,SAT_19,4,05-Jan-2030 23:05:25,05-Jan-2030 23:06:20,55,NaN,NaN
Ground_Point_50,SAT_19,1,01-Jan-2030 11:08:15,01-Jan-2030 11:09:30,75,NaN,NaN
Ground_Point_50,SAT_19,2,03-Jan-2030 23:34:30,03-Jan-2030 23:35:25,55,NaN,NaN
Ground_Point_50,SAT_19,3,05-Jan-2030 11:15:15,05-Jan-2030 11:16:25,70,NaN,NaN
Ground_Point_50,SAT_19,4,07-Jan-2030 23:41:15,07-Jan-2030 23:42:35,80,NaN,NaN
Ground_Point_51,SAT_19,1,04-Jan-2030 13:03:15,04-Jan-2030 13:04:15,60,NaN,NaN
Ground_Point_51,SAT_19,2,05-Jan-2030 00:55:45,05-Jan-2030 00:56:45,60,NaN,NaN
Ground_Point_52,SAT_19,1,03-Jan-2030 04:40:25,03-Jan-2030 04:41:45,80,NaN,NaN
Ground_Point_52,SAT_19,2,04-Jan-2030 16:20:10,04-Jan-2030 16:21:00,50,NaN,NaN
Ground_Point_52,SAT_19,3,07-Jan-2030 04:47:30,07-Jan-2030 04:48:30,60,NaN,NaN
Ground_Point_53,SAT_19,1,01-Jan-2030 15:51:10,01-Jan-2030 15:52:15,65,NaN,NaN
Ground_Point_53,SAT_19,2,04-Jan-2030 04:18:55,04-Jan-2030 04:20:00,65,NaN,NaN
Ground_Point_53,SAT_19,3,05-Jan-2030 15:58:00,05-Jan-2030 15:59:15,75,NaN,NaN
Ground_Point_54,SAT_19,1,01-Jan-2030 05:21:50,01-Jan-2030 05:22:15,25,NaN,NaN
Ground_Point_54,SAT_19,2,03-Jan-2030 16:45:00,03-Jan-2030 16:46:10,70,NaN,NaN
Ground_Point_54,SAT_19,3,05-Jan-2030 05:28:25,05-Jan-2030 05:29:35,70,NaN,NaN
Ground_Point_54,SAT_19,4,07-Jan-2030 16:51:50,07-Jan-2030 16:53:05,75,NaN,NaN
Ground_Point_55,SAT_19,1,01-Jan-2030 17:28:55,01-Jan-2030 17:29:20,25,NaN,NaN
Ground_Point_55,SAT_19,2,02-Jan-2030 06:34:30,02-Jan-2030 06:34:55,25,NaN,NaN
Ground_Point_55,SAT_19,3,03-Jan-2030 06:12:40,03-Jan-2030 06:13:30,50,NaN,NaN
Ground_Point_55,SAT_19,4,05-Jan-2030 17:35:30,05-Jan-2030 17:36:35,65,NaN,NaN
Ground_Point_55,SAT_19,5,07-Jan-2030 06:19:25,07-Jan-2030 06:20:40,75,NaN,NaN
Ground_Point_1,SAT_20,1,01-Jan-2030 16:18:50,01-Jan-2030 16:19:55,65,NaN,NaN
Ground_Point_1,SAT_20,2,02-Jan-2030 05:22:25,02-Jan-2030 05:23:25,60,NaN,NaN
Ground_Point_1,SAT_20,3,05-Jan-2030 16:25:45,05-Jan-2030 16:27:00,75,NaN,NaN
Ground_Point_1,SAT_20,4,07-Jan-2030 05:07:50,07-Jan-2030 05:08:50,60,NaN,NaN
Ground_Point_2,SAT_20,1,01-Jan-2030 16:18:00,01-Jan-2030 16:19:15,75,NaN,NaN
Ground_Point_2,SAT_20,2,03-Jan-2030 05:01:10,03-Jan-2030 05:02:25,75,NaN,NaN
Ground_Point_2,SAT_20,3,05-Jan-2030 16:25:05,05-Jan-2030 16:26:20,75,NaN,NaN
Ground_Point_2,SAT_20,4,07-Jan-2030 05:08:15,07-Jan-2030 05:09:30,75,NaN,NaN
Ground_Point_3,SAT_20,1,01-Jan-2030 16:18:50,01-Jan-2030 16:19:50,60,NaN,NaN
Ground_Point_3,SAT_20,2,02-Jan-2030 05:22:25,02-Jan-2030 05:23:30,65,NaN,NaN
Ground_Point_3,SAT_20,3,05-Jan-2030 16:25:45,05-Jan-2030 16:27:00,75,NaN,NaN
Ground_Point_3,SAT_20,4,06-Jan-2030 05:29:45,06-Jan-2030 05:30:10,25,NaN,NaN
Ground_Point_3,SAT_20,5,07-Jan-2030 05:07:55,07-Jan-2030 05:08:50,55,NaN,NaN
Ground_Point_4,SAT_20,1,01-Jan-2030 04:10:45,01-Jan-2030 04:11:10,25,NaN,NaN
Ground_Point_4,SAT_20,2,03-Jan-2030 15:34:25,03-Jan-2030 15:35:40,75,NaN,NaN
Ground_Point_4,SAT_20,3,05-Jan-2030 04:17:25,05-Jan-2030 04:18:35,70,NaN,NaN
Ground_Point_4,SAT_20,4,07-Jan-2030 15:41:30,07-Jan-2030 15:42:45,75,NaN,NaN
Ground_Point_5,SAT_20,1,02-Jan-2030 15:56:00,02-Jan-2030 15:57:15,75,NaN,NaN
Ground_Point_5,SAT_20,2,04-Jan-2030 04:39:25,04-Jan-2030 04:40:40,75,NaN,NaN
Ground_Point_5,SAT_20,3,06-Jan-2030 16:03:05,06-Jan-2030 16:04:10,65,NaN,NaN
Ground_Point_6,SAT_20,1,02-Jan-2030 15:56:10,02-Jan-2030 15:57:15,65,NaN,NaN
Ground_Point_6,SAT_20,2,04-Jan-2030 04:39:15,04-Jan-2030 04:40:25,70,NaN,NaN
Ground_Point_6,SAT_20,3,07-Jan-2030 15:41:40,07-Jan-2030 15:42:35,55,NaN,NaN
Ground_Point_7,SAT_20,1,03-Jan-2030 17:10:00,03-Jan-2030 17:11:20,80,NaN,NaN
Ground_Point_7,SAT_20,2,04-Jan-2030 06:12:50,04-Jan-2030 06:13:20,30,NaN,NaN
Ground_Point_7,SAT_20,3,05-Jan-2030 05:51:00,05-Jan-2030 05:51:55,55,NaN,NaN
Ground_Point_7,SAT_20,4,07-Jan-2030 17:17:15,07-Jan-2030 17:18:10,55,NaN,NaN
Ground_Point_8,SAT_20,1,02-Jan-2030 05:24:15,02-Jan-2030 05:25:15,60,NaN,NaN
Ground_Point_8,SAT_20,2,04-Jan-2030 16:46:10,04-Jan-2030 16:47:05,55,NaN,NaN
Ground_Point_8,SAT_20,3,06-Jan-2030 05:31:10,06-Jan-2030 05:32:25,75,NaN,NaN
Ground_Point_9,SAT_20,1,01-Jan-2030 05:48:25,01-Jan-2030 05:49:25,60,NaN,NaN
Ground_Point_9,SAT_20,2,02-Jan-2030 17:27:20,02-Jan-2030 17:28:35,75,NaN,NaN
Ground_Point_9,SAT_20,3,05-Jan-2030 05:55:20,05-Jan-2030 05:56:35,75,NaN,NaN
Ground_Point_9,SAT_20,4,06-Jan-2030 17:34:25,06-Jan-2030 17:35:35,70,NaN,NaN
Ground_Point_10,SAT_20,1,01-Jan-2030 05:48:30,01-Jan-2030 05:49:30,60,NaN,NaN
Ground_Point_10,SAT_20,2,02-Jan-2030 17:27:15,02-Jan-2030 17:28:35,80,NaN,NaN
Ground_Point_10,SAT_20,3,05-Jan-2030 05:55:20,05-Jan-2030 05:56:40,80,NaN,NaN
Ground_Point_10,SAT_20,4,06-Jan-2030 17:34:20,06-Jan-2030 17:35:35,75,NaN,NaN
Ground_Point_11,SAT_20,1,02-Jan-2030 05:25:45,02-Jan-2030 05:27:00,75,NaN,NaN
Ground_Point_11,SAT_20,2,03-Jan-2030 17:06:10,03-Jan-2030 17:07:05,55,NaN,NaN
Ground_Point_11,SAT_20,3,06-Jan-2030 05:32:45,06-Jan-2030 05:33:55,70,NaN,NaN
Ground_Point_12,SAT_20,1,04-Jan-2030 06:22:45,04-Jan-2030 06:24:00,75,NaN,NaN
Ground_Point_12,SAT_20,2,04-Jan-2030 18:13:15,04-Jan-2030 18:13:20,5,NaN,NaN
Ground_Point_13,SAT_20,1,03-Jan-2030 06:41:25,03-Jan-2030 06:42:40,75,NaN,NaN
Ground_Point_13,SAT_20,2,03-Jan-2030 18:37:50,03-Jan-2030 18:38:35,45,NaN,NaN
Ground_Point_13,SAT_20,3,07-Jan-2030 06:48:25,07-Jan-2030 06:49:40,75,NaN,NaN
Ground_Point_14,SAT_20,1,04-Jan-2030 06:20:15,04-Jan-2030 06:21:30,75,NaN,NaN
Ground_Point_14,SAT_20,2,04-Jan-2030 18:15:10,04-Jan-2030 18:16:00,50,NaN,NaN
Ground_Point_15,SAT_20,1,04-Jan-2030 18:10:40,04-Jan-2030 18:11:50,70,NaN,NaN
Ground_Point_15,SAT_20,2,05-Jan-2030 06:03:05,05-Jan-2030 06:04:05,60,NaN,NaN
Ground_Point_16,SAT_20,1,02-Jan-2030 05:28:30,02-Jan-2030 05:29:35,65,NaN,NaN
Ground_Point_16,SAT_20,2,03-Jan-2030 17:03:25,03-Jan-2030 17:04:40,75,NaN,NaN
Ground_Point_16,SAT_20,3,07-Jan-2030 05:14:20,07-Jan-2030 05:14:35,15,NaN,NaN
Ground_Point_16,SAT_20,4,07-Jan-2030 17:10:25,07-Jan-2030 17:11:40,75,NaN,NaN
Ground_Point_17,SAT_20,1,03-Jan-2030 06:44:30,03-Jan-2030 06:44:45,15,NaN,NaN
Ground_Point_17,SAT_20,2,03-Jan-2030 18:34:50,03-Jan-2030 18:36:00,70,NaN,NaN
Ground_Point_17,SAT_20,3,07-Jan-2030 18:42:20,07-Jan-2030 18:42:35,15,NaN,NaN
Ground_Point_18,SAT_20,1,02-Jan-2030 08:36:25,02-Jan-2030 08:37:40,75,NaN,NaN
Ground_Point_18,SAT_20,2,03-Jan-2030 20:13:40,03-Jan-2030 20:14:55,75,NaN,NaN
Ground_Point_18,SAT_20,3,06-Jan-2030 08:43:25,06-Jan-2030 08:44:35,70,NaN,NaN
Ground_Point_18,SAT_20,4,07-Jan-2030 20:20:40,07-Jan-2030 20:21:55,75,NaN,NaN
Ground_Point_19,SAT_20,1,02-Jan-2030 08:33:50,02-Jan-2030 08:34:55,65,NaN,NaN
Ground_Point_19,SAT_20,2,04-Jan-2030 19:54:15,04-Jan-2030 19:55:35,80,NaN,NaN
Ground_Point_19,SAT_20,3,07-Jan-2030 08:19:25,07-Jan-2030 08:20:10,45,NaN,NaN
Ground_Point_20,SAT_20,1,03-Jan-2030 08:16:05,03-Jan-2030 08:17:20,75,NaN,NaN
Ground_Point_20,SAT_20,2,03-Jan-2030 20:12:20,03-Jan-2030 20:12:40,20,NaN,NaN
Ground_Point_20,SAT_20,3,07-Jan-2030 08:23:15,07-Jan-2030 08:24:15,60,NaN,NaN
Ground_Point_21,SAT_20,1,01-Jan-2030 00:36:55,01-Jan-2030 00:38:15,80,NaN,NaN
Ground_Point_21,SAT_20,2,04-Jan-2030 14:02:10,04-Jan-2030 14:03:25,75,NaN,NaN
Ground_Point_21,SAT_20,3,05-Jan-2030 00:44:00,05-Jan-2030 00:45:15,75,NaN,NaN
Ground_Point_22,SAT_20,1,01-Jan-2030 00:36:10,01-Jan-2030 00:37:30,80,NaN,NaN
Ground_Point_22,SAT_20,2,01-Jan-2030 13:34:15,01-Jan-2030 13:35:10,55,NaN,NaN
Ground_Point_22,SAT_20,3,05-Jan-2030 00:43:20,05-Jan-2030 00:44:25,65,NaN,NaN
Ground_Point_22,SAT_20,4,05-Jan-2030 13:41:05,05-Jan-2030 13:42:20,75,NaN,NaN
Ground_Point_22,SAT_20,5,06-Jan-2030 00:21:50,06-Jan-2030 00:22:40,50,NaN,NaN
Ground_Point_23,SAT_20,1,01-Jan-2030 13:33:05,01-Jan-2030 13:34:15,70,NaN,NaN
Ground_Point_23,SAT_20,2,02-Jan-2030 00:15:20,02-Jan-2030 00:16:35,75,NaN,NaN
Ground_Point_23,SAT_20,3,05-Jan-2030 13:40:05,05-Jan-2030 13:41:25,80,NaN,NaN
Ground_Point_23,SAT_20,4,06-Jan-2030 00:22:20,06-Jan-2030 00:23:40,80,NaN,NaN
Ground_Point_24,SAT_20,1,01-Jan-2030 00:36:55,01-Jan-2030 00:37:35,40,NaN,NaN
Ground_Point_24,SAT_20,2,01-Jan-2030 13:33:30,01-Jan-2030 13:34:40,70,NaN,NaN
Ground_Point_24,SAT_20,3,02-Jan-2030 00:15:00,02-Jan-2030 00:16:10,70,NaN,NaN
Ground_Point_24,SAT_20,4,05-Jan-2030 13:40:30,05-Jan-2030 13:41:45,75,NaN,NaN
Ground_Point_24,SAT_20,5,06-Jan-2030 00:22:00,06-Jan-2030 00:23:20,80,NaN,NaN
Ground_Point_25,SAT_20,1,01-Jan-2030 13:33:40,01-Jan-2030 13:34:35,55,NaN,NaN
Ground_Point_25,SAT_20,2,02-Jan-2030 00:14:40,02-Jan-2030 00:15:50,70,NaN,NaN
Ground_Point_25,SAT_20,3,02-Jan-2030 13:11:55,02-Jan-2030 13:13:00,65,NaN,NaN
Ground_Point_25,SAT_20,4,02-Jan-2030 23:53:15,02-Jan-2030 23:54:00,45,NaN,NaN
Ground_Point_25,SAT_20,5,06-Jan-2030 00:22:00,06-Jan-2030 00:22:35,35,NaN,NaN
Ground_Point_25,SAT_20,6,06-Jan-2030 13:18:55,06-Jan-2030 13:20:10,75,NaN,NaN
Ground_Point_25,SAT_20,7,07-Jan-2030 00:00:05,07-Jan-2030 00:01:15,70,NaN,NaN
Ground_Point_26,SAT_20,1,02-Jan-2030 13:11:05,02-Jan-2030 13:12:20,75,NaN,NaN
Ground_Point_26,SAT_20,2,02-Jan-2030 23:53:30,02-Jan-2030 23:54:35,65,NaN,NaN
Ground_Point_26,SAT_20,3,03-Jan-2030 12:49:55,03-Jan-2030 12:50:10,15,NaN,NaN
Ground_Point_26,SAT_20,4,03-Jan-2030 23:31:55,03-Jan-2030 23:32:50,55,NaN,NaN
Ground_Point_26,SAT_20,5,06-Jan-2030 13:18:10,06-Jan-2030 13:19:10,60,NaN,NaN
Ground_Point_26,SAT_20,6,07-Jan-2030 00:00:45,07-Jan-2030 00:01:25,40,NaN,NaN
Ground_Point_26,SAT_20,7,07-Jan-2030 12:56:35,07-Jan-2030 12:57:35,60,NaN,NaN
Ground_Point_26,SAT_20,8,07-Jan-2030 23:38:50,07-Jan-2030 23:40:05,75,NaN,NaN
Ground_Point_27,SAT_20,1,02-Jan-2030 13:12:15,02-Jan-2030 13:13:30,75,NaN,NaN
Ground_Point_27,SAT_20,2,02-Jan-2030 23:52:20,02-Jan-2030 23:53:35,75,NaN,NaN
Ground_Point_27,SAT_20,3,06-Jan-2030 13:19:25,06-Jan-2030 13:20:20,55,NaN,NaN
Ground_Point_27,SAT_20,4,06-Jan-2030 23:59:25,07-Jan-2030 00:00:40,75,NaN,NaN
Ground_Point_27,SAT_20,5,07-Jan-2030 12:57:50,07-Jan-2030 12:58:40,50,NaN,NaN
Ground_Point_28,SAT_20,1,04-Jan-2030 01:03:00,04-Jan-2030 01:04:15,75,NaN,NaN
Ground_Point_28,SAT_20,2,04-Jan-2030 14:05:05,04-Jan-2030 14:06:20,75,NaN,NaN
Ground_Point_29,SAT_20,1,01-Jan-2030 00:34:25,01-Jan-2030 00:35:30,65,NaN,NaN
Ground_Point_29,SAT_20,2,01-Jan-2030 13:35:55,01-Jan-2030 13:37:15,80,NaN,NaN
Ground_Point_29,SAT_20,3,05-Jan-2030 00:41:20,05-Jan-2030 00:42:35,75,NaN,NaN
Ground_Point_29,SAT_20,4,05-Jan-2030 13:43:00,05-Jan-2030 13:44:15,75,NaN,NaN
Ground_Point_30,SAT_20,1,02-Jan-2030 00:12:40,02-Jan-2030 00:13:20,40,NaN,NaN
Ground_Point_30,SAT_20,2,02-Jan-2030 23:50:55,02-Jan-2030 23:51:50,55,NaN,NaN
Ground_Point_30,SAT_20,3,03-Jan-2030 12:52:10,03-Jan-2030 12:53:20,70,NaN,NaN
Ground_Point_30,SAT_20,4,06-Jan-2030 23:57:45,06-Jan-2030 23:59:05,80,NaN,NaN
Ground_Point_30,SAT_20,5,07-Jan-2030 12:59:10,07-Jan-2030 13:00:25,75,NaN,NaN
Ground_Point_31,SAT_20,1,02-Jan-2030 00:13:25,02-Jan-2030 00:14:40,75,NaN,NaN
Ground_Point_31,SAT_20,2,02-Jan-2030 13:13:00,02-Jan-2030 13:14:15,75,NaN,NaN
Ground_Point_31,SAT_20,3,06-Jan-2030 00:20:35,06-Jan-2030 00:21:35,60,NaN,NaN
Ground_Point_31,SAT_20,4,06-Jan-2030 13:20:05,06-Jan-2030 13:21:15,70,NaN,NaN
Ground_Point_31,SAT_20,5,06-Jan-2030 23:59:05,06-Jan-2030 23:59:50,45,NaN,NaN
Ground_Point_32,SAT_20,1,03-Jan-2030 12:49:20,03-Jan-2030 12:50:10,50,NaN,NaN
Ground_Point_32,SAT_20,2,03-Jan-2030 23:31:55,03-Jan-2030 23:32:10,15,NaN,NaN
Ground_Point_32,SAT_20,3,04-Jan-2030 12:27:35,04-Jan-2030 12:28:45,70,NaN,NaN
Ground_Point_32,SAT_20,4,04-Jan-2030 23:09:45,04-Jan-2030 23:11:00,75,NaN,NaN
Ground_Point_33,SAT_20,1,04-Jan-2030 05:46:35,04-Jan-2030 05:47:55,80,NaN,NaN
Ground_Point_33,SAT_20,2,04-Jan-2030 18:48:40,04-Jan-2030 18:49:50,70,NaN,NaN
Ground_Point_34,SAT_20,1,03-Jan-2030 06:08:00,03-Jan-2030 06:09:10,70,NaN,NaN
Ground_Point_34,SAT_20,2,04-Jan-2030 18:49:15,04-Jan-2030 18:50:30,75,NaN,NaN
Ground_Point_34,SAT_20,3,07-Jan-2030 06:15:20,07-Jan-2030 06:15:55,35,NaN,NaN
Ground_Point_35,SAT_20,1,01-Jan-2030 18:19:45,01-Jan-2030 18:20:25,40,NaN,NaN
Ground_Point_35,SAT_20,2,04-Jan-2030 05:47:15,04-Jan-2030 05:47:55,40,NaN,NaN
Ground_Point_35,SAT_20,3,05-Jan-2030 05:25:30,05-Jan-2030 05:26:25,55,NaN,NaN
Ground_Point_35,SAT_20,4,05-Jan-2030 18:26:30,05-Jan-2030 18:27:40,70,NaN,NaN
Ground_Point_36,SAT_20,1,01-Jan-2030 06:52:40,01-Jan-2030 06:53:25,45,NaN,NaN
Ground_Point_36,SAT_20,2,02-Jan-2030 06:30:55,02-Jan-2030 06:31:50,55,NaN,NaN
Ground_Point_36,SAT_20,3,02-Jan-2030 19:32:10,02-Jan-2030 19:33:25,75,NaN,NaN
Ground_Point_36,SAT_20,4,06-Jan-2030 06:37:50,06-Jan-2030 06:39:05,75,NaN,NaN
Ground_Point_36,SAT_20,5,06-Jan-2030 19:39:10,06-Jan-2030 19:40:30,80,NaN,NaN
Ground_Point_37,SAT_20,1,01-Jan-2030 19:56:45,01-Jan-2030 19:57:35,50,NaN,NaN
Ground_Point_37,SAT_20,2,04-Jan-2030 07:19:15,04-Jan-2030 07:20:20,65,NaN,NaN
Ground_Point_37,SAT_20,3,05-Jan-2030 20:03:35,05-Jan-2030 20:04:45,70,NaN,NaN
Ground_Point_38,SAT_20,1,01-Jan-2030 19:57:10,01-Jan-2030 19:58:30,80,NaN,NaN
Ground_Point_38,SAT_20,2,04-Jan-2030 07:18:20,04-Jan-2030 07:19:35,75,NaN,NaN
Ground_Point_38,SAT_20,3,05-Jan-2030 20:04:15,05-Jan-2030 20:05:25,70,NaN,NaN
Ground_Point_39,SAT_20,1,01-Jan-2030 21:30:40,01-Jan-2030 21:31:55,75,NaN,NaN
Ground_Point_39,SAT_20,2,04-Jan-2030 08:53:55,04-Jan-2030 08:55:10,75,NaN,NaN
Ground_Point_39,SAT_20,3,05-Jan-2030 21:37:40,05-Jan-2030 21:38:55,75,NaN,NaN
Ground_Point_40,SAT_20,1,03-Jan-2030 09:17:05,03-Jan-2030 09:17:30,25,NaN,NaN
Ground_Point_40,SAT_20,2,04-Jan-2030 08:55:15,04-Jan-2030 08:56:10,55,NaN,NaN
Ground_Point_40,SAT_20,3,04-Jan-2030 21:58:35,04-Jan-2030 21:59:45,70,NaN,NaN
Ground_Point_41,SAT_20,1,03-Jan-2030 22:18:00,03-Jan-2030 22:18:30,30,NaN,NaN
Ground_Point_41,SAT_20,2,04-Jan-2030 08:57:30,04-Jan-2030 08:58:45,75,NaN,NaN
Ground_Point_41,SAT_20,3,04-Jan-2030 21:56:05,04-Jan-2030 21:57:15,70,NaN,NaN
Ground_Point_42,SAT_20,1,03-Jan-2030 06:09:15,03-Jan-2030 06:10:30,75,NaN,NaN
Ground_Point_42,SAT_20,2,03-Jan-2030 19:09:45,03-Jan-2030 19:11:00,75,NaN,NaN
Ground_Point_42,SAT_20,3,07-Jan-2030 06:16:25,07-Jan-2030 06:17:25,60,NaN,NaN
Ground_Point_42,SAT_20,4,07-Jan-2030 19:16:55,07-Jan-2030 19:17:55,60,NaN,NaN
Ground_Point_43,SAT_20,1,04-Jan-2030 05:47:55,04-Jan-2030 05:49:05,70,NaN,NaN
Ground_Point_43,SAT_20,2,04-Jan-2030 18:47:25,04-Jan-2030 18:48:40,75,NaN,NaN
Ground_Point_43,SAT_20,3,05-Jan-2030 05:26:45,05-Jan-2030 05:27:00,15,NaN,NaN
Ground_Point_44,SAT_20,1,01-Jan-2030 20:00:05,01-Jan-2030 20:01:10,65,NaN,NaN
Ground_Point_44,SAT_20,2,03-Jan-2030 07:37:35,03-Jan-2030 07:38:35,60,NaN,NaN
Ground_Point_44,SAT_20,3,05-Jan-2030 20:07:00,05-Jan-2030 20:08:15,75,NaN,NaN
Ground_Point_44,SAT_20,4,07-Jan-2030 07:44:30,07-Jan-2030 07:45:45,75,NaN,NaN
Ground_Point_45,SAT_20,1,01-Jan-2030 19:57:30,01-Jan-2030 19:58:05,35,NaN,NaN
Ground_Point_45,SAT_20,2,03-Jan-2030 07:40:20,03-Jan-2030 07:41:15,55,NaN,NaN
Ground_Point_45,SAT_20,3,05-Jan-2030 20:04:15,05-Jan-2030 20:05:25,70,NaN,NaN
Ground_Point_46,SAT_20,1,03-Jan-2030 09:47:35,03-Jan-2030 09:48:40,65,NaN,NaN
Ground_Point_46,SAT_20,2,04-Jan-2030 21:27:55,04-Jan-2030 21:29:05,70,NaN,NaN
Ground_Point_46,SAT_20,3,07-Jan-2030 09:54:30,07-Jan-2030 09:55:45,75,NaN,NaN
Ground_Point_47,SAT_20,1,01-Jan-2030 10:31:15,01-Jan-2030 10:32:25,70,NaN,NaN
Ground_Point_47,SAT_20,2,03-Jan-2030 21:49:55,03-Jan-2030 21:50:50,55,NaN,NaN
Ground_Point_47,SAT_20,3,05-Jan-2030 10:38:40,05-Jan-2030 10:39:00,20,NaN,NaN
Ground_Point_47,SAT_20,4,06-Jan-2030 10:17:05,06-Jan-2030 10:17:25,20,NaN,NaN
Ground_Point_47,SAT_20,5,07-Jan-2030 21:56:45,07-Jan-2030 21:58:05,80,NaN,NaN
Ground_Point_48,SAT_20,1,01-Jan-2030 22:35:25,01-Jan-2030 22:36:40,75,NaN,NaN
Ground_Point_48,SAT_20,2,03-Jan-2030 11:20:10,03-Jan-2030 11:21:25,75,NaN,NaN
Ground_Point_48,SAT_20,3,05-Jan-2030 22:42:25,05-Jan-2030 22:43:40,75,NaN,NaN
Ground_Point_48,SAT_20,4,07-Jan-2030 11:27:15,07-Jan-2030 11:28:20,65,NaN,NaN
Ground_Point_49,SAT_20,1,02-Jan-2030 11:42:45,02-Jan-2030 11:43:20,35,NaN,NaN
Ground_Point_49,SAT_20,2,03-Jan-2030 11:21:15,03-Jan-2030 11:21:40,25,NaN,NaN
Ground_Point_49,SAT_20,3,04-Jan-2030 23:03:50,04-Jan-2030 23:04:50,60,NaN,NaN
Ground_Point_49,SAT_20,4,07-Jan-2030 11:27:55,07-Jan-2030 11:29:00,65,NaN,NaN
Ground_Point_50,SAT_20,1,02-Jan-2030 23:33:00,02-Jan-2030 23:33:45,45,NaN,NaN
Ground_Point_50,SAT_20,2,04-Jan-2030 11:13:35,04-Jan-2030 11:14:55,80,NaN,NaN
Ground_Point_50,SAT_20,3,06-Jan-2030 23:39:45,06-Jan-2030 23:41:00,75,NaN,NaN
Ground_Point_51,SAT_20,1,03-Jan-2030 13:01:45,03-Jan-2030 13:02:35,50,NaN,NaN
Ground_Point_51,SAT_20,2,04-Jan-2030 00:54:15,04-Jan-2030 00:55:05,50,NaN,NaN
Ground_Point_51,SAT_20,3,07-Jan-2030 13:08:35,07-Jan-2030 13:09:45,70,NaN,NaN
Ground_Point_52,SAT_20,1,02-Jan-2030 04:38:50,02-Jan-2030 04:40:05,75,NaN,NaN
Ground_Point_52,SAT_20,2,03-Jan-2030 16:18:30,03-Jan-2030 16:19:30,60,NaN,NaN
Ground_Point_52,SAT_20,3,06-Jan-2030 04:45:55,06-Jan-2030 04:47:00,65,NaN,NaN
Ground_Point_53,SAT_20,1,03-Jan-2030 04:17:20,03-Jan-2030 04:18:20,60,NaN,NaN
Ground_Point_53,SAT_20,2,04-Jan-2030 15:56:25,04-Jan-2030 15:57:40,75,NaN,NaN
Ground_Point_53,SAT_20,3,07-Jan-2030 04:24:15,07-Jan-2030 04:25:30,75,NaN,NaN
Ground_Point_54,SAT_20,1,02-Jan-2030 16:43:25,02-Jan-2030 16:44:30,65,NaN,NaN
Ground_Point_54,SAT_20,2,04-Jan-2030 05:26:55,04-Jan-2030 05:27:55,60,NaN,NaN
Ground_Point_54,SAT_20,3,06-Jan-2030 16:50:20,06-Jan-2030 16:51:35,75,NaN,NaN
Ground_Point_55,SAT_20,1,01-Jan-2030 06:32:45,01-Jan-2030 06:33:25,40,NaN,NaN
Ground_Point_55,SAT_20,2,02-Jan-2030 06:11:10,02-Jan-2030 06:11:45,35,NaN,NaN
Ground_Point_55,SAT_20,3,04-Jan-2030 17:33:55,04-Jan-2030 17:35:00,65,NaN,NaN
Ground_Point_55,SAT_20,4,06-Jan-2030 06:17:55,06-Jan-2030 06:19:05,70,NaN,NaN
Ground_Point_1,SAT_21,1,03-Jan-2030 18:20:15,03-Jan-2030 18:21:25,70,NaN,NaN
Ground_Point_1,SAT_21,2,04-Jan-2030 07:23:55,04-Jan-2030 07:24:55,60,NaN,NaN
Ground_Point_1,SAT_21,3,07-Jan-2030 18:27:15,07-Jan-2030 18:28:30,75,NaN,NaN
Ground_Point_2,SAT_21,1,01-Jan-2030 06:55:50,01-Jan-2030 06:56:45,55,NaN,NaN
Ground_Point_2,SAT_21,2,03-Jan-2030 18:19:30,03-Jan-2030 18:20:45,75,NaN,NaN
Ground_Point_2,SAT_21,3,05-Jan-2030 07:02:40,05-Jan-2030 07:03:55,75,NaN,NaN
Ground_Point_2,SAT_21,4,07-Jan-2030 18:26:35,07-Jan-2030 18:27:45,70,NaN,NaN
Ground_Point_3,SAT_21,1,03-Jan-2030 18:20:15,03-Jan-2030 18:21:20,65,NaN,NaN
Ground_Point_3,SAT_21,2,04-Jan-2030 07:23:55,04-Jan-2030 07:25:00,65,NaN,NaN
Ground_Point_3,SAT_21,3,07-Jan-2030 18:27:10,07-Jan-2030 18:28:30,80,NaN,NaN
Ground_Point_4,SAT_21,1,01-Jan-2030 17:29:00,01-Jan-2030 17:30:05,65,NaN,NaN
Ground_Point_4,SAT_21,2,02-Jan-2030 06:33:45,02-Jan-2030 06:34:25,40,NaN,NaN
Ground_Point_4,SAT_21,3,03-Jan-2030 06:12:05,03-Jan-2030 06:12:45,40,NaN,NaN
Ground_Point_4,SAT_21,4,05-Jan-2030 17:35:55,05-Jan-2030 17:37:10,75,NaN,NaN
Ground_Point_4,SAT_21,5,07-Jan-2030 06:18:55,07-Jan-2030 06:20:05,70,NaN,NaN
Ground_Point_5,SAT_21,1,02-Jan-2030 06:33:55,02-Jan-2030 06:35:05,70,NaN,NaN
Ground_Point_5,SAT_21,2,04-Jan-2030 17:57:30,04-Jan-2030 17:58:45,75,NaN,NaN
Ground_Point_5,SAT_21,3,06-Jan-2030 06:40:55,06-Jan-2030 06:42:10,75,NaN,NaN
Ground_Point_6,SAT_21,1,02-Jan-2030 06:33:40,02-Jan-2030 06:34:55,75,NaN,NaN
Ground_Point_6,SAT_21,2,04-Jan-2030 17:57:40,04-Jan-2030 17:58:40,60,NaN,NaN
Ground_Point_6,SAT_21,3,06-Jan-2030 06:40:45,06-Jan-2030 06:41:55,70,NaN,NaN
Ground_Point_7,SAT_21,1,01-Jan-2030 19:04:30,01-Jan-2030 19:05:45,75,NaN,NaN
Ground_Point_7,SAT_21,2,02-Jan-2030 08:07:00,02-Jan-2030 08:08:05,65,NaN,NaN
Ground_Point_7,SAT_21,3,05-Jan-2030 19:11:30,05-Jan-2030 19:12:45,75,NaN,NaN
Ground_Point_7,SAT_21,4,06-Jan-2030 08:14:25,06-Jan-2030 08:14:40,15,NaN,NaN
Ground_Point_7,SAT_21,5,07-Jan-2030 07:52:25,07-Jan-2030 07:53:25,60,NaN,NaN
Ground_Point_8,SAT_21,1,01-Jan-2030 19:02:15,01-Jan-2030 19:03:10,55,NaN,NaN
Ground_Point_8,SAT_21,2,04-Jan-2030 07:25:45,04-Jan-2030 07:26:50,65,NaN,NaN
Ground_Point_8,SAT_21,3,06-Jan-2030 18:47:35,06-Jan-2030 18:48:40,65,NaN,NaN
Ground_Point_9,SAT_21,1,03-Jan-2030 07:49:55,03-Jan-2030 07:51:00,65,NaN,NaN
Ground_Point_9,SAT_21,2,04-Jan-2030 19:28:50,04-Jan-2030 19:30:05,75,NaN,NaN
Ground_Point_9,SAT_21,3,07-Jan-2030 07:56:50,07-Jan-2030 07:58:05,75,NaN,NaN
Ground_Point_10,SAT_21,1,03-Jan-2030 07:49:55,03-Jan-2030 07:51:00,65,NaN,NaN
Ground_Point_10,SAT_21,2,04-Jan-2030 19:28:45,04-Jan-2030 19:30:05,80,NaN,NaN
Ground_Point_10,SAT_21,3,07-Jan-2030 07:56:50,07-Jan-2030 07:58:05,75,NaN,NaN
Ground_Point_11,SAT_21,1,01-Jan-2030 19:00:30,01-Jan-2030 19:01:45,75,NaN,NaN
Ground_Point_11,SAT_21,2,04-Jan-2030 07:27:10,04-Jan-2030 07:28:30,80,NaN,NaN
Ground_Point_11,SAT_21,3,05-Jan-2030 19:07:45,05-Jan-2030 19:08:30,45,NaN,NaN
Ground_Point_12,SAT_21,1,01-Jan-2030 20:28:50,01-Jan-2030 20:29:50,60,NaN,NaN
Ground_Point_12,SAT_21,2,02-Jan-2030 08:17:25,02-Jan-2030 08:18:20,55,NaN,NaN
Ground_Point_12,SAT_21,3,06-Jan-2030 08:24:15,06-Jan-2030 08:25:30,75,NaN,NaN
Ground_Point_12,SAT_21,4,06-Jan-2030 20:14:30,06-Jan-2030 20:15:05,35,NaN,NaN
Ground_Point_13,SAT_21,1,01-Jan-2030 08:36:05,01-Jan-2030 08:36:55,50,NaN,NaN
Ground_Point_13,SAT_21,2,01-Jan-2030 20:32:05,01-Jan-2030 20:33:15,70,NaN,NaN
Ground_Point_13,SAT_21,3,05-Jan-2030 08:42:55,05-Jan-2030 08:44:05,70,NaN,NaN
Ground_Point_13,SAT_21,4,05-Jan-2030 20:39:25,05-Jan-2030 20:40:00,35,NaN,NaN
Ground_Point_14,SAT_21,1,02-Jan-2030 08:14:45,02-Jan-2030 08:15:55,70,NaN,NaN
Ground_Point_14,SAT_21,2,02-Jan-2030 20:09:25,02-Jan-2030 20:10:40,75,NaN,NaN
Ground_Point_14,SAT_21,3,06-Jan-2030 08:21:45,06-Jan-2030 08:23:00,75,NaN,NaN
Ground_Point_14,SAT_21,4,06-Jan-2030 20:16:45,06-Jan-2030 20:17:20,35,NaN,NaN
Ground_Point_15,SAT_21,1,02-Jan-2030 20:05:25,02-Jan-2030 20:06:00,35,NaN,NaN
Ground_Point_15,SAT_21,2,03-Jan-2030 07:58:00,03-Jan-2030 07:58:05,5,NaN,NaN
Ground_Point_15,SAT_21,3,06-Jan-2030 20:12:05,06-Jan-2030 20:13:20,75,NaN,NaN
Ground_Point_15,SAT_21,4,07-Jan-2030 08:04:30,07-Jan-2030 08:05:35,65,NaN,NaN
Ground_Point_16,SAT_21,1,01-Jan-2030 18:58:05,01-Jan-2030 18:58:55,50,NaN,NaN
Ground_Point_16,SAT_21,2,04-Jan-2030 07:30:00,04-Jan-2030 07:31:00,60,NaN,NaN
Ground_Point_16,SAT_21,3,05-Jan-2030 19:04:55,05-Jan-2030 19:06:10,75,NaN,NaN
Ground_Point_17,SAT_21,1,01-Jan-2030 08:38:35,01-Jan-2030 08:39:40,65,NaN,NaN
Ground_Point_17,SAT_21,2,01-Jan-2030 20:29:15,01-Jan-2030 20:30:35,80,NaN,NaN
Ground_Point_17,SAT_21,3,05-Jan-2030 20:36:25,05-Jan-2030 20:37:30,65,NaN,NaN
Ground_Point_18,SAT_21,1,01-Jan-2030 22:08:20,01-Jan-2030 22:09:15,55,NaN,NaN
Ground_Point_18,SAT_21,2,04-Jan-2030 10:37:50,04-Jan-2030 10:39:05,75,NaN,NaN
Ground_Point_18,SAT_21,3,05-Jan-2030 22:15:10,05-Jan-2030 22:16:25,75,NaN,NaN
Ground_Point_19,SAT_21,1,02-Jan-2030 21:48:45,02-Jan-2030 21:50:00,75,NaN,NaN
Ground_Point_19,SAT_21,2,04-Jan-2030 10:35:25,04-Jan-2030 10:36:20,55,NaN,NaN
Ground_Point_19,SAT_21,3,06-Jan-2030 21:55:45,06-Jan-2030 21:57:00,75,NaN,NaN
Ground_Point_20,SAT_21,1,01-Jan-2030 10:10:40,01-Jan-2030 10:11:45,65,NaN,NaN
Ground_Point_20,SAT_21,2,01-Jan-2030 22:06:25,01-Jan-2030 22:07:30,65,NaN,NaN
Ground_Point_20,SAT_21,3,05-Jan-2030 10:17:35,05-Jan-2030 10:18:50,75,NaN,NaN
Ground_Point_20,SAT_21,4,06-Jan-2030 21:52:15,06-Jan-2030 21:52:35,20,NaN,NaN
Ground_Point_21,SAT_21,1,02-Jan-2030 15:56:35,02-Jan-2030 15:57:55,80,NaN,NaN
Ground_Point_21,SAT_21,2,03-Jan-2030 02:38:25,03-Jan-2030 02:39:45,80,NaN,NaN
Ground_Point_21,SAT_21,3,06-Jan-2030 16:03:40,06-Jan-2030 16:04:55,75,NaN,NaN
Ground_Point_21,SAT_21,4,07-Jan-2030 02:45:30,07-Jan-2030 02:46:45,75,NaN,NaN
Ground_Point_22,SAT_21,1,02-Jan-2030 15:57:20,02-Jan-2030 15:58:15,55,NaN,NaN
Ground_Point_22,SAT_21,2,03-Jan-2030 02:37:40,03-Jan-2030 02:38:55,75,NaN,NaN
Ground_Point_22,SAT_21,3,03-Jan-2030 15:35:40,03-Jan-2030 15:36:40,60,NaN,NaN
Ground_Point_22,SAT_21,4,07-Jan-2030 02:44:50,07-Jan-2030 02:45:50,60,NaN,NaN
Ground_Point_22,SAT_21,5,07-Jan-2030 15:42:35,07-Jan-2030 15:43:50,75,NaN,NaN
Ground_Point_23,SAT_21,1,02-Jan-2030 15:56:30,02-Jan-2030 15:57:05,35,NaN,NaN
Ground_Point_23,SAT_21,2,03-Jan-2030 15:34:35,03-Jan-2030 15:35:45,70,NaN,NaN
Ground_Point_23,SAT_21,3,04-Jan-2030 02:16:50,04-Jan-2030 02:18:05,75,NaN,NaN
Ground_Point_23,SAT_21,4,07-Jan-2030 15:41:35,07-Jan-2030 15:42:50,75,NaN,NaN
Ground_Point_24,SAT_21,1,02-Jan-2030 15:57:00,02-Jan-2030 15:57:25,25,NaN,NaN
Ground_Point_24,SAT_21,2,03-Jan-2030 02:38:30,03-Jan-2030 02:39:00,30,NaN,NaN
Ground_Point_24,SAT_21,3,03-Jan-2030 15:35:00,03-Jan-2030 15:36:10,70,NaN,NaN
Ground_Point_24,SAT_21,4,04-Jan-2030 02:16:30,04-Jan-2030 02:17:45,75,NaN,NaN
Ground_Point_24,SAT_21,5,07-Jan-2030 15:42:00,07-Jan-2030 15:43:15,75,NaN,NaN
Ground_Point_25,SAT_21,1,03-Jan-2030 15:35:10,03-Jan-2030 15:36:00,50,NaN,NaN
Ground_Point_25,SAT_21,2,04-Jan-2030 02:16:15,04-Jan-2030 02:17:15,60,NaN,NaN
Ground_Point_25,SAT_21,3,04-Jan-2030 15:13:25,04-Jan-2030 15:14:30,65,NaN,NaN
Ground_Point_25,SAT_21,4,05-Jan-2030 01:54:40,05-Jan-2030 01:55:35,55,NaN,NaN
Ground_Point_26,SAT_21,1,01-Jan-2030 01:47:50,01-Jan-2030 01:49:05,75,NaN,NaN
Ground_Point_26,SAT_21,2,02-Jan-2030 01:26:40,02-Jan-2030 01:27:05,25,NaN,NaN
Ground_Point_26,SAT_21,3,04-Jan-2030 15:12:30,04-Jan-2030 15:13:45,75,NaN,NaN
Ground_Point_26,SAT_21,4,05-Jan-2030 01:55:00,05-Jan-2030 01:56:00,60,NaN,NaN
Ground_Point_26,SAT_21,5,05-Jan-2030 14:51:20,05-Jan-2030 14:51:45,25,NaN,NaN
Ground_Point_26,SAT_21,6,06-Jan-2030 01:33:20,06-Jan-2030 01:34:25,65,NaN,NaN
Ground_Point_27,SAT_21,1,01-Jan-2030 01:46:55,01-Jan-2030 01:48:00,65,NaN,NaN
Ground_Point_27,SAT_21,2,04-Jan-2030 15:13:45,04-Jan-2030 15:14:55,70,NaN,NaN
Ground_Point_27,SAT_21,3,05-Jan-2030 01:53:50,05-Jan-2030 01:55:05,75,NaN,NaN
Ground_Point_28,SAT_21,1,01-Jan-2030 03:19:30,01-Jan-2030 03:19:55,25,NaN,NaN
Ground_Point_28,SAT_21,2,02-Jan-2030 02:57:35,02-Jan-2030 02:58:35,60,NaN,NaN
Ground_Point_28,SAT_21,3,02-Jan-2030 15:59:35,02-Jan-2030 16:00:50,75,NaN,NaN
Ground_Point_28,SAT_21,4,06-Jan-2030 03:04:25,06-Jan-2030 03:05:45,80,NaN,NaN
Ground_Point_28,SAT_21,5,06-Jan-2030 16:06:35,06-Jan-2030 16:07:50,75,NaN,NaN
Ground_Point_29,SAT_21,1,03-Jan-2030 02:35:50,03-Jan-2030 02:37:00,70,NaN,NaN
Ground_Point_29,SAT_21,2,03-Jan-2030 15:37:25,03-Jan-2030 15:38:45,80,NaN,NaN
Ground_Point_29,SAT_21,3,07-Jan-2030 02:42:50,07-Jan-2030 02:44:05,75,NaN,NaN
Ground_Point_29,SAT_21,4,07-Jan-2030 15:44:30,07-Jan-2030 15:45:40,70,NaN,NaN
Ground_Point_30,SAT_21,1,01-Jan-2030 01:45:45,01-Jan-2030 01:45:55,10,NaN,NaN
Ground_Point_30,SAT_21,2,01-Jan-2030 14:46:45,01-Jan-2030 14:47:40,55,NaN,NaN
Ground_Point_30,SAT_21,3,04-Jan-2030 02:14:15,04-Jan-2030 02:14:45,30,NaN,NaN
Ground_Point_30,SAT_21,4,05-Jan-2030 01:52:20,05-Jan-2030 01:53:25,65,NaN,NaN
Ground_Point_30,SAT_21,5,05-Jan-2030 14:53:40,05-Jan-2030 14:54:50,70,NaN,NaN
Ground_Point_31,SAT_21,1,04-Jan-2030 02:14:55,04-Jan-2030 02:16:10,75,NaN,NaN
Ground_Point_31,SAT_21,2,04-Jan-2030 15:14:30,04-Jan-2030 15:15:45,75,NaN,NaN
Ground_Point_32,SAT_21,1,01-Jan-2030 14:43:40,01-Jan-2030 14:44:50,70,NaN,NaN
Ground_Point_32,SAT_21,2,02-Jan-2030 01:26:00,02-Jan-2030 01:26:55,55,NaN,NaN
Ground_Point_32,SAT_21,3,02-Jan-2030 14:22:15,02-Jan-2030 14:23:00,45,NaN,NaN
Ground_Point_32,SAT_21,4,03-Jan-2030 01:04:15,03-Jan-2030 01:05:25,70,NaN,NaN
Ground_Point_32,SAT_21,5,05-Jan-2030 14:50:55,05-Jan-2030 14:51:40,45,NaN,NaN
Ground_Point_32,SAT_21,6,06-Jan-2030 14:29:05,06-Jan-2030 14:30:15,70,NaN,NaN
Ground_Point_32,SAT_21,7,07-Jan-2030 01:11:15,07-Jan-2030 01:12:30,75,NaN,NaN
Ground_Point_33,SAT_21,1,02-Jan-2030 07:41:10,02-Jan-2030 07:42:20,70,NaN,NaN
Ground_Point_33,SAT_21,2,02-Jan-2030 20:43:05,02-Jan-2030 20:44:20,75,NaN,NaN
Ground_Point_33,SAT_21,3,06-Jan-2030 07:48:05,06-Jan-2030 07:49:25,80,NaN,NaN
Ground_Point_33,SAT_21,4,06-Jan-2030 20:50:10,06-Jan-2030 20:51:15,65,NaN,NaN
Ground_Point_34,SAT_21,1,01-Jan-2030 08:02:25,01-Jan-2030 08:03:40,75,NaN,NaN
Ground_Point_34,SAT_21,2,01-Jan-2030 21:05:45,01-Jan-2030 21:06:05,20,NaN,NaN
Ground_Point_34,SAT_21,3,02-Jan-2030 20:43:50,02-Jan-2030 20:44:50,60,NaN,NaN
Ground_Point_34,SAT_21,4,05-Jan-2030 08:09:30,05-Jan-2030 08:10:35,65,NaN,NaN
Ground_Point_34,SAT_21,5,06-Jan-2030 20:50:45,06-Jan-2030 20:52:00,75,NaN,NaN
Ground_Point_35,SAT_21,1,02-Jan-2030 07:41:30,02-Jan-2030 07:42:35,65,NaN,NaN
Ground_Point_35,SAT_21,2,02-Jan-2030 20:42:45,02-Jan-2030 20:43:35,50,NaN,NaN
Ground_Point_35,SAT_21,3,03-Jan-2030 07:20:15,03-Jan-2030 07:20:35,20,NaN,NaN
Ground_Point_35,SAT_21,4,03-Jan-2030 20:21:10,03-Jan-2030 20:21:55,45,NaN,NaN
Ground_Point_35,SAT_21,5,06-Jan-2030 07:48:50,06-Jan-2030 07:49:15,25,NaN,NaN
Ground_Point_35,SAT_21,6,07-Jan-2030 07:26:55,07-Jan-2030 07:28:00,65,NaN,NaN
Ground_Point_35,SAT_21,7,07-Jan-2030 20:28:00,07-Jan-2030 20:29:10,70,NaN,NaN
Ground_Point_36,SAT_21,1,03-Jan-2030 08:54:15,03-Jan-2030 08:54:45,30,NaN,NaN
Ground_Point_36,SAT_21,2,04-Jan-2030 08:32:25,04-Jan-2030 08:33:25,60,NaN,NaN
Ground_Point_36,SAT_21,3,04-Jan-2030 21:33:40,04-Jan-2030 21:34:55,75,NaN,NaN
Ground_Point_37,SAT_21,1,01-Jan-2030 09:35:30,01-Jan-2030 09:36:10,40,NaN,NaN
Ground_Point_37,SAT_21,2,02-Jan-2030 09:14:00,02-Jan-2030 09:14:30,30,NaN,NaN
Ground_Point_37,SAT_21,3,03-Jan-2030 21:58:10,03-Jan-2030 21:59:05,55,NaN,NaN
Ground_Point_37,SAT_21,4,06-Jan-2030 09:20:40,06-Jan-2030 09:21:50,70,NaN,NaN
Ground_Point_37,SAT_21,5,07-Jan-2030 22:05:00,07-Jan-2030 22:06:15,75,NaN,NaN
Ground_Point_38,SAT_21,1,02-Jan-2030 09:13:00,02-Jan-2030 09:13:50,50,NaN,NaN
Ground_Point_38,SAT_21,2,03-Jan-2030 21:58:40,03-Jan-2030 22:00:00,80,NaN,NaN
Ground_Point_38,SAT_21,3,06-Jan-2030 09:19:50,06-Jan-2030 09:21:05,75,NaN,NaN
Ground_Point_38,SAT_21,4,07-Jan-2030 22:05:45,07-Jan-2030 22:06:55,70,NaN,NaN
Ground_Point_39,SAT_21,1,02-Jan-2030 10:48:20,02-Jan-2030 10:49:40,80,NaN,NaN
Ground_Point_39,SAT_21,2,03-Jan-2030 23:32:05,03-Jan-2030 23:33:25,80,NaN,NaN
Ground_Point_39,SAT_21,3,06-Jan-2030 10:55:25,06-Jan-2030 10:56:40,75,NaN,NaN
Ground_Point_39,SAT_21,4,07-Jan-2030 23:39:10,07-Jan-2030 23:40:20,70,NaN,NaN
Ground_Point_40,SAT_21,1,01-Jan-2030 11:11:15,01-Jan-2030 11:12:15,60,NaN,NaN
Ground_Point_40,SAT_21,2,02-Jan-2030 23:53:00,02-Jan-2030 23:54:15,75,NaN,NaN
Ground_Point_40,SAT_21,3,06-Jan-2030 10:56:40,06-Jan-2030 10:57:40,60,NaN,NaN
Ground_Point_40,SAT_21,4,07-Jan-2030 00:00:05,07-Jan-2030 00:01:10,65,NaN,NaN
Ground_Point_41,SAT_21,1,02-Jan-2030 00:12:15,02-Jan-2030 00:13:15,60,NaN,NaN
Ground_Point_41,SAT_21,2,02-Jan-2030 10:51:55,02-Jan-2030 10:53:15,80,NaN,NaN
Ground_Point_41,SAT_21,3,02-Jan-2030 23:50:45,02-Jan-2030 23:51:30,45,NaN,NaN
Ground_Point_41,SAT_21,4,06-Jan-2030 00:19:35,06-Jan-2030 00:19:55,20,NaN,NaN
Ground_Point_41,SAT_21,5,06-Jan-2030 10:59:00,06-Jan-2030 11:00:15,75,NaN,NaN
Ground_Point_41,SAT_21,6,06-Jan-2030 23:57:35,06-Jan-2030 23:58:45,70,NaN,NaN
Ground_Point_42,SAT_21,1,01-Jan-2030 08:03:40,01-Jan-2030 08:05:00,80,NaN,NaN
Ground_Point_42,SAT_21,2,01-Jan-2030 21:04:10,01-Jan-2030 21:05:30,80,NaN,NaN
Ground_Point_42,SAT_21,3,05-Jan-2030 08:10:45,05-Jan-2030 08:12:00,75,NaN,NaN
Ground_Point_42,SAT_21,4,05-Jan-2030 21:11:15,05-Jan-2030 21:12:30,75,NaN,NaN
Ground_Point_43,SAT_21,1,02-Jan-2030 07:42:15,02-Jan-2030 07:43:35,80,NaN,NaN
Ground_Point_43,SAT_21,2,02-Jan-2030 20:41:50,02-Jan-2030 20:43:05,75,NaN,NaN
Ground_Point_43,SAT_21,3,06-Jan-2030 07:49:25,06-Jan-2030 07:50:30,65,NaN,NaN
Ground_Point_43,SAT_21,4,06-Jan-2030 20:48:55,06-Jan-2030 20:50:10,75,NaN,NaN
Ground_Point_43,SAT_21,5,07-Jan-2030 07:28:05,07-Jan-2030 07:28:35,30,NaN,NaN
Ground_Point_44,SAT_21,1,03-Jan-2030 22:01:35,03-Jan-2030 22:02:40,65,NaN,NaN
Ground_Point_44,SAT_21,2,05-Jan-2030 09:39:00,05-Jan-2030 09:40:10,70,NaN,NaN
Ground_Point_44,SAT_21,3,07-Jan-2030 22:08:30,07-Jan-2030 22:09:45,75,NaN,NaN
Ground_Point_45,SAT_21,1,01-Jan-2030 09:34:40,01-Jan-2030 09:35:50,70,NaN,NaN
Ground_Point_45,SAT_21,2,02-Jan-2030 22:20:50,02-Jan-2030 22:20:55,5,NaN,NaN
Ground_Point_45,SAT_21,3,03-Jan-2030 21:58:55,03-Jan-2030 21:59:40,45,NaN,NaN
Ground_Point_45,SAT_21,4,05-Jan-2030 09:41:55,05-Jan-2030 09:42:40,45,NaN,NaN
Ground_Point_45,SAT_21,5,06-Jan-2030 09:20:30,06-Jan-2030 09:20:50,20,NaN,NaN
Ground_Point_45,SAT_21,6,07-Jan-2030 22:05:45,07-Jan-2030 22:06:55,70,NaN,NaN
Ground_Point_46,SAT_21,1,01-Jan-2030 11:42:15,01-Jan-2030 11:42:55,40,NaN,NaN
Ground_Point_46,SAT_21,2,02-Jan-2030 23:22:20,02-Jan-2030 23:23:35,75,NaN,NaN
Ground_Point_46,SAT_21,3,05-Jan-2030 11:49:00,05-Jan-2030 11:50:10,70,NaN,NaN
Ground_Point_46,SAT_21,4,06-Jan-2030 23:29:25,06-Jan-2030 23:30:35,70,NaN,NaN
Ground_Point_47,SAT_21,1,01-Jan-2030 00:06:05,01-Jan-2030 00:06:50,45,NaN,NaN
Ground_Point_47,SAT_21,2,03-Jan-2030 12:32:45,03-Jan-2030 12:33:50,65,NaN,NaN
Ground_Point_47,SAT_21,3,05-Jan-2030 23:51:20,05-Jan-2030 23:52:25,65,NaN,NaN
Ground_Point_48,SAT_21,1,01-Jan-2030 13:14:40,01-Jan-2030 13:15:50,70,NaN,NaN
Ground_Point_48,SAT_21,2,04-Jan-2030 00:36:55,04-Jan-2030 00:38:10,75,NaN,NaN
Ground_Point_48,SAT_21,3,05-Jan-2030 13:21:35,05-Jan-2030 13:22:55,80,NaN,NaN
Ground_Point_49,SAT_21,1,03-Jan-2030 00:58:10,03-Jan-2030 00:59:25,75,NaN,NaN
Ground_Point_49,SAT_21,2,04-Jan-2030 13:44:20,04-Jan-2030 13:44:45,25,NaN,NaN
Ground_Point_49,SAT_21,3,05-Jan-2030 13:22:40,05-Jan-2030 13:23:15,35,NaN,NaN
Ground_Point_49,SAT_21,4,07-Jan-2030 01:05:20,07-Jan-2030 01:06:15,55,NaN,NaN
Ground_Point_50,SAT_21,1,02-Jan-2030 13:08:05,02-Jan-2030 13:09:20,75,NaN,NaN
Ground_Point_50,SAT_21,2,05-Jan-2030 01:34:25,05-Jan-2030 01:35:20,55,NaN,NaN
Ground_Point_50,SAT_21,3,06-Jan-2030 13:15:05,06-Jan-2030 13:16:20,75,NaN,NaN
Ground_Point_51,SAT_21,1,01-Jan-2030 03:10:25,01-Jan-2030 03:11:00,35,NaN,NaN
Ground_Point_51,SAT_21,2,05-Jan-2030 15:03:10,05-Jan-2030 15:04:05,55,NaN,NaN
Ground_Point_51,SAT_21,3,06-Jan-2030 02:55:40,06-Jan-2030 02:56:40,60,NaN,NaN
Ground_Point_52,SAT_21,1,01-Jan-2030 18:12:50,01-Jan-2030 18:14:05,75,NaN,NaN
Ground_Point_52,SAT_21,2,04-Jan-2030 06:40:15,04-Jan-2030 06:41:35,80,NaN,NaN
Ground_Point_52,SAT_21,3,05-Jan-2030 18:20:00,05-Jan-2030 18:20:55,55,NaN,NaN
Ground_Point_53,SAT_21,1,02-Jan-2030 17:51:00,02-Jan-2030 17:52:00,60,NaN,NaN
Ground_Point_53,SAT_21,2,05-Jan-2030 06:18:50,05-Jan-2030 06:19:50,60,NaN,NaN
Ground_Point_53,SAT_21,3,06-Jan-2030 17:57:55,06-Jan-2030 17:59:10,75,NaN,NaN
Ground_Point_54,SAT_21,1,01-Jan-2030 07:43:00,01-Jan-2030 07:43:55,55,NaN,NaN
Ground_Point_54,SAT_21,2,02-Jan-2030 07:21:45,02-Jan-2030 07:22:00,15,NaN,NaN
Ground_Point_54,SAT_21,3,04-Jan-2030 18:44:50,04-Jan-2030 18:46:00,70,NaN,NaN
Ground_Point_54,SAT_21,4,06-Jan-2030 07:28:20,06-Jan-2030 07:29:25,65,NaN,NaN
Ground_Point_55,SAT_21,1,01-Jan-2030 19:50:10,01-Jan-2030 19:50:55,45,NaN,NaN
Ground_Point_55,SAT_21,2,02-Jan-2030 19:28:45,02-Jan-2030 19:29:05,20,NaN,NaN
Ground_Point_55,SAT_21,3,03-Jan-2030 08:34:20,03-Jan-2030 08:34:50,30,NaN,NaN
Ground_Point_55,SAT_21,4,04-Jan-2030 08:12:35,04-Jan-2030 08:13:20,45,NaN,NaN
Ground_Point_55,SAT_21,5,06-Jan-2030 19:35:20,06-Jan-2030 19:36:30,70,NaN,NaN
Ground_Point_1,SAT_22,1,02-Jan-2030 18:18:35,02-Jan-2030 18:19:40,65,NaN,NaN
Ground_Point_1,SAT_22,2,03-Jan-2030 07:22:05,03-Jan-2030 07:23:10,65,NaN,NaN
Ground_Point_1,SAT_22,3,06-Jan-2030 18:25:20,06-Jan-2030 18:26:35,75,NaN,NaN
Ground_Point_1,SAT_22,4,07-Jan-2030 07:29:20,07-Jan-2030 07:29:45,25,NaN,NaN
Ground_Point_2,SAT_22,1,02-Jan-2030 18:17:45,02-Jan-2030 18:19:00,75,NaN,NaN
Ground_Point_2,SAT_22,2,04-Jan-2030 07:00:55,04-Jan-2030 07:02:05,70,NaN,NaN
Ground_Point_2,SAT_22,3,06-Jan-2030 18:24:40,06-Jan-2030 18:25:55,75,NaN,NaN
Ground_Point_3,SAT_22,1,01-Jan-2030 18:40:35,01-Jan-2030 18:40:55,20,NaN,NaN
Ground_Point_3,SAT_22,2,02-Jan-2030 18:18:35,02-Jan-2030 18:19:35,60,NaN,NaN
Ground_Point_3,SAT_22,3,03-Jan-2030 07:22:05,03-Jan-2030 07:23:15,70,NaN,NaN
Ground_Point_3,SAT_22,4,06-Jan-2030 18:25:20,06-Jan-2030 18:26:35,75,NaN,NaN
Ground_Point_3,SAT_22,5,07-Jan-2030 07:29:15,07-Jan-2030 07:29:50,35,NaN,NaN
Ground_Point_4,SAT_22,1,01-Jan-2030 06:31:55,01-Jan-2030 06:32:50,55,NaN,NaN
Ground_Point_4,SAT_22,2,02-Jan-2030 06:10:35,02-Jan-2030 06:10:55,20,NaN,NaN
Ground_Point_4,SAT_22,3,04-Jan-2030 17:34:05,04-Jan-2030 17:35:20,75,NaN,NaN
Ground_Point_4,SAT_22,4,06-Jan-2030 06:17:05,06-Jan-2030 06:18:10,65,NaN,NaN
Ground_Point_5,SAT_22,1,01-Jan-2030 06:32:15,01-Jan-2030 06:33:25,70,NaN,NaN
Ground_Point_5,SAT_22,2,03-Jan-2030 17:55:40,03-Jan-2030 17:57:00,80,NaN,NaN
Ground_Point_5,SAT_22,3,05-Jan-2030 06:39:05,05-Jan-2030 06:40:20,75,NaN,NaN
Ground_Point_5,SAT_22,4,07-Jan-2030 18:02:40,07-Jan-2030 18:03:45,65,NaN,NaN
Ground_Point_6,SAT_22,1,01-Jan-2030 06:32:00,01-Jan-2030 06:33:15,75,NaN,NaN
Ground_Point_6,SAT_22,2,03-Jan-2030 17:55:50,03-Jan-2030 17:56:55,65,NaN,NaN
Ground_Point_6,SAT_22,3,05-Jan-2030 06:38:55,05-Jan-2030 06:40:05,70,NaN,NaN
Ground_Point_6,SAT_22,4,07-Jan-2030 18:03:10,07-Jan-2030 18:03:25,15,NaN,NaN
Ground_Point_7,SAT_22,1,01-Jan-2030 08:05:15,01-Jan-2030 08:06:25,70,NaN,NaN
Ground_Point_7,SAT_22,2,04-Jan-2030 19:09:40,04-Jan-2030 19:11:00,80,NaN,NaN
Ground_Point_7,SAT_22,3,05-Jan-2030 08:12:25,05-Jan-2030 08:13:00,35,NaN,NaN
Ground_Point_7,SAT_22,4,06-Jan-2030 07:50:40,06-Jan-2030 07:51:30,50,NaN,NaN
Ground_Point_8,SAT_22,1,03-Jan-2030 07:24:05,03-Jan-2030 07:25:00,55,NaN,NaN
Ground_Point_8,SAT_22,2,05-Jan-2030 18:45:50,05-Jan-2030 18:46:45,55,NaN,NaN
Ground_Point_8,SAT_22,3,07-Jan-2030 07:30:45,07-Jan-2030 07:32:00,75,NaN,NaN
Ground_Point_9,SAT_22,1,02-Jan-2030 07:48:15,02-Jan-2030 07:49:10,55,NaN,NaN
Ground_Point_9,SAT_22,2,03-Jan-2030 19:27:05,03-Jan-2030 19:28:20,75,NaN,NaN
Ground_Point_9,SAT_22,3,06-Jan-2030 07:54:55,06-Jan-2030 07:56:10,75,NaN,NaN
Ground_Point_9,SAT_22,4,07-Jan-2030 19:33:55,07-Jan-2030 19:35:10,75,NaN,NaN
Ground_Point_10,SAT_22,1,02-Jan-2030 07:48:15,02-Jan-2030 07:49:15,60,NaN,NaN
Ground_Point_10,SAT_22,2,03-Jan-2030 19:27:00,03-Jan-2030 19:28:15,75,NaN,NaN
Ground_Point_10,SAT_22,3,06-Jan-2030 07:55:00,06-Jan-2030 07:56:15,75,NaN,NaN
Ground_Point_10,SAT_22,4,07-Jan-2030 19:33:55,07-Jan-2030 19:35:05,70,NaN,NaN
Ground_Point_11,SAT_22,1,03-Jan-2030 07:25:25,03-Jan-2030 07:26:40,75,NaN,NaN
Ground_Point_11,SAT_22,2,04-Jan-2030 19:05:50,04-Jan-2030 19:06:50,60,NaN,NaN
Ground_Point_11,SAT_22,3,07-Jan-2030 07:32:20,07-Jan-2030 07:33:30,70,NaN,NaN
Ground_Point_12,SAT_22,1,01-Jan-2030 08:15:50,01-Jan-2030 08:16:35,45,NaN,NaN
Ground_Point_12,SAT_22,2,05-Jan-2030 08:22:25,05-Jan-2030 08:23:40,75,NaN,NaN
Ground_Point_13,SAT_22,1,04-Jan-2030 08:41:05,04-Jan-2030 08:42:20,75,NaN,NaN
Ground_Point_13,SAT_22,2,04-Jan-2030 20:37:25,04-Jan-2030 20:38:20,55,NaN,NaN
Ground_Point_14,SAT_22,1,01-Jan-2030 08:13:05,01-Jan-2030 08:14:15,70,NaN,NaN
Ground_Point_14,SAT_22,2,01-Jan-2030 20:07:40,01-Jan-2030 20:09:00,80,NaN,NaN
Ground_Point_14,SAT_22,3,05-Jan-2030 08:19:55,05-Jan-2030 08:21:10,75,NaN,NaN
Ground_Point_14,SAT_22,4,05-Jan-2030 20:14:45,05-Jan-2030 20:15:40,55,NaN,NaN
Ground_Point_15,SAT_22,1,01-Jan-2030 08:17:45,01-Jan-2030 08:18:10,25,NaN,NaN
Ground_Point_15,SAT_22,2,05-Jan-2030 20:10:20,05-Jan-2030 20:11:25,65,NaN,NaN
Ground_Point_15,SAT_22,3,06-Jan-2030 08:02:40,06-Jan-2030 08:03:40,60,NaN,NaN
Ground_Point_16,SAT_22,1,03-Jan-2030 07:28:10,03-Jan-2030 07:29:20,70,NaN,NaN
Ground_Point_16,SAT_22,2,04-Jan-2030 19:03:05,04-Jan-2030 19:04:20,75,NaN,NaN
Ground_Point_16,SAT_22,3,07-Jan-2030 07:35:35,07-Jan-2030 07:35:40,5,NaN,NaN
Ground_Point_17,SAT_22,1,04-Jan-2030 08:44:05,04-Jan-2030 08:44:35,30,NaN,NaN
Ground_Point_17,SAT_22,2,04-Jan-2030 20:34:30,04-Jan-2030 20:35:45,75,NaN,NaN
Ground_Point_18,SAT_22,1,03-Jan-2030 10:36:05,03-Jan-2030 10:37:20,75,NaN,NaN
Ground_Point_18,SAT_22,2,04-Jan-2030 22:13:20,04-Jan-2030 22:14:35,75,NaN,NaN
Ground_Point_18,SAT_22,3,07-Jan-2030 10:43:00,07-Jan-2030 10:44:10,70,NaN,NaN
Ground_Point_19,SAT_22,1,01-Jan-2030 21:47:05,01-Jan-2030 21:48:15,70,NaN,NaN
Ground_Point_19,SAT_22,2,03-Jan-2030 10:33:35,03-Jan-2030 10:34:40,65,NaN,NaN
Ground_Point_19,SAT_22,3,05-Jan-2030 21:53:55,05-Jan-2030 21:55:10,75,NaN,NaN
Ground_Point_19,SAT_22,4,07-Jan-2030 10:40:55,07-Jan-2030 10:41:00,5,NaN,NaN
Ground_Point_20,SAT_22,1,04-Jan-2030 10:15:45,04-Jan-2030 10:17:05,80,NaN,NaN
Ground_Point_20,SAT_22,2,04-Jan-2030 22:11:55,04-Jan-2030 22:12:25,30,NaN,NaN
Ground_Point_21,SAT_22,1,01-Jan-2030 15:54:55,01-Jan-2030 15:56:10,75,NaN,NaN
Ground_Point_21,SAT_22,2,02-Jan-2030 02:36:45,02-Jan-2030 02:38:00,75,NaN,NaN
Ground_Point_21,SAT_22,3,05-Jan-2030 16:01:45,05-Jan-2030 16:03:05,80,NaN,NaN
Ground_Point_21,SAT_22,4,06-Jan-2030 02:43:35,06-Jan-2030 02:44:55,80,NaN,NaN
Ground_Point_22,SAT_22,1,01-Jan-2030 15:55:35,01-Jan-2030 15:56:35,60,NaN,NaN
Ground_Point_22,SAT_22,2,02-Jan-2030 02:35:55,02-Jan-2030 02:37:15,80,NaN,NaN
Ground_Point_22,SAT_22,3,02-Jan-2030 15:34:00,02-Jan-2030 15:34:50,50,NaN,NaN
Ground_Point_22,SAT_22,4,05-Jan-2030 16:02:50,05-Jan-2030 16:03:05,15,NaN,NaN
Ground_Point_22,SAT_22,5,06-Jan-2030 02:42:55,06-Jan-2030 02:44:00,65,NaN,NaN
Ground_Point_22,SAT_22,6,06-Jan-2030 15:40:45,06-Jan-2030 15:41:55,70,NaN,NaN
Ground_Point_22,SAT_22,7,07-Jan-2030 02:21:25,07-Jan-2030 02:22:15,50,NaN,NaN
Ground_Point_23,SAT_22,1,01-Jan-2030 15:54:45,01-Jan-2030 15:55:30,45,NaN,NaN
Ground_Point_23,SAT_22,2,02-Jan-2030 15:32:50,02-Jan-2030 15:34:00,70,NaN,NaN
Ground_Point_23,SAT_22,3,03-Jan-2030 02:15:05,03-Jan-2030 02:16:20,75,NaN,NaN
Ground_Point_23,SAT_22,4,06-Jan-2030 15:39:40,06-Jan-2030 15:41:00,80,NaN,NaN
Ground_Point_23,SAT_22,5,07-Jan-2030 02:21:55,07-Jan-2030 02:23:15,80,NaN,NaN
Ground_Point_24,SAT_22,1,01-Jan-2030 15:55:10,01-Jan-2030 15:55:50,40,NaN,NaN
Ground_Point_24,SAT_22,2,02-Jan-2030 02:36:40,02-Jan-2030 02:37:20,40,NaN,NaN
Ground_Point_24,SAT_22,3,02-Jan-2030 15:33:15,02-Jan-2030 15:34:25,70,NaN,NaN
Ground_Point_24,SAT_22,4,03-Jan-2030 02:14:45,03-Jan-2030 02:15:55,70,NaN,NaN
Ground_Point_24,SAT_22,5,06-Jan-2030 15:40:05,06-Jan-2030 15:41:25,80,NaN,NaN
Ground_Point_24,SAT_22,6,07-Jan-2030 02:21:35,07-Jan-2030 02:22:55,80,NaN,NaN
Ground_Point_25,SAT_22,1,02-Jan-2030 15:33:20,02-Jan-2030 15:34:20,60,NaN,NaN
Ground_Point_25,SAT_22,2,03-Jan-2030 02:14:25,03-Jan-2030 02:15:35,70,NaN,NaN
Ground_Point_25,SAT_22,3,03-Jan-2030 15:11:40,03-Jan-2030 15:12:40,60,NaN,NaN
Ground_Point_25,SAT_22,4,04-Jan-2030 01:52:55,04-Jan-2030 01:53:45,50,NaN,NaN
Ground_Point_25,SAT_22,5,07-Jan-2030 02:21:30,07-Jan-2030 02:22:15,45,NaN,NaN
Ground_Point_25,SAT_22,6,07-Jan-2030 15:18:25,07-Jan-2030 15:19:40,75,NaN,NaN
Ground_Point_26,SAT_22,1,03-Jan-2030 15:10:45,03-Jan-2030 15:12:00,75,NaN,NaN
Ground_Point_26,SAT_22,2,04-Jan-2030 01:53:10,04-Jan-2030 01:54:15,65,NaN,NaN
Ground_Point_26,SAT_22,3,05-Jan-2030 01:31:35,05-Jan-2030 01:32:30,55,NaN,NaN
Ground_Point_26,SAT_22,4,07-Jan-2030 15:17:45,07-Jan-2030 15:18:50,65,NaN,NaN
Ground_Point_27,SAT_22,1,03-Jan-2030 15:11:55,03-Jan-2030 15:13:10,75,NaN,NaN
Ground_Point_27,SAT_22,2,04-Jan-2030 01:52:05,04-Jan-2030 01:53:20,75,NaN,NaN
Ground_Point_27,SAT_22,3,07-Jan-2030 15:18:55,07-Jan-2030 15:19:55,60,NaN,NaN
Ground_Point_28,SAT_22,1,01-Jan-2030 02:55:55,01-Jan-2030 02:56:50,55,NaN,NaN
Ground_Point_28,SAT_22,2,01-Jan-2030 15:57:50,01-Jan-2030 15:59:10,80,NaN,NaN
Ground_Point_28,SAT_22,3,05-Jan-2030 03:02:40,05-Jan-2030 03:03:55,75,NaN,NaN
Ground_Point_28,SAT_22,4,05-Jan-2030 16:04:45,05-Jan-2030 16:06:00,75,NaN,NaN
Ground_Point_29,SAT_22,1,01-Jan-2030 02:56:20,01-Jan-2030 02:56:25,5,NaN,NaN
Ground_Point_29,SAT_22,2,02-Jan-2030 02:34:10,02-Jan-2030 02:35:15,65,NaN,NaN
Ground_Point_29,SAT_22,3,02-Jan-2030 15:35:40,02-Jan-2030 15:37:00,80,NaN,NaN
Ground_Point_29,SAT_22,4,06-Jan-2030 02:40:55,06-Jan-2030 02:42:15,80,NaN,NaN
Ground_Point_29,SAT_22,5,06-Jan-2030 15:42:35,06-Jan-2030 15:43:50,75,NaN,NaN
Ground_Point_30,SAT_22,1,03-Jan-2030 02:12:25,03-Jan-2030 02:13:05,40,NaN,NaN
Ground_Point_30,SAT_22,2,04-Jan-2030 01:50:35,04-Jan-2030 01:51:35,60,NaN,NaN
Ground_Point_30,SAT_22,3,04-Jan-2030 14:51:50,04-Jan-2030 14:53:00,70,NaN,NaN
Ground_Point_31,SAT_22,1,03-Jan-2030 02:13:10,03-Jan-2030 02:14:25,75,NaN,NaN
Ground_Point_31,SAT_22,2,03-Jan-2030 15:12:40,03-Jan-2030 15:14:00,80,NaN,NaN
Ground_Point_31,SAT_22,3,07-Jan-2030 02:20:10,07-Jan-2030 02:21:10,60,NaN,NaN
Ground_Point_31,SAT_22,4,07-Jan-2030 15:19:35,07-Jan-2030 15:20:50,75,NaN,NaN
Ground_Point_32,SAT_22,1,01-Jan-2030 01:24:15,01-Jan-2030 01:25:15,60,NaN,NaN
Ground_Point_32,SAT_22,2,01-Jan-2030 14:20:35,01-Jan-2030 14:21:15,40,NaN,NaN
Ground_Point_32,SAT_22,3,02-Jan-2030 01:02:35,02-Jan-2030 01:03:40,65,NaN,NaN
Ground_Point_32,SAT_22,4,04-Jan-2030 14:49:00,04-Jan-2030 14:49:55,55,NaN,NaN
Ground_Point_32,SAT_22,5,05-Jan-2030 01:31:30,05-Jan-2030 01:31:50,20,NaN,NaN
Ground_Point_32,SAT_22,6,05-Jan-2030 14:27:15,05-Jan-2030 14:28:20,65,NaN,NaN
Ground_Point_32,SAT_22,7,06-Jan-2030 01:09:20,06-Jan-2030 01:10:40,80,NaN,NaN
Ground_Point_33,SAT_22,1,01-Jan-2030 07:39:30,01-Jan-2030 07:40:35,65,NaN,NaN
Ground_Point_33,SAT_22,2,01-Jan-2030 20:41:20,01-Jan-2030 20:42:40,80,NaN,NaN
Ground_Point_33,SAT_22,3,05-Jan-2030 07:46:15,05-Jan-2030 07:47:35,80,NaN,NaN
Ground_Point_33,SAT_22,4,05-Jan-2030 20:48:20,05-Jan-2030 20:49:30,70,NaN,NaN
Ground_Point_34,SAT_22,1,01-Jan-2030 20:42:10,01-Jan-2030 20:43:00,50,NaN,NaN
Ground_Point_34,SAT_22,2,04-Jan-2030 08:07:40,04-Jan-2030 08:08:50,70,NaN,NaN
Ground_Point_34,SAT_22,3,05-Jan-2030 20:48:55,05-Jan-2030 20:50:05,70,NaN,NaN
Ground_Point_35,SAT_22,1,01-Jan-2030 07:39:45,01-Jan-2030 07:40:55,70,NaN,NaN
Ground_Point_35,SAT_22,2,01-Jan-2030 20:41:00,01-Jan-2030 20:41:55,55,NaN,NaN
Ground_Point_35,SAT_22,3,02-Jan-2030 20:19:30,02-Jan-2030 20:20:05,35,NaN,NaN
Ground_Point_35,SAT_22,4,05-Jan-2030 07:46:50,05-Jan-2030 07:47:35,45,NaN,NaN
Ground_Point_35,SAT_22,5,06-Jan-2030 07:25:05,06-Jan-2030 07:26:00,55,NaN,NaN
Ground_Point_35,SAT_22,6,06-Jan-2030 20:26:10,06-Jan-2030 20:27:15,65,NaN,NaN
Ground_Point_36,SAT_22,1,02-Jan-2030 08:52:25,02-Jan-2030 08:53:10,45,NaN,NaN
Ground_Point_36,SAT_22,2,03-Jan-2030 08:30:40,03-Jan-2030 08:31:35,55,NaN,NaN
Ground_Point_36,SAT_22,3,03-Jan-2030 21:31:55,03-Jan-2030 21:33:05,70,NaN,NaN
Ground_Point_36,SAT_22,4,07-Jan-2030 08:37:25,07-Jan-2030 08:38:40,75,NaN,NaN
Ground_Point_36,SAT_22,5,07-Jan-2030 21:38:45,07-Jan-2030 21:40:00,75,NaN,NaN
Ground_Point_37,SAT_22,1,01-Jan-2030 22:18:20,01-Jan-2030 22:18:45,25,NaN,NaN
Ground_Point_37,SAT_22,2,02-Jan-2030 21:56:30,02-Jan-2030 21:57:15,45,NaN,NaN
Ground_Point_37,SAT_22,3,05-Jan-2030 09:18:55,05-Jan-2030 09:19:55,60,NaN,NaN
Ground_Point_37,SAT_22,4,06-Jan-2030 22:03:10,06-Jan-2030 22:04:20,70,NaN,NaN
Ground_Point_38,SAT_22,1,01-Jan-2030 09:11:25,01-Jan-2030 09:12:05,40,NaN,NaN
Ground_Point_38,SAT_22,2,02-Jan-2030 21:56:55,02-Jan-2030 21:58:15,80,NaN,NaN
Ground_Point_38,SAT_22,3,05-Jan-2030 09:18:00,05-Jan-2030 09:19:10,70,NaN,NaN
Ground_Point_38,SAT_22,4,06-Jan-2030 22:03:50,06-Jan-2030 22:05:00,70,NaN,NaN
Ground_Point_39,SAT_22,1,01-Jan-2030 10:46:40,01-Jan-2030 10:47:55,75,NaN,NaN
Ground_Point_39,SAT_22,2,02-Jan-2030 23:30:20,02-Jan-2030 23:31:35,75,NaN,NaN
Ground_Point_39,SAT_22,3,05-Jan-2030 10:53:35,05-Jan-2030 10:54:50,75,NaN,NaN
Ground_Point_39,SAT_22,4,06-Jan-2030 23:37:15,06-Jan-2030 23:38:30,75,NaN,NaN
Ground_Point_40,SAT_22,1,01-Jan-2030 23:51:15,01-Jan-2030 23:52:30,75,NaN,NaN
Ground_Point_40,SAT_22,2,04-Jan-2030 11:16:40,04-Jan-2030 11:17:15,35,NaN,NaN
Ground_Point_40,SAT_22,3,05-Jan-2030 10:54:55,05-Jan-2030 10:55:45,50,NaN,NaN
Ground_Point_40,SAT_22,4,05-Jan-2030 23:58:10,05-Jan-2030 23:59:20,70,NaN,NaN
Ground_Point_41,SAT_22,1,01-Jan-2030 00:10:30,01-Jan-2030 00:11:35,65,NaN,NaN
Ground_Point_41,SAT_22,2,01-Jan-2030 10:50:15,01-Jan-2030 10:51:35,80,NaN,NaN
Ground_Point_41,SAT_22,3,01-Jan-2030 23:49:05,01-Jan-2030 23:49:40,35,NaN,NaN
Ground_Point_41,SAT_22,4,05-Jan-2030 00:17:35,05-Jan-2030 00:18:15,40,NaN,NaN
Ground_Point_41,SAT_22,5,05-Jan-2030 10:57:10,05-Jan-2030 10:58:25,75,NaN,NaN
Ground_Point_41,SAT_22,6,05-Jan-2030 23:55:45,05-Jan-2030 23:56:50,65,NaN,NaN
Ground_Point_42,SAT_22,1,04-Jan-2030 08:08:55,04-Jan-2030 08:10:10,75,NaN,NaN
Ground_Point_42,SAT_22,2,04-Jan-2030 21:09:25,04-Jan-2030 21:10:40,75,NaN,NaN
Ground_Point_43,SAT_22,1,01-Jan-2030 07:40:35,01-Jan-2030 07:41:55,80,NaN,NaN
Ground_Point_43,SAT_22,2,01-Jan-2030 20:40:10,01-Jan-2030 20:41:25,75,NaN,NaN
Ground_Point_43,SAT_22,3,05-Jan-2030 07:47:30,05-Jan-2030 07:48:45,75,NaN,NaN
Ground_Point_43,SAT_22,4,05-Jan-2030 20:47:00,05-Jan-2030 20:48:20,80,NaN,NaN
Ground_Point_44,SAT_22,1,02-Jan-2030 21:59:55,02-Jan-2030 22:00:55,60,NaN,NaN
Ground_Point_44,SAT_22,2,04-Jan-2030 09:37:20,04-Jan-2030 09:38:15,55,NaN,NaN
Ground_Point_44,SAT_22,3,06-Jan-2030 22:06:35,06-Jan-2030 22:07:50,75,NaN,NaN
Ground_Point_45,SAT_22,1,01-Jan-2030 22:18:55,01-Jan-2030 22:19:30,35,NaN,NaN
Ground_Point_45,SAT_22,2,02-Jan-2030 21:57:20,02-Jan-2030 21:57:45,25,NaN,NaN
Ground_Point_45,SAT_22,3,04-Jan-2030 09:40:00,04-Jan-2030 09:40:55,55,NaN,NaN
Ground_Point_45,SAT_22,4,06-Jan-2030 22:03:50,06-Jan-2030 22:05:00,70,NaN,NaN
Ground_Point_46,SAT_22,1,01-Jan-2030 23:20:35,01-Jan-2030 23:21:55,80,NaN,NaN
Ground_Point_46,SAT_22,2,04-Jan-2030 11:47:15,04-Jan-2030 11:48:20,65,NaN,NaN
Ground_Point_46,SAT_22,3,05-Jan-2030 23:27:30,05-Jan-2030 23:28:45,75,NaN,NaN
Ground_Point_47,SAT_22,1,02-Jan-2030 12:31:00,02-Jan-2030 12:32:10,70,NaN,NaN
Ground_Point_47,SAT_22,2,04-Jan-2030 23:49:40,04-Jan-2030 23:50:30,50,NaN,NaN
Ground_Point_47,SAT_22,3,06-Jan-2030 12:38:10,06-Jan-2030 12:38:45,35,NaN,NaN
Ground_Point_48,SAT_22,1,03-Jan-2030 00:35:10,03-Jan-2030 00:36:20,70,NaN,NaN
Ground_Point_48,SAT_22,2,04-Jan-2030 13:19:50,04-Jan-2030 13:21:05,75,NaN,NaN
Ground_Point_48,SAT_22,3,07-Jan-2030 00:42:00,07-Jan-2030 00:43:15,75,NaN,NaN
Ground_Point_49,SAT_22,1,02-Jan-2030 00:56:25,02-Jan-2030 00:57:40,75,NaN,NaN
Ground_Point_49,SAT_22,2,03-Jan-2030 13:42:25,03-Jan-2030 13:43:05,40,NaN,NaN
Ground_Point_49,SAT_22,3,04-Jan-2030 13:21:05,04-Jan-2030 13:21:10,5,NaN,NaN
Ground_Point_49,SAT_22,4,06-Jan-2030 01:03:25,06-Jan-2030 01:04:25,60,NaN,NaN
Ground_Point_50,SAT_22,1,01-Jan-2030 13:06:25,01-Jan-2030 13:07:40,75,NaN,NaN
Ground_Point_50,SAT_22,2,03-Jan-2030 01:54:40,03-Jan-2030 01:54:45,5,NaN,NaN
Ground_Point_50,SAT_22,3,04-Jan-2030 01:32:45,04-Jan-2030 01:33:25,40,NaN,NaN
Ground_Point_50,SAT_22,4,05-Jan-2030 13:13:15,05-Jan-2030 13:14:30,75,NaN,NaN
Ground_Point_51,SAT_22,1,04-Jan-2030 15:01:25,04-Jan-2030 15:02:15,50,NaN,NaN
Ground_Point_51,SAT_22,2,05-Jan-2030 02:54:00,05-Jan-2030 02:54:45,45,NaN,NaN
Ground_Point_52,SAT_22,1,03-Jan-2030 06:38:30,03-Jan-2030 06:39:50,80,NaN,NaN
Ground_Point_52,SAT_22,2,04-Jan-2030 18:18:05,04-Jan-2030 18:19:10,65,NaN,NaN
Ground_Point_52,SAT_22,3,07-Jan-2030 06:45:25,07-Jan-2030 06:46:35,70,NaN,NaN
Ground_Point_53,SAT_22,1,01-Jan-2030 17:49:25,01-Jan-2030 17:50:15,50,NaN,NaN
Ground_Point_53,SAT_22,2,04-Jan-2030 06:17:05,04-Jan-2030 06:18:00,55,NaN,NaN
Ground_Point_53,SAT_22,3,05-Jan-2030 17:56:05,05-Jan-2030 17:57:20,75,NaN,NaN
Ground_Point_54,SAT_22,1,03-Jan-2030 18:43:10,03-Jan-2030 18:44:10,60,NaN,NaN
Ground_Point_54,SAT_22,2,05-Jan-2030 07:26:35,05-Jan-2030 07:27:35,60,NaN,NaN
Ground_Point_54,SAT_22,3,07-Jan-2030 18:49:55,07-Jan-2030 18:51:10,75,NaN,NaN
Ground_Point_55,SAT_22,1,02-Jan-2030 08:32:25,02-Jan-2030 08:33:15,50,NaN,NaN
Ground_Point_55,SAT_22,2,03-Jan-2030 08:11:00,03-Jan-2030 08:11:25,25,NaN,NaN
Ground_Point_55,SAT_22,3,05-Jan-2030 19:33:35,05-Jan-2030 19:34:35,60,NaN,NaN
Ground_Point_55,SAT_22,4,07-Jan-2030 08:17:30,07-Jan-2030 08:18:40,70,NaN,NaN
Ground_Point_1,SAT_23,1,01-Jan-2030 18:17:00,01-Jan-2030 18:17:55,55,NaN,NaN
Ground_Point_1,SAT_23,2,02-Jan-2030 07:20:25,02-Jan-2030 07:21:35,70,NaN,NaN
Ground_Point_1,SAT_23,3,05-Jan-2030 18:23:50,05-Jan-2030 18:25:05,75,NaN,NaN
Ground_Point_1,SAT_23,4,06-Jan-2030 07:27:40,06-Jan-2030 07:28:20,40,NaN,NaN
Ground_Point_1,SAT_23,5,07-Jan-2030 07:06:00,07-Jan-2030 07:06:45,45,NaN,NaN
Ground_Point_2,SAT_23,1,01-Jan-2030 18:16:10,01-Jan-2030 18:17:25,75,NaN,NaN
Ground_Point_2,SAT_23,2,03-Jan-2030 06:59:20,03-Jan-2030 07:00:30,70,NaN,NaN
Ground_Point_2,SAT_23,3,05-Jan-2030 18:23:05,05-Jan-2030 18:24:25,80,NaN,NaN
Ground_Point_2,SAT_23,4,07-Jan-2030 07:06:15,07-Jan-2030 07:07:30,75,NaN,NaN
Ground_Point_3,SAT_23,1,01-Jan-2030 18:17:05,01-Jan-2030 18:17:50,45,NaN,NaN
Ground_Point_3,SAT_23,2,02-Jan-2030 07:20:30,02-Jan-2030 07:21:40,70,NaN,NaN
Ground_Point_3,SAT_23,3,05-Jan-2030 18:23:50,05-Jan-2030 18:25:00,70,NaN,NaN
Ground_Point_3,SAT_23,4,06-Jan-2030 07:27:40,06-Jan-2030 07:28:25,45,NaN,NaN
Ground_Point_3,SAT_23,5,07-Jan-2030 07:06:10,07-Jan-2030 07:06:40,30,NaN,NaN
Ground_Point_4,SAT_23,1,03-Jan-2030 17:32:35,03-Jan-2030 17:33:45,70,NaN,NaN
Ground_Point_4,SAT_23,2,05-Jan-2030 06:15:35,05-Jan-2030 06:16:35,60,NaN,NaN
Ground_Point_4,SAT_23,3,07-Jan-2030 17:39:30,07-Jan-2030 17:40:45,75,NaN,NaN
Ground_Point_5,SAT_23,1,02-Jan-2030 17:54:05,02-Jan-2030 17:55:25,80,NaN,NaN
Ground_Point_5,SAT_23,2,04-Jan-2030 06:37:30,04-Jan-2030 06:38:45,75,NaN,NaN
Ground_Point_5,SAT_23,3,06-Jan-2030 18:01:05,06-Jan-2030 18:02:15,70,NaN,NaN
Ground_Point_6,SAT_23,1,02-Jan-2030 17:54:10,02-Jan-2030 17:55:20,70,NaN,NaN
Ground_Point_6,SAT_23,2,04-Jan-2030 06:37:20,04-Jan-2030 06:38:35,75,NaN,NaN
Ground_Point_6,SAT_23,3,06-Jan-2030 18:01:25,06-Jan-2030 18:02:05,40,NaN,NaN
Ground_Point_6,SAT_23,4,07-Jan-2030 17:39:45,07-Jan-2030 17:40:30,45,NaN,NaN
Ground_Point_7,SAT_23,1,03-Jan-2030 19:08:05,03-Jan-2030 19:09:25,80,NaN,NaN
Ground_Point_7,SAT_23,2,04-Jan-2030 08:10:45,04-Jan-2030 08:11:35,50,NaN,NaN
Ground_Point_7,SAT_23,3,05-Jan-2030 07:49:10,05-Jan-2030 07:49:50,40,NaN,NaN
Ground_Point_7,SAT_23,4,07-Jan-2030 19:15:10,07-Jan-2030 19:16:15,65,NaN,NaN
Ground_Point_8,SAT_23,1,01-Jan-2030 07:44:25,01-Jan-2030 07:44:35,10,NaN,NaN
Ground_Point_8,SAT_23,2,02-Jan-2030 07:22:30,02-Jan-2030 07:23:15,45,NaN,NaN
Ground_Point_8,SAT_23,3,03-Jan-2030 19:06:10,03-Jan-2030 19:06:30,20,NaN,NaN
Ground_Point_8,SAT_23,4,04-Jan-2030 18:44:20,04-Jan-2030 18:45:05,45,NaN,NaN
Ground_Point_8,SAT_23,5,06-Jan-2030 07:29:15,06-Jan-2030 07:30:30,75,NaN,NaN
Ground_Point_9,SAT_23,1,01-Jan-2030 07:46:40,01-Jan-2030 07:47:25,45,NaN,NaN
Ground_Point_9,SAT_23,2,02-Jan-2030 19:25:30,02-Jan-2030 19:26:40,70,NaN,NaN
Ground_Point_9,SAT_23,3,05-Jan-2030 07:53:25,05-Jan-2030 07:54:40,75,NaN,NaN
Ground_Point_9,SAT_23,4,06-Jan-2030 19:32:25,06-Jan-2030 19:33:40,75,NaN,NaN
Ground_Point_10,SAT_23,1,01-Jan-2030 07:46:40,01-Jan-2030 07:47:35,55,NaN,NaN
Ground_Point_10,SAT_23,2,02-Jan-2030 19:25:25,02-Jan-2030 19:26:40,75,NaN,NaN
Ground_Point_10,SAT_23,3,05-Jan-2030 07:53:25,05-Jan-2030 07:54:40,75,NaN,NaN
Ground_Point_10,SAT_23,4,06-Jan-2030 19:32:20,06-Jan-2030 19:33:35,75,NaN,NaN
Ground_Point_11,SAT_23,1,02-Jan-2030 07:23:50,02-Jan-2030 07:25:05,75,NaN,NaN
Ground_Point_11,SAT_23,2,03-Jan-2030 19:04:10,03-Jan-2030 19:05:15,65,NaN,NaN
Ground_Point_11,SAT_23,3,06-Jan-2030 07:30:50,06-Jan-2030 07:32:00,70,NaN,NaN
Ground_Point_12,SAT_23,1,03-Jan-2030 20:32:40,03-Jan-2030 20:33:15,35,NaN,NaN
Ground_Point_12,SAT_23,2,04-Jan-2030 08:20:55,04-Jan-2030 08:22:05,70,NaN,NaN
Ground_Point_13,SAT_23,1,03-Jan-2030 08:39:35,03-Jan-2030 08:40:40,65,NaN,NaN
Ground_Point_13,SAT_23,2,03-Jan-2030 20:35:45,03-Jan-2030 20:36:50,65,NaN,NaN
Ground_Point_13,SAT_23,3,07-Jan-2030 08:46:25,07-Jan-2030 08:47:40,75,NaN,NaN
Ground_Point_14,SAT_23,1,04-Jan-2030 08:18:20,04-Jan-2030 08:19:35,75,NaN,NaN
Ground_Point_14,SAT_23,2,04-Jan-2030 20:13:10,04-Jan-2030 20:14:10,60,NaN,NaN
Ground_Point_15,SAT_23,1,04-Jan-2030 20:08:50,04-Jan-2030 20:09:50,60,NaN,NaN
Ground_Point_15,SAT_23,2,05-Jan-2030 08:01:15,05-Jan-2030 08:02:05,50,NaN,NaN
Ground_Point_16,SAT_23,1,02-Jan-2030 07:26:30,02-Jan-2030 07:27:45,75,NaN,NaN
Ground_Point_16,SAT_23,2,03-Jan-2030 19:01:35,03-Jan-2030 19:02:40,65,NaN,NaN
Ground_Point_16,SAT_23,3,06-Jan-2030 07:33:50,06-Jan-2030 07:34:20,30,NaN,NaN
Ground_Point_16,SAT_23,4,07-Jan-2030 19:08:25,07-Jan-2030 19:09:45,80,NaN,NaN
Ground_Point_17,SAT_23,1,03-Jan-2030 08:42:25,03-Jan-2030 08:43:05,40,NaN,NaN
Ground_Point_17,SAT_23,2,03-Jan-2030 20:32:55,03-Jan-2030 20:34:10,75,NaN,NaN
Ground_Point_17,SAT_23,3,07-Jan-2030 20:40:05,07-Jan-2030 20:40:55,50,NaN,NaN
Ground_Point_18,SAT_23,1,02-Jan-2030 10:34:30,02-Jan-2030 10:35:45,75,NaN,NaN
Ground_Point_18,SAT_23,2,03-Jan-2030 22:11:50,03-Jan-2030 22:13:00,70,NaN,NaN
Ground_Point_18,SAT_23,3,06-Jan-2030 10:41:30,06-Jan-2030 10:42:40,70,NaN,NaN
Ground_Point_18,SAT_23,4,07-Jan-2030 22:18:45,07-Jan-2030 22:20:00,75,NaN,NaN
Ground_Point_19,SAT_23,1,02-Jan-2030 10:31:55,02-Jan-2030 10:33:05,70,NaN,NaN
Ground_Point_19,SAT_23,2,04-Jan-2030 21:52:20,04-Jan-2030 21:53:40,80,NaN,NaN
Ground_Point_19,SAT_23,3,06-Jan-2030 10:39:10,06-Jan-2030 10:39:45,35,NaN,NaN
Ground_Point_19,SAT_23,4,07-Jan-2030 10:17:40,07-Jan-2030 10:18:00,20,NaN,NaN
Ground_Point_20,SAT_23,1,03-Jan-2030 10:14:10,03-Jan-2030 10:15:25,75,NaN,NaN
Ground_Point_20,SAT_23,2,03-Jan-2030 22:10:15,03-Jan-2030 22:11:00,45,NaN,NaN
Ground_Point_20,SAT_23,3,07-Jan-2030 10:21:10,07-Jan-2030 10:22:20,70,NaN,NaN
Ground_Point_21,SAT_23,1,01-Jan-2030 02:35:05,01-Jan-2030 02:36:20,75,NaN,NaN
Ground_Point_21,SAT_23,2,04-Jan-2030 16:00:15,04-Jan-2030 16:01:30,75,NaN,NaN
Ground_Point_21,SAT_23,3,05-Jan-2030 02:42:05,05-Jan-2030 02:43:20,75,NaN,NaN
Ground_Point_22,SAT_23,1,01-Jan-2030 02:34:20,01-Jan-2030 02:35:35,75,NaN,NaN
Ground_Point_22,SAT_23,2,01-Jan-2030 15:32:25,01-Jan-2030 15:33:10,45,NaN,NaN
Ground_Point_22,SAT_23,3,04-Jan-2030 16:01:05,04-Jan-2030 16:01:40,35,NaN,NaN
Ground_Point_22,SAT_23,4,05-Jan-2030 02:41:20,05-Jan-2030 02:42:30,70,NaN,NaN
Ground_Point_22,SAT_23,5,05-Jan-2030 15:39:10,05-Jan-2030 15:40:20,70,NaN,NaN
Ground_Point_22,SAT_23,6,06-Jan-2030 02:20:00,06-Jan-2030 02:20:40,40,NaN,NaN
Ground_Point_23,SAT_23,1,01-Jan-2030 15:31:15,01-Jan-2030 15:32:20,65,NaN,NaN
Ground_Point_23,SAT_23,2,02-Jan-2030 02:13:25,02-Jan-2030 02:14:45,80,NaN,NaN
Ground_Point_23,SAT_23,3,05-Jan-2030 15:38:10,05-Jan-2030 15:39:25,75,NaN,NaN
Ground_Point_23,SAT_23,4,06-Jan-2030 02:20:25,06-Jan-2030 02:21:45,80,NaN,NaN
Ground_Point_24,SAT_23,1,01-Jan-2030 02:35:00,01-Jan-2030 02:35:50,50,NaN,NaN
Ground_Point_24,SAT_23,2,01-Jan-2030 15:31:40,01-Jan-2030 15:32:45,65,NaN,NaN
Ground_Point_24,SAT_23,3,02-Jan-2030 02:13:10,02-Jan-2030 02:14:15,65,NaN,NaN
Ground_Point_24,SAT_23,4,05-Jan-2030 15:38:35,05-Jan-2030 15:39:50,75,NaN,NaN
Ground_Point_24,SAT_23,5,06-Jan-2030 02:20:05,06-Jan-2030 02:21:20,75,NaN,NaN
Ground_Point_25,SAT_23,1,01-Jan-2030 15:31:40,01-Jan-2030 15:32:45,65,NaN,NaN
Ground_Point_25,SAT_23,2,02-Jan-2030 02:12:45,02-Jan-2030 02:13:55,70,NaN,NaN
Ground_Point_25,SAT_23,3,02-Jan-2030 15:10:10,02-Jan-2030 15:11:00,50,NaN,NaN
Ground_Point_25,SAT_23,4,03-Jan-2030 01:51:25,03-Jan-2030 01:52:00,35,NaN,NaN
Ground_Point_25,SAT_23,5,05-Jan-2030 15:38:55,05-Jan-2030 15:39:25,30,NaN,NaN
Ground_Point_25,SAT_23,6,06-Jan-2030 02:19:55,06-Jan-2030 02:20:45,50,NaN,NaN
Ground_Point_25,SAT_23,7,06-Jan-2030 15:16:55,06-Jan-2030 15:18:10,75,NaN,NaN
Ground_Point_25,SAT_23,8,07-Jan-2030 01:58:10,07-Jan-2030 01:59:15,65,NaN,NaN
Ground_Point_26,SAT_23,1,02-Jan-2030 15:09:10,02-Jan-2030 15:10:25,75,NaN,NaN
Ground_Point_26,SAT_23,2,03-Jan-2030 01:51:30,03-Jan-2030 01:52:45,75,NaN,NaN
Ground_Point_26,SAT_23,3,04-Jan-2030 01:30:05,04-Jan-2030 01:30:55,50,NaN,NaN
Ground_Point_26,SAT_23,4,06-Jan-2030 15:16:10,06-Jan-2030 15:17:20,70,NaN,NaN
Ground_Point_26,SAT_23,5,07-Jan-2030 01:58:40,07-Jan-2030 01:59:30,50,NaN,NaN
Ground_Point_26,SAT_23,6,07-Jan-2030 14:54:40,07-Jan-2030 14:55:30,50,NaN,NaN
Ground_Point_27,SAT_23,1,02-Jan-2030 02:12:35,02-Jan-2030 02:12:55,20,NaN,NaN
Ground_Point_27,SAT_23,2,02-Jan-2030 15:10:20,02-Jan-2030 15:11:35,75,NaN,NaN
Ground_Point_27,SAT_23,3,03-Jan-2030 01:50:30,03-Jan-2030 01:51:40,70,NaN,NaN
Ground_Point_27,SAT_23,4,06-Jan-2030 15:17:20,06-Jan-2030 15:18:30,70,NaN,NaN
Ground_Point_27,SAT_23,5,07-Jan-2030 01:57:25,07-Jan-2030 01:58:45,80,NaN,NaN
Ground_Point_27,SAT_23,6,07-Jan-2030 14:55:55,07-Jan-2030 14:56:35,40,NaN,NaN
Ground_Point_28,SAT_23,1,04-Jan-2030 03:01:05,04-Jan-2030 03:02:15,70,NaN,NaN
Ground_Point_28,SAT_23,2,04-Jan-2030 16:03:10,04-Jan-2030 16:04:25,75,NaN,NaN
Ground_Point_29,SAT_23,1,01-Jan-2030 02:32:35,01-Jan-2030 02:33:35,60,NaN,NaN
Ground_Point_29,SAT_23,2,01-Jan-2030 15:34:05,01-Jan-2030 15:35:20,75,NaN,NaN
Ground_Point_29,SAT_23,3,05-Jan-2030 02:39:25,05-Jan-2030 02:40:40,75,NaN,NaN
Ground_Point_29,SAT_23,4,05-Jan-2030 15:41:00,05-Jan-2030 15:42:20,80,NaN,NaN
Ground_Point_30,SAT_23,1,02-Jan-2030 02:10:40,02-Jan-2030 02:11:35,55,NaN,NaN
Ground_Point_30,SAT_23,2,03-Jan-2030 01:49:05,03-Jan-2030 01:49:55,50,NaN,NaN
Ground_Point_30,SAT_23,3,03-Jan-2030 14:50:20,03-Jan-2030 14:51:25,65,NaN,NaN
Ground_Point_30,SAT_23,4,07-Jan-2030 01:55:50,07-Jan-2030 01:57:05,75,NaN,NaN
Ground_Point_30,SAT_23,5,07-Jan-2030 14:57:10,07-Jan-2030 14:58:25,75,NaN,NaN
Ground_Point_31,SAT_23,1,02-Jan-2030 02:11:30,02-Jan-2030 02:12:50,80,NaN,NaN
Ground_Point_31,SAT_23,2,02-Jan-2030 15:11:05,02-Jan-2030 15:12:20,75,NaN,NaN
Ground_Point_31,SAT_23,3,06-Jan-2030 02:18:35,06-Jan-2030 02:19:40,65,NaN,NaN
Ground_Point_31,SAT_23,4,06-Jan-2030 15:18:05,06-Jan-2030 15:19:20,75,NaN,NaN
Ground_Point_31,SAT_23,5,07-Jan-2030 01:57:15,07-Jan-2030 01:57:45,30,NaN,NaN
Ground_Point_32,SAT_23,1,01-Jan-2030 01:01:00,01-Jan-2030 01:01:55,55,NaN,NaN
Ground_Point_32,SAT_23,2,03-Jan-2030 14:47:25,03-Jan-2030 14:48:25,60,NaN,NaN
Ground_Point_32,SAT_23,3,04-Jan-2030 01:29:50,04-Jan-2030 01:30:25,35,NaN,NaN
Ground_Point_32,SAT_23,4,04-Jan-2030 14:25:45,04-Jan-2030 14:26:45,60,NaN,NaN
Ground_Point_32,SAT_23,5,05-Jan-2030 01:07:50,05-Jan-2030 01:09:05,75,NaN,NaN
Ground_Point_32,SAT_23,6,07-Jan-2030 14:54:40,07-Jan-2030 14:55:00,20,NaN,NaN
Ground_Point_33,SAT_23,1,04-Jan-2030 07:44:45,04-Jan-2030 07:46:00,75,NaN,NaN
Ground_Point_33,SAT_23,2,04-Jan-2030 20:46:45,04-Jan-2030 20:47:55,70,NaN,NaN
Ground_Point_34,SAT_23,1,03-Jan-2030 08:06:05,03-Jan-2030 08:07:15,70,NaN,NaN
Ground_Point_34,SAT_23,2,04-Jan-2030 20:47:20,04-Jan-2030 20:48:30,70,NaN,NaN
Ground_Point_34,SAT_23,3,07-Jan-2030 08:13:15,07-Jan-2030 08:14:05,50,NaN,NaN
Ground_Point_35,SAT_23,1,01-Jan-2030 20:18:05,01-Jan-2030 20:18:15,10,NaN,NaN
Ground_Point_35,SAT_23,2,04-Jan-2030 07:45:15,04-Jan-2030 07:46:05,50,NaN,NaN
Ground_Point_35,SAT_23,3,04-Jan-2030 20:46:35,04-Jan-2030 20:47:00,25,NaN,NaN
Ground_Point_35,SAT_23,4,05-Jan-2030 07:23:35,05-Jan-2030 07:24:25,50,NaN,NaN
Ground_Point_35,SAT_23,5,05-Jan-2030 20:24:40,05-Jan-2030 20:25:40,60,NaN,NaN
Ground_Point_36,SAT_23,1,01-Jan-2030 08:50:40,01-Jan-2030 08:51:35,55,NaN,NaN
Ground_Point_36,SAT_23,2,02-Jan-2030 08:29:10,02-Jan-2030 08:29:55,45,NaN,NaN
Ground_Point_36,SAT_23,3,02-Jan-2030 21:30:20,02-Jan-2030 21:31:25,65,NaN,NaN
Ground_Point_36,SAT_23,4,06-Jan-2030 08:35:55,06-Jan-2030 08:37:05,70,NaN,NaN
Ground_Point_36,SAT_23,5,06-Jan-2030 21:37:15,06-Jan-2030 21:38:30,75,NaN,NaN
Ground_Point_37,SAT_23,1,01-Jan-2030 21:55:00,01-Jan-2030 21:55:30,30,NaN,NaN
Ground_Point_37,SAT_23,2,04-Jan-2030 09:17:25,04-Jan-2030 09:18:20,55,NaN,NaN
Ground_Point_37,SAT_23,3,05-Jan-2030 22:01:40,05-Jan-2030 22:02:45,65,NaN,NaN
Ground_Point_38,SAT_23,1,01-Jan-2030 21:55:20,01-Jan-2030 21:56:35,75,NaN,NaN
Ground_Point_38,SAT_23,2,04-Jan-2030 09:16:30,04-Jan-2030 09:17:35,65,NaN,NaN
Ground_Point_38,SAT_23,3,05-Jan-2030 22:02:20,05-Jan-2030 22:03:30,70,NaN,NaN
Ground_Point_39,SAT_23,1,01-Jan-2030 23:28:45,01-Jan-2030 23:30:00,75,NaN,NaN
Ground_Point_39,SAT_23,2,04-Jan-2030 10:52:00,04-Jan-2030 10:53:15,75,NaN,NaN
Ground_Point_39,SAT_23,3,05-Jan-2030 23:35:45,05-Jan-2030 23:37:00,75,NaN,NaN
Ground_Point_40,SAT_23,1,03-Jan-2030 11:15:00,03-Jan-2030 11:15:45,45,NaN,NaN
Ground_Point_40,SAT_23,2,04-Jan-2030 10:53:25,04-Jan-2030 10:54:05,40,NaN,NaN
Ground_Point_40,SAT_23,3,04-Jan-2030 23:56:35,04-Jan-2030 23:57:50,75,NaN,NaN
Ground_Point_41,SAT_23,1,04-Jan-2030 00:16:00,04-Jan-2030 00:16:45,45,NaN,NaN
Ground_Point_41,SAT_23,2,04-Jan-2030 10:55:35,04-Jan-2030 10:56:55,80,NaN,NaN
Ground_Point_41,SAT_23,3,04-Jan-2030 23:54:15,04-Jan-2030 23:55:15,60,NaN,NaN
Ground_Point_42,SAT_23,1,03-Jan-2030 08:07:20,03-Jan-2030 08:08:35,75,NaN,NaN
Ground_Point_42,SAT_23,2,03-Jan-2030 21:07:50,03-Jan-2030 21:09:05,75,NaN,NaN
Ground_Point_42,SAT_23,3,07-Jan-2030 08:14:20,07-Jan-2030 08:15:30,70,NaN,NaN
Ground_Point_42,SAT_23,4,07-Jan-2030 21:14:50,07-Jan-2030 21:16:00,70,NaN,NaN
Ground_Point_43,SAT_23,1,04-Jan-2030 07:45:55,04-Jan-2030 07:47:10,75,NaN,NaN
Ground_Point_43,SAT_23,2,04-Jan-2030 20:45:30,04-Jan-2030 20:46:45,75,NaN,NaN
Ground_Point_44,SAT_23,1,01-Jan-2030 21:58:20,01-Jan-2030 21:59:10,50,NaN,NaN
Ground_Point_44,SAT_23,2,03-Jan-2030 09:35:50,03-Jan-2030 09:36:35,45,NaN,NaN
Ground_Point_44,SAT_23,3,05-Jan-2030 22:05:05,05-Jan-2030 22:06:20,75,NaN,NaN
Ground_Point_44,SAT_23,4,07-Jan-2030 09:42:30,07-Jan-2030 09:43:45,75,NaN,NaN
Ground_Point_45,SAT_23,1,03-Jan-2030 09:38:20,03-Jan-2030 09:39:25,65,NaN,NaN
Ground_Point_45,SAT_23,2,05-Jan-2030 22:02:25,05-Jan-2030 22:03:25,60,NaN,NaN
Ground_Point_46,SAT_23,1,03-Jan-2030 11:45:45,03-Jan-2030 11:46:40,55,NaN,NaN
Ground_Point_46,SAT_23,2,04-Jan-2030 23:25:55,04-Jan-2030 23:27:15,80,NaN,NaN
Ground_Point_46,SAT_23,3,07-Jan-2030 11:52:35,07-Jan-2030 11:53:50,75,NaN,NaN
Ground_Point_47,SAT_23,1,01-Jan-2030 12:29:20,01-Jan-2030 12:30:35,75,NaN,NaN
Ground_Point_47,SAT_23,2,03-Jan-2030 23:48:10,03-Jan-2030 23:48:50,40,NaN,NaN
Ground_Point_47,SAT_23,3,05-Jan-2030 12:36:30,05-Jan-2030 12:37:20,50,NaN,NaN
Ground_Point_47,SAT_23,4,07-Jan-2030 23:54:50,07-Jan-2030 23:56:05,75,NaN,NaN
Ground_Point_48,SAT_23,1,02-Jan-2030 00:33:35,02-Jan-2030 00:34:45,70,NaN,NaN
Ground_Point_48,SAT_23,2,03-Jan-2030 13:18:15,03-Jan-2030 13:19:30,75,NaN,NaN
Ground_Point_48,SAT_23,3,06-Jan-2030 00:40:30,06-Jan-2030 00:41:45,75,NaN,NaN
Ground_Point_48,SAT_23,4,07-Jan-2030 13:25:15,07-Jan-2030 13:26:25,70,NaN,NaN
Ground_Point_49,SAT_23,1,01-Jan-2030 00:54:45,01-Jan-2030 00:56:05,80,NaN,NaN
Ground_Point_49,SAT_23,2,02-Jan-2030 13:40:45,02-Jan-2030 13:41:35,50,NaN,NaN
Ground_Point_49,SAT_23,3,05-Jan-2030 01:01:50,05-Jan-2030 01:02:55,65,NaN,NaN
Ground_Point_49,SAT_23,4,07-Jan-2030 13:26:00,07-Jan-2030 13:27:00,60,NaN,NaN
Ground_Point_50,SAT_23,1,02-Jan-2030 01:52:45,02-Jan-2030 01:53:20,35,NaN,NaN
Ground_Point_50,SAT_23,2,03-Jan-2030 01:31:20,03-Jan-2030 01:31:40,20,NaN,NaN
Ground_Point_50,SAT_23,3,04-Jan-2030 13:11:40,04-Jan-2030 13:13:00,80,NaN,NaN
Ground_Point_50,SAT_23,4,07-Jan-2030 01:37:50,07-Jan-2030 01:39:00,70,NaN,NaN
Ground_Point_51,SAT_23,1,03-Jan-2030 15:00:00,03-Jan-2030 15:00:30,30,NaN,NaN
Ground_Point_51,SAT_23,2,04-Jan-2030 02:52:30,04-Jan-2030 02:53:00,30,NaN,NaN
Ground_Point_51,SAT_23,3,07-Jan-2030 15:06:35,07-Jan-2030 15:07:45,70,NaN,NaN
Ground_Point_52,SAT_23,1,02-Jan-2030 06:36:55,02-Jan-2030 06:38:10,75,NaN,NaN
Ground_Point_52,SAT_23,2,03-Jan-2030 18:16:30,03-Jan-2030 18:17:40,70,NaN,NaN
Ground_Point_52,SAT_23,3,06-Jan-2030 06:43:55,06-Jan-2030 06:45:10,75,NaN,NaN
Ground_Point_52,SAT_23,4,07-Jan-2030 18:23:50,07-Jan-2030 18:24:15,25,NaN,NaN
Ground_Point_53,SAT_23,1,03-Jan-2030 06:15:35,03-Jan-2030 06:16:15,40,NaN,NaN
Ground_Point_53,SAT_23,2,04-Jan-2030 17:54:35,04-Jan-2030 17:55:45,70,NaN,NaN
Ground_Point_53,SAT_23,3,07-Jan-2030 06:22:15,07-Jan-2030 06:23:30,75,NaN,NaN
Ground_Point_54,SAT_23,1,02-Jan-2030 18:41:35,02-Jan-2030 18:42:30,55,NaN,NaN
Ground_Point_54,SAT_23,2,03-Jan-2030 07:46:55,03-Jan-2030 07:47:20,25,NaN,NaN
Ground_Point_54,SAT_23,3,04-Jan-2030 07:25:05,04-Jan-2030 07:25:55,50,NaN,NaN
Ground_Point_54,SAT_23,4,06-Jan-2030 18:48:25,06-Jan-2030 18:49:35,70,NaN,NaN
Ground_Point_55,SAT_23,1,01-Jan-2030 08:30:45,01-Jan-2030 08:31:40,55,NaN,NaN
Ground_Point_55,SAT_23,2,04-Jan-2030 19:32:05,04-Jan-2030 19:33:00,55,NaN,NaN
Ground_Point_55,SAT_23,3,06-Jan-2030 08:16:00,06-Jan-2030 08:17:05,65,NaN,NaN
Ground_Point_1,SAT_24,1,01-Jan-2030 07:18:45,01-Jan-2030 07:20:00,75,NaN,NaN
Ground_Point_1,SAT_24,2,04-Jan-2030 18:22:15,04-Jan-2030 18:23:25,70,NaN,NaN
Ground_Point_1,SAT_24,3,05-Jan-2030 07:25:55,05-Jan-2030 07:26:50,55,NaN,NaN
Ground_Point_1,SAT_24,4,06-Jan-2030 07:04:30,06-Jan-2030 07:05:00,30,NaN,NaN
Ground_Point_2,SAT_24,1,02-Jan-2030 06:57:45,02-Jan-2030 06:58:50,65,NaN,NaN
Ground_Point_2,SAT_24,2,04-Jan-2030 18:21:30,04-Jan-2030 18:22:45,75,NaN,NaN
Ground_Point_2,SAT_24,3,06-Jan-2030 07:04:40,06-Jan-2030 07:05:55,75,NaN,NaN
Ground_Point_3,SAT_24,1,01-Jan-2030 07:18:50,01-Jan-2030 07:20:05,75,NaN,NaN
Ground_Point_3,SAT_24,2,04-Jan-2030 18:22:15,04-Jan-2030 18:23:25,70,NaN,NaN
Ground_Point_3,SAT_24,3,05-Jan-2030 07:25:55,05-Jan-2030 07:26:55,60,NaN,NaN
Ground_Point_3,SAT_24,4,06-Jan-2030 07:04:45,06-Jan-2030 07:04:55,10,NaN,NaN
Ground_Point_4,SAT_24,1,02-Jan-2030 17:30:55,02-Jan-2030 17:32:05,70,NaN,NaN
Ground_Point_4,SAT_24,2,03-Jan-2030 06:35:50,03-Jan-2030 06:36:10,20,NaN,NaN
Ground_Point_4,SAT_24,3,04-Jan-2030 06:14:00,04-Jan-2030 06:14:50,50,NaN,NaN
Ground_Point_4,SAT_24,4,06-Jan-2030 17:37:55,06-Jan-2030 17:39:10,75,NaN,NaN
Ground_Point_5,SAT_24,1,01-Jan-2030 17:52:25,01-Jan-2030 17:53:45,80,NaN,NaN
Ground_Point_5,SAT_24,2,03-Jan-2030 06:35:50,03-Jan-2030 06:37:05,75,NaN,NaN
Ground_Point_5,SAT_24,3,05-Jan-2030 17:59:30,05-Jan-2030 18:00:40,70,NaN,NaN
Ground_Point_5,SAT_24,4,07-Jan-2030 06:42:55,07-Jan-2030 06:44:05,70,NaN,NaN
Ground_Point_6,SAT_24,1,01-Jan-2030 17:52:30,01-Jan-2030 17:53:45,75,NaN,NaN
Ground_Point_6,SAT_24,2,03-Jan-2030 06:35:40,03-Jan-2030 06:36:55,75,NaN,NaN
Ground_Point_6,SAT_24,3,05-Jan-2030 17:59:45,05-Jan-2030 18:00:35,50,NaN,NaN
Ground_Point_6,SAT_24,4,06-Jan-2030 17:38:15,06-Jan-2030 17:38:50,35,NaN,NaN
Ground_Point_6,SAT_24,5,07-Jan-2030 06:42:50,07-Jan-2030 06:43:50,60,NaN,NaN
Ground_Point_7,SAT_24,1,02-Jan-2030 19:06:30,02-Jan-2030 19:07:45,75,NaN,NaN
Ground_Point_7,SAT_24,2,03-Jan-2030 08:09:00,03-Jan-2030 08:10:00,60,NaN,NaN
Ground_Point_7,SAT_24,3,04-Jan-2030 07:47:40,04-Jan-2030 07:48:05,25,NaN,NaN
Ground_Point_7,SAT_24,4,06-Jan-2030 19:13:30,06-Jan-2030 19:14:45,75,NaN,NaN
Ground_Point_8,SAT_24,1,01-Jan-2030 07:21:00,01-Jan-2030 07:21:30,30,NaN,NaN
Ground_Point_8,SAT_24,2,02-Jan-2030 19:04:20,02-Jan-2030 19:05:00,40,NaN,NaN
Ground_Point_8,SAT_24,3,03-Jan-2030 18:42:50,03-Jan-2030 18:43:20,30,NaN,NaN
Ground_Point_8,SAT_24,4,05-Jan-2030 07:27:40,05-Jan-2030 07:28:50,70,NaN,NaN
Ground_Point_8,SAT_24,5,07-Jan-2030 18:49:30,07-Jan-2030 18:50:40,70,NaN,NaN
Ground_Point_9,SAT_24,1,01-Jan-2030 19:23:50,01-Jan-2030 19:25:00,70,NaN,NaN
Ground_Point_9,SAT_24,2,04-Jan-2030 07:51:50,04-Jan-2030 07:53:00,70,NaN,NaN
Ground_Point_9,SAT_24,3,05-Jan-2030 19:30:50,05-Jan-2030 19:32:05,75,NaN,NaN
Ground_Point_10,SAT_24,1,01-Jan-2030 19:23:50,01-Jan-2030 19:24:55,65,NaN,NaN
Ground_Point_10,SAT_24,2,04-Jan-2030 07:51:50,04-Jan-2030 07:53:05,75,NaN,NaN
Ground_Point_10,SAT_24,3,05-Jan-2030 19:30:45,05-Jan-2030 19:32:00,75,NaN,NaN
Ground_Point_11,SAT_24,1,01-Jan-2030 07:22:15,01-Jan-2030 07:23:25,70,NaN,NaN
Ground_Point_11,SAT_24,2,02-Jan-2030 19:02:30,02-Jan-2030 19:03:40,70,NaN,NaN
Ground_Point_11,SAT_24,3,05-Jan-2030 07:29:10,05-Jan-2030 07:30:25,75,NaN,NaN
Ground_Point_11,SAT_24,4,06-Jan-2030 19:09:50,06-Jan-2030 19:10:20,30,NaN,NaN
Ground_Point_11,SAT_24,5,07-Jan-2030 18:48:20,07-Jan-2030 18:48:40,20,NaN,NaN
Ground_Point_12,SAT_24,1,02-Jan-2030 20:30:55,02-Jan-2030 20:31:45,50,NaN,NaN
Ground_Point_12,SAT_24,2,03-Jan-2030 08:19:20,03-Jan-2030 08:20:25,65,NaN,NaN
Ground_Point_12,SAT_24,3,07-Jan-2030 08:26:15,07-Jan-2030 08:27:30,75,NaN,NaN
Ground_Point_12,SAT_24,4,07-Jan-2030 20:16:20,07-Jan-2030 20:17:10,50,NaN,NaN
Ground_Point_13,SAT_24,1,02-Jan-2030 08:38:00,02-Jan-2030 08:39:00,60,NaN,NaN
Ground_Point_13,SAT_24,2,02-Jan-2030 20:34:05,02-Jan-2030 20:35:15,70,NaN,NaN
Ground_Point_13,SAT_24,3,06-Jan-2030 08:44:50,06-Jan-2030 08:46:05,75,NaN,NaN
Ground_Point_13,SAT_24,4,06-Jan-2030 20:41:35,06-Jan-2030 20:41:45,10,NaN,NaN
Ground_Point_14,SAT_24,1,03-Jan-2030 08:16:40,03-Jan-2030 08:17:55,75,NaN,NaN
Ground_Point_14,SAT_24,2,03-Jan-2030 20:11:25,03-Jan-2030 20:12:35,70,NaN,NaN
Ground_Point_14,SAT_24,3,07-Jan-2030 08:23:45,07-Jan-2030 08:24:55,70,NaN,NaN
Ground_Point_14,SAT_24,4,07-Jan-2030 20:19:00,07-Jan-2030 20:19:05,5,NaN,NaN
Ground_Point_15,SAT_24,1,03-Jan-2030 20:07:15,03-Jan-2030 20:08:05,50,NaN,NaN
Ground_Point_15,SAT_24,2,04-Jan-2030 07:59:45,04-Jan-2030 08:00:20,35,NaN,NaN
Ground_Point_15,SAT_24,3,07-Jan-2030 20:14:05,07-Jan-2030 20:15:20,75,NaN,NaN
Ground_Point_16,SAT_24,1,01-Jan-2030 07:24:50,01-Jan-2030 07:26:05,75,NaN,NaN
Ground_Point_16,SAT_24,2,02-Jan-2030 19:00:00,02-Jan-2030 19:01:00,60,NaN,NaN
Ground_Point_16,SAT_24,3,05-Jan-2030 07:32:05,05-Jan-2030 07:32:55,50,NaN,NaN
Ground_Point_16,SAT_24,4,06-Jan-2030 19:06:50,06-Jan-2030 19:08:10,80,NaN,NaN
Ground_Point_17,SAT_24,1,02-Jan-2030 08:40:40,02-Jan-2030 08:41:35,55,NaN,NaN
Ground_Point_17,SAT_24,2,02-Jan-2030 20:31:15,02-Jan-2030 20:32:35,80,NaN,NaN
Ground_Point_17,SAT_24,3,06-Jan-2030 20:38:25,06-Jan-2030 20:39:25,60,NaN,NaN
Ground_Point_17,SAT_24,4,07-Jan-2030 08:26:15,07-Jan-2030 08:26:45,30,NaN,NaN
Ground_Point_18,SAT_24,1,01-Jan-2030 10:32:55,01-Jan-2030 10:34:00,65,NaN,NaN
Ground_Point_18,SAT_24,2,02-Jan-2030 22:10:15,02-Jan-2030 22:11:15,60,NaN,NaN
Ground_Point_18,SAT_24,3,05-Jan-2030 10:39:50,05-Jan-2030 10:41:05,75,NaN,NaN
Ground_Point_18,SAT_24,4,06-Jan-2030 22:17:05,06-Jan-2030 22:18:25,80,NaN,NaN
Ground_Point_19,SAT_24,1,01-Jan-2030 10:30:15,01-Jan-2030 10:31:25,70,NaN,NaN
Ground_Point_19,SAT_24,2,03-Jan-2030 21:50:45,03-Jan-2030 21:52:00,75,NaN,NaN
Ground_Point_19,SAT_24,3,05-Jan-2030 10:37:25,05-Jan-2030 10:38:15,50,NaN,NaN
Ground_Point_19,SAT_24,4,07-Jan-2030 21:57:45,07-Jan-2030 21:59:00,75,NaN,NaN
Ground_Point_20,SAT_24,1,02-Jan-2030 10:12:35,02-Jan-2030 10:13:45,70,NaN,NaN
Ground_Point_20,SAT_24,2,02-Jan-2030 22:08:30,02-Jan-2030 22:09:25,55,NaN,NaN
Ground_Point_20,SAT_24,3,06-Jan-2030 10:19:35,06-Jan-2030 10:20:45,70,NaN,NaN
Ground_Point_20,SAT_24,4,07-Jan-2030 21:54:00,07-Jan-2030 21:54:45,45,NaN,NaN
Ground_Point_21,SAT_24,1,03-Jan-2030 15:58:35,03-Jan-2030 15:59:50,75,NaN,NaN
Ground_Point_21,SAT_24,2,04-Jan-2030 02:40:25,04-Jan-2030 02:41:45,80,NaN,NaN
Ground_Point_21,SAT_24,3,07-Jan-2030 16:05:35,07-Jan-2030 16:06:50,75,NaN,NaN
Ground_Point_22,SAT_24,1,03-Jan-2030 15:59:25,03-Jan-2030 16:00:10,45,NaN,NaN
Ground_Point_22,SAT_24,2,04-Jan-2030 02:39:40,04-Jan-2030 02:40:55,75,NaN,NaN
Ground_Point_22,SAT_24,3,04-Jan-2030 15:37:35,04-Jan-2030 15:38:40,65,NaN,NaN
Ground_Point_22,SAT_24,4,05-Jan-2030 02:18:30,05-Jan-2030 02:18:55,25,NaN,NaN
Ground_Point_23,SAT_24,1,01-Jan-2030 02:11:50,01-Jan-2030 02:13:05,75,NaN,NaN
Ground_Point_23,SAT_24,2,03-Jan-2030 15:58:40,03-Jan-2030 15:58:55,15,NaN,NaN
Ground_Point_23,SAT_24,3,04-Jan-2030 15:36:30,04-Jan-2030 15:37:45,75,NaN,NaN
Ground_Point_23,SAT_24,4,05-Jan-2030 02:18:45,05-Jan-2030 02:20:05,80,NaN,NaN
Ground_Point_24,SAT_24,1,01-Jan-2030 02:11:35,01-Jan-2030 02:12:35,60,NaN,NaN
Ground_Point_24,SAT_24,2,04-Jan-2030 15:36:55,04-Jan-2030 15:38:10,75,NaN,NaN
Ground_Point_24,SAT_24,3,05-Jan-2030 02:18:25,05-Jan-2030 02:19:45,80,NaN,NaN
Ground_Point_25,SAT_24,1,01-Jan-2030 02:11:05,01-Jan-2030 02:12:20,75,NaN,NaN
Ground_Point_25,SAT_24,2,01-Jan-2030 15:08:35,01-Jan-2030 15:09:15,40,NaN,NaN
Ground_Point_25,SAT_24,3,02-Jan-2030 01:49:55,02-Jan-2030 01:50:15,20,NaN,NaN
Ground_Point_25,SAT_24,4,04-Jan-2030 15:37:15,04-Jan-2030 15:37:55,40,NaN,NaN
Ground_Point_25,SAT_24,5,05-Jan-2030 02:18:15,05-Jan-2030 02:19:10,55,NaN,NaN
Ground_Point_25,SAT_24,6,05-Jan-2030 15:15:20,05-Jan-2030 15:16:30,70,NaN,NaN
Ground_Point_25,SAT_24,7,06-Jan-2030 01:56:35,06-Jan-2030 01:57:35,60,NaN,NaN
Ground_Point_26,SAT_24,1,01-Jan-2030 15:07:30,01-Jan-2030 15:08:45,75,NaN,NaN
Ground_Point_26,SAT_24,2,02-Jan-2030 01:49:50,02-Jan-2030 01:51:05,75,NaN,NaN
Ground_Point_26,SAT_24,3,03-Jan-2030 01:28:30,03-Jan-2030 01:29:10,40,NaN,NaN
Ground_Point_26,SAT_24,4,05-Jan-2030 15:14:30,05-Jan-2030 15:15:45,75,NaN,NaN
Ground_Point_26,SAT_24,5,06-Jan-2030 01:57:00,06-Jan-2030 01:58:00,60,NaN,NaN
Ground_Point_26,SAT_24,6,06-Jan-2030 14:53:10,06-Jan-2030 14:53:50,40,NaN,NaN
Ground_Point_26,SAT_24,7,07-Jan-2030 01:35:20,07-Jan-2030 01:36:25,65,NaN,NaN
Ground_Point_27,SAT_24,1,01-Jan-2030 02:10:45,01-Jan-2030 02:11:25,40,NaN,NaN
Ground_Point_27,SAT_24,2,01-Jan-2030 15:08:40,01-Jan-2030 15:09:55,75,NaN,NaN
Ground_Point_27,SAT_24,3,02-Jan-2030 01:48:55,02-Jan-2030 01:50:00,65,NaN,NaN
Ground_Point_27,SAT_24,4,05-Jan-2030 15:15:45,05-Jan-2030 15:16:55,70,NaN,NaN
Ground_Point_27,SAT_24,5,06-Jan-2030 01:55:50,06-Jan-2030 01:57:05,75,NaN,NaN
Ground_Point_27,SAT_24,6,06-Jan-2030 14:54:30,06-Jan-2030 14:54:50,20,NaN,NaN
Ground_Point_28,SAT_24,1,03-Jan-2030 02:59:30,03-Jan-2030 03:00:35,65,NaN,NaN
Ground_Point_28,SAT_24,2,03-Jan-2030 16:01:30,03-Jan-2030 16:02:50,80,NaN,NaN
Ground_Point_28,SAT_24,3,07-Jan-2030 03:06:25,07-Jan-2030 03:07:45,80,NaN,NaN
Ground_Point_28,SAT_24,4,07-Jan-2030 16:08:35,07-Jan-2030 16:09:45,70,NaN,NaN
Ground_Point_29,SAT_24,1,04-Jan-2030 02:37:50,04-Jan-2030 02:39:00,70,NaN,NaN
Ground_Point_29,SAT_24,2,04-Jan-2030 15:39:25,04-Jan-2030 15:40:40,75,NaN,NaN
Ground_Point_30,SAT_24,1,01-Jan-2030 02:08:55,01-Jan-2030 02:09:55,60,NaN,NaN
Ground_Point_30,SAT_24,2,01-Jan-2030 15:10:35,01-Jan-2030 15:11:05,30,NaN,NaN
Ground_Point_30,SAT_24,3,02-Jan-2030 01:47:35,02-Jan-2030 01:48:10,35,NaN,NaN
Ground_Point_30,SAT_24,4,02-Jan-2030 14:48:40,02-Jan-2030 14:49:45,65,NaN,NaN
Ground_Point_30,SAT_24,5,06-Jan-2030 01:54:15,06-Jan-2030 01:55:25,70,NaN,NaN
Ground_Point_30,SAT_24,6,06-Jan-2030 14:55:35,06-Jan-2030 14:56:50,75,NaN,NaN
Ground_Point_31,SAT_24,1,01-Jan-2030 02:09:50,01-Jan-2030 02:11:10,80,NaN,NaN
Ground_Point_31,SAT_24,2,01-Jan-2030 15:09:30,01-Jan-2030 15:10:40,70,NaN,NaN
Ground_Point_31,SAT_24,3,05-Jan-2030 02:16:55,05-Jan-2030 02:18:05,70,NaN,NaN
Ground_Point_31,SAT_24,4,05-Jan-2030 15:16:25,05-Jan-2030 15:17:45,80,NaN,NaN
Ground_Point_31,SAT_24,5,06-Jan-2030 01:55:50,06-Jan-2030 01:56:00,10,NaN,NaN
Ground_Point_32,SAT_24,1,02-Jan-2030 14:45:40,02-Jan-2030 14:46:45,65,NaN,NaN
Ground_Point_32,SAT_24,2,03-Jan-2030 01:28:05,03-Jan-2030 01:28:50,45,NaN,NaN
Ground_Point_32,SAT_24,3,03-Jan-2030 14:24:10,03-Jan-2030 14:25:05,55,NaN,NaN
Ground_Point_32,SAT_24,4,04-Jan-2030 01:06:15,04-Jan-2030 01:07:25,70,NaN,NaN
Ground_Point_32,SAT_24,5,06-Jan-2030 14:52:55,06-Jan-2030 14:53:30,35,NaN,NaN
Ground_Point_32,SAT_24,6,07-Jan-2030 14:31:00,07-Jan-2030 14:32:15,75,NaN,NaN
Ground_Point_33,SAT_24,1,03-Jan-2030 07:43:05,03-Jan-2030 07:44:20,75,NaN,NaN
Ground_Point_33,SAT_24,2,03-Jan-2030 20:45:05,03-Jan-2030 20:46:20,75,NaN,NaN
Ground_Point_33,SAT_24,3,07-Jan-2030 07:50:05,07-Jan-2030 07:51:25,80,NaN,NaN
Ground_Point_33,SAT_24,4,07-Jan-2030 20:52:10,07-Jan-2030 20:53:15,65,NaN,NaN
Ground_Point_34,SAT_24,1,02-Jan-2030 08:04:25,02-Jan-2030 08:05:40,75,NaN,NaN
Ground_Point_34,SAT_24,2,03-Jan-2030 20:45:45,03-Jan-2030 20:46:50,65,NaN,NaN
Ground_Point_34,SAT_24,3,06-Jan-2030 08:11:35,06-Jan-2030 08:12:30,55,NaN,NaN
Ground_Point_34,SAT_24,4,07-Jan-2030 07:50:10,07-Jan-2030 07:50:40,30,NaN,NaN
Ground_Point_34,SAT_24,5,07-Jan-2030 20:52:40,07-Jan-2030 20:53:55,75,NaN,NaN
Ground_Point_35,SAT_24,1,03-Jan-2030 07:43:30,03-Jan-2030 07:44:30,60,NaN,NaN
Ground_Point_35,SAT_24,2,03-Jan-2030 20:44:50,03-Jan-2030 20:45:30,40,NaN,NaN
Ground_Point_35,SAT_24,3,04-Jan-2030 07:22:05,04-Jan-2030 07:22:45,40,NaN,NaN
Ground_Point_35,SAT_24,4,04-Jan-2030 20:23:05,04-Jan-2030 20:24:00,55,NaN,NaN
Ground_Point_36,SAT_24,1,01-Jan-2030 08:27:35,01-Jan-2030 08:28:10,35,NaN,NaN
Ground_Point_36,SAT_24,2,01-Jan-2030 21:28:45,01-Jan-2030 21:29:45,60,NaN,NaN
Ground_Point_36,SAT_24,3,05-Jan-2030 08:34:20,05-Jan-2030 08:35:25,65,NaN,NaN
Ground_Point_36,SAT_24,4,05-Jan-2030 21:35:40,05-Jan-2030 21:36:55,75,NaN,NaN
Ground_Point_37,SAT_24,1,02-Jan-2030 09:37:35,02-Jan-2030 09:38:05,30,NaN,NaN
Ground_Point_37,SAT_24,2,03-Jan-2030 09:15:50,03-Jan-2030 09:16:35,45,NaN,NaN
Ground_Point_37,SAT_24,3,04-Jan-2030 22:00:05,04-Jan-2030 22:01:05,60,NaN,NaN
Ground_Point_37,SAT_24,4,07-Jan-2030 09:22:35,07-Jan-2030 09:23:50,75,NaN,NaN
Ground_Point_38,SAT_24,1,03-Jan-2030 09:14:55,03-Jan-2030 09:15:55,60,NaN,NaN
Ground_Point_38,SAT_24,2,04-Jan-2030 22:00:40,04-Jan-2030 22:01:55,75,NaN,NaN
Ground_Point_38,SAT_24,3,07-Jan-2030 09:21:45,07-Jan-2030 09:23:05,80,NaN,NaN
Ground_Point_39,SAT_24,1,03-Jan-2030 10:50:20,03-Jan-2030 10:51:40,80,NaN,NaN
Ground_Point_39,SAT_24,2,04-Jan-2030 23:34:05,04-Jan-2030 23:35:20,75,NaN,NaN
Ground_Point_39,SAT_24,3,07-Jan-2030 10:57:25,07-Jan-2030 10:58:35,70,NaN,NaN
Ground_Point_40,SAT_24,1,02-Jan-2030 11:13:15,02-Jan-2030 11:14:10,55,NaN,NaN
Ground_Point_40,SAT_24,2,03-Jan-2030 10:51:55,03-Jan-2030 10:52:20,25,NaN,NaN
Ground_Point_40,SAT_24,3,03-Jan-2030 23:54:55,03-Jan-2030 23:56:15,80,NaN,NaN
Ground_Point_40,SAT_24,4,07-Jan-2030 10:58:35,07-Jan-2030 10:59:40,65,NaN,NaN
Ground_Point_41,SAT_24,1,03-Jan-2030 00:14:15,03-Jan-2030 00:15:10,55,NaN,NaN
Ground_Point_41,SAT_24,2,03-Jan-2030 10:53:55,03-Jan-2030 10:55:15,80,NaN,NaN
Ground_Point_41,SAT_24,3,03-Jan-2030 23:52:40,03-Jan-2030 23:53:35,55,NaN,NaN
Ground_Point_41,SAT_24,4,07-Jan-2030 11:01:00,07-Jan-2030 11:02:15,75,NaN,NaN
Ground_Point_41,SAT_24,5,07-Jan-2030 23:59:30,08-Jan-2030 00:00:00,30,NaN,NaN
Ground_Point_42,SAT_24,1,02-Jan-2030 08:05:40,02-Jan-2030 08:07:00,80,NaN,NaN
Ground_Point_42,SAT_24,2,02-Jan-2030 21:06:10,02-Jan-2030 21:07:30,80,NaN,NaN
Ground_Point_42,SAT_24,3,06-Jan-2030 08:12:45,06-Jan-2030 08:13:55,70,NaN,NaN
Ground_Point_42,SAT_24,4,06-Jan-2030 21:13:15,06-Jan-2030 21:14:25,70,NaN,NaN
Ground_Point_43,SAT_24,1,03-Jan-2030 07:44:15,03-Jan-2030 07:45:35,80,NaN,NaN
Ground_Point_43,SAT_24,2,03-Jan-2030 20:43:50,03-Jan-2030 20:45:05,75,NaN,NaN
Ground_Point_43,SAT_24,3,07-Jan-2030 07:51:25,07-Jan-2030 07:52:25,60,NaN,NaN
Ground_Point_43,SAT_24,4,07-Jan-2030 20:50:50,07-Jan-2030 20:52:05,75,NaN,NaN
Ground_Point_44,SAT_24,1,02-Jan-2030 09:34:15,02-Jan-2030 09:34:50,35,NaN,NaN
Ground_Point_44,SAT_24,2,04-Jan-2030 22:03:30,04-Jan-2030 22:04:40,70,NaN,NaN
Ground_Point_44,SAT_24,3,06-Jan-2030 09:41:00,06-Jan-2030 09:42:10,70,NaN,NaN
Ground_Point_45,SAT_24,1,02-Jan-2030 09:36:40,02-Jan-2030 09:37:50,70,NaN,NaN
Ground_Point_45,SAT_24,2,04-Jan-2030 22:00:50,04-Jan-2030 22:01:45,55,NaN,NaN
Ground_Point_45,SAT_24,3,06-Jan-2030 09:44:00,06-Jan-2030 09:44:30,30,NaN,NaN
Ground_Point_45,SAT_24,4,07-Jan-2030 09:22:20,07-Jan-2030 09:23:00,40,NaN,NaN
Ground_Point_46,SAT_24,1,02-Jan-2030 11:44:10,02-Jan-2030 11:45:00,50,NaN,NaN
Ground_Point_46,SAT_24,2,03-Jan-2030 23:24:20,03-Jan-2030 23:25:35,75,NaN,NaN
Ground_Point_46,SAT_24,3,06-Jan-2030 11:50:55,06-Jan-2030 11:52:10,75,NaN,NaN
Ground_Point_46,SAT_24,4,07-Jan-2030 23:31:25,07-Jan-2030 23:32:30,65,NaN,NaN
Ground_Point_47,SAT_24,1,02-Jan-2030 00:08:10,02-Jan-2030 00:08:40,30,NaN,NaN
Ground_Point_47,SAT_24,2,02-Jan-2030 23:46:40,02-Jan-2030 23:47:00,20,NaN,NaN
Ground_Point_47,SAT_24,3,04-Jan-2030 12:34:50,04-Jan-2030 12:35:45,55,NaN,NaN
Ground_Point_47,SAT_24,4,06-Jan-2030 23:53:15,06-Jan-2030 23:54:25,70,NaN,NaN
Ground_Point_48,SAT_24,1,01-Jan-2030 00:32:00,01-Jan-2030 00:33:00,60,NaN,NaN
Ground_Point_48,SAT_24,2,02-Jan-2030 13:16:35,02-Jan-2030 13:17:50,75,NaN,NaN
Ground_Point_48,SAT_24,3,05-Jan-2030 00:38:50,05-Jan-2030 00:40:10,80,NaN,NaN
Ground_Point_48,SAT_24,4,06-Jan-2030 13:23:35,06-Jan-2030 13:24:50,75,NaN,NaN
Ground_Point_49,SAT_24,1,01-Jan-2030 13:39:00,01-Jan-2030 13:40:00,60,NaN,NaN
Ground_Point_49,SAT_24,2,04-Jan-2030 01:00:10,04-Jan-2030 01:01:20,70,NaN,NaN
Ground_Point_49,SAT_24,3,06-Jan-2030 13:24:30,06-Jan-2030 13:25:20,50,NaN,NaN
Ground_Point_50,SAT_24,1,01-Jan-2030 01:51:00,01-Jan-2030 01:51:50,50,NaN,NaN
Ground_Point_50,SAT_24,2,03-Jan-2030 13:10:05,03-Jan-2030 13:11:20,75,NaN,NaN
Ground_Point_50,SAT_24,3,06-Jan-2030 01:36:20,06-Jan-2030 01:37:20,60,NaN,NaN
Ground_Point_50,SAT_24,4,07-Jan-2030 13:17:05,07-Jan-2030 13:18:15,70,NaN,NaN
Ground_Point_51,SAT_24,1,02-Jan-2030 03:12:40,02-Jan-2030 03:12:45,5,NaN,NaN
Ground_Point_51,SAT_24,2,06-Jan-2030 15:05:05,06-Jan-2030 15:06:10,65,NaN,NaN
Ground_Point_51,SAT_24,3,07-Jan-2030 02:57:35,07-Jan-2030 02:58:40,65,NaN,NaN
Ground_Point_52,SAT_24,1,01-Jan-2030 06:35:15,01-Jan-2030 06:36:30,75,NaN,NaN
Ground_Point_52,SAT_24,2,02-Jan-2030 18:14:50,02-Jan-2030 18:16:05,75,NaN,NaN
Ground_Point_52,SAT_24,3,05-Jan-2030 06:42:15,05-Jan-2030 06:43:30,75,NaN,NaN
Ground_Point_52,SAT_24,4,06-Jan-2030 18:22:05,06-Jan-2030 18:22:45,40,NaN,NaN
Ground_Point_53,SAT_24,1,01-Jan-2030 06:35:40,01-Jan-2030 06:36:05,25,NaN,NaN
Ground_Point_53,SAT_24,2,02-Jan-2030 06:14:10,02-Jan-2030 06:14:25,15,NaN,NaN
Ground_Point_53,SAT_24,3,03-Jan-2030 17:52:55,03-Jan-2030 17:54:05,70,NaN,NaN
Ground_Point_53,SAT_24,4,06-Jan-2030 06:20:45,06-Jan-2030 06:21:55,70,NaN,NaN
Ground_Point_53,SAT_24,5,07-Jan-2030 17:59:50,07-Jan-2030 18:01:10,80,NaN,NaN
Ground_Point_54,SAT_24,1,01-Jan-2030 18:40:00,01-Jan-2030 18:40:45,45,NaN,NaN
Ground_Point_54,SAT_24,2,02-Jan-2030 07:45:05,02-Jan-2030 07:45:50,45,NaN,NaN
Ground_Point_54,SAT_24,3,03-Jan-2030 07:23:30,03-Jan-2030 07:24:10,40,NaN,NaN
Ground_Point_54,SAT_24,4,05-Jan-2030 18:46:50,05-Jan-2030 18:48:00,70,NaN,NaN
Ground_Point_54,SAT_24,5,07-Jan-2030 07:30:15,07-Jan-2030 07:31:30,75,NaN,NaN
Ground_Point_55,SAT_24,1,02-Jan-2030 19:52:15,02-Jan-2030 19:52:45,30,NaN,NaN
Ground_Point_55,SAT_24,2,03-Jan-2030 19:30:35,03-Jan-2030 19:31:15,40,NaN,NaN
Ground_Point_55,SAT_24,3,05-Jan-2030 08:14:30,05-Jan-2030 08:15:25,55,NaN,NaN
Ground_Point_55,SAT_24,4,07-Jan-2030 19:37:20,07-Jan-2030 19:38:30,70,NaN,NaN
Ground_Point_1,SAT_25,1,01-Jan-2030 20:38:40,01-Jan-2030 20:39:10,30,NaN,NaN
Ground_Point_1,SAT_25,2,02-Jan-2030 20:16:50,02-Jan-2030 20:17:50,60,NaN,NaN
Ground_Point_1,SAT_25,3,03-Jan-2030 09:20:20,03-Jan-2030 09:21:30,70,NaN,NaN
Ground_Point_1,SAT_25,4,06-Jan-2030 20:23:50,06-Jan-2030 20:25:05,75,NaN,NaN
Ground_Point_1,SAT_25,5,07-Jan-2030 09:27:35,07-Jan-2030 09:28:25,50,NaN,NaN
Ground_Point_2,SAT_25,1,02-Jan-2030 20:16:00,02-Jan-2030 20:17:15,75,NaN,NaN
Ground_Point_2,SAT_25,2,04-Jan-2030 08:59:15,04-Jan-2030 09:00:25,70,NaN,NaN
Ground_Point_2,SAT_25,3,06-Jan-2030 20:23:05,06-Jan-2030 20:24:20,75,NaN,NaN
Ground_Point_3,SAT_25,1,01-Jan-2030 20:38:35,01-Jan-2030 20:39:15,40,NaN,NaN
Ground_Point_3,SAT_25,2,02-Jan-2030 20:16:55,02-Jan-2030 20:17:45,50,NaN,NaN
Ground_Point_3,SAT_25,3,03-Jan-2030 09:20:20,03-Jan-2030 09:21:35,75,NaN,NaN
Ground_Point_3,SAT_25,4,06-Jan-2030 20:23:50,06-Jan-2030 20:25:00,70,NaN,NaN
Ground_Point_3,SAT_25,5,07-Jan-2030 09:27:35,07-Jan-2030 09:28:30,55,NaN,NaN
Ground_Point_4,SAT_25,1,01-Jan-2030 08:30:00,01-Jan-2030 08:31:00,60,NaN,NaN
Ground_Point_4,SAT_25,2,04-Jan-2030 19:32:30,04-Jan-2030 19:33:40,70,NaN,NaN
Ground_Point_4,SAT_25,3,06-Jan-2030 08:15:35,06-Jan-2030 08:16:30,55,NaN,NaN
Ground_Point_5,SAT_25,1,01-Jan-2030 08:30:30,01-Jan-2030 08:31:25,55,NaN,NaN
Ground_Point_5,SAT_25,2,03-Jan-2030 19:54:00,03-Jan-2030 19:55:15,75,NaN,NaN
Ground_Point_5,SAT_25,3,05-Jan-2030 08:37:25,05-Jan-2030 08:38:40,75,NaN,NaN
Ground_Point_5,SAT_25,4,07-Jan-2030 20:01:05,07-Jan-2030 20:02:20,75,NaN,NaN
Ground_Point_6,SAT_25,1,01-Jan-2030 08:30:10,01-Jan-2030 08:31:25,75,NaN,NaN
Ground_Point_6,SAT_25,2,03-Jan-2030 19:54:05,03-Jan-2030 19:55:15,70,NaN,NaN
Ground_Point_6,SAT_25,3,05-Jan-2030 08:37:15,05-Jan-2030 08:38:30,75,NaN,NaN
Ground_Point_6,SAT_25,4,07-Jan-2030 20:01:25,07-Jan-2030 20:02:05,40,NaN,NaN
Ground_Point_7,SAT_25,1,01-Jan-2030 10:03:20,01-Jan-2030 10:04:35,75,NaN,NaN
Ground_Point_7,SAT_25,2,04-Jan-2030 21:08:00,04-Jan-2030 21:09:20,80,NaN,NaN
Ground_Point_7,SAT_25,3,05-Jan-2030 10:10:40,05-Jan-2030 10:11:30,50,NaN,NaN
Ground_Point_7,SAT_25,4,06-Jan-2030 09:49:10,06-Jan-2030 09:49:45,35,NaN,NaN
Ground_Point_8,SAT_25,1,02-Jan-2030 09:44:10,02-Jan-2030 09:44:30,20,NaN,NaN
Ground_Point_8,SAT_25,2,03-Jan-2030 09:22:25,03-Jan-2030 09:23:05,40,NaN,NaN
Ground_Point_8,SAT_25,3,04-Jan-2030 21:06:00,04-Jan-2030 21:06:30,30,NaN,NaN
Ground_Point_8,SAT_25,4,05-Jan-2030 20:44:20,05-Jan-2030 20:45:00,40,NaN,NaN
Ground_Point_8,SAT_25,5,07-Jan-2030 09:29:15,07-Jan-2030 09:30:25,70,NaN,NaN
Ground_Point_9,SAT_25,1,02-Jan-2030 09:46:35,02-Jan-2030 09:47:15,40,NaN,NaN
Ground_Point_9,SAT_25,2,03-Jan-2030 21:25:20,03-Jan-2030 21:26:35,75,NaN,NaN
Ground_Point_9,SAT_25,3,06-Jan-2030 09:53:25,06-Jan-2030 09:54:35,70,NaN,NaN
Ground_Point_9,SAT_25,4,07-Jan-2030 21:32:25,07-Jan-2030 21:33:45,80,NaN,NaN
Ground_Point_10,SAT_25,1,02-Jan-2030 09:46:35,02-Jan-2030 09:47:20,45,NaN,NaN
Ground_Point_10,SAT_25,2,03-Jan-2030 21:25:20,03-Jan-2030 21:26:30,70,NaN,NaN
Ground_Point_10,SAT_25,3,06-Jan-2030 09:53:25,06-Jan-2030 09:54:40,75,NaN,NaN
Ground_Point_10,SAT_25,4,07-Jan-2030 21:32:20,07-Jan-2030 21:33:40,80,NaN,NaN
Ground_Point_11,SAT_25,1,03-Jan-2030 09:23:45,03-Jan-2030 09:24:55,70,NaN,NaN
Ground_Point_11,SAT_25,2,04-Jan-2030 21:04:05,04-Jan-2030 21:05:15,70,NaN,NaN
Ground_Point_11,SAT_25,3,07-Jan-2030 09:30:50,07-Jan-2030 09:32:05,75,NaN,NaN
Ground_Point_12,SAT_25,1,01-Jan-2030 10:14:10,01-Jan-2030 10:14:30,20,NaN,NaN
Ground_Point_12,SAT_25,2,04-Jan-2030 22:32:35,04-Jan-2030 22:33:15,40,NaN,NaN
Ground_Point_12,SAT_25,3,05-Jan-2030 10:20:50,05-Jan-2030 10:22:00,70,NaN,NaN
Ground_Point_13,SAT_25,1,04-Jan-2030 10:39:30,04-Jan-2030 10:40:35,65,NaN,NaN
Ground_Point_13,SAT_25,2,04-Jan-2030 22:35:40,04-Jan-2030 22:36:45,65,NaN,NaN
Ground_Point_14,SAT_25,1,01-Jan-2030 10:11:20,01-Jan-2030 10:12:20,60,NaN,NaN
Ground_Point_14,SAT_25,2,01-Jan-2030 22:05:50,01-Jan-2030 22:07:10,80,NaN,NaN
Ground_Point_14,SAT_25,3,05-Jan-2030 10:18:15,05-Jan-2030 10:19:30,75,NaN,NaN
Ground_Point_14,SAT_25,4,05-Jan-2030 22:13:05,05-Jan-2030 22:14:10,65,NaN,NaN
Ground_Point_15,SAT_25,1,01-Jan-2030 10:15:45,01-Jan-2030 10:16:30,45,NaN,NaN
Ground_Point_15,SAT_25,2,05-Jan-2030 22:08:50,05-Jan-2030 22:09:45,55,NaN,NaN
Ground_Point_15,SAT_25,3,06-Jan-2030 10:01:15,06-Jan-2030 10:02:00,45,NaN,NaN
Ground_Point_16,SAT_25,1,03-Jan-2030 09:26:25,03-Jan-2030 09:27:35,70,NaN,NaN
Ground_Point_16,SAT_25,2,04-Jan-2030 21:01:30,04-Jan-2030 21:02:35,65,NaN,NaN
Ground_Point_16,SAT_25,3,07-Jan-2030 09:33:45,07-Jan-2030 09:34:25,40,NaN,NaN
Ground_Point_17,SAT_25,1,04-Jan-2030 10:42:15,04-Jan-2030 10:43:05,50,NaN,NaN
Ground_Point_17,SAT_25,2,04-Jan-2030 22:32:50,04-Jan-2030 22:34:05,75,NaN,NaN
Ground_Point_18,SAT_25,1,01-Jan-2030 00:05:05,01-Jan-2030 00:05:25,20,NaN,NaN
Ground_Point_18,SAT_25,2,03-Jan-2030 12:34:25,03-Jan-2030 12:35:35,70,NaN,NaN
Ground_Point_18,SAT_25,3,05-Jan-2030 00:11:45,05-Jan-2030 00:12:55,70,NaN,NaN
Ground_Point_18,SAT_25,4,07-Jan-2030 12:41:30,07-Jan-2030 12:42:40,70,NaN,NaN
Ground_Point_19,SAT_25,1,01-Jan-2030 23:45:20,01-Jan-2030 23:46:25,65,NaN,NaN
Ground_Point_19,SAT_25,2,03-Jan-2030 12:31:45,03-Jan-2030 12:33:00,75,NaN,NaN
Ground_Point_19,SAT_25,3,05-Jan-2030 23:52:20,05-Jan-2030 23:53:35,75,NaN,NaN
Ground_Point_19,SAT_25,4,07-Jan-2030 12:39:05,07-Jan-2030 12:39:45,40,NaN,NaN
Ground_Point_20,SAT_25,1,01-Jan-2030 00:02:50,01-Jan-2030 00:04:05,75,NaN,NaN
Ground_Point_20,SAT_25,2,04-Jan-2030 12:14:05,04-Jan-2030 12:15:20,75,NaN,NaN
Ground_Point_20,SAT_25,3,05-Jan-2030 00:10:05,05-Jan-2030 00:10:55,50,NaN,NaN
Ground_Point_21,SAT_25,1,01-Jan-2030 17:53:05,01-Jan-2030 17:54:20,75,NaN,NaN
Ground_Point_21,SAT_25,2,02-Jan-2030 04:34:55,02-Jan-2030 04:36:10,75,NaN,NaN
Ground_Point_21,SAT_25,3,05-Jan-2030 18:00:10,05-Jan-2030 18:01:25,75,NaN,NaN
Ground_Point_21,SAT_25,4,06-Jan-2030 04:42:00,06-Jan-2030 04:43:20,80,NaN,NaN
Ground_Point_22,SAT_25,1,01-Jan-2030 17:53:40,01-Jan-2030 17:54:50,70,NaN,NaN
Ground_Point_22,SAT_25,2,02-Jan-2030 04:34:10,02-Jan-2030 04:35:25,75,NaN,NaN
Ground_Point_22,SAT_25,3,02-Jan-2030 17:32:20,02-Jan-2030 17:33:00,40,NaN,NaN
Ground_Point_22,SAT_25,4,05-Jan-2030 18:01:00,05-Jan-2030 18:01:40,40,NaN,NaN
Ground_Point_22,SAT_25,5,06-Jan-2030 04:41:20,06-Jan-2030 04:42:30,70,NaN,NaN
Ground_Point_22,SAT_25,6,06-Jan-2030 17:39:10,06-Jan-2030 17:40:20,70,NaN,NaN
Ground_Point_22,SAT_25,7,07-Jan-2030 04:20:00,07-Jan-2030 04:20:40,40,NaN,NaN
Ground_Point_23,SAT_25,1,01-Jan-2030 17:52:50,01-Jan-2030 17:53:45,55,NaN,NaN
Ground_Point_23,SAT_25,2,02-Jan-2030 17:31:10,02-Jan-2030 17:32:10,60,NaN,NaN
Ground_Point_23,SAT_25,3,03-Jan-2030 04:13:20,03-Jan-2030 04:14:35,75,NaN,NaN
Ground_Point_23,SAT_25,4,06-Jan-2030 17:38:10,06-Jan-2030 17:39:25,75,NaN,NaN
Ground_Point_23,SAT_25,5,07-Jan-2030 04:20:25,07-Jan-2030 04:21:45,80,NaN,NaN
Ground_Point_24,SAT_25,1,01-Jan-2030 17:53:15,01-Jan-2030 17:54:05,50,NaN,NaN
Ground_Point_24,SAT_25,2,02-Jan-2030 04:34:50,02-Jan-2030 04:35:35,45,NaN,NaN
Ground_Point_24,SAT_25,3,02-Jan-2030 17:31:30,02-Jan-2030 17:32:35,65,NaN,NaN
Ground_Point_24,SAT_25,4,03-Jan-2030 04:13:00,03-Jan-2030 04:14:10,70,NaN,NaN
Ground_Point_24,SAT_25,5,06-Jan-2030 17:38:35,06-Jan-2030 17:39:50,75,NaN,NaN
Ground_Point_24,SAT_25,6,07-Jan-2030 04:20:05,07-Jan-2030 04:21:20,75,NaN,NaN
Ground_Point_25,SAT_25,1,02-Jan-2030 17:31:30,02-Jan-2030 17:32:35,65,NaN,NaN
Ground_Point_25,SAT_25,2,03-Jan-2030 04:12:40,03-Jan-2030 04:13:50,70,NaN,NaN
Ground_Point_25,SAT_25,3,03-Jan-2030 17:10:05,03-Jan-2030 17:10:50,45,NaN,NaN
Ground_Point_25,SAT_25,4,04-Jan-2030 03:51:20,04-Jan-2030 03:51:55,35,NaN,NaN
Ground_Point_25,SAT_25,5,06-Jan-2030 17:38:50,06-Jan-2030 17:39:25,35,NaN,NaN
Ground_Point_25,SAT_25,6,07-Jan-2030 04:19:55,07-Jan-2030 04:20:45,50,NaN,NaN
Ground_Point_25,SAT_25,7,07-Jan-2030 17:17:00,07-Jan-2030 17:18:10,70,NaN,NaN
Ground_Point_26,SAT_25,1,03-Jan-2030 17:09:00,03-Jan-2030 17:10:20,80,NaN,NaN
Ground_Point_26,SAT_25,2,04-Jan-2030 03:51:25,04-Jan-2030 03:52:35,70,NaN,NaN
Ground_Point_26,SAT_25,3,05-Jan-2030 03:30:00,05-Jan-2030 03:30:50,50,NaN,NaN
Ground_Point_26,SAT_25,4,07-Jan-2030 17:16:10,07-Jan-2030 17:17:20,70,NaN,NaN
Ground_Point_27,SAT_25,1,03-Jan-2030 04:12:25,03-Jan-2030 04:12:45,20,NaN,NaN
Ground_Point_27,SAT_25,2,03-Jan-2030 17:10:10,03-Jan-2030 17:11:30,80,NaN,NaN
Ground_Point_27,SAT_25,3,04-Jan-2030 03:50:25,04-Jan-2030 03:51:35,70,NaN,NaN
Ground_Point_27,SAT_25,4,07-Jan-2030 17:17:20,07-Jan-2030 17:18:30,70,NaN,NaN
Ground_Point_28,SAT_25,1,01-Jan-2030 04:54:10,01-Jan-2030 04:54:55,45,NaN,NaN
Ground_Point_28,SAT_25,2,01-Jan-2030 17:56:05,01-Jan-2030 17:57:15,70,NaN,NaN
Ground_Point_28,SAT_25,3,05-Jan-2030 05:01:00,05-Jan-2030 05:02:15,75,NaN,NaN
Ground_Point_28,SAT_25,4,05-Jan-2030 18:03:05,05-Jan-2030 18:04:25,80,NaN,NaN
Ground_Point_29,SAT_25,1,01-Jan-2030 04:54:15,01-Jan-2030 04:54:45,30,NaN,NaN
Ground_Point_29,SAT_25,2,02-Jan-2030 04:32:25,02-Jan-2030 04:33:25,60,NaN,NaN
Ground_Point_29,SAT_25,3,02-Jan-2030 17:33:55,02-Jan-2030 17:35:10,75,NaN,NaN
Ground_Point_29,SAT_25,4,06-Jan-2030 04:39:20,06-Jan-2030 04:40:40,80,NaN,NaN
Ground_Point_29,SAT_25,5,06-Jan-2030 17:41:00,06-Jan-2030 17:42:15,75,NaN,NaN
Ground_Point_30,SAT_25,1,03-Jan-2030 04:10:30,03-Jan-2030 04:11:25,55,NaN,NaN
Ground_Point_30,SAT_25,2,03-Jan-2030 17:12:15,03-Jan-2030 17:12:30,15,NaN,NaN
Ground_Point_30,SAT_25,3,04-Jan-2030 03:49:00,04-Jan-2030 03:49:45,45,NaN,NaN
Ground_Point_30,SAT_25,4,04-Jan-2030 16:50:15,04-Jan-2030 16:51:20,65,NaN,NaN
Ground_Point_31,SAT_25,1,03-Jan-2030 04:11:20,03-Jan-2030 04:12:40,80,NaN,NaN
Ground_Point_31,SAT_25,2,03-Jan-2030 17:11:00,03-Jan-2030 17:12:15,75,NaN,NaN
Ground_Point_31,SAT_25,3,07-Jan-2030 04:18:35,07-Jan-2030 04:19:40,65,NaN,NaN
Ground_Point_31,SAT_25,4,07-Jan-2030 17:18:05,07-Jan-2030 17:19:20,75,NaN,NaN
Ground_Point_32,SAT_25,1,01-Jan-2030 03:22:20,01-Jan-2030 03:23:25,65,NaN,NaN
Ground_Point_32,SAT_25,2,01-Jan-2030 16:19:00,01-Jan-2030 16:19:10,10,NaN,NaN
Ground_Point_32,SAT_25,3,02-Jan-2030 03:00:50,02-Jan-2030 03:01:45,55,NaN,NaN
Ground_Point_32,SAT_25,4,04-Jan-2030 16:47:15,04-Jan-2030 16:48:20,65,NaN,NaN
Ground_Point_32,SAT_25,5,05-Jan-2030 03:29:45,05-Jan-2030 03:30:20,35,NaN,NaN
Ground_Point_32,SAT_25,6,05-Jan-2030 16:25:40,05-Jan-2030 16:26:40,60,NaN,NaN
Ground_Point_32,SAT_25,7,06-Jan-2030 03:07:45,06-Jan-2030 03:09:00,75,NaN,NaN
Ground_Point_33,SAT_25,1,01-Jan-2030 09:37:40,01-Jan-2030 09:38:40,60,NaN,NaN
Ground_Point_33,SAT_25,2,01-Jan-2030 22:39:35,01-Jan-2030 22:40:50,75,NaN,NaN
Ground_Point_33,SAT_25,3,05-Jan-2030 09:44:40,05-Jan-2030 09:45:55,75,NaN,NaN
Ground_Point_33,SAT_25,4,05-Jan-2030 22:46:40,05-Jan-2030 22:47:55,75,NaN,NaN
Ground_Point_34,SAT_25,1,01-Jan-2030 22:40:30,01-Jan-2030 22:41:00,30,NaN,NaN
Ground_Point_34,SAT_25,2,04-Jan-2030 10:05:55,04-Jan-2030 10:07:10,75,NaN,NaN
Ground_Point_34,SAT_25,3,05-Jan-2030 22:47:20,05-Jan-2030 22:48:25,65,NaN,NaN
Ground_Point_35,SAT_25,1,01-Jan-2030 09:37:50,01-Jan-2030 09:39:05,75,NaN,NaN
Ground_Point_35,SAT_25,2,01-Jan-2030 22:39:05,01-Jan-2030 22:40:10,65,NaN,NaN
Ground_Point_35,SAT_25,3,05-Jan-2030 09:45:10,05-Jan-2030 09:46:00,50,NaN,NaN
Ground_Point_35,SAT_25,4,05-Jan-2030 22:46:25,05-Jan-2030 22:47:00,35,NaN,NaN
Ground_Point_35,SAT_25,5,06-Jan-2030 09:23:35,06-Jan-2030 09:24:25,50,NaN,NaN
Ground_Point_35,SAT_25,6,06-Jan-2030 22:24:40,06-Jan-2030 22:25:40,60,NaN,NaN
Ground_Point_36,SAT_25,1,02-Jan-2030 10:50:30,02-Jan-2030 10:51:25,55,NaN,NaN
Ground_Point_36,SAT_25,2,02-Jan-2030 23:52:15,02-Jan-2030 23:52:35,20,NaN,NaN
Ground_Point_36,SAT_25,3,03-Jan-2030 10:29:00,03-Jan-2030 10:29:45,45,NaN,NaN
Ground_Point_36,SAT_25,4,03-Jan-2030 23:30:15,03-Jan-2030 23:31:20,65,NaN,NaN
Ground_Point_36,SAT_25,5,07-Jan-2030 10:35:55,07-Jan-2030 10:37:05,70,NaN,NaN
Ground_Point_36,SAT_25,6,07-Jan-2030 23:37:15,07-Jan-2030 23:38:30,75,NaN,NaN
Ground_Point_37,SAT_25,1,02-Jan-2030 00:16:20,02-Jan-2030 00:17:05,45,NaN,NaN
Ground_Point_37,SAT_25,2,02-Jan-2030 23:55:00,02-Jan-2030 23:55:15,15,NaN,NaN
Ground_Point_37,SAT_25,3,05-Jan-2030 11:17:20,05-Jan-2030 11:18:15,55,NaN,NaN
Ground_Point_37,SAT_25,4,07-Jan-2030 00:01:40,07-Jan-2030 00:02:45,65,NaN,NaN
Ground_Point_38,SAT_25,1,01-Jan-2030 11:09:45,01-Jan-2030 11:10:00,15,NaN,NaN
Ground_Point_38,SAT_25,2,02-Jan-2030 23:55:10,02-Jan-2030 23:56:25,75,NaN,NaN
Ground_Point_38,SAT_25,3,05-Jan-2030 11:16:25,05-Jan-2030 11:17:30,65,NaN,NaN
Ground_Point_38,SAT_25,4,07-Jan-2030 00:02:15,07-Jan-2030 00:03:30,75,NaN,NaN
Ground_Point_39,SAT_25,1,01-Jan-2030 12:44:50,01-Jan-2030 12:46:05,75,NaN,NaN
Ground_Point_39,SAT_25,2,03-Jan-2030 01:28:40,03-Jan-2030 01:29:50,70,NaN,NaN
Ground_Point_39,SAT_25,3,05-Jan-2030 12:51:55,05-Jan-2030 12:53:10,75,NaN,NaN
Ground_Point_39,SAT_25,4,07-Jan-2030 01:35:40,07-Jan-2030 01:37:00,80,NaN,NaN
Ground_Point_40,SAT_25,1,02-Jan-2030 01:49:30,02-Jan-2030 01:50:40,70,NaN,NaN
Ground_Point_40,SAT_25,2,04-Jan-2030 13:14:55,04-Jan-2030 13:15:40,45,NaN,NaN
Ground_Point_40,SAT_25,3,05-Jan-2030 12:53:20,05-Jan-2030 12:54:05,45,NaN,NaN
Ground_Point_40,SAT_25,4,06-Jan-2030 01:56:35,06-Jan-2030 01:57:50,75,NaN,NaN
Ground_Point_41,SAT_25,1,01-Jan-2030 02:08:35,01-Jan-2030 02:09:45,70,NaN,NaN
Ground_Point_41,SAT_25,2,01-Jan-2030 12:48:25,01-Jan-2030 12:49:40,75,NaN,NaN
Ground_Point_41,SAT_25,3,05-Jan-2030 02:15:50,05-Jan-2030 02:16:45,55,NaN,NaN
Ground_Point_41,SAT_25,4,05-Jan-2030 12:55:30,05-Jan-2030 12:56:50,80,NaN,NaN
Ground_Point_41,SAT_25,5,06-Jan-2030 01:54:10,06-Jan-2030 01:55:10,60,NaN,NaN
Ground_Point_42,SAT_25,1,04-Jan-2030 10:07:15,04-Jan-2030 10:08:30,75,NaN,NaN
Ground_Point_42,SAT_25,2,04-Jan-2030 23:07:45,04-Jan-2030 23:09:00,75,NaN,NaN
Ground_Point_43,SAT_25,1,01-Jan-2030 09:38:45,01-Jan-2030 09:40:00,75,NaN,NaN
Ground_Point_43,SAT_25,2,01-Jan-2030 22:38:25,01-Jan-2030 22:39:30,65,NaN,NaN
Ground_Point_43,SAT_25,3,05-Jan-2030 09:45:50,05-Jan-2030 09:47:05,75,NaN,NaN
Ground_Point_43,SAT_25,4,05-Jan-2030 22:45:25,05-Jan-2030 22:46:40,75,NaN,NaN
Ground_Point_44,SAT_25,1,02-Jan-2030 23:58:15,02-Jan-2030 23:59:00,45,NaN,NaN
Ground_Point_44,SAT_25,2,04-Jan-2030 11:35:45,04-Jan-2030 11:36:30,45,NaN,NaN
Ground_Point_44,SAT_25,3,07-Jan-2030 00:05:05,07-Jan-2030 00:06:20,75,NaN,NaN
Ground_Point_45,SAT_25,1,02-Jan-2030 00:16:55,02-Jan-2030 00:17:50,55,NaN,NaN
Ground_Point_45,SAT_25,2,04-Jan-2030 11:38:15,04-Jan-2030 11:39:20,65,NaN,NaN
Ground_Point_45,SAT_25,3,07-Jan-2030 00:02:25,07-Jan-2030 00:03:25,60,NaN,NaN
Ground_Point_46,SAT_25,1,02-Jan-2030 01:18:50,02-Jan-2030 01:20:05,75,NaN,NaN
Ground_Point_46,SAT_25,2,04-Jan-2030 13:45:40,04-Jan-2030 13:46:35,55,NaN,NaN
Ground_Point_46,SAT_25,3,06-Jan-2030 01:25:55,06-Jan-2030 01:27:10,75,NaN,NaN
Ground_Point_47,SAT_25,1,02-Jan-2030 14:29:10,02-Jan-2030 14:30:25,75,NaN,NaN
Ground_Point_47,SAT_25,2,05-Jan-2030 01:48:05,05-Jan-2030 01:48:45,40,NaN,NaN
Ground_Point_47,SAT_25,3,06-Jan-2030 14:36:30,06-Jan-2030 14:37:20,50,NaN,NaN
Ground_Point_48,SAT_25,1,03-Jan-2030 02:33:25,03-Jan-2030 02:34:35,70,NaN,NaN
Ground_Point_48,SAT_25,2,04-Jan-2030 15:18:10,04-Jan-2030 15:19:25,75,NaN,NaN
Ground_Point_48,SAT_25,3,07-Jan-2030 02:40:25,07-Jan-2030 02:41:45,80,NaN,NaN
Ground_Point_49,SAT_25,1,02-Jan-2030 02:54:35,02-Jan-2030 02:55:55,80,NaN,NaN
Ground_Point_49,SAT_25,2,03-Jan-2030 15:40:35,03-Jan-2030 15:41:30,55,NaN,NaN
Ground_Point_49,SAT_25,3,06-Jan-2030 03:01:45,06-Jan-2030 03:02:55,70,NaN,NaN
Ground_Point_50,SAT_25,1,01-Jan-2030 15:04:40,01-Jan-2030 15:05:45,65,NaN,NaN
Ground_Point_50,SAT_25,2,03-Jan-2030 03:52:35,03-Jan-2030 03:53:15,40,NaN,NaN
Ground_Point_50,SAT_25,3,05-Jan-2030 15:11:40,05-Jan-2030 15:12:55,75,NaN,NaN
Ground_Point_51,SAT_25,1,04-Jan-2030 17:00:00,04-Jan-2030 17:00:20,20,NaN,NaN
Ground_Point_51,SAT_25,2,05-Jan-2030 04:52:30,05-Jan-2030 04:52:50,20,NaN,NaN
Ground_Point_52,SAT_25,1,03-Jan-2030 08:36:50,03-Jan-2030 08:38:05,75,NaN,NaN
Ground_Point_52,SAT_25,2,04-Jan-2030 20:16:25,04-Jan-2030 20:17:35,70,NaN,NaN
Ground_Point_52,SAT_25,3,07-Jan-2030 08:43:55,07-Jan-2030 08:45:10,75,NaN,NaN
Ground_Point_53,SAT_25,1,01-Jan-2030 19:47:45,01-Jan-2030 19:48:20,35,NaN,NaN
Ground_Point_53,SAT_25,2,04-Jan-2030 08:15:35,04-Jan-2030 08:16:10,35,NaN,NaN
Ground_Point_53,SAT_25,3,05-Jan-2030 19:54:30,05-Jan-2030 19:55:40,70,NaN,NaN
Ground_Point_54,SAT_25,1,03-Jan-2030 20:41:30,03-Jan-2030 20:42:25,55,NaN,NaN
Ground_Point_54,SAT_25,2,04-Jan-2030 09:46:45,04-Jan-2030 09:47:20,35,NaN,NaN
Ground_Point_54,SAT_25,3,05-Jan-2030 09:25:05,05-Jan-2030 09:25:50,45,NaN,NaN
Ground_Point_54,SAT_25,4,07-Jan-2030 20:48:25,07-Jan-2030 20:49:40,75,NaN,NaN
Ground_Point_55,SAT_25,1,02-Jan-2030 10:30:35,02-Jan-2030 10:31:35,60,NaN,NaN
Ground_Point_55,SAT_25,2,05-Jan-2030 21:32:05,05-Jan-2030 21:32:55,50,NaN,NaN
Ground_Point_55,SAT_25,3,07-Jan-2030 10:16:05,07-Jan-2030 10:17:05,60,NaN,NaN
Ground_Point_1,SAT_26,1,01-Jan-2030 20:15:10,01-Jan-2030 20:15:55,45,NaN,NaN
Ground_Point_1,SAT_26,2,02-Jan-2030 09:18:30,02-Jan-2030 09:19:45,75,NaN,NaN
Ground_Point_1,SAT_26,3,05-Jan-2030 20:21:50,05-Jan-2030 20:23:00,70,NaN,NaN
Ground_Point_1,SAT_26,4,06-Jan-2030 09:25:30,06-Jan-2030 09:26:25,55,NaN,NaN
Ground_Point_2,SAT_26,1,01-Jan-2030 20:14:15,01-Jan-2030 20:15:30,75,NaN,NaN
Ground_Point_2,SAT_26,2,03-Jan-2030 08:57:30,03-Jan-2030 08:58:30,60,NaN,NaN
Ground_Point_2,SAT_26,3,05-Jan-2030 20:21:05,05-Jan-2030 20:22:20,75,NaN,NaN
Ground_Point_2,SAT_26,4,07-Jan-2030 09:04:10,07-Jan-2030 09:05:25,75,NaN,NaN
Ground_Point_3,SAT_26,1,01-Jan-2030 20:15:15,01-Jan-2030 20:15:50,35,NaN,NaN
Ground_Point_3,SAT_26,2,02-Jan-2030 09:18:30,02-Jan-2030 09:19:45,75,NaN,NaN
Ground_Point_3,SAT_26,3,05-Jan-2030 20:21:50,05-Jan-2030 20:23:00,70,NaN,NaN
Ground_Point_3,SAT_26,4,06-Jan-2030 09:25:30,06-Jan-2030 09:26:30,60,NaN,NaN
Ground_Point_4,SAT_26,1,03-Jan-2030 19:30:40,03-Jan-2030 19:31:45,65,NaN,NaN
Ground_Point_4,SAT_26,2,04-Jan-2030 08:35:25,04-Jan-2030 08:36:00,35,NaN,NaN
Ground_Point_4,SAT_26,3,05-Jan-2030 08:13:40,05-Jan-2030 08:14:25,45,NaN,NaN
Ground_Point_4,SAT_26,4,07-Jan-2030 19:37:25,07-Jan-2030 19:38:40,75,NaN,NaN
Ground_Point_5,SAT_26,1,02-Jan-2030 19:52:10,02-Jan-2030 19:53:25,75,NaN,NaN
Ground_Point_5,SAT_26,2,04-Jan-2030 08:35:30,04-Jan-2030 08:36:45,75,NaN,NaN
Ground_Point_5,SAT_26,3,06-Jan-2030 19:59:00,06-Jan-2030 20:00:15,75,NaN,NaN
Ground_Point_6,SAT_26,1,02-Jan-2030 19:52:15,02-Jan-2030 19:53:30,75,NaN,NaN
Ground_Point_6,SAT_26,2,04-Jan-2030 08:35:20,04-Jan-2030 08:36:35,75,NaN,NaN
Ground_Point_6,SAT_26,3,06-Jan-2030 19:59:15,06-Jan-2030 20:00:10,55,NaN,NaN
Ground_Point_6,SAT_26,4,07-Jan-2030 19:37:55,07-Jan-2030 19:38:15,20,NaN,NaN
Ground_Point_7,SAT_26,1,03-Jan-2030 21:06:10,03-Jan-2030 21:07:25,75,NaN,NaN
Ground_Point_7,SAT_26,2,04-Jan-2030 10:08:40,04-Jan-2030 10:09:40,60,NaN,NaN
Ground_Point_7,SAT_26,3,07-Jan-2030 21:13:00,07-Jan-2030 21:14:15,75,NaN,NaN
Ground_Point_8,SAT_26,1,01-Jan-2030 09:42:15,01-Jan-2030 09:43:00,45,NaN,NaN
Ground_Point_8,SAT_26,2,02-Jan-2030 09:20:50,02-Jan-2030 09:21:10,20,NaN,NaN
Ground_Point_8,SAT_26,3,03-Jan-2030 21:04:00,03-Jan-2030 21:04:45,45,NaN,NaN
Ground_Point_8,SAT_26,4,04-Jan-2030 20:42:35,04-Jan-2030 20:42:55,20,NaN,NaN
Ground_Point_8,SAT_26,5,06-Jan-2030 09:27:15,06-Jan-2030 09:28:20,65,NaN,NaN
Ground_Point_9,SAT_26,1,01-Jan-2030 09:45:00,01-Jan-2030 09:45:20,20,NaN,NaN
Ground_Point_9,SAT_26,2,02-Jan-2030 21:23:35,02-Jan-2030 21:24:45,70,NaN,NaN
Ground_Point_9,SAT_26,3,05-Jan-2030 09:51:25,05-Jan-2030 09:52:35,70,NaN,NaN
Ground_Point_9,SAT_26,4,06-Jan-2030 21:30:20,06-Jan-2030 21:31:40,80,NaN,NaN
Ground_Point_10,SAT_26,1,01-Jan-2030 09:45:00,01-Jan-2030 09:45:30,30,NaN,NaN
Ground_Point_10,SAT_26,2,02-Jan-2030 21:23:30,02-Jan-2030 21:24:40,70,NaN,NaN
Ground_Point_10,SAT_26,3,05-Jan-2030 09:51:30,05-Jan-2030 09:52:40,70,NaN,NaN
Ground_Point_10,SAT_26,4,06-Jan-2030 21:30:15,06-Jan-2030 21:31:35,80,NaN,NaN
Ground_Point_11,SAT_26,1,02-Jan-2030 09:22:00,02-Jan-2030 09:23:05,65,NaN,NaN
Ground_Point_11,SAT_26,2,03-Jan-2030 21:02:10,03-Jan-2030 21:03:25,75,NaN,NaN
Ground_Point_11,SAT_26,3,06-Jan-2030 09:28:45,06-Jan-2030 09:30:00,75,NaN,NaN
Ground_Point_11,SAT_26,4,07-Jan-2030 21:09:15,07-Jan-2030 21:09:55,40,NaN,NaN
Ground_Point_12,SAT_26,1,03-Jan-2030 22:30:35,03-Jan-2030 22:31:30,55,NaN,NaN
Ground_Point_12,SAT_26,2,04-Jan-2030 10:19:00,04-Jan-2030 10:20:00,60,NaN,NaN
Ground_Point_13,SAT_26,1,03-Jan-2030 10:37:45,03-Jan-2030 10:38:40,55,NaN,NaN
Ground_Point_13,SAT_26,2,03-Jan-2030 22:33:45,03-Jan-2030 22:34:55,70,NaN,NaN
Ground_Point_13,SAT_26,3,07-Jan-2030 10:44:25,07-Jan-2030 10:45:35,70,NaN,NaN
Ground_Point_13,SAT_26,4,07-Jan-2030 22:40:55,07-Jan-2030 22:41:25,30,NaN,NaN
Ground_Point_14,SAT_26,1,04-Jan-2030 10:16:20,04-Jan-2030 10:17:35,75,NaN,NaN
Ground_Point_14,SAT_26,2,04-Jan-2030 22:11:05,04-Jan-2030 22:12:15,70,NaN,NaN
Ground_Point_15,SAT_26,1,04-Jan-2030 22:07:00,04-Jan-2030 22:07:40,40,NaN,NaN
Ground_Point_15,SAT_26,2,05-Jan-2030 09:59:25,05-Jan-2030 09:59:50,25,NaN,NaN
Ground_Point_16,SAT_26,1,02-Jan-2030 09:24:35,02-Jan-2030 09:25:50,75,NaN,NaN
Ground_Point_16,SAT_26,2,03-Jan-2030 20:59:40,03-Jan-2030 21:00:40,60,NaN,NaN
Ground_Point_16,SAT_26,3,06-Jan-2030 09:31:35,06-Jan-2030 09:32:30,55,NaN,NaN
Ground_Point_16,SAT_26,4,07-Jan-2030 21:06:20,07-Jan-2030 21:07:40,80,NaN,NaN
Ground_Point_17,SAT_26,1,03-Jan-2030 10:40:20,03-Jan-2030 10:41:15,55,NaN,NaN
Ground_Point_17,SAT_26,2,03-Jan-2030 22:30:55,03-Jan-2030 22:32:15,80,NaN,NaN
Ground_Point_17,SAT_26,3,07-Jan-2030 22:37:50,07-Jan-2030 22:38:55,65,NaN,NaN
Ground_Point_18,SAT_26,1,02-Jan-2030 12:32:40,02-Jan-2030 12:33:45,65,NaN,NaN
Ground_Point_18,SAT_26,2,04-Jan-2030 00:09:55,04-Jan-2030 00:10:55,60,NaN,NaN
Ground_Point_18,SAT_26,3,06-Jan-2030 12:39:25,06-Jan-2030 12:40:40,75,NaN,NaN
Ground_Point_19,SAT_26,1,02-Jan-2030 12:29:55,02-Jan-2030 12:31:10,75,NaN,NaN
Ground_Point_19,SAT_26,2,04-Jan-2030 23:50:20,04-Jan-2030 23:51:35,75,NaN,NaN
Ground_Point_19,SAT_26,3,06-Jan-2030 12:36:55,06-Jan-2030 12:37:50,55,NaN,NaN
Ground_Point_20,SAT_26,1,03-Jan-2030 12:12:15,03-Jan-2030 12:13:30,75,NaN,NaN
Ground_Point_20,SAT_26,2,04-Jan-2030 00:08:10,04-Jan-2030 00:09:10,60,NaN,NaN
Ground_Point_20,SAT_26,3,07-Jan-2030 12:19:05,07-Jan-2030 12:20:20,75,NaN,NaN
Ground_Point_21,SAT_26,1,01-Jan-2030 04:33:15,01-Jan-2030 04:34:30,75,NaN,NaN
Ground_Point_21,SAT_26,2,04-Jan-2030 17:58:15,04-Jan-2030 17:59:30,75,NaN,NaN
Ground_Point_21,SAT_26,3,05-Jan-2030 04:40:00,05-Jan-2030 04:41:20,80,NaN,NaN
Ground_Point_22,SAT_26,1,01-Jan-2030 04:32:25,01-Jan-2030 04:33:45,80,NaN,NaN
Ground_Point_22,SAT_26,2,01-Jan-2030 17:30:45,01-Jan-2030 17:31:05,20,NaN,NaN
Ground_Point_22,SAT_26,3,04-Jan-2030 17:59:00,04-Jan-2030 17:59:50,50,NaN,NaN
Ground_Point_22,SAT_26,4,05-Jan-2030 04:39:20,05-Jan-2030 04:40:30,70,NaN,NaN
Ground_Point_22,SAT_26,5,05-Jan-2030 17:37:15,05-Jan-2030 17:38:15,60,NaN,NaN
Ground_Point_22,SAT_26,6,06-Jan-2030 04:18:05,06-Jan-2030 04:18:25,20,NaN,NaN
Ground_Point_23,SAT_26,1,01-Jan-2030 04:33:40,01-Jan-2030 04:34:05,25,NaN,NaN
Ground_Point_23,SAT_26,2,01-Jan-2030 17:29:25,01-Jan-2030 17:30:25,60,NaN,NaN
Ground_Point_23,SAT_26,3,02-Jan-2030 04:11:35,02-Jan-2030 04:12:50,75,NaN,NaN
Ground_Point_23,SAT_26,4,04-Jan-2030 17:58:10,04-Jan-2030 17:58:40,30,NaN,NaN
Ground_Point_23,SAT_26,5,05-Jan-2030 17:36:10,05-Jan-2030 17:37:20,70,NaN,NaN
Ground_Point_23,SAT_26,6,06-Jan-2030 04:18:20,06-Jan-2030 04:19:40,80,NaN,NaN
Ground_Point_24,SAT_26,1,01-Jan-2030 04:33:00,01-Jan-2030 04:34:00,60,NaN,NaN
Ground_Point_24,SAT_26,2,01-Jan-2030 17:29:50,01-Jan-2030 17:30:50,60,NaN,NaN
Ground_Point_24,SAT_26,3,02-Jan-2030 04:11:20,02-Jan-2030 04:12:20,60,NaN,NaN
Ground_Point_24,SAT_26,4,04-Jan-2030 17:58:40,04-Jan-2030 17:59:00,20,NaN,NaN
Ground_Point_24,SAT_26,5,05-Jan-2030 17:36:35,05-Jan-2030 17:37:45,70,NaN,NaN
Ground_Point_24,SAT_26,6,06-Jan-2030 04:18:00,06-Jan-2030 04:19:15,75,NaN,NaN
Ground_Point_25,SAT_26,1,01-Jan-2030 17:29:45,01-Jan-2030 17:30:55,70,NaN,NaN
Ground_Point_25,SAT_26,2,02-Jan-2030 04:10:50,02-Jan-2030 04:12:05,75,NaN,NaN
Ground_Point_25,SAT_26,3,02-Jan-2030 17:08:20,02-Jan-2030 17:08:55,35,NaN,NaN
Ground_Point_25,SAT_26,4,03-Jan-2030 03:49:35,03-Jan-2030 03:49:55,20,NaN,NaN
Ground_Point_25,SAT_26,5,05-Jan-2030 17:36:45,05-Jan-2030 17:37:35,50,NaN,NaN
Ground_Point_25,SAT_26,6,06-Jan-2030 04:17:50,06-Jan-2030 04:18:45,55,NaN,NaN
Ground_Point_25,SAT_26,7,06-Jan-2030 17:14:55,06-Jan-2030 17:16:00,65,NaN,NaN
Ground_Point_25,SAT_26,8,07-Jan-2030 03:56:05,07-Jan-2030 03:57:05,60,NaN,NaN
Ground_Point_26,SAT_26,1,02-Jan-2030 17:07:10,02-Jan-2030 17:08:30,80,NaN,NaN
Ground_Point_26,SAT_26,2,03-Jan-2030 03:49:35,03-Jan-2030 03:50:45,70,NaN,NaN
Ground_Point_26,SAT_26,3,04-Jan-2030 03:28:10,04-Jan-2030 03:28:50,40,NaN,NaN
Ground_Point_26,SAT_26,4,06-Jan-2030 17:14:05,06-Jan-2030 17:15:20,75,NaN,NaN
Ground_Point_26,SAT_26,5,07-Jan-2030 03:56:35,07-Jan-2030 03:57:30,55,NaN,NaN
Ground_Point_26,SAT_26,6,07-Jan-2030 16:52:45,07-Jan-2030 16:53:10,25,NaN,NaN
Ground_Point_27,SAT_26,1,02-Jan-2030 04:10:30,02-Jan-2030 04:11:10,40,NaN,NaN
Ground_Point_27,SAT_26,2,02-Jan-2030 17:08:25,02-Jan-2030 17:09:40,75,NaN,NaN
Ground_Point_27,SAT_26,3,03-Jan-2030 03:48:35,03-Jan-2030 03:49:45,70,NaN,NaN
Ground_Point_27,SAT_26,4,06-Jan-2030 17:15:15,06-Jan-2030 17:16:30,75,NaN,NaN
Ground_Point_27,SAT_26,5,07-Jan-2030 03:55:20,07-Jan-2030 03:56:40,80,NaN,NaN
Ground_Point_28,SAT_26,1,04-Jan-2030 04:59:10,04-Jan-2030 05:00:15,65,NaN,NaN
Ground_Point_28,SAT_26,2,04-Jan-2030 18:01:10,04-Jan-2030 18:02:25,75,NaN,NaN
Ground_Point_29,SAT_26,1,01-Jan-2030 04:30:45,01-Jan-2030 04:31:40,55,NaN,NaN
Ground_Point_29,SAT_26,2,01-Jan-2030 17:32:15,01-Jan-2030 17:33:25,70,NaN,NaN
Ground_Point_29,SAT_26,3,05-Jan-2030 04:37:25,05-Jan-2030 04:38:40,75,NaN,NaN
Ground_Point_29,SAT_26,4,05-Jan-2030 17:39:00,05-Jan-2030 17:40:15,75,NaN,NaN
Ground_Point_30,SAT_26,1,02-Jan-2030 04:08:40,02-Jan-2030 04:09:40,60,NaN,NaN
Ground_Point_30,SAT_26,2,02-Jan-2030 17:10:15,02-Jan-2030 17:10:50,35,NaN,NaN
Ground_Point_30,SAT_26,3,03-Jan-2030 03:47:15,03-Jan-2030 03:47:50,35,NaN,NaN
Ground_Point_30,SAT_26,4,03-Jan-2030 16:48:25,03-Jan-2030 16:49:20,55,NaN,NaN
Ground_Point_30,SAT_26,5,06-Jan-2030 04:16:00,06-Jan-2030 04:16:05,5,NaN,NaN
Ground_Point_30,SAT_26,6,07-Jan-2030 03:53:50,07-Jan-2030 03:54:55,65,NaN,NaN
Ground_Point_30,SAT_26,7,07-Jan-2030 16:55:05,07-Jan-2030 16:56:20,75,NaN,NaN
Ground_Point_31,SAT_26,1,02-Jan-2030 04:09:35,02-Jan-2030 04:10:55,80,NaN,NaN
Ground_Point_31,SAT_26,2,02-Jan-2030 17:09:10,02-Jan-2030 17:10:25,75,NaN,NaN
Ground_Point_31,SAT_26,3,06-Jan-2030 04:16:30,06-Jan-2030 04:17:40,70,NaN,NaN
Ground_Point_31,SAT_26,4,06-Jan-2030 17:16:00,06-Jan-2030 17:17:15,75,NaN,NaN
Ground_Point_32,SAT_26,1,01-Jan-2030 02:59:10,01-Jan-2030 03:00:00,50,NaN,NaN
Ground_Point_32,SAT_26,2,03-Jan-2030 16:45:20,03-Jan-2030 16:46:30,70,NaN,NaN
Ground_Point_32,SAT_26,3,04-Jan-2030 03:27:45,04-Jan-2030 03:28:30,45,NaN,NaN
Ground_Point_32,SAT_26,4,04-Jan-2030 16:23:50,04-Jan-2030 16:24:40,50,NaN,NaN
Ground_Point_32,SAT_26,5,05-Jan-2030 03:05:50,05-Jan-2030 03:07:00,70,NaN,NaN
Ground_Point_32,SAT_26,6,07-Jan-2030 16:52:25,07-Jan-2030 16:53:05,40,NaN,NaN
Ground_Point_33,SAT_26,1,04-Jan-2030 09:42:45,04-Jan-2030 09:44:00,75,NaN,NaN
Ground_Point_33,SAT_26,2,04-Jan-2030 22:44:40,04-Jan-2030 22:46:00,80,NaN,NaN
Ground_Point_34,SAT_26,1,03-Jan-2030 10:04:05,03-Jan-2030 10:05:20,75,NaN,NaN
Ground_Point_34,SAT_26,2,04-Jan-2030 22:45:25,04-Jan-2030 22:46:25,60,NaN,NaN
Ground_Point_34,SAT_26,3,07-Jan-2030 10:11:00,07-Jan-2030 10:12:05,65,NaN,NaN
Ground_Point_35,SAT_26,1,04-Jan-2030 09:43:10,04-Jan-2030 09:44:10,60,NaN,NaN
Ground_Point_35,SAT_26,2,04-Jan-2030 22:44:25,04-Jan-2030 22:45:10,45,NaN,NaN
Ground_Point_35,SAT_26,3,05-Jan-2030 09:21:45,05-Jan-2030 09:22:15,30,NaN,NaN
Ground_Point_35,SAT_26,4,05-Jan-2030 22:22:40,05-Jan-2030 22:23:30,50,NaN,NaN
Ground_Point_36,SAT_26,1,01-Jan-2030 10:48:45,01-Jan-2030 10:49:45,60,NaN,NaN
Ground_Point_36,SAT_26,2,01-Jan-2030 23:50:20,01-Jan-2030 23:50:55,35,NaN,NaN
Ground_Point_36,SAT_26,3,02-Jan-2030 10:27:20,02-Jan-2030 10:27:50,30,NaN,NaN
Ground_Point_36,SAT_26,4,02-Jan-2030 23:28:30,02-Jan-2030 23:29:25,55,NaN,NaN
Ground_Point_36,SAT_26,5,05-Jan-2030 10:56:00,05-Jan-2030 10:56:15,15,NaN,NaN
Ground_Point_36,SAT_26,6,06-Jan-2030 10:33:55,06-Jan-2030 10:35:00,65,NaN,NaN
Ground_Point_36,SAT_26,7,06-Jan-2030 23:35:10,06-Jan-2030 23:36:25,75,NaN,NaN
Ground_Point_37,SAT_26,1,01-Jan-2030 00:14:30,01-Jan-2030 00:15:30,60,NaN,NaN
Ground_Point_37,SAT_26,2,03-Jan-2030 11:37:15,03-Jan-2030 11:37:45,30,NaN,NaN
Ground_Point_37,SAT_26,3,04-Jan-2030 11:15:30,04-Jan-2030 11:16:15,45,NaN,NaN
Ground_Point_37,SAT_26,4,05-Jan-2030 23:59:40,06-Jan-2030 00:00:40,60,NaN,NaN
Ground_Point_38,SAT_26,1,01-Jan-2030 23:53:30,01-Jan-2030 23:54:40,70,NaN,NaN
Ground_Point_38,SAT_26,2,04-Jan-2030 11:14:35,04-Jan-2030 11:15:30,55,NaN,NaN
Ground_Point_38,SAT_26,3,06-Jan-2030 00:00:15,06-Jan-2030 00:01:30,75,NaN,NaN
Ground_Point_39,SAT_26,1,02-Jan-2030 01:26:55,02-Jan-2030 01:28:00,65,NaN,NaN
Ground_Point_39,SAT_26,2,04-Jan-2030 12:50:00,04-Jan-2030 12:51:15,75,NaN,NaN
Ground_Point_39,SAT_26,3,06-Jan-2030 01:33:40,06-Jan-2030 01:34:55,75,NaN,NaN
Ground_Point_40,SAT_26,1,01-Jan-2030 01:47:45,01-Jan-2030 01:49:00,75,NaN,NaN
Ground_Point_40,SAT_26,2,03-Jan-2030 13:12:55,03-Jan-2030 13:13:55,60,NaN,NaN
Ground_Point_40,SAT_26,3,04-Jan-2030 12:51:35,04-Jan-2030 12:52:00,25,NaN,NaN
Ground_Point_40,SAT_26,4,05-Jan-2030 01:54:35,05-Jan-2030 01:55:50,75,NaN,NaN
Ground_Point_41,SAT_26,1,04-Jan-2030 02:13:55,04-Jan-2030 02:14:50,55,NaN,NaN
Ground_Point_41,SAT_26,2,04-Jan-2030 12:53:35,04-Jan-2030 12:54:55,80,NaN,NaN
Ground_Point_41,SAT_26,3,05-Jan-2030 01:52:20,05-Jan-2030 01:53:05,45,NaN,NaN
Ground_Point_42,SAT_26,1,03-Jan-2030 10:05:20,03-Jan-2030 10:06:40,80,NaN,NaN
Ground_Point_42,SAT_26,2,03-Jan-2030 23:05:50,03-Jan-2030 23:07:10,80,NaN,NaN
Ground_Point_42,SAT_26,3,07-Jan-2030 10:12:15,07-Jan-2030 10:13:30,75,NaN,NaN
Ground_Point_42,SAT_26,4,07-Jan-2030 23:12:45,07-Jan-2030 23:13:55,70,NaN,NaN
Ground_Point_43,SAT_26,1,04-Jan-2030 09:43:55,04-Jan-2030 09:45:10,75,NaN,NaN
Ground_Point_43,SAT_26,2,04-Jan-2030 22:43:30,04-Jan-2030 22:44:45,75,NaN,NaN
Ground_Point_44,SAT_26,1,01-Jan-2030 23:56:35,01-Jan-2030 23:57:05,30,NaN,NaN
Ground_Point_44,SAT_26,2,03-Jan-2030 11:34:00,03-Jan-2030 11:34:30,30,NaN,NaN
Ground_Point_44,SAT_26,3,06-Jan-2030 00:03:05,06-Jan-2030 00:04:15,70,NaN,NaN
Ground_Point_44,SAT_26,4,07-Jan-2030 11:40:30,07-Jan-2030 11:41:40,70,NaN,NaN
Ground_Point_45,SAT_26,1,01-Jan-2030 00:15:10,01-Jan-2030 00:16:10,60,NaN,NaN
Ground_Point_45,SAT_26,2,03-Jan-2030 11:36:20,03-Jan-2030 11:37:30,70,NaN,NaN
Ground_Point_45,SAT_26,3,06-Jan-2030 00:00:30,06-Jan-2030 00:01:15,45,NaN,NaN
Ground_Point_45,SAT_26,4,07-Jan-2030 11:43:25,07-Jan-2030 11:44:05,40,NaN,NaN
Ground_Point_46,SAT_26,1,01-Jan-2030 01:17:10,01-Jan-2030 01:18:20,70,NaN,NaN
Ground_Point_46,SAT_26,2,03-Jan-2030 13:43:55,03-Jan-2030 13:44:35,40,NaN,NaN
Ground_Point_46,SAT_26,3,05-Jan-2030 01:23:55,05-Jan-2030 01:25:15,80,NaN,NaN
Ground_Point_46,SAT_26,4,07-Jan-2030 13:50:30,07-Jan-2030 13:51:40,70,NaN,NaN
Ground_Point_47,SAT_26,1,01-Jan-2030 14:27:25,01-Jan-2030 14:28:45,80,NaN,NaN
Ground_Point_47,SAT_26,2,03-Jan-2030 02:07:50,03-Jan-2030 02:08:25,35,NaN,NaN
Ground_Point_47,SAT_26,3,05-Jan-2030 14:34:25,05-Jan-2030 14:35:25,60,NaN,NaN
Ground_Point_48,SAT_26,1,02-Jan-2030 02:31:45,02-Jan-2030 02:32:45,60,NaN,NaN
Ground_Point_48,SAT_26,2,03-Jan-2030 15:16:20,03-Jan-2030 15:17:30,70,NaN,NaN
Ground_Point_48,SAT_26,3,06-Jan-2030 02:38:25,06-Jan-2030 02:39:45,80,NaN,NaN
Ground_Point_48,SAT_26,4,07-Jan-2030 15:23:05,07-Jan-2030 15:24:20,75,NaN,NaN
Ground_Point_49,SAT_26,1,01-Jan-2030 02:52:55,01-Jan-2030 02:54:10,75,NaN,NaN
Ground_Point_49,SAT_26,2,02-Jan-2030 15:38:40,02-Jan-2030 15:39:45,65,NaN,NaN
Ground_Point_49,SAT_26,3,05-Jan-2030 02:59:45,05-Jan-2030 03:01:00,75,NaN,NaN
Ground_Point_49,SAT_26,4,06-Jan-2030 15:45:55,06-Jan-2030 15:46:10,15,NaN,NaN
Ground_Point_49,SAT_26,5,07-Jan-2030 15:24:05,07-Jan-2030 15:24:45,40,NaN,NaN
Ground_Point_50,SAT_26,1,02-Jan-2030 03:50:45,02-Jan-2030 03:51:35,50,NaN,NaN
Ground_Point_50,SAT_26,2,04-Jan-2030 15:09:45,04-Jan-2030 15:11:00,75,NaN,NaN
Ground_Point_50,SAT_26,3,07-Jan-2030 03:35:55,07-Jan-2030 03:36:50,55,NaN,NaN
Ground_Point_51,SAT_26,1,03-Jan-2030 05:12:15,03-Jan-2030 05:12:35,20,NaN,NaN
Ground_Point_51,SAT_26,2,07-Jan-2030 17:04:35,07-Jan-2030 17:05:35,60,NaN,NaN
Ground_Point_52,SAT_26,1,02-Jan-2030 08:35:00,02-Jan-2030 08:36:15,75,NaN,NaN
Ground_Point_52,SAT_26,2,03-Jan-2030 20:14:30,03-Jan-2030 20:15:45,75,NaN,NaN
Ground_Point_52,SAT_26,3,06-Jan-2030 08:41:50,06-Jan-2030 08:43:05,75,NaN,NaN
Ground_Point_52,SAT_26,4,07-Jan-2030 20:21:30,07-Jan-2030 20:22:20,50,NaN,NaN
Ground_Point_53,SAT_26,1,02-Jan-2030 08:35:20,02-Jan-2030 08:35:55,35,NaN,NaN
Ground_Point_53,SAT_26,2,04-Jan-2030 19:52:35,04-Jan-2030 19:53:40,65,NaN,NaN
Ground_Point_53,SAT_26,3,07-Jan-2030 08:20:15,07-Jan-2030 08:21:20,65,NaN,NaN
Ground_Point_54,SAT_26,1,01-Jan-2030 21:01:30,01-Jan-2030 21:02:05,35,NaN,NaN
Ground_Point_54,SAT_26,2,02-Jan-2030 20:39:45,02-Jan-2030 20:40:30,45,NaN,NaN
Ground_Point_54,SAT_26,3,03-Jan-2030 09:44:45,03-Jan-2030 09:45:35,50,NaN,NaN
Ground_Point_54,SAT_26,4,04-Jan-2030 09:23:15,04-Jan-2030 09:23:45,30,NaN,NaN
Ground_Point_54,SAT_26,5,06-Jan-2030 20:46:20,06-Jan-2030 20:47:30,70,NaN,NaN
Ground_Point_55,SAT_26,1,01-Jan-2030 10:28:45,01-Jan-2030 10:29:55,70,NaN,NaN
Ground_Point_55,SAT_26,2,03-Jan-2030 21:51:55,03-Jan-2030 21:52:30,35,NaN,NaN
Ground_Point_55,SAT_26,3,04-Jan-2030 21:30:15,04-Jan-2030 21:30:50,35,NaN,NaN
Ground_Point_55,SAT_26,4,05-Jan-2030 10:35:55,05-Jan-2030 10:36:20,25,NaN,NaN
Ground_Point_55,SAT_26,5,06-Jan-2030 10:14:05,06-Jan-2030 10:14:55,50,NaN,NaN
Ground_Point_1,SAT_27,1,01-Jan-2030 09:16:50,01-Jan-2030 09:18:10,80,NaN,NaN
Ground_Point_1,SAT_27,2,04-Jan-2030 20:20:20,04-Jan-2030 20:21:25,65,NaN,NaN
Ground_Point_1,SAT_27,3,05-Jan-2030 09:23:55,05-Jan-2030 09:24:55,60,NaN,NaN
Ground_Point_2,SAT_27,1,01-Jan-2030 09:17:55,01-Jan-2030 09:18:05,10,NaN,NaN
Ground_Point_2,SAT_27,2,02-Jan-2030 08:55:55,02-Jan-2030 08:56:50,55,NaN,NaN
Ground_Point_2,SAT_27,3,04-Jan-2030 20:19:30,04-Jan-2030 20:20:50,80,NaN,NaN
Ground_Point_2,SAT_27,4,06-Jan-2030 09:02:40,06-Jan-2030 09:03:55,75,NaN,NaN
Ground_Point_3,SAT_27,1,01-Jan-2030 09:16:55,01-Jan-2030 09:18:10,75,NaN,NaN
Ground_Point_3,SAT_27,2,04-Jan-2030 20:20:20,04-Jan-2030 20:21:25,65,NaN,NaN
Ground_Point_3,SAT_27,3,05-Jan-2030 09:23:55,05-Jan-2030 09:25:00,65,NaN,NaN
Ground_Point_4,SAT_27,1,02-Jan-2030 19:29:05,02-Jan-2030 19:30:05,60,NaN,NaN
Ground_Point_4,SAT_27,2,03-Jan-2030 08:33:45,03-Jan-2030 08:34:30,45,NaN,NaN
Ground_Point_4,SAT_27,3,04-Jan-2030 08:12:15,04-Jan-2030 08:12:45,30,NaN,NaN
Ground_Point_4,SAT_27,4,06-Jan-2030 19:35:55,06-Jan-2030 19:37:10,75,NaN,NaN
Ground_Point_5,SAT_27,1,01-Jan-2030 19:50:35,01-Jan-2030 19:51:50,75,NaN,NaN
Ground_Point_5,SAT_27,2,03-Jan-2030 08:34:00,03-Jan-2030 08:35:10,70,NaN,NaN
Ground_Point_5,SAT_27,3,05-Jan-2030 19:57:30,05-Jan-2030 19:58:45,75,NaN,NaN
Ground_Point_5,SAT_27,4,07-Jan-2030 08:40:50,07-Jan-2030 08:42:05,75,NaN,NaN
Ground_Point_6,SAT_27,1,01-Jan-2030 19:50:35,01-Jan-2030 19:51:55,80,NaN,NaN
Ground_Point_6,SAT_27,2,03-Jan-2030 08:33:45,03-Jan-2030 08:35:00,75,NaN,NaN
Ground_Point_6,SAT_27,3,05-Jan-2030 19:57:40,05-Jan-2030 19:58:40,60,NaN,NaN
Ground_Point_6,SAT_27,4,07-Jan-2030 08:40:45,07-Jan-2030 08:41:50,65,NaN,NaN
Ground_Point_7,SAT_27,1,02-Jan-2030 21:04:35,02-Jan-2030 21:05:50,75,NaN,NaN
Ground_Point_7,SAT_27,2,03-Jan-2030 10:07:00,03-Jan-2030 10:08:10,70,NaN,NaN
Ground_Point_7,SAT_27,3,06-Jan-2030 21:11:30,06-Jan-2030 21:12:45,75,NaN,NaN
Ground_Point_7,SAT_27,4,07-Jan-2030 10:14:15,07-Jan-2030 10:14:45,30,NaN,NaN
Ground_Point_8,SAT_27,1,02-Jan-2030 21:02:20,02-Jan-2030 21:03:15,55,NaN,NaN
Ground_Point_8,SAT_27,2,05-Jan-2030 09:25:45,05-Jan-2030 09:26:45,60,NaN,NaN
Ground_Point_8,SAT_27,3,07-Jan-2030 20:47:35,07-Jan-2030 20:48:35,60,NaN,NaN
Ground_Point_9,SAT_27,1,01-Jan-2030 21:22:00,01-Jan-2030 21:23:05,65,NaN,NaN
Ground_Point_9,SAT_27,2,04-Jan-2030 09:49:55,04-Jan-2030 09:51:00,65,NaN,NaN
Ground_Point_9,SAT_27,3,05-Jan-2030 21:28:50,05-Jan-2030 21:30:05,75,NaN,NaN
Ground_Point_10,SAT_27,1,01-Jan-2030 21:22:00,01-Jan-2030 21:23:00,60,NaN,NaN
Ground_Point_10,SAT_27,2,04-Jan-2030 09:50:00,04-Jan-2030 09:51:00,60,NaN,NaN
Ground_Point_10,SAT_27,3,05-Jan-2030 21:28:45,05-Jan-2030 21:30:05,80,NaN,NaN
Ground_Point_11,SAT_27,1,01-Jan-2030 09:20:25,01-Jan-2030 09:21:25,60,NaN,NaN
Ground_Point_11,SAT_27,2,02-Jan-2030 21:00:35,02-Jan-2030 21:01:50,75,NaN,NaN
Ground_Point_11,SAT_27,3,05-Jan-2030 09:27:15,05-Jan-2030 09:28:30,75,NaN,NaN
Ground_Point_11,SAT_27,4,06-Jan-2030 21:07:40,06-Jan-2030 21:08:30,50,NaN,NaN
Ground_Point_12,SAT_27,1,02-Jan-2030 22:28:55,02-Jan-2030 22:29:55,60,NaN,NaN
Ground_Point_12,SAT_27,2,03-Jan-2030 10:17:30,03-Jan-2030 10:18:25,55,NaN,NaN
Ground_Point_12,SAT_27,3,07-Jan-2030 10:24:15,07-Jan-2030 10:25:30,75,NaN,NaN
Ground_Point_12,SAT_27,4,07-Jan-2030 22:14:35,07-Jan-2030 22:14:55,20,NaN,NaN
Ground_Point_13,SAT_27,1,02-Jan-2030 10:36:15,02-Jan-2030 10:36:55,40,NaN,NaN
Ground_Point_13,SAT_27,2,02-Jan-2030 22:32:10,02-Jan-2030 22:33:20,70,NaN,NaN
Ground_Point_13,SAT_27,3,06-Jan-2030 10:42:55,06-Jan-2030 10:44:05,70,NaN,NaN
Ground_Point_13,SAT_27,4,06-Jan-2030 22:39:15,06-Jan-2030 22:40:00,45,NaN,NaN
Ground_Point_14,SAT_27,1,03-Jan-2030 10:14:50,03-Jan-2030 10:16:00,70,NaN,NaN
Ground_Point_14,SAT_27,2,03-Jan-2030 22:09:30,03-Jan-2030 22:10:40,70,NaN,NaN
Ground_Point_14,SAT_27,3,07-Jan-2030 10:21:40,07-Jan-2030 10:22:55,75,NaN,NaN
Ground_Point_14,SAT_27,4,07-Jan-2030 22:16:35,07-Jan-2030 22:17:25,50,NaN,NaN
Ground_Point_15,SAT_27,1,03-Jan-2030 22:05:35,03-Jan-2030 22:05:55,20,NaN,NaN
Ground_Point_15,SAT_27,2,07-Jan-2030 22:12:05,07-Jan-2030 22:13:15,70,NaN,NaN
Ground_Point_16,SAT_27,1,01-Jan-2030 09:23:00,01-Jan-2030 09:24:15,75,NaN,NaN
Ground_Point_16,SAT_27,2,02-Jan-2030 20:58:10,02-Jan-2030 20:59:00,50,NaN,NaN
Ground_Point_16,SAT_27,3,05-Jan-2030 09:30:00,05-Jan-2030 09:31:00,60,NaN,NaN
Ground_Point_16,SAT_27,4,06-Jan-2030 21:04:50,06-Jan-2030 21:06:05,75,NaN,NaN
Ground_Point_17,SAT_27,1,02-Jan-2030 10:38:40,02-Jan-2030 10:39:45,65,NaN,NaN
Ground_Point_17,SAT_27,2,02-Jan-2030 22:29:20,02-Jan-2030 22:30:40,80,NaN,NaN
Ground_Point_17,SAT_27,3,06-Jan-2030 22:36:20,06-Jan-2030 22:37:30,70,NaN,NaN
Ground_Point_18,SAT_27,1,01-Jan-2030 12:31:05,01-Jan-2030 12:32:05,60,NaN,NaN
Ground_Point_18,SAT_27,2,03-Jan-2030 00:08:25,03-Jan-2030 00:09:15,50,NaN,NaN
Ground_Point_18,SAT_27,3,05-Jan-2030 12:37:50,05-Jan-2030 12:39:05,75,NaN,NaN
Ground_Point_18,SAT_27,4,07-Jan-2030 00:15:05,07-Jan-2030 00:16:25,80,NaN,NaN
Ground_Point_19,SAT_27,1,01-Jan-2030 12:28:20,01-Jan-2030 12:29:35,75,NaN,NaN
Ground_Point_19,SAT_27,2,03-Jan-2030 23:48:50,03-Jan-2030 23:50:00,70,NaN,NaN
Ground_Point_19,SAT_27,3,05-Jan-2030 12:35:20,05-Jan-2030 12:36:25,65,NaN,NaN
Ground_Point_19,SAT_27,4,07-Jan-2030 23:55:40,07-Jan-2030 23:57:00,80,NaN,NaN
Ground_Point_20,SAT_27,1,02-Jan-2030 12:10:45,02-Jan-2030 12:11:50,65,NaN,NaN
Ground_Point_20,SAT_27,2,03-Jan-2030 00:06:30,03-Jan-2030 00:07:35,65,NaN,NaN
Ground_Point_20,SAT_27,3,06-Jan-2030 12:17:35,06-Jan-2030 12:18:50,75,NaN,NaN
Ground_Point_21,SAT_27,1,03-Jan-2030 17:56:40,03-Jan-2030 17:57:55,75,NaN,NaN
Ground_Point_21,SAT_27,2,04-Jan-2030 04:38:30,04-Jan-2030 04:39:45,75,NaN,NaN
Ground_Point_21,SAT_27,3,07-Jan-2030 18:03:35,07-Jan-2030 18:04:50,75,NaN,NaN
Ground_Point_22,SAT_27,1,03-Jan-2030 17:57:20,03-Jan-2030 17:58:20,60,NaN,NaN
Ground_Point_22,SAT_27,2,04-Jan-2030 04:37:45,04-Jan-2030 04:39:00,75,NaN,NaN
Ground_Point_22,SAT_27,3,04-Jan-2030 17:35:45,04-Jan-2030 17:36:40,55,NaN,NaN
Ground_Point_22,SAT_27,4,07-Jan-2030 18:04:40,07-Jan-2030 18:04:50,10,NaN,NaN
Ground_Point_23,SAT_27,1,01-Jan-2030 04:09:55,01-Jan-2030 04:11:10,75,NaN,NaN
Ground_Point_23,SAT_27,2,03-Jan-2030 17:56:30,03-Jan-2030 17:57:10,40,NaN,NaN
Ground_Point_23,SAT_27,3,04-Jan-2030 17:34:35,04-Jan-2030 17:35:50,75,NaN,NaN
Ground_Point_23,SAT_27,4,05-Jan-2030 04:16:50,05-Jan-2030 04:18:10,80,NaN,NaN
Ground_Point_24,SAT_27,1,01-Jan-2030 04:09:45,01-Jan-2030 04:10:40,55,NaN,NaN
Ground_Point_24,SAT_27,2,03-Jan-2030 17:57:00,03-Jan-2030 17:57:30,30,NaN,NaN
Ground_Point_24,SAT_27,3,04-Jan-2030 04:38:35,04-Jan-2030 04:39:00,25,NaN,NaN
Ground_Point_24,SAT_27,4,04-Jan-2030 17:35:00,04-Jan-2030 17:36:10,70,NaN,NaN
Ground_Point_24,SAT_27,5,05-Jan-2030 04:16:30,05-Jan-2030 04:17:45,75,NaN,NaN
Ground_Point_25,SAT_27,1,01-Jan-2030 04:09:10,01-Jan-2030 04:10:25,75,NaN,NaN
Ground_Point_25,SAT_27,2,01-Jan-2030 17:06:50,01-Jan-2030 17:07:15,25,NaN,NaN
Ground_Point_25,SAT_27,3,04-Jan-2030 17:35:10,04-Jan-2030 17:36:05,55,NaN,NaN
Ground_Point_25,SAT_27,4,05-Jan-2030 04:16:15,05-Jan-2030 04:17:15,60,NaN,NaN
Ground_Point_25,SAT_27,5,05-Jan-2030 17:13:25,05-Jan-2030 17:14:30,65,NaN,NaN
Ground_Point_25,SAT_27,6,06-Jan-2030 03:54:40,06-Jan-2030 03:55:35,55,NaN,NaN
Ground_Point_26,SAT_27,1,01-Jan-2030 17:05:35,01-Jan-2030 17:06:55,80,NaN,NaN
Ground_Point_26,SAT_27,2,02-Jan-2030 03:47:55,02-Jan-2030 03:49:10,75,NaN,NaN
Ground_Point_26,SAT_27,3,03-Jan-2030 03:26:45,03-Jan-2030 03:27:10,25,NaN,NaN
Ground_Point_26,SAT_27,4,05-Jan-2030 17:12:30,05-Jan-2030 17:13:45,75,NaN,NaN
Ground_Point_26,SAT_27,5,06-Jan-2030 03:55:00,06-Jan-2030 03:56:00,60,NaN,NaN
Ground_Point_26,SAT_27,6,07-Jan-2030 03:33:20,07-Jan-2030 03:34:20,60,NaN,NaN
Ground_Point_27,SAT_27,1,01-Jan-2030 04:08:50,01-Jan-2030 04:09:35,45,NaN,NaN
Ground_Point_27,SAT_27,2,01-Jan-2030 17:06:45,01-Jan-2030 17:08:05,80,NaN,NaN
Ground_Point_27,SAT_27,3,02-Jan-2030 03:47:00,02-Jan-2030 03:48:05,65,NaN,NaN
Ground_Point_27,SAT_27,4,05-Jan-2030 17:13:45,05-Jan-2030 17:14:55,70,NaN,NaN
Ground_Point_27,SAT_27,5,06-Jan-2030 03:53:50,06-Jan-2030 03:55:05,75,NaN,NaN
Ground_Point_28,SAT_27,1,02-Jan-2030 05:19:35,02-Jan-2030 05:20:00,25,NaN,NaN
Ground_Point_28,SAT_27,2,03-Jan-2030 04:57:40,03-Jan-2030 04:58:40,60,NaN,NaN
Ground_Point_28,SAT_27,3,03-Jan-2030 17:59:35,03-Jan-2030 18:00:55,80,NaN,NaN
Ground_Point_28,SAT_27,4,07-Jan-2030 05:04:25,07-Jan-2030 05:05:40,75,NaN,NaN
Ground_Point_28,SAT_27,5,07-Jan-2030 18:06:35,07-Jan-2030 18:07:45,70,NaN,NaN
Ground_Point_29,SAT_27,1,04-Jan-2030 04:35:55,04-Jan-2030 04:37:05,70,NaN,NaN
Ground_Point_29,SAT_27,2,04-Jan-2030 17:37:30,04-Jan-2030 17:38:45,75,NaN,NaN
Ground_Point_30,SAT_27,1,01-Jan-2030 04:07:00,01-Jan-2030 04:08:05,65,NaN,NaN
Ground_Point_30,SAT_27,2,01-Jan-2030 17:08:30,01-Jan-2030 17:09:20,50,NaN,NaN
Ground_Point_30,SAT_27,3,02-Jan-2030 03:45:50,02-Jan-2030 03:46:00,10,NaN,NaN
Ground_Point_30,SAT_27,4,02-Jan-2030 16:46:55,02-Jan-2030 16:47:40,45,NaN,NaN
Ground_Point_30,SAT_27,5,05-Jan-2030 04:14:15,05-Jan-2030 04:14:45,30,NaN,NaN
Ground_Point_30,SAT_27,6,06-Jan-2030 03:52:20,06-Jan-2030 03:53:25,65,NaN,NaN
Ground_Point_30,SAT_27,7,06-Jan-2030 16:53:40,06-Jan-2030 16:54:50,70,NaN,NaN
Ground_Point_31,SAT_27,1,01-Jan-2030 04:08:00,01-Jan-2030 04:09:15,75,NaN,NaN
Ground_Point_31,SAT_27,2,01-Jan-2030 17:07:35,01-Jan-2030 17:08:45,70,NaN,NaN
Ground_Point_31,SAT_27,3,05-Jan-2030 04:14:55,05-Jan-2030 04:16:10,75,NaN,NaN
Ground_Point_31,SAT_27,4,05-Jan-2030 17:14:30,05-Jan-2030 17:15:45,75,NaN,NaN
Ground_Point_32,SAT_27,1,02-Jan-2030 16:43:45,02-Jan-2030 16:44:55,70,NaN,NaN
Ground_Point_32,SAT_27,2,03-Jan-2030 03:26:05,03-Jan-2030 03:27:00,55,NaN,NaN
Ground_Point_32,SAT_27,3,03-Jan-2030 16:22:20,03-Jan-2030 16:23:00,40,NaN,NaN
Ground_Point_32,SAT_27,4,04-Jan-2030 03:04:20,04-Jan-2030 03:05:25,65,NaN,NaN
Ground_Point_32,SAT_27,5,06-Jan-2030 16:50:50,06-Jan-2030 16:51:40,50,NaN,NaN
Ground_Point_32,SAT_27,6,07-Jan-2030 16:29:05,07-Jan-2030 16:30:10,65,NaN,NaN
Ground_Point_33,SAT_27,1,03-Jan-2030 09:41:15,03-Jan-2030 09:42:25,70,NaN,NaN
Ground_Point_33,SAT_27,2,03-Jan-2030 22:43:10,03-Jan-2030 22:44:25,75,NaN,NaN
Ground_Point_33,SAT_27,3,07-Jan-2030 09:48:05,07-Jan-2030 09:49:20,75,NaN,NaN
Ground_Point_33,SAT_27,4,07-Jan-2030 22:50:05,07-Jan-2030 22:51:15,70,NaN,NaN
Ground_Point_34,SAT_27,1,02-Jan-2030 10:02:30,02-Jan-2030 10:03:45,75,NaN,NaN
Ground_Point_34,SAT_27,2,02-Jan-2030 23:05:45,02-Jan-2030 23:06:15,30,NaN,NaN
Ground_Point_34,SAT_27,3,03-Jan-2030 22:43:55,03-Jan-2030 22:44:50,55,NaN,NaN
Ground_Point_34,SAT_27,4,06-Jan-2030 10:09:30,06-Jan-2030 10:10:35,65,NaN,NaN
Ground_Point_34,SAT_27,5,07-Jan-2030 22:50:40,07-Jan-2030 22:51:55,75,NaN,NaN
Ground_Point_35,SAT_27,1,03-Jan-2030 09:41:30,03-Jan-2030 09:42:40,70,NaN,NaN
Ground_Point_35,SAT_27,2,03-Jan-2030 22:42:45,03-Jan-2030 22:43:40,55,NaN,NaN
Ground_Point_35,SAT_27,3,04-Jan-2030 09:20:20,04-Jan-2030 09:20:35,15,NaN,NaN
Ground_Point_35,SAT_27,4,04-Jan-2030 22:21:15,04-Jan-2030 22:21:55,40,NaN,NaN
Ground_Point_35,SAT_27,5,07-Jan-2030 09:48:45,07-Jan-2030 09:49:15,30,NaN,NaN
Ground_Point_36,SAT_27,1,01-Jan-2030 23:27:00,01-Jan-2030 23:27:45,45,NaN,NaN
Ground_Point_36,SAT_27,2,04-Jan-2030 10:54:15,04-Jan-2030 10:54:50,35,NaN,NaN
Ground_Point_36,SAT_27,3,05-Jan-2030 10:32:25,05-Jan-2030 10:33:25,60,NaN,NaN
Ground_Point_36,SAT_27,4,05-Jan-2030 23:33:40,05-Jan-2030 23:34:50,70,NaN,NaN
Ground_Point_37,SAT_27,1,02-Jan-2030 11:35:30,02-Jan-2030 11:36:20,50,NaN,NaN
Ground_Point_37,SAT_27,2,03-Jan-2030 11:14:05,03-Jan-2030 11:14:30,25,NaN,NaN
Ground_Point_37,SAT_27,3,04-Jan-2030 23:58:15,04-Jan-2030 23:59:05,50,NaN,NaN
Ground_Point_37,SAT_27,4,07-Jan-2030 11:20:40,07-Jan-2030 11:21:45,65,NaN,NaN
Ground_Point_38,SAT_27,1,03-Jan-2030 11:13:05,03-Jan-2030 11:13:55,50,NaN,NaN
Ground_Point_38,SAT_27,2,04-Jan-2030 23:58:40,05-Jan-2030 00:00:00,80,NaN,NaN
Ground_Point_38,SAT_27,3,07-Jan-2030 11:19:45,07-Jan-2030 11:21:00,75,NaN,NaN
Ground_Point_39,SAT_27,1,01-Jan-2030 01:25:20,01-Jan-2030 01:26:20,60,NaN,NaN
Ground_Point_39,SAT_27,2,03-Jan-2030 12:48:25,03-Jan-2030 12:49:40,75,NaN,NaN
Ground_Point_39,SAT_27,3,05-Jan-2030 01:32:10,05-Jan-2030 01:33:25,75,NaN,NaN
Ground_Point_39,SAT_27,4,07-Jan-2030 12:55:20,07-Jan-2030 12:56:35,75,NaN,NaN
Ground_Point_40,SAT_27,1,02-Jan-2030 13:11:15,02-Jan-2030 13:12:20,65,NaN,NaN
Ground_Point_40,SAT_27,2,04-Jan-2030 01:53:00,04-Jan-2030 01:54:15,75,NaN,NaN
Ground_Point_40,SAT_27,3,06-Jan-2030 13:18:40,06-Jan-2030 13:18:50,10,NaN,NaN
Ground_Point_40,SAT_27,4,07-Jan-2030 12:56:35,07-Jan-2030 12:57:35,60,NaN,NaN
Ground_Point_41,SAT_27,1,03-Jan-2030 02:12:15,03-Jan-2030 02:13:20,65,NaN,NaN
Ground_Point_41,SAT_27,2,03-Jan-2030 12:52:00,03-Jan-2030 12:53:20,80,NaN,NaN
Ground_Point_41,SAT_27,3,04-Jan-2030 01:50:50,04-Jan-2030 01:51:30,40,NaN,NaN
Ground_Point_41,SAT_27,4,07-Jan-2030 02:19:25,07-Jan-2030 02:20:00,35,NaN,NaN
Ground_Point_41,SAT_27,5,07-Jan-2030 12:59:00,07-Jan-2030 13:00:15,75,NaN,NaN
Ground_Point_42,SAT_27,1,02-Jan-2030 10:03:45,02-Jan-2030 10:05:05,80,NaN,NaN
Ground_Point_42,SAT_27,2,02-Jan-2030 23:04:15,02-Jan-2030 23:05:30,75,NaN,NaN
Ground_Point_42,SAT_27,3,06-Jan-2030 10:10:45,06-Jan-2030 10:12:00,75,NaN,NaN
Ground_Point_42,SAT_27,4,06-Jan-2030 23:11:10,06-Jan-2030 23:12:25,75,NaN,NaN
Ground_Point_43,SAT_27,1,03-Jan-2030 09:42:20,03-Jan-2030 09:43:40,80,NaN,NaN
Ground_Point_43,SAT_27,2,03-Jan-2030 22:41:55,03-Jan-2030 22:43:10,75,NaN,NaN
Ground_Point_43,SAT_27,3,07-Jan-2030 09:49:20,07-Jan-2030 09:50:30,70,NaN,NaN
Ground_Point_43,SAT_27,4,07-Jan-2030 22:48:50,07-Jan-2030 22:50:05,75,NaN,NaN
Ground_Point_44,SAT_27,1,01-Jan-2030 11:54:00,01-Jan-2030 11:54:30,30,NaN,NaN
Ground_Point_44,SAT_27,2,05-Jan-2030 00:01:35,05-Jan-2030 00:02:40,65,NaN,NaN
Ground_Point_44,SAT_27,3,06-Jan-2030 11:39:00,06-Jan-2030 11:40:05,65,NaN,NaN
Ground_Point_45,SAT_27,1,02-Jan-2030 11:34:40,02-Jan-2030 11:35:55,75,NaN,NaN
Ground_Point_45,SAT_27,2,04-Jan-2030 00:20:45,04-Jan-2030 00:21:10,25,NaN,NaN
Ground_Point_45,SAT_27,3,04-Jan-2030 23:59:00,04-Jan-2030 23:59:35,35,NaN,NaN
Ground_Point_45,SAT_27,4,06-Jan-2030 11:41:50,06-Jan-2030 11:42:40,50,NaN,NaN
Ground_Point_46,SAT_27,1,01-Jan-2030 14:04:10,01-Jan-2030 14:04:25,15,NaN,NaN
Ground_Point_46,SAT_27,2,02-Jan-2030 13:42:25,02-Jan-2030 13:42:55,30,NaN,NaN
Ground_Point_46,SAT_27,3,04-Jan-2030 01:22:20,04-Jan-2030 01:23:40,80,NaN,NaN
Ground_Point_46,SAT_27,4,06-Jan-2030 13:49:00,06-Jan-2030 13:50:10,70,NaN,NaN
Ground_Point_47,SAT_27,1,02-Jan-2030 02:06:10,02-Jan-2030 02:07:00,50,NaN,NaN
Ground_Point_47,SAT_27,2,04-Jan-2030 14:32:50,04-Jan-2030 14:33:55,65,NaN,NaN
Ground_Point_47,SAT_27,3,07-Jan-2030 01:51:20,07-Jan-2030 01:52:20,60,NaN,NaN
Ground_Point_48,SAT_27,1,01-Jan-2030 02:30:10,01-Jan-2030 02:31:05,55,NaN,NaN
Ground_Point_48,SAT_27,2,02-Jan-2030 15:14:45,02-Jan-2030 15:15:55,70,NaN,NaN
Ground_Point_48,SAT_27,3,05-Jan-2030 02:36:55,05-Jan-2030 02:38:10,75,NaN,NaN
Ground_Point_48,SAT_27,4,06-Jan-2030 15:21:35,06-Jan-2030 15:22:50,75,NaN,NaN
Ground_Point_49,SAT_27,1,01-Jan-2030 15:37:00,01-Jan-2030 15:38:10,70,NaN,NaN
Ground_Point_49,SAT_27,2,04-Jan-2030 02:58:10,04-Jan-2030 02:59:25,75,NaN,NaN
Ground_Point_49,SAT_27,3,05-Jan-2030 15:44:15,05-Jan-2030 15:44:50,35,NaN,NaN
Ground_Point_49,SAT_27,4,06-Jan-2030 15:22:45,06-Jan-2030 15:23:05,20,NaN,NaN
Ground_Point_50,SAT_27,1,01-Jan-2030 03:49:00,01-Jan-2030 03:50:05,65,NaN,NaN
Ground_Point_50,SAT_27,2,03-Jan-2030 15:08:10,03-Jan-2030 15:09:25,75,NaN,NaN
Ground_Point_50,SAT_27,3,06-Jan-2030 03:34:25,06-Jan-2030 03:35:15,50,NaN,NaN
Ground_Point_50,SAT_27,4,07-Jan-2030 15:15:05,07-Jan-2030 15:16:20,75,NaN,NaN
Ground_Point_51,SAT_27,1,01-Jan-2030 17:18:00,01-Jan-2030 17:18:35,35,NaN,NaN
Ground_Point_51,SAT_27,2,02-Jan-2030 05:10:30,02-Jan-2030 05:11:10,40,NaN,NaN
Ground_Point_51,SAT_27,3,06-Jan-2030 17:03:10,06-Jan-2030 17:04:05,55,NaN,NaN
Ground_Point_51,SAT_27,4,07-Jan-2030 04:55:40,07-Jan-2030 04:56:35,55,NaN,NaN
Ground_Point_52,SAT_27,1,01-Jan-2030 08:33:25,01-Jan-2030 08:34:35,70,NaN,NaN
Ground_Point_52,SAT_27,2,02-Jan-2030 20:12:55,02-Jan-2030 20:14:10,75,NaN,NaN
Ground_Point_52,SAT_27,3,05-Jan-2030 08:40:15,05-Jan-2030 08:41:35,80,NaN,NaN
Ground_Point_52,SAT_27,4,06-Jan-2030 20:19:55,06-Jan-2030 20:20:55,60,NaN,NaN
Ground_Point_53,SAT_27,1,01-Jan-2030 08:33:35,01-Jan-2030 08:34:25,50,NaN,NaN
Ground_Point_53,SAT_27,2,03-Jan-2030 19:51:05,03-Jan-2030 19:52:05,60,NaN,NaN
Ground_Point_53,SAT_27,3,06-Jan-2030 08:18:50,06-Jan-2030 08:19:50,60,NaN,NaN
Ground_Point_53,SAT_27,4,07-Jan-2030 19:57:50,07-Jan-2030 19:59:05,75,NaN,NaN
Ground_Point_54,SAT_27,1,01-Jan-2030 20:38:15,01-Jan-2030 20:38:45,30,NaN,NaN
Ground_Point_54,SAT_27,2,02-Jan-2030 09:43:05,02-Jan-2030 09:44:05,60,NaN,NaN
Ground_Point_54,SAT_27,3,05-Jan-2030 20:44:50,05-Jan-2030 20:46:00,70,NaN,NaN
Ground_Point_54,SAT_27,4,07-Jan-2030 09:28:20,07-Jan-2030 09:29:25,65,NaN,NaN
Ground_Point_55,SAT_27,1,02-Jan-2030 21:50:10,02-Jan-2030 21:51:00,50,NaN,NaN
Ground_Point_55,SAT_27,2,03-Jan-2030 21:28:50,03-Jan-2030 21:29:05,15,NaN,NaN
Ground_Point_55,SAT_27,3,04-Jan-2030 10:34:15,04-Jan-2030 10:34:55,40,NaN,NaN
Ground_Point_55,SAT_27,4,05-Jan-2030 10:12:40,05-Jan-2030 10:13:15,35,NaN,NaN
Ground_Point_55,SAT_27,5,07-Jan-2030 21:35:20,07-Jan-2030 21:36:25,65,NaN,NaN
Ground_Point_1,SAT_28,1,03-Jan-2030 20:18:45,03-Jan-2030 20:19:45,60,NaN,NaN
Ground_Point_1,SAT_28,2,04-Jan-2030 09:22:15,04-Jan-2030 09:23:25,70,NaN,NaN
Ground_Point_1,SAT_28,3,07-Jan-2030 20:25:35,07-Jan-2030 20:26:50,75,NaN,NaN
Ground_Point_2,SAT_28,1,01-Jan-2030 08:54:20,01-Jan-2030 08:55:05,45,NaN,NaN
Ground_Point_2,SAT_28,2,03-Jan-2030 20:17:55,03-Jan-2030 20:19:10,75,NaN,NaN
Ground_Point_2,SAT_28,3,05-Jan-2030 09:01:05,05-Jan-2030 09:02:15,70,NaN,NaN
Ground_Point_2,SAT_28,4,07-Jan-2030 20:24:55,07-Jan-2030 20:26:10,75,NaN,NaN
Ground_Point_3,SAT_28,1,02-Jan-2030 20:40:40,02-Jan-2030 20:41:00,20,NaN,NaN
Ground_Point_3,SAT_28,2,03-Jan-2030 20:18:45,03-Jan-2030 20:19:45,60,NaN,NaN
Ground_Point_3,SAT_28,3,04-Jan-2030 09:22:15,04-Jan-2030 09:23:25,70,NaN,NaN
Ground_Point_3,SAT_28,4,07-Jan-2030 20:25:35,07-Jan-2030 20:26:50,75,NaN,NaN
Ground_Point_4,SAT_28,1,01-Jan-2030 19:27:30,01-Jan-2030 19:28:25,55,NaN,NaN
Ground_Point_4,SAT_28,2,02-Jan-2030 08:32:00,02-Jan-2030 08:32:55,55,NaN,NaN
Ground_Point_4,SAT_28,3,05-Jan-2030 19:34:20,05-Jan-2030 19:35:35,75,NaN,NaN
Ground_Point_4,SAT_28,4,07-Jan-2030 08:17:20,07-Jan-2030 08:18:20,60,NaN,NaN
Ground_Point_5,SAT_28,1,02-Jan-2030 08:32:25,02-Jan-2030 08:33:30,65,NaN,NaN
Ground_Point_5,SAT_28,2,04-Jan-2030 19:55:50,04-Jan-2030 19:57:10,80,NaN,NaN
Ground_Point_5,SAT_28,3,06-Jan-2030 08:39:15,06-Jan-2030 08:40:35,80,NaN,NaN
Ground_Point_6,SAT_28,1,02-Jan-2030 08:32:05,02-Jan-2030 08:33:25,80,NaN,NaN
Ground_Point_6,SAT_28,2,04-Jan-2030 19:56:00,04-Jan-2030 19:57:05,65,NaN,NaN
Ground_Point_6,SAT_28,3,06-Jan-2030 08:39:05,06-Jan-2030 08:40:20,75,NaN,NaN
Ground_Point_7,SAT_28,1,01-Jan-2030 21:02:55,01-Jan-2030 21:04:10,75,NaN,NaN
Ground_Point_7,SAT_28,2,02-Jan-2030 10:05:20,02-Jan-2030 10:06:30,70,NaN,NaN
Ground_Point_7,SAT_28,3,05-Jan-2030 21:09:55,05-Jan-2030 21:11:10,75,NaN,NaN
Ground_Point_7,SAT_28,4,06-Jan-2030 10:12:35,06-Jan-2030 10:13:20,45,NaN,NaN
Ground_Point_7,SAT_28,5,07-Jan-2030 09:50:55,07-Jan-2030 09:51:40,45,NaN,NaN
Ground_Point_8,SAT_28,1,01-Jan-2030 21:00:35,01-Jan-2030 21:01:40,65,NaN,NaN
Ground_Point_8,SAT_28,2,04-Jan-2030 09:24:15,04-Jan-2030 09:25:05,50,NaN,NaN
Ground_Point_8,SAT_28,3,06-Jan-2030 20:46:05,06-Jan-2030 20:46:55,50,NaN,NaN
Ground_Point_9,SAT_28,1,03-Jan-2030 09:48:25,03-Jan-2030 09:49:15,50,NaN,NaN
Ground_Point_9,SAT_28,2,04-Jan-2030 21:27:15,04-Jan-2030 21:28:30,75,NaN,NaN
Ground_Point_9,SAT_28,3,07-Jan-2030 09:55:10,07-Jan-2030 09:56:25,75,NaN,NaN
Ground_Point_10,SAT_28,1,03-Jan-2030 09:48:25,03-Jan-2030 09:49:20,55,NaN,NaN
Ground_Point_10,SAT_28,2,04-Jan-2030 21:27:10,04-Jan-2030 21:28:25,75,NaN,NaN
Ground_Point_10,SAT_28,3,07-Jan-2030 09:55:15,07-Jan-2030 09:56:30,75,NaN,NaN
Ground_Point_11,SAT_28,1,01-Jan-2030 20:58:55,01-Jan-2030 21:00:10,75,NaN,NaN
Ground_Point_11,SAT_28,2,04-Jan-2030 09:25:35,04-Jan-2030 09:26:50,75,NaN,NaN
Ground_Point_11,SAT_28,3,05-Jan-2030 21:06:00,05-Jan-2030 21:07:00,60,NaN,NaN
Ground_Point_12,SAT_28,1,01-Jan-2030 22:27:15,01-Jan-2030 22:28:20,65,NaN,NaN
Ground_Point_12,SAT_28,2,02-Jan-2030 10:16:00,02-Jan-2030 10:16:40,40,NaN,NaN
Ground_Point_12,SAT_28,3,05-Jan-2030 22:34:40,05-Jan-2030 22:34:55,15,NaN,NaN
Ground_Point_12,SAT_28,4,06-Jan-2030 10:22:40,06-Jan-2030 10:23:55,75,NaN,NaN
Ground_Point_13,SAT_28,1,01-Jan-2030 10:34:45,01-Jan-2030 10:35:10,25,NaN,NaN
Ground_Point_13,SAT_28,2,01-Jan-2030 22:30:30,01-Jan-2030 22:31:45,75,NaN,NaN
Ground_Point_13,SAT_28,3,05-Jan-2030 10:41:20,05-Jan-2030 10:42:30,70,NaN,NaN
Ground_Point_13,SAT_28,4,05-Jan-2030 22:37:35,05-Jan-2030 22:38:35,60,NaN,NaN
Ground_Point_14,SAT_28,1,02-Jan-2030 10:13:15,02-Jan-2030 10:14:20,65,NaN,NaN
Ground_Point_14,SAT_28,2,02-Jan-2030 22:07:50,02-Jan-2030 22:09:05,75,NaN,NaN
Ground_Point_14,SAT_28,3,06-Jan-2030 10:20:05,06-Jan-2030 10:21:20,75,NaN,NaN
Ground_Point_14,SAT_28,4,06-Jan-2030 22:15:00,06-Jan-2030 22:15:55,55,NaN,NaN
Ground_Point_15,SAT_28,1,01-Jan-2030 22:25:35,01-Jan-2030 22:25:50,15,NaN,NaN
Ground_Point_15,SAT_28,2,02-Jan-2030 10:17:50,02-Jan-2030 10:18:20,30,NaN,NaN
Ground_Point_15,SAT_28,3,06-Jan-2030 22:10:35,06-Jan-2030 22:11:40,65,NaN,NaN
Ground_Point_15,SAT_28,4,07-Jan-2030 10:03:00,07-Jan-2030 10:03:55,55,NaN,NaN
Ground_Point_16,SAT_28,1,01-Jan-2030 20:56:40,01-Jan-2030 20:57:10,30,NaN,NaN
Ground_Point_16,SAT_28,2,04-Jan-2030 09:28:20,04-Jan-2030 09:29:30,70,NaN,NaN
Ground_Point_16,SAT_28,3,05-Jan-2030 21:03:20,05-Jan-2030 21:04:30,70,NaN,NaN
Ground_Point_17,SAT_28,1,01-Jan-2030 10:37:00,01-Jan-2030 10:38:10,70,NaN,NaN
Ground_Point_17,SAT_28,2,01-Jan-2030 22:27:45,01-Jan-2030 22:29:00,75,NaN,NaN
Ground_Point_17,SAT_28,3,05-Jan-2030 10:44:15,05-Jan-2030 10:44:50,35,NaN,NaN
Ground_Point_17,SAT_28,4,05-Jan-2030 22:34:45,05-Jan-2030 22:35:55,70,NaN,NaN
Ground_Point_18,SAT_28,1,02-Jan-2030 00:06:50,02-Jan-2030 00:07:35,45,NaN,NaN
Ground_Point_18,SAT_28,2,04-Jan-2030 12:36:15,04-Jan-2030 12:37:30,75,NaN,NaN
Ground_Point_18,SAT_28,3,06-Jan-2030 00:13:35,06-Jan-2030 00:14:45,70,NaN,NaN
Ground_Point_19,SAT_28,1,02-Jan-2030 23:47:15,02-Jan-2030 23:48:25,70,NaN,NaN
Ground_Point_19,SAT_28,2,04-Jan-2030 12:33:45,04-Jan-2030 12:34:50,65,NaN,NaN
Ground_Point_19,SAT_28,3,06-Jan-2030 23:54:05,06-Jan-2030 23:55:25,80,NaN,NaN
Ground_Point_20,SAT_28,1,01-Jan-2030 12:09:10,01-Jan-2030 12:10:10,60,NaN,NaN
Ground_Point_20,SAT_28,2,02-Jan-2030 00:04:50,02-Jan-2030 00:06:00,70,NaN,NaN
Ground_Point_20,SAT_28,3,05-Jan-2030 12:16:00,05-Jan-2030 12:17:15,75,NaN,NaN
Ground_Point_20,SAT_28,4,06-Jan-2030 00:12:05,06-Jan-2030 00:12:40,35,NaN,NaN
Ground_Point_21,SAT_28,1,01-Jan-2030 18:17:10,01-Jan-2030 18:17:25,15,NaN,NaN
Ground_Point_21,SAT_28,2,02-Jan-2030 17:55:05,02-Jan-2030 17:56:15,70,NaN,NaN
Ground_Point_21,SAT_28,3,03-Jan-2030 04:36:50,03-Jan-2030 04:38:10,80,NaN,NaN
Ground_Point_21,SAT_28,4,06-Jan-2030 18:02:00,06-Jan-2030 18:03:20,80,NaN,NaN
Ground_Point_21,SAT_28,5,07-Jan-2030 04:43:50,07-Jan-2030 04:45:10,80,NaN,NaN
Ground_Point_22,SAT_28,1,02-Jan-2030 17:55:40,02-Jan-2030 17:56:45,65,NaN,NaN
Ground_Point_22,SAT_28,2,03-Jan-2030 04:36:05,03-Jan-2030 04:37:20,75,NaN,NaN
Ground_Point_22,SAT_28,3,03-Jan-2030 17:34:10,03-Jan-2030 17:35:00,50,NaN,NaN
Ground_Point_22,SAT_28,4,06-Jan-2030 18:02:55,06-Jan-2030 18:03:25,30,NaN,NaN
Ground_Point_22,SAT_28,5,07-Jan-2030 04:43:10,07-Jan-2030 04:44:15,65,NaN,NaN
Ground_Point_22,SAT_28,6,07-Jan-2030 17:41:00,07-Jan-2030 17:42:10,70,NaN,NaN
Ground_Point_23,SAT_28,1,02-Jan-2030 17:54:50,02-Jan-2030 17:55:40,50,NaN,NaN
Ground_Point_23,SAT_28,2,03-Jan-2030 17:33:00,03-Jan-2030 17:34:10,70,NaN,NaN
Ground_Point_23,SAT_28,3,04-Jan-2030 04:15:15,04-Jan-2030 04:16:30,75,NaN,NaN
Ground_Point_23,SAT_28,4,07-Jan-2030 17:39:55,07-Jan-2030 17:41:15,80,NaN,NaN
Ground_Point_24,SAT_28,1,02-Jan-2030 17:55:15,02-Jan-2030 17:56:00,45,NaN,NaN
Ground_Point_24,SAT_28,2,03-Jan-2030 04:36:50,03-Jan-2030 04:37:30,40,NaN,NaN
Ground_Point_24,SAT_28,3,03-Jan-2030 17:33:25,03-Jan-2030 17:34:35,70,NaN,NaN
Ground_Point_24,SAT_28,4,04-Jan-2030 04:14:55,04-Jan-2030 04:16:05,70,NaN,NaN
Ground_Point_24,SAT_28,5,07-Jan-2030 17:40:20,07-Jan-2030 17:41:35,75,NaN,NaN
Ground_Point_25,SAT_28,1,03-Jan-2030 17:33:30,03-Jan-2030 17:34:30,60,NaN,NaN
Ground_Point_25,SAT_28,2,04-Jan-2030 04:14:35,04-Jan-2030 04:15:40,65,NaN,NaN
Ground_Point_25,SAT_28,3,04-Jan-2030 17:11:55,04-Jan-2030 17:12:50,55,NaN,NaN
Ground_Point_25,SAT_28,4,05-Jan-2030 03:53:05,05-Jan-2030 03:53:55,50,NaN,NaN
Ground_Point_25,SAT_28,5,07-Jan-2030 17:40:45,07-Jan-2030 17:41:10,25,NaN,NaN
Ground_Point_26,SAT_28,1,01-Jan-2030 03:46:15,01-Jan-2030 03:47:35,80,NaN,NaN
Ground_Point_26,SAT_28,2,04-Jan-2030 17:10:55,04-Jan-2030 17:12:10,75,NaN,NaN
Ground_Point_26,SAT_28,3,05-Jan-2030 03:53:20,05-Jan-2030 03:54:30,70,NaN,NaN
Ground_Point_26,SAT_28,4,06-Jan-2030 03:31:50,06-Jan-2030 03:32:45,55,NaN,NaN
Ground_Point_27,SAT_28,1,01-Jan-2030 03:45:25,01-Jan-2030 03:46:25,60,NaN,NaN
Ground_Point_27,SAT_28,2,04-Jan-2030 17:12:05,04-Jan-2030 17:13:20,75,NaN,NaN
Ground_Point_27,SAT_28,3,05-Jan-2030 03:52:15,05-Jan-2030 03:53:30,75,NaN,NaN
Ground_Point_28,SAT_28,1,01-Jan-2030 05:17:45,01-Jan-2030 05:18:30,45,NaN,NaN
Ground_Point_28,SAT_28,2,02-Jan-2030 04:56:05,02-Jan-2030 04:56:55,50,NaN,NaN
Ground_Point_28,SAT_28,3,02-Jan-2030 17:58:00,02-Jan-2030 17:59:15,75,NaN,NaN
Ground_Point_28,SAT_28,4,06-Jan-2030 05:02:50,06-Jan-2030 05:04:05,75,NaN,NaN
Ground_Point_28,SAT_28,5,06-Jan-2030 18:05:00,06-Jan-2030 18:06:15,75,NaN,NaN
Ground_Point_29,SAT_28,1,02-Jan-2030 04:56:25,02-Jan-2030 04:56:35,10,NaN,NaN
Ground_Point_29,SAT_28,2,03-Jan-2030 04:34:20,03-Jan-2030 04:35:25,65,NaN,NaN
Ground_Point_29,SAT_28,3,03-Jan-2030 17:35:50,03-Jan-2030 17:37:05,75,NaN,NaN
Ground_Point_29,SAT_28,4,07-Jan-2030 04:41:10,07-Jan-2030 04:42:30,80,NaN,NaN
Ground_Point_29,SAT_28,5,07-Jan-2030 17:42:50,07-Jan-2030 17:44:05,75,NaN,NaN
Ground_Point_30,SAT_28,1,01-Jan-2030 16:45:20,01-Jan-2030 16:46:00,40,NaN,NaN
Ground_Point_30,SAT_28,2,04-Jan-2030 04:12:30,04-Jan-2030 04:13:15,45,NaN,NaN
Ground_Point_30,SAT_28,3,05-Jan-2030 03:50:50,05-Jan-2030 03:51:45,55,NaN,NaN
Ground_Point_30,SAT_28,4,05-Jan-2030 16:52:05,05-Jan-2030 16:53:10,65,NaN,NaN
Ground_Point_31,SAT_28,1,04-Jan-2030 04:13:20,04-Jan-2030 04:14:35,75,NaN,NaN
Ground_Point_31,SAT_28,2,04-Jan-2030 17:12:55,04-Jan-2030 17:14:10,75,NaN,NaN
Ground_Point_32,SAT_28,1,01-Jan-2030 16:42:05,01-Jan-2030 16:43:20,75,NaN,NaN
Ground_Point_32,SAT_28,2,02-Jan-2030 03:24:25,02-Jan-2030 03:25:25,60,NaN,NaN
Ground_Point_32,SAT_28,3,02-Jan-2030 16:20:45,02-Jan-2030 16:21:15,30,NaN,NaN
Ground_Point_32,SAT_28,4,03-Jan-2030 03:02:45,03-Jan-2030 03:03:45,60,NaN,NaN
Ground_Point_32,SAT_28,5,05-Jan-2030 16:49:10,05-Jan-2030 16:50:10,60,NaN,NaN
Ground_Point_32,SAT_28,6,06-Jan-2030 03:31:45,06-Jan-2030 03:32:05,20,NaN,NaN
Ground_Point_32,SAT_28,7,06-Jan-2030 16:27:30,06-Jan-2030 16:28:30,60,NaN,NaN
Ground_Point_32,SAT_28,8,07-Jan-2030 03:09:35,07-Jan-2030 03:10:50,75,NaN,NaN
Ground_Point_33,SAT_28,1,02-Jan-2030 09:39:35,02-Jan-2030 09:40:45,70,NaN,NaN
Ground_Point_33,SAT_28,2,02-Jan-2030 22:41:30,02-Jan-2030 22:42:45,75,NaN,NaN
Ground_Point_33,SAT_28,3,06-Jan-2030 09:46:30,06-Jan-2030 09:47:50,80,NaN,NaN
Ground_Point_33,SAT_28,4,06-Jan-2030 22:48:30,06-Jan-2030 22:49:45,75,NaN,NaN
Ground_Point_34,SAT_28,1,01-Jan-2030 10:00:50,01-Jan-2030 10:02:05,75,NaN,NaN
Ground_Point_34,SAT_28,2,01-Jan-2030 23:04:00,01-Jan-2030 23:04:45,45,NaN,NaN
Ground_Point_34,SAT_28,3,02-Jan-2030 22:42:20,02-Jan-2030 22:43:05,45,NaN,NaN
Ground_Point_34,SAT_28,4,05-Jan-2030 10:07:50,05-Jan-2030 10:09:00,70,NaN,NaN
Ground_Point_34,SAT_28,5,06-Jan-2030 22:49:10,06-Jan-2030 22:50:20,70,NaN,NaN
Ground_Point_35,SAT_28,1,02-Jan-2030 09:39:50,02-Jan-2030 09:41:00,70,NaN,NaN
Ground_Point_35,SAT_28,2,02-Jan-2030 22:41:05,02-Jan-2030 22:42:05,60,NaN,NaN
Ground_Point_35,SAT_28,3,03-Jan-2030 22:19:45,03-Jan-2030 22:20:10,25,NaN,NaN
Ground_Point_35,SAT_28,4,06-Jan-2030 09:47:05,06-Jan-2030 09:47:50,45,NaN,NaN
Ground_Point_35,SAT_28,5,06-Jan-2030 22:48:25,06-Jan-2030 22:48:40,15,NaN,NaN
Ground_Point_35,SAT_28,6,07-Jan-2030 09:25:20,07-Jan-2030 09:26:15,55,NaN,NaN
Ground_Point_35,SAT_28,7,07-Jan-2030 22:26:25,07-Jan-2030 22:27:30,65,NaN,NaN
Ground_Point_36,SAT_28,1,03-Jan-2030 10:52:35,03-Jan-2030 10:53:20,45,NaN,NaN
Ground_Point_36,SAT_28,2,04-Jan-2030 10:30:50,04-Jan-2030 10:31:45,55,NaN,NaN
Ground_Point_36,SAT_28,3,04-Jan-2030 23:32:10,04-Jan-2030 23:33:15,65,NaN,NaN
Ground_Point_37,SAT_28,1,01-Jan-2030 11:33:50,01-Jan-2030 11:34:45,55,NaN,NaN
Ground_Point_37,SAT_28,2,03-Jan-2030 00:18:20,03-Jan-2030 00:18:55,35,NaN,NaN
Ground_Point_37,SAT_28,3,03-Jan-2030 23:56:45,03-Jan-2030 23:57:20,35,NaN,NaN
Ground_Point_37,SAT_28,4,06-Jan-2030 11:19:10,06-Jan-2030 11:20:10,60,NaN,NaN
Ground_Point_38,SAT_28,1,01-Jan-2030 11:33:10,01-Jan-2030 11:33:40,30,NaN,NaN
Ground_Point_38,SAT_28,2,02-Jan-2030 11:11:30,02-Jan-2030 11:12:10,40,NaN,NaN
Ground_Point_38,SAT_28,3,03-Jan-2030 23:57:05,03-Jan-2030 23:58:20,75,NaN,NaN
Ground_Point_38,SAT_28,4,06-Jan-2030 11:18:15,06-Jan-2030 11:19:25,70,NaN,NaN
Ground_Point_39,SAT_28,1,02-Jan-2030 12:46:50,02-Jan-2030 12:48:05,75,NaN,NaN
Ground_Point_39,SAT_28,2,04-Jan-2030 01:30:35,04-Jan-2030 01:31:45,70,NaN,NaN
Ground_Point_39,SAT_28,3,06-Jan-2030 12:53:45,06-Jan-2030 12:55:05,80,NaN,NaN
Ground_Point_40,SAT_28,1,01-Jan-2030 13:09:35,01-Jan-2030 13:10:45,70,NaN,NaN
Ground_Point_40,SAT_28,2,03-Jan-2030 01:51:25,03-Jan-2030 01:52:40,75,NaN,NaN
Ground_Point_40,SAT_28,3,05-Jan-2030 13:16:50,05-Jan-2030 13:17:25,35,NaN,NaN
Ground_Point_40,SAT_28,4,06-Jan-2030 12:55:05,06-Jan-2030 12:56:00,55,NaN,NaN
Ground_Point_40,SAT_28,5,07-Jan-2030 01:58:25,07-Jan-2030 01:59:35,70,NaN,NaN
Ground_Point_41,SAT_28,1,02-Jan-2030 02:10:35,02-Jan-2030 02:11:45,70,NaN,NaN
Ground_Point_41,SAT_28,2,02-Jan-2030 12:50:25,02-Jan-2030 12:51:40,75,NaN,NaN
Ground_Point_41,SAT_28,3,03-Jan-2030 01:49:15,03-Jan-2030 01:49:45,30,NaN,NaN
Ground_Point_41,SAT_28,4,06-Jan-2030 02:17:45,06-Jan-2030 02:18:30,45,NaN,NaN
Ground_Point_41,SAT_28,5,06-Jan-2030 12:57:25,06-Jan-2030 12:58:40,75,NaN,NaN
Ground_Point_41,SAT_28,6,07-Jan-2030 01:56:00,07-Jan-2030 01:57:00,60,NaN,NaN
Ground_Point_42,SAT_28,1,01-Jan-2030 10:02:10,01-Jan-2030 10:03:25,75,NaN,NaN
Ground_Point_42,SAT_28,2,01-Jan-2030 23:02:40,01-Jan-2030 23:03:55,75,NaN,NaN
Ground_Point_42,SAT_28,3,05-Jan-2030 10:09:05,05-Jan-2030 10:10:25,80,NaN,NaN
Ground_Point_42,SAT_28,4,05-Jan-2030 23:09:35,05-Jan-2030 23:10:55,80,NaN,NaN
Ground_Point_43,SAT_28,1,02-Jan-2030 09:40:40,02-Jan-2030 09:42:00,80,NaN,NaN
Ground_Point_43,SAT_28,2,02-Jan-2030 22:40:20,02-Jan-2030 22:41:30,70,NaN,NaN
Ground_Point_43,SAT_28,3,06-Jan-2030 09:47:45,06-Jan-2030 09:48:55,70,NaN,NaN
Ground_Point_43,SAT_28,4,06-Jan-2030 22:47:15,06-Jan-2030 22:48:30,75,NaN,NaN
Ground_Point_44,SAT_28,1,04-Jan-2030 00:00:05,04-Jan-2030 00:01:00,55,NaN,NaN
Ground_Point_44,SAT_28,2,05-Jan-2030 11:37:30,05-Jan-2030 11:38:25,55,NaN,NaN
Ground_Point_45,SAT_28,1,01-Jan-2030 11:33:05,01-Jan-2030 11:34:20,75,NaN,NaN
Ground_Point_45,SAT_28,2,03-Jan-2030 00:19:00,03-Jan-2030 00:19:40,40,NaN,NaN
Ground_Point_45,SAT_28,3,03-Jan-2030 23:57:35,03-Jan-2030 23:57:50,15,NaN,NaN
Ground_Point_45,SAT_28,4,05-Jan-2030 11:40:10,05-Jan-2030 11:41:10,60,NaN,NaN
Ground_Point_46,SAT_28,1,03-Jan-2030 01:20:45,03-Jan-2030 01:22:00,75,NaN,NaN
Ground_Point_46,SAT_28,2,05-Jan-2030 13:47:30,05-Jan-2030 13:48:30,60,NaN,NaN
Ground_Point_46,SAT_28,3,07-Jan-2030 01:27:45,07-Jan-2030 01:29:00,75,NaN,NaN
Ground_Point_47,SAT_28,1,01-Jan-2030 02:04:25,01-Jan-2030 02:05:25,60,NaN,NaN
Ground_Point_47,SAT_28,2,03-Jan-2030 14:31:10,03-Jan-2030 14:32:20,70,NaN,NaN
Ground_Point_47,SAT_28,3,06-Jan-2030 01:49:50,06-Jan-2030 01:50:40,50,NaN,NaN
Ground_Point_47,SAT_28,4,07-Jan-2030 14:38:20,07-Jan-2030 14:39:05,45,NaN,NaN
Ground_Point_48,SAT_28,1,01-Jan-2030 15:13:10,01-Jan-2030 15:14:15,65,NaN,NaN
Ground_Point_48,SAT_28,2,04-Jan-2030 02:35:20,04-Jan-2030 02:36:30,70,NaN,NaN
Ground_Point_48,SAT_28,3,05-Jan-2030 15:20:00,05-Jan-2030 15:21:15,75,NaN,NaN
Ground_Point_49,SAT_28,1,03-Jan-2030 02:56:30,03-Jan-2030 02:57:50,80,NaN,NaN
Ground_Point_49,SAT_28,2,04-Jan-2030 15:42:30,04-Jan-2030 15:43:20,50,NaN,NaN
Ground_Point_49,SAT_28,3,07-Jan-2030 03:03:35,07-Jan-2030 03:04:40,65,NaN,NaN
Ground_Point_50,SAT_28,1,02-Jan-2030 15:06:35,02-Jan-2030 15:07:45,70,NaN,NaN
Ground_Point_50,SAT_28,2,04-Jan-2030 03:54:40,04-Jan-2030 03:55:00,20,NaN,NaN
Ground_Point_50,SAT_28,3,05-Jan-2030 03:33:00,05-Jan-2030 03:33:30,30,NaN,NaN
Ground_Point_50,SAT_28,4,06-Jan-2030 15:13:30,06-Jan-2030 15:14:45,75,NaN,NaN
Ground_Point_51,SAT_28,1,01-Jan-2030 05:08:45,01-Jan-2030 05:09:35,50,NaN,NaN
Ground_Point_51,SAT_28,2,05-Jan-2030 17:01:40,05-Jan-2030 17:02:25,45,NaN,NaN
Ground_Point_51,SAT_28,3,06-Jan-2030 04:54:10,06-Jan-2030 04:54:55,45,NaN,NaN
Ground_Point_52,SAT_28,1,01-Jan-2030 20:11:15,01-Jan-2030 20:12:30,75,NaN,NaN
Ground_Point_52,SAT_28,2,04-Jan-2030 08:38:40,04-Jan-2030 08:40:00,80,NaN,NaN
Ground_Point_52,SAT_28,3,05-Jan-2030 20:18:20,05-Jan-2030 20:19:25,65,NaN,NaN
Ground_Point_53,SAT_28,1,02-Jan-2030 19:49:35,02-Jan-2030 19:50:20,45,NaN,NaN
Ground_Point_53,SAT_28,2,05-Jan-2030 08:17:20,05-Jan-2030 08:18:10,50,NaN,NaN
Ground_Point_53,SAT_28,3,06-Jan-2030 19:56:20,06-Jan-2030 19:57:30,70,NaN,NaN
Ground_Point_54,SAT_28,1,01-Jan-2030 09:41:25,01-Jan-2030 09:42:25,60,NaN,NaN
Ground_Point_54,SAT_28,2,04-Jan-2030 20:43:20,04-Jan-2030 20:44:20,60,NaN,NaN
Ground_Point_54,SAT_28,3,05-Jan-2030 09:48:45,05-Jan-2030 09:49:00,15,NaN,NaN
Ground_Point_54,SAT_28,4,06-Jan-2030 09:26:50,06-Jan-2030 09:27:45,55,NaN,NaN
Ground_Point_55,SAT_28,1,01-Jan-2030 21:48:30,01-Jan-2030 21:49:25,55,NaN,NaN
Ground_Point_55,SAT_28,2,03-Jan-2030 10:32:35,03-Jan-2030 10:33:25,50,NaN,NaN
Ground_Point_55,SAT_28,3,04-Jan-2030 10:11:15,04-Jan-2030 10:11:30,15,NaN,NaN
Ground_Point_55,SAT_28,4,06-Jan-2030 21:33:50,06-Jan-2030 21:34:50,60,NaN,NaN
Ground_Point_1,SAT_29,1,01-Jan-2030 22:13:25,01-Jan-2030 22:13:55,30,NaN,NaN
Ground_Point_1,SAT_29,2,02-Jan-2030 11:16:35,02-Jan-2030 11:17:55,80,NaN,NaN
Ground_Point_1,SAT_29,3,05-Jan-2030 22:20:00,05-Jan-2030 22:21:05,65,NaN,NaN
Ground_Point_1,SAT_29,4,06-Jan-2030 11:23:35,06-Jan-2030 11:24:40,65,NaN,NaN
Ground_Point_2,SAT_29,1,01-Jan-2030 22:12:25,01-Jan-2030 22:13:30,65,NaN,NaN
Ground_Point_2,SAT_29,2,02-Jan-2030 11:17:30,02-Jan-2030 11:18:00,30,NaN,NaN
Ground_Point_2,SAT_29,3,03-Jan-2030 10:55:45,03-Jan-2030 10:56:30,45,NaN,NaN
Ground_Point_2,SAT_29,4,05-Jan-2030 22:19:15,05-Jan-2030 22:20:30,75,NaN,NaN
Ground_Point_2,SAT_29,5,07-Jan-2030 11:02:25,07-Jan-2030 11:03:35,70,NaN,NaN
Ground_Point_3,SAT_29,1,02-Jan-2030 11:16:40,02-Jan-2030 11:17:55,75,NaN,NaN
Ground_Point_3,SAT_29,2,05-Jan-2030 22:20:05,05-Jan-2030 22:21:05,60,NaN,NaN
Ground_Point_3,SAT_29,3,06-Jan-2030 11:23:35,06-Jan-2030 11:24:45,70,NaN,NaN
Ground_Point_4,SAT_29,1,03-Jan-2030 21:28:50,03-Jan-2030 21:29:50,60,NaN,NaN
Ground_Point_4,SAT_29,2,04-Jan-2030 10:33:25,04-Jan-2030 10:34:15,50,NaN,NaN
Ground_Point_4,SAT_29,3,05-Jan-2030 10:12:05,05-Jan-2030 10:12:20,15,NaN,NaN
Ground_Point_4,SAT_29,4,07-Jan-2030 21:35:35,07-Jan-2030 21:36:50,75,NaN,NaN
Ground_Point_5,SAT_29,1,02-Jan-2030 21:50:20,02-Jan-2030 21:51:30,70,NaN,NaN
Ground_Point_5,SAT_29,2,04-Jan-2030 10:33:45,04-Jan-2030 10:34:50,65,NaN,NaN
Ground_Point_5,SAT_29,3,06-Jan-2030 21:57:10,06-Jan-2030 21:58:25,75,NaN,NaN
Ground_Point_6,SAT_29,1,02-Jan-2030 21:50:20,02-Jan-2030 21:51:35,75,NaN,NaN
Ground_Point_6,SAT_29,2,04-Jan-2030 10:33:30,04-Jan-2030 10:34:45,75,NaN,NaN
Ground_Point_6,SAT_29,3,06-Jan-2030 21:57:20,06-Jan-2030 21:58:25,65,NaN,NaN
Ground_Point_7,SAT_29,1,03-Jan-2030 23:04:15,03-Jan-2030 23:05:35,80,NaN,NaN
Ground_Point_7,SAT_29,2,04-Jan-2030 12:06:45,04-Jan-2030 12:07:55,70,NaN,NaN
Ground_Point_7,SAT_29,3,07-Jan-2030 23:11:10,07-Jan-2030 23:12:25,75,NaN,NaN
Ground_Point_8,SAT_29,1,01-Jan-2030 11:40:15,01-Jan-2030 11:41:15,60,NaN,NaN
Ground_Point_8,SAT_29,2,03-Jan-2030 23:02:00,03-Jan-2030 23:03:00,60,NaN,NaN
Ground_Point_8,SAT_29,3,06-Jan-2030 11:25:30,06-Jan-2030 11:26:25,55,NaN,NaN
Ground_Point_9,SAT_29,1,02-Jan-2030 23:21:50,02-Jan-2030 23:22:45,55,NaN,NaN
Ground_Point_9,SAT_29,2,05-Jan-2030 11:49:40,05-Jan-2030 11:50:40,60,NaN,NaN
Ground_Point_9,SAT_29,3,06-Jan-2030 23:28:30,06-Jan-2030 23:29:45,75,NaN,NaN
Ground_Point_10,SAT_29,1,02-Jan-2030 23:21:45,02-Jan-2030 23:22:45,60,NaN,NaN
Ground_Point_10,SAT_29,2,05-Jan-2030 11:49:45,05-Jan-2030 11:50:45,60,NaN,NaN
Ground_Point_10,SAT_29,3,06-Jan-2030 23:28:25,06-Jan-2030 23:29:45,80,NaN,NaN
Ground_Point_11,SAT_29,1,02-Jan-2030 11:20:10,02-Jan-2030 11:21:10,60,NaN,NaN
Ground_Point_11,SAT_29,2,03-Jan-2030 23:00:15,03-Jan-2030 23:01:35,80,NaN,NaN
Ground_Point_11,SAT_29,3,06-Jan-2030 11:26:55,06-Jan-2030 11:28:10,75,NaN,NaN
Ground_Point_11,SAT_29,4,07-Jan-2030 23:07:20,07-Jan-2030 23:08:15,55,NaN,NaN
Ground_Point_12,SAT_29,1,04-Jan-2030 00:28:35,04-Jan-2030 00:29:40,65,NaN,NaN
Ground_Point_12,SAT_29,2,04-Jan-2030 12:17:15,04-Jan-2030 12:18:05,50,NaN,NaN
Ground_Point_13,SAT_29,1,03-Jan-2030 12:36:00,03-Jan-2030 12:36:35,35,NaN,NaN
Ground_Point_13,SAT_29,2,04-Jan-2030 00:31:50,04-Jan-2030 00:33:05,75,NaN,NaN
Ground_Point_13,SAT_29,3,07-Jan-2030 12:42:35,07-Jan-2030 12:43:45,70,NaN,NaN
Ground_Point_14,SAT_29,1,01-Jan-2030 00:02:20,01-Jan-2030 00:03:35,75,NaN,NaN
Ground_Point_14,SAT_29,2,04-Jan-2030 12:14:35,04-Jan-2030 12:15:40,65,NaN,NaN
Ground_Point_14,SAT_29,3,05-Jan-2030 00:09:10,05-Jan-2030 00:10:25,75,NaN,NaN
Ground_Point_15,SAT_29,1,04-Jan-2030 12:19:20,04-Jan-2030 12:19:30,10,NaN,NaN
Ground_Point_16,SAT_29,1,02-Jan-2030 11:22:45,02-Jan-2030 11:24:00,75,NaN,NaN
Ground_Point_16,SAT_29,2,03-Jan-2030 22:58:00,03-Jan-2030 22:58:40,40,NaN,NaN
Ground_Point_16,SAT_29,3,06-Jan-2030 11:29:40,06-Jan-2030 11:30:45,65,NaN,NaN
Ground_Point_16,SAT_29,4,07-Jan-2030 23:04:35,07-Jan-2030 23:05:45,70,NaN,NaN
Ground_Point_17,SAT_29,1,03-Jan-2030 12:38:20,03-Jan-2030 12:39:30,70,NaN,NaN
Ground_Point_17,SAT_29,2,04-Jan-2030 00:29:05,04-Jan-2030 00:30:20,75,NaN,NaN
Ground_Point_17,SAT_29,3,07-Jan-2030 12:45:35,07-Jan-2030 12:46:00,25,NaN,NaN
Ground_Point_18,SAT_29,1,02-Jan-2030 14:30:55,02-Jan-2030 14:31:45,50,NaN,NaN
Ground_Point_18,SAT_29,2,04-Jan-2030 02:08:10,04-Jan-2030 02:09:00,50,NaN,NaN
Ground_Point_18,SAT_29,3,06-Jan-2030 14:37:35,06-Jan-2030 14:38:50,75,NaN,NaN
Ground_Point_19,SAT_29,1,01-Jan-2030 01:41:55,01-Jan-2030 01:42:40,45,NaN,NaN
Ground_Point_19,SAT_29,2,02-Jan-2030 14:28:05,02-Jan-2030 14:29:20,75,NaN,NaN
Ground_Point_19,SAT_29,3,05-Jan-2030 01:48:30,05-Jan-2030 01:49:45,75,NaN,NaN
Ground_Point_19,SAT_29,4,06-Jan-2030 14:35:00,06-Jan-2030 14:36:05,65,NaN,NaN
Ground_Point_20,SAT_29,1,03-Jan-2030 14:10:30,03-Jan-2030 14:11:35,65,NaN,NaN
Ground_Point_20,SAT_29,2,04-Jan-2030 02:06:10,04-Jan-2030 02:07:20,70,NaN,NaN
Ground_Point_20,SAT_29,3,07-Jan-2030 14:17:15,07-Jan-2030 14:18:30,75,NaN,NaN
Ground_Point_21,SAT_29,1,01-Jan-2030 06:31:20,01-Jan-2030 06:32:35,75,NaN,NaN
Ground_Point_21,SAT_29,2,03-Jan-2030 20:18:35,03-Jan-2030 20:18:45,10,NaN,NaN
Ground_Point_21,SAT_29,3,04-Jan-2030 19:56:25,04-Jan-2030 19:57:40,75,NaN,NaN
Ground_Point_21,SAT_29,4,05-Jan-2030 06:38:10,05-Jan-2030 06:39:30,80,NaN,NaN
Ground_Point_22,SAT_29,1,01-Jan-2030 06:30:30,01-Jan-2030 06:31:50,80,NaN,NaN
Ground_Point_22,SAT_29,2,04-Jan-2030 19:57:05,04-Jan-2030 19:58:05,60,NaN,NaN
Ground_Point_22,SAT_29,3,05-Jan-2030 06:37:25,05-Jan-2030 06:38:40,75,NaN,NaN
Ground_Point_22,SAT_29,4,05-Jan-2030 19:35:30,05-Jan-2030 19:36:20,50,NaN,NaN
Ground_Point_23,SAT_29,1,01-Jan-2030 06:31:40,01-Jan-2030 06:32:20,40,NaN,NaN
Ground_Point_23,SAT_29,2,01-Jan-2030 19:27:40,01-Jan-2030 19:28:25,45,NaN,NaN
Ground_Point_23,SAT_29,3,02-Jan-2030 06:09:40,02-Jan-2030 06:10:55,75,NaN,NaN
Ground_Point_23,SAT_29,4,04-Jan-2030 19:56:10,04-Jan-2030 19:57:00,50,NaN,NaN
Ground_Point_23,SAT_29,5,05-Jan-2030 19:34:20,05-Jan-2030 19:35:30,70,NaN,NaN
Ground_Point_23,SAT_29,6,06-Jan-2030 06:16:30,06-Jan-2030 06:17:50,80,NaN,NaN
Ground_Point_24,SAT_29,1,01-Jan-2030 06:31:05,01-Jan-2030 06:32:05,60,NaN,NaN
Ground_Point_24,SAT_29,2,01-Jan-2030 19:28:00,01-Jan-2030 19:28:50,50,NaN,NaN
Ground_Point_24,SAT_29,3,02-Jan-2030 06:09:30,02-Jan-2030 06:10:25,55,NaN,NaN
Ground_Point_24,SAT_29,4,04-Jan-2030 19:56:35,04-Jan-2030 19:57:20,45,NaN,NaN
Ground_Point_24,SAT_29,5,05-Jan-2030 06:38:15,05-Jan-2030 06:38:45,30,NaN,NaN
Ground_Point_24,SAT_29,6,05-Jan-2030 19:34:45,05-Jan-2030 19:35:55,70,NaN,NaN
Ground_Point_24,SAT_29,7,06-Jan-2030 06:16:10,06-Jan-2030 06:17:25,75,NaN,NaN
Ground_Point_25,SAT_29,1,01-Jan-2030 19:27:50,01-Jan-2030 19:29:05,75,NaN,NaN
Ground_Point_25,SAT_29,2,02-Jan-2030 06:08:55,02-Jan-2030 06:10:10,75,NaN,NaN
Ground_Point_25,SAT_29,3,05-Jan-2030 19:34:50,05-Jan-2030 19:35:50,60,NaN,NaN
Ground_Point_25,SAT_29,4,06-Jan-2030 06:15:55,06-Jan-2030 06:17:00,65,NaN,NaN
Ground_Point_25,SAT_29,5,06-Jan-2030 19:13:10,06-Jan-2030 19:14:05,55,NaN,NaN
Ground_Point_25,SAT_29,6,07-Jan-2030 05:54:20,07-Jan-2030 05:55:15,55,NaN,NaN
Ground_Point_26,SAT_29,1,02-Jan-2030 19:05:20,02-Jan-2030 19:06:35,75,NaN,NaN
Ground_Point_26,SAT_29,2,03-Jan-2030 05:47:40,03-Jan-2030 05:48:55,75,NaN,NaN
Ground_Point_26,SAT_29,3,04-Jan-2030 05:26:30,04-Jan-2030 05:26:50,20,NaN,NaN
Ground_Point_26,SAT_29,4,06-Jan-2030 19:12:15,06-Jan-2030 19:13:30,75,NaN,NaN
Ground_Point_26,SAT_29,5,07-Jan-2030 05:54:40,07-Jan-2030 05:55:45,65,NaN,NaN
Ground_Point_27,SAT_29,1,02-Jan-2030 06:08:30,02-Jan-2030 06:09:20,50,NaN,NaN
Ground_Point_27,SAT_29,2,02-Jan-2030 19:06:30,02-Jan-2030 19:07:50,80,NaN,NaN
Ground_Point_27,SAT_29,3,03-Jan-2030 05:46:45,03-Jan-2030 05:47:50,65,NaN,NaN
Ground_Point_27,SAT_29,4,06-Jan-2030 19:13:25,06-Jan-2030 19:14:40,75,NaN,NaN
Ground_Point_27,SAT_29,5,07-Jan-2030 05:53:30,07-Jan-2030 05:54:50,80,NaN,NaN
Ground_Point_28,SAT_29,1,03-Jan-2030 07:19:15,03-Jan-2030 07:19:45,30,NaN,NaN
Ground_Point_28,SAT_29,2,04-Jan-2030 06:57:20,04-Jan-2030 06:58:20,60,NaN,NaN
Ground_Point_28,SAT_29,3,04-Jan-2030 19:59:20,04-Jan-2030 20:00:35,75,NaN,NaN
Ground_Point_29,SAT_29,1,01-Jan-2030 06:29:00,01-Jan-2030 06:29:40,40,NaN,NaN
Ground_Point_29,SAT_29,2,01-Jan-2030 19:30:25,01-Jan-2030 19:31:25,60,NaN,NaN
Ground_Point_29,SAT_29,3,05-Jan-2030 06:35:35,05-Jan-2030 06:36:45,70,NaN,NaN
Ground_Point_29,SAT_29,4,05-Jan-2030 19:37:10,05-Jan-2030 19:38:25,75,NaN,NaN
Ground_Point_30,SAT_29,1,02-Jan-2030 06:06:45,02-Jan-2030 06:07:55,70,NaN,NaN
Ground_Point_30,SAT_29,2,02-Jan-2030 19:08:15,02-Jan-2030 19:09:05,50,NaN,NaN
Ground_Point_30,SAT_29,3,03-Jan-2030 18:46:40,03-Jan-2030 18:47:20,40,NaN,NaN
Ground_Point_30,SAT_29,4,06-Jan-2030 06:13:55,06-Jan-2030 06:14:30,35,NaN,NaN
Ground_Point_30,SAT_29,5,07-Jan-2030 05:52:05,07-Jan-2030 05:53:05,60,NaN,NaN
Ground_Point_30,SAT_29,6,07-Jan-2030 18:53:20,07-Jan-2030 18:54:30,70,NaN,NaN
Ground_Point_31,SAT_29,1,01-Jan-2030 19:29:20,01-Jan-2030 19:29:50,30,NaN,NaN
Ground_Point_31,SAT_29,2,02-Jan-2030 06:07:45,02-Jan-2030 06:09:00,75,NaN,NaN
Ground_Point_31,SAT_29,3,02-Jan-2030 19:07:25,02-Jan-2030 19:08:30,65,NaN,NaN
Ground_Point_31,SAT_29,4,06-Jan-2030 06:14:35,06-Jan-2030 06:15:50,75,NaN,NaN
Ground_Point_31,SAT_29,5,06-Jan-2030 19:14:10,06-Jan-2030 19:15:25,75,NaN,NaN
Ground_Point_32,SAT_29,1,01-Jan-2030 04:57:20,01-Jan-2030 04:58:05,45,NaN,NaN
Ground_Point_32,SAT_29,2,03-Jan-2030 18:43:25,03-Jan-2030 18:44:40,75,NaN,NaN
Ground_Point_32,SAT_29,3,04-Jan-2030 05:25:50,04-Jan-2030 05:26:45,55,NaN,NaN
Ground_Point_32,SAT_29,4,04-Jan-2030 18:22:05,04-Jan-2030 18:22:40,35,NaN,NaN
Ground_Point_32,SAT_29,5,05-Jan-2030 05:04:00,05-Jan-2030 05:05:10,70,NaN,NaN
Ground_Point_32,SAT_29,6,07-Jan-2030 18:50:25,07-Jan-2030 18:51:25,60,NaN,NaN
Ground_Point_33,SAT_29,1,01-Jan-2030 00:36:00,01-Jan-2030 00:37:10,70,NaN,NaN
Ground_Point_33,SAT_29,2,04-Jan-2030 11:40:55,04-Jan-2030 11:42:05,70,NaN,NaN
Ground_Point_33,SAT_29,3,05-Jan-2030 00:42:50,05-Jan-2030 00:44:05,75,NaN,NaN
Ground_Point_34,SAT_29,1,03-Jan-2030 12:02:10,03-Jan-2030 12:03:30,80,NaN,NaN
Ground_Point_34,SAT_29,2,04-Jan-2030 01:05:25,04-Jan-2030 01:06:05,40,NaN,NaN
Ground_Point_34,SAT_29,3,05-Jan-2030 00:43:40,05-Jan-2030 00:44:30,50,NaN,NaN
Ground_Point_34,SAT_29,4,07-Jan-2030 12:09:10,07-Jan-2030 12:10:15,65,NaN,NaN
Ground_Point_35,SAT_29,1,01-Jan-2030 00:35:25,01-Jan-2030 00:36:40,75,NaN,NaN
Ground_Point_35,SAT_29,2,04-Jan-2030 11:41:15,04-Jan-2030 11:42:20,65,NaN,NaN
Ground_Point_35,SAT_29,3,05-Jan-2030 00:42:25,05-Jan-2030 00:43:25,60,NaN,NaN
Ground_Point_35,SAT_29,4,06-Jan-2030 00:21:00,06-Jan-2030 00:21:30,30,NaN,NaN
Ground_Point_36,SAT_29,1,01-Jan-2030 12:46:50,01-Jan-2030 12:47:55,65,NaN,NaN
Ground_Point_36,SAT_29,2,02-Jan-2030 01:48:20,02-Jan-2030 01:49:10,50,NaN,NaN
Ground_Point_36,SAT_29,3,03-Jan-2030 01:26:45,03-Jan-2030 01:27:25,40,NaN,NaN
Ground_Point_36,SAT_29,4,05-Jan-2030 12:53:55,05-Jan-2030 12:54:35,40,NaN,NaN
Ground_Point_36,SAT_29,5,06-Jan-2030 12:32:05,06-Jan-2030 12:33:05,60,NaN,NaN
Ground_Point_36,SAT_29,6,07-Jan-2030 01:33:25,07-Jan-2030 01:34:30,65,NaN,NaN
Ground_Point_37,SAT_29,1,01-Jan-2030 02:12:35,01-Jan-2030 02:13:40,65,NaN,NaN
Ground_Point_37,SAT_29,2,03-Jan-2030 13:35:15,03-Jan-2030 13:36:05,50,NaN,NaN
Ground_Point_37,SAT_29,3,04-Jan-2030 13:13:50,04-Jan-2030 13:14:10,20,NaN,NaN
Ground_Point_37,SAT_29,4,05-Jan-2030 02:19:45,05-Jan-2030 02:20:10,25,NaN,NaN
Ground_Point_37,SAT_29,5,06-Jan-2030 01:58:00,06-Jan-2030 01:58:40,40,NaN,NaN
Ground_Point_38,SAT_29,1,02-Jan-2030 01:51:40,02-Jan-2030 01:52:40,60,NaN,NaN
Ground_Point_38,SAT_29,2,03-Jan-2030 13:34:45,03-Jan-2030 13:34:50,5,NaN,NaN
Ground_Point_38,SAT_29,3,04-Jan-2030 13:12:50,04-Jan-2030 13:13:35,45,NaN,NaN
Ground_Point_38,SAT_29,4,06-Jan-2030 01:58:25,06-Jan-2030 01:59:40,75,NaN,NaN
Ground_Point_39,SAT_29,1,02-Jan-2030 03:25:05,02-Jan-2030 03:26:05,60,NaN,NaN
Ground_Point_39,SAT_29,2,04-Jan-2030 14:48:10,04-Jan-2030 14:49:25,75,NaN,NaN
Ground_Point_39,SAT_29,3,06-Jan-2030 03:31:50,06-Jan-2030 03:33:05,75,NaN,NaN
Ground_Point_40,SAT_29,1,01-Jan-2030 03:45:55,01-Jan-2030 03:47:00,65,NaN,NaN
Ground_Point_40,SAT_29,2,03-Jan-2030 15:11:00,03-Jan-2030 15:12:05,65,NaN,NaN
Ground_Point_40,SAT_29,3,05-Jan-2030 03:52:45,05-Jan-2030 03:54:00,75,NaN,NaN
Ground_Point_40,SAT_29,4,07-Jan-2030 15:18:15,07-Jan-2030 15:18:40,25,NaN,NaN
Ground_Point_41,SAT_29,1,04-Jan-2030 04:12:00,04-Jan-2030 04:13:05,65,NaN,NaN
Ground_Point_41,SAT_29,2,04-Jan-2030 14:51:45,04-Jan-2030 14:53:00,75,NaN,NaN
Ground_Point_41,SAT_29,3,05-Jan-2030 03:50:35,05-Jan-2030 03:51:05,30,NaN,NaN
Ground_Point_42,SAT_29,1,03-Jan-2030 12:03:30,03-Jan-2030 12:04:50,80,NaN,NaN
Ground_Point_42,SAT_29,2,04-Jan-2030 01:04:00,04-Jan-2030 01:05:15,75,NaN,NaN
Ground_Point_42,SAT_29,3,07-Jan-2030 12:10:25,07-Jan-2030 12:11:40,75,NaN,NaN
Ground_Point_43,SAT_29,1,01-Jan-2030 00:34:55,01-Jan-2030 00:35:50,55,NaN,NaN
Ground_Point_43,SAT_29,2,04-Jan-2030 11:42:05,04-Jan-2030 11:43:20,75,NaN,NaN
Ground_Point_43,SAT_29,3,05-Jan-2030 00:41:40,05-Jan-2030 00:42:50,70,NaN,NaN
Ground_Point_44,SAT_29,1,01-Jan-2030 02:16:20,01-Jan-2030 02:16:50,30,NaN,NaN
Ground_Point_44,SAT_29,2,02-Jan-2030 13:53:40,02-Jan-2030 13:54:20,40,NaN,NaN
Ground_Point_44,SAT_29,3,06-Jan-2030 02:01:20,06-Jan-2030 02:02:20,60,NaN,NaN
Ground_Point_44,SAT_29,4,07-Jan-2030 13:38:45,07-Jan-2030 13:39:45,60,NaN,NaN
Ground_Point_45,SAT_29,1,01-Jan-2030 02:13:15,01-Jan-2030 02:14:20,65,NaN,NaN
Ground_Point_45,SAT_29,2,03-Jan-2030 13:34:25,03-Jan-2030 13:35:40,75,NaN,NaN
Ground_Point_45,SAT_29,3,05-Jan-2030 02:20:20,05-Jan-2030 02:20:55,35,NaN,NaN
Ground_Point_45,SAT_29,4,06-Jan-2030 01:58:50,06-Jan-2030 01:59:15,25,NaN,NaN
Ground_Point_45,SAT_29,5,07-Jan-2030 13:41:30,07-Jan-2030 13:42:25,55,NaN,NaN
Ground_Point_46,SAT_29,1,01-Jan-2030 03:15:20,01-Jan-2030 03:16:25,65,NaN,NaN
Ground_Point_46,SAT_29,2,02-Jan-2030 16:03:45,02-Jan-2030 16:04:15,30,NaN,NaN
Ground_Point_46,SAT_29,3,03-Jan-2030 15:42:20,03-Jan-2030 15:42:25,5,NaN,NaN
Ground_Point_46,SAT_29,4,05-Jan-2030 03:22:05,05-Jan-2030 03:23:20,75,NaN,NaN
Ground_Point_46,SAT_29,5,07-Jan-2030 15:48:45,07-Jan-2030 15:49:45,60,NaN,NaN
Ground_Point_47,SAT_29,1,01-Jan-2030 16:25:35,01-Jan-2030 16:26:50,75,NaN,NaN
Ground_Point_47,SAT_29,2,03-Jan-2030 04:05:50,03-Jan-2030 04:06:45,55,NaN,NaN
Ground_Point_47,SAT_29,3,05-Jan-2030 16:32:30,05-Jan-2030 16:33:40,70,NaN,NaN
Ground_Point_48,SAT_29,1,02-Jan-2030 04:29:55,02-Jan-2030 04:30:50,55,NaN,NaN
Ground_Point_48,SAT_29,2,03-Jan-2030 17:14:30,03-Jan-2030 17:15:35,65,NaN,NaN
Ground_Point_48,SAT_29,3,06-Jan-2030 04:36:35,06-Jan-2030 04:37:50,75,NaN,NaN
Ground_Point_48,SAT_29,4,07-Jan-2030 17:21:15,07-Jan-2030 17:22:30,75,NaN,NaN
Ground_Point_49,SAT_29,1,01-Jan-2030 04:51:00,01-Jan-2030 04:52:15,75,NaN,NaN
Ground_Point_49,SAT_29,2,02-Jan-2030 17:36:45,02-Jan-2030 17:38:00,75,NaN,NaN
Ground_Point_49,SAT_29,3,05-Jan-2030 04:57:50,05-Jan-2030 04:59:10,80,NaN,NaN
Ground_Point_49,SAT_29,4,06-Jan-2030 17:43:50,06-Jan-2030 17:44:35,45,NaN,NaN
Ground_Point_50,SAT_29,1,02-Jan-2030 05:48:45,02-Jan-2030 05:49:50,65,NaN,NaN
Ground_Point_50,SAT_29,2,04-Jan-2030 17:07:55,04-Jan-2030 17:09:05,70,NaN,NaN
Ground_Point_50,SAT_29,3,06-Jan-2030 05:56:00,06-Jan-2030 05:56:15,15,NaN,NaN
Ground_Point_50,SAT_29,4,07-Jan-2030 05:34:15,07-Jan-2030 05:34:50,35,NaN,NaN
Ground_Point_51,SAT_29,1,02-Jan-2030 19:17:40,02-Jan-2030 19:18:25,45,NaN,NaN
Ground_Point_51,SAT_29,2,03-Jan-2030 07:10:10,03-Jan-2030 07:10:55,45,NaN,NaN
Ground_Point_51,SAT_29,3,07-Jan-2030 19:02:55,07-Jan-2030 19:03:40,45,NaN,NaN
Ground_Point_52,SAT_29,1,02-Jan-2030 10:33:15,02-Jan-2030 10:34:20,65,NaN,NaN
Ground_Point_52,SAT_29,2,03-Jan-2030 22:12:35,03-Jan-2030 22:13:55,80,NaN,NaN
Ground_Point_52,SAT_29,3,06-Jan-2030 10:40:00,06-Jan-2030 10:41:15,75,NaN,NaN
Ground_Point_52,SAT_29,4,07-Jan-2030 22:19:35,07-Jan-2030 22:20:35,60,NaN,NaN
Ground_Point_53,SAT_29,1,02-Jan-2030 10:33:20,02-Jan-2030 10:34:10,50,NaN,NaN
Ground_Point_53,SAT_29,2,04-Jan-2030 21:50:50,04-Jan-2030 21:51:45,55,NaN,NaN
Ground_Point_53,SAT_29,3,07-Jan-2030 10:18:35,07-Jan-2030 10:19:25,50,NaN,NaN
Ground_Point_54,SAT_29,1,01-Jan-2030 22:59:30,01-Jan-2030 23:00:20,50,NaN,NaN
Ground_Point_54,SAT_29,2,02-Jan-2030 22:38:05,02-Jan-2030 22:38:25,20,NaN,NaN
Ground_Point_54,SAT_29,3,03-Jan-2030 11:42:45,03-Jan-2030 11:43:50,65,NaN,NaN
Ground_Point_54,SAT_29,4,06-Jan-2030 22:44:35,06-Jan-2030 22:45:40,65,NaN,NaN
Ground_Point_54,SAT_29,5,07-Jan-2030 11:50:05,07-Jan-2030 11:50:10,5,NaN,NaN
Ground_Point_55,SAT_29,1,01-Jan-2030 12:26:50,01-Jan-2030 12:28:05,75,NaN,NaN
Ground_Point_55,SAT_29,2,03-Jan-2030 23:49:55,03-Jan-2030 23:50:45,50,NaN,NaN
Ground_Point_55,SAT_29,3,05-Jan-2030 12:33:55,05-Jan-2030 12:34:45,50,NaN,NaN
Ground_Point_55,SAT_29,4,06-Jan-2030 12:12:30,06-Jan-2030 12:12:50,20,NaN,NaN
Ground_Point_1,SAT_30,1,01-Jan-2030 11:15:00,01-Jan-2030 11:16:15,75,NaN,NaN
Ground_Point_1,SAT_30,2,04-Jan-2030 22:18:25,04-Jan-2030 22:19:25,60,NaN,NaN
Ground_Point_1,SAT_30,3,05-Jan-2030 11:21:50,05-Jan-2030 11:23:05,75,NaN,NaN
Ground_Point_2,SAT_30,1,01-Jan-2030 11:15:45,01-Jan-2030 11:16:30,45,NaN,NaN
Ground_Point_2,SAT_30,2,02-Jan-2030 10:54:10,02-Jan-2030 10:54:45,35,NaN,NaN
Ground_Point_2,SAT_30,3,04-Jan-2030 22:17:35,04-Jan-2030 22:18:50,75,NaN,NaN
Ground_Point_2,SAT_30,4,06-Jan-2030 11:00:45,06-Jan-2030 11:01:55,70,NaN,NaN
Ground_Point_3,SAT_30,1,01-Jan-2030 11:15:00,01-Jan-2030 11:16:15,75,NaN,NaN
Ground_Point_3,SAT_30,2,03-Jan-2030 22:40:20,03-Jan-2030 22:40:45,25,NaN,NaN
Ground_Point_3,SAT_30,3,04-Jan-2030 22:18:25,04-Jan-2030 22:19:20,55,NaN,NaN
Ground_Point_3,SAT_30,4,05-Jan-2030 11:21:55,05-Jan-2030 11:23:05,70,NaN,NaN
Ground_Point_4,SAT_30,1,01-Jan-2030 21:49:10,01-Jan-2030 21:49:35,25,NaN,NaN
Ground_Point_4,SAT_30,2,02-Jan-2030 21:27:15,02-Jan-2030 21:28:10,55,NaN,NaN
Ground_Point_4,SAT_30,3,03-Jan-2030 10:31:40,03-Jan-2030 10:32:40,60,NaN,NaN
Ground_Point_4,SAT_30,4,06-Jan-2030 21:33:55,06-Jan-2030 21:35:10,75,NaN,NaN
Ground_Point_5,SAT_30,1,01-Jan-2030 21:48:40,01-Jan-2030 21:49:50,70,NaN,NaN
Ground_Point_5,SAT_30,2,03-Jan-2030 10:32:10,03-Jan-2030 10:33:10,60,NaN,NaN
Ground_Point_5,SAT_30,3,05-Jan-2030 21:55:30,05-Jan-2030 21:56:50,80,NaN,NaN
Ground_Point_5,SAT_30,4,07-Jan-2030 10:38:50,07-Jan-2030 10:40:10,80,NaN,NaN
Ground_Point_6,SAT_30,1,01-Jan-2030 21:48:40,01-Jan-2030 21:50:00,80,NaN,NaN
Ground_Point_6,SAT_30,2,03-Jan-2030 10:31:50,03-Jan-2030 10:33:05,75,NaN,NaN
Ground_Point_6,SAT_30,3,05-Jan-2030 21:55:40,05-Jan-2030 21:56:45,65,NaN,NaN
Ground_Point_6,SAT_30,4,07-Jan-2030 10:38:40,07-Jan-2030 10:39:55,75,NaN,NaN
Ground_Point_7,SAT_30,1,02-Jan-2030 23:02:40,02-Jan-2030 23:03:55,75,NaN,NaN
Ground_Point_7,SAT_30,2,03-Jan-2030 12:05:05,03-Jan-2030 12:06:15,70,NaN,NaN
Ground_Point_7,SAT_30,3,06-Jan-2030 23:09:30,06-Jan-2030 23:10:50,80,NaN,NaN
Ground_Point_7,SAT_30,4,07-Jan-2030 12:12:05,07-Jan-2030 12:12:55,50,NaN,NaN
Ground_Point_8,SAT_30,1,02-Jan-2030 23:00:20,02-Jan-2030 23:01:25,65,NaN,NaN
Ground_Point_8,SAT_30,2,04-Jan-2030 11:45:50,04-Jan-2030 11:46:05,15,NaN,NaN
Ground_Point_8,SAT_30,3,05-Jan-2030 11:24:00,05-Jan-2030 11:24:40,40,NaN,NaN
Ground_Point_8,SAT_30,4,06-Jan-2030 23:07:35,06-Jan-2030 23:07:50,15,NaN,NaN
Ground_Point_8,SAT_30,5,07-Jan-2030 22:45:40,07-Jan-2030 22:46:30,50,NaN,NaN
Ground_Point_9,SAT_30,1,01-Jan-2030 23:20:15,01-Jan-2030 23:21:05,50,NaN,NaN
Ground_Point_9,SAT_30,2,04-Jan-2030 11:48:10,04-Jan-2030 11:48:55,45,NaN,NaN
Ground_Point_9,SAT_30,3,05-Jan-2030 23:26:55,05-Jan-2030 23:28:05,70,NaN,NaN
Ground_Point_10,SAT_30,1,01-Jan-2030 23:20:10,01-Jan-2030 23:21:00,50,NaN,NaN
Ground_Point_10,SAT_30,2,04-Jan-2030 11:48:10,04-Jan-2030 11:49:00,50,NaN,NaN
Ground_Point_10,SAT_30,3,05-Jan-2030 23:26:50,05-Jan-2030 23:28:05,75,NaN,NaN
Ground_Point_11,SAT_30,1,01-Jan-2030 11:18:40,01-Jan-2030 11:19:25,45,NaN,NaN
Ground_Point_11,SAT_30,2,02-Jan-2030 22:58:40,02-Jan-2030 22:59:55,75,NaN,NaN
Ground_Point_11,SAT_30,3,05-Jan-2030 11:25:15,05-Jan-2030 11:26:30,75,NaN,NaN
Ground_Point_11,SAT_30,4,06-Jan-2030 23:05:35,06-Jan-2030 23:06:40,65,NaN,NaN
Ground_Point_12,SAT_30,1,03-Jan-2030 00:26:55,03-Jan-2030 00:28:05,70,NaN,NaN
Ground_Point_12,SAT_30,2,03-Jan-2030 12:15:45,03-Jan-2030 12:16:20,35,NaN,NaN
Ground_Point_12,SAT_30,3,07-Jan-2030 00:34:05,07-Jan-2030 00:34:40,35,NaN,NaN
Ground_Point_12,SAT_30,4,07-Jan-2030 12:22:15,07-Jan-2030 12:23:25,70,NaN,NaN
Ground_Point_13,SAT_30,1,02-Jan-2030 12:34:35,02-Jan-2030 12:34:45,10,NaN,NaN
Ground_Point_13,SAT_30,2,03-Jan-2030 00:30:10,03-Jan-2030 00:31:30,80,NaN,NaN
Ground_Point_13,SAT_30,3,06-Jan-2030 12:41:00,06-Jan-2030 12:42:05,65,NaN,NaN
Ground_Point_13,SAT_30,4,07-Jan-2030 00:37:10,07-Jan-2030 00:38:10,60,NaN,NaN
Ground_Point_14,SAT_30,1,03-Jan-2030 12:13:00,03-Jan-2030 12:14:00,60,NaN,NaN
Ground_Point_14,SAT_30,2,04-Jan-2030 00:07:30,04-Jan-2030 00:08:50,80,NaN,NaN
Ground_Point_14,SAT_30,3,07-Jan-2030 12:19:40,07-Jan-2030 12:20:55,75,NaN,NaN
Ground_Point_15,SAT_30,1,03-Jan-2030 00:25:10,03-Jan-2030 00:25:40,30,NaN,NaN
Ground_Point_15,SAT_30,2,03-Jan-2030 12:17:30,03-Jan-2030 12:18:05,35,NaN,NaN
Ground_Point_16,SAT_30,1,01-Jan-2030 11:21:05,01-Jan-2030 11:22:20,75,NaN,NaN
Ground_Point_16,SAT_30,2,02-Jan-2030 22:56:30,02-Jan-2030 22:56:50,20,NaN,NaN
Ground_Point_16,SAT_30,3,05-Jan-2030 11:28:00,05-Jan-2030 11:29:10,70,NaN,NaN
Ground_Point_16,SAT_30,4,06-Jan-2030 23:02:55,06-Jan-2030 23:04:05,70,NaN,NaN
Ground_Point_17,SAT_30,1,02-Jan-2030 12:36:40,02-Jan-2030 12:37:55,75,NaN,NaN
Ground_Point_17,SAT_30,2,03-Jan-2030 00:27:30,03-Jan-2030 00:28:40,70,NaN,NaN
Ground_Point_17,SAT_30,3,06-Jan-2030 12:43:45,06-Jan-2030 12:44:30,45,NaN,NaN
Ground_Point_17,SAT_30,4,07-Jan-2030 00:34:20,07-Jan-2030 00:35:35,75,NaN,NaN
Ground_Point_18,SAT_30,1,01-Jan-2030 14:29:20,01-Jan-2030 14:30:05,45,NaN,NaN
Ground_Point_18,SAT_30,2,03-Jan-2030 02:06:40,03-Jan-2030 02:07:15,35,NaN,NaN
Ground_Point_18,SAT_30,3,05-Jan-2030 14:35:55,05-Jan-2030 14:37:10,75,NaN,NaN
Ground_Point_18,SAT_30,4,07-Jan-2030 02:13:10,07-Jan-2030 02:14:20,70,NaN,NaN
Ground_Point_19,SAT_30,1,01-Jan-2030 14:26:25,01-Jan-2030 14:27:40,75,NaN,NaN
Ground_Point_19,SAT_30,2,04-Jan-2030 01:46:55,04-Jan-2030 01:48:05,70,NaN,NaN
Ground_Point_19,SAT_30,3,05-Jan-2030 14:33:20,05-Jan-2030 14:34:30,70,NaN,NaN
Ground_Point_20,SAT_30,1,02-Jan-2030 14:08:55,02-Jan-2030 14:09:50,55,NaN,NaN
Ground_Point_20,SAT_30,2,03-Jan-2030 02:04:30,03-Jan-2030 02:05:45,75,NaN,NaN
Ground_Point_20,SAT_30,3,06-Jan-2030 14:15:35,06-Jan-2030 14:16:50,75,NaN,NaN
Ground_Point_20,SAT_30,4,07-Jan-2030 02:11:35,07-Jan-2030 02:12:20,45,NaN,NaN
Ground_Point_21,SAT_30,1,02-Jan-2030 20:16:45,02-Jan-2030 20:17:15,30,NaN,NaN
Ground_Point_21,SAT_30,2,03-Jan-2030 19:54:45,03-Jan-2030 19:56:00,75,NaN,NaN
Ground_Point_21,SAT_30,3,04-Jan-2030 06:36:30,04-Jan-2030 06:37:50,80,NaN,NaN
Ground_Point_21,SAT_30,4,07-Jan-2030 20:01:35,07-Jan-2030 20:02:50,75,NaN,NaN
Ground_Point_22,SAT_30,1,03-Jan-2030 19:55:20,03-Jan-2030 19:56:30,70,NaN,NaN
Ground_Point_22,SAT_30,2,04-Jan-2030 06:35:45,04-Jan-2030 06:37:05,80,NaN,NaN
Ground_Point_22,SAT_30,3,04-Jan-2030 19:33:55,04-Jan-2030 19:34:35,40,NaN,NaN
Ground_Point_22,SAT_30,4,07-Jan-2030 20:02:25,07-Jan-2030 20:03:05,40,NaN,NaN
Ground_Point_23,SAT_30,1,01-Jan-2030 06:08:05,01-Jan-2030 06:09:15,70,NaN,NaN
Ground_Point_23,SAT_30,2,03-Jan-2030 19:54:30,03-Jan-2030 19:55:25,55,NaN,NaN
Ground_Point_23,SAT_30,3,04-Jan-2030 19:32:45,04-Jan-2030 19:33:50,65,NaN,NaN
Ground_Point_23,SAT_30,4,05-Jan-2030 06:14:50,05-Jan-2030 06:16:10,80,NaN,NaN
Ground_Point_23,SAT_30,5,07-Jan-2030 20:01:45,07-Jan-2030 20:01:50,5,NaN,NaN
Ground_Point_24,SAT_30,1,01-Jan-2030 06:07:55,01-Jan-2030 06:08:45,50,NaN,NaN
Ground_Point_24,SAT_30,2,03-Jan-2030 19:54:55,03-Jan-2030 19:55:45,50,NaN,NaN
Ground_Point_24,SAT_30,3,04-Jan-2030 06:36:30,04-Jan-2030 06:37:10,40,NaN,NaN
Ground_Point_24,SAT_30,4,04-Jan-2030 19:33:10,04-Jan-2030 19:34:15,65,NaN,NaN
Ground_Point_24,SAT_30,5,05-Jan-2030 06:14:35,05-Jan-2030 06:15:45,70,NaN,NaN
Ground_Point_25,SAT_30,1,01-Jan-2030 06:07:15,01-Jan-2030 06:08:35,80,NaN,NaN
Ground_Point_25,SAT_30,2,04-Jan-2030 19:33:10,04-Jan-2030 19:34:10,60,NaN,NaN
Ground_Point_25,SAT_30,3,05-Jan-2030 06:14:15,05-Jan-2030 06:15:20,65,NaN,NaN
Ground_Point_25,SAT_30,4,05-Jan-2030 19:11:35,05-Jan-2030 19:12:25,50,NaN,NaN
Ground_Point_25,SAT_30,5,06-Jan-2030 05:52:45,06-Jan-2030 05:53:30,45,NaN,NaN
Ground_Point_26,SAT_30,1,01-Jan-2030 19:03:40,01-Jan-2030 19:05:00,80,NaN,NaN
Ground_Point_26,SAT_30,2,02-Jan-2030 05:46:00,02-Jan-2030 05:47:20,80,NaN,NaN
Ground_Point_26,SAT_30,3,05-Jan-2030 19:10:35,05-Jan-2030 19:11:50,75,NaN,NaN
Ground_Point_26,SAT_30,4,06-Jan-2030 05:53:00,06-Jan-2030 05:54:05,65,NaN,NaN
Ground_Point_26,SAT_30,5,07-Jan-2030 05:31:25,07-Jan-2030 05:32:20,55,NaN,NaN
Ground_Point_27,SAT_30,1,01-Jan-2030 06:06:50,01-Jan-2030 06:07:45,55,NaN,NaN
Ground_Point_27,SAT_30,2,01-Jan-2030 19:04:55,01-Jan-2030 19:06:10,75,NaN,NaN
Ground_Point_27,SAT_30,3,02-Jan-2030 05:45:10,02-Jan-2030 05:46:05,55,NaN,NaN
Ground_Point_27,SAT_30,4,05-Jan-2030 19:11:45,05-Jan-2030 19:13:00,75,NaN,NaN
Ground_Point_27,SAT_30,5,06-Jan-2030 05:51:55,06-Jan-2030 05:53:05,70,NaN,NaN
Ground_Point_28,SAT_30,1,02-Jan-2030 07:17:30,02-Jan-2030 07:18:15,45,NaN,NaN
Ground_Point_28,SAT_30,2,03-Jan-2030 06:55:45,03-Jan-2030 06:56:40,55,NaN,NaN
Ground_Point_28,SAT_30,3,03-Jan-2030 19:57:40,03-Jan-2030 19:58:55,75,NaN,NaN
Ground_Point_28,SAT_30,4,07-Jan-2030 07:02:30,07-Jan-2030 07:03:40,70,NaN,NaN
Ground_Point_28,SAT_30,5,07-Jan-2030 20:04:30,07-Jan-2030 20:05:50,80,NaN,NaN
Ground_Point_29,SAT_30,1,03-Jan-2030 06:56:05,03-Jan-2030 06:56:20,15,NaN,NaN
Ground_Point_29,SAT_30,2,04-Jan-2030 06:34:00,04-Jan-2030 06:35:05,65,NaN,NaN
Ground_Point_29,SAT_30,3,04-Jan-2030 19:35:30,04-Jan-2030 19:36:45,75,NaN,NaN
Ground_Point_30,SAT_30,1,01-Jan-2030 06:05:05,01-Jan-2030 06:06:15,70,NaN,NaN
Ground_Point_30,SAT_30,2,01-Jan-2030 19:06:30,01-Jan-2030 19:07:30,60,NaN,NaN
Ground_Point_30,SAT_30,3,02-Jan-2030 18:45:10,02-Jan-2030 18:45:35,25,NaN,NaN
Ground_Point_30,SAT_30,4,05-Jan-2030 06:12:10,05-Jan-2030 06:12:55,45,NaN,NaN
Ground_Point_30,SAT_30,5,05-Jan-2030 19:13:50,05-Jan-2030 19:14:00,10,NaN,NaN
Ground_Point_30,SAT_30,6,06-Jan-2030 05:50:30,06-Jan-2030 05:51:20,50,NaN,NaN
Ground_Point_30,SAT_30,7,06-Jan-2030 18:51:45,06-Jan-2030 18:52:45,60,NaN,NaN
Ground_Point_31,SAT_30,1,01-Jan-2030 06:06:05,01-Jan-2030 06:07:20,75,NaN,NaN
Ground_Point_31,SAT_30,2,01-Jan-2030 19:05:45,01-Jan-2030 19:06:50,65,NaN,NaN
Ground_Point_31,SAT_30,3,05-Jan-2030 06:12:55,05-Jan-2030 06:14:15,80,NaN,NaN
Ground_Point_31,SAT_30,4,05-Jan-2030 19:12:30,05-Jan-2030 19:13:45,75,NaN,NaN
Ground_Point_32,SAT_30,1,02-Jan-2030 18:41:50,02-Jan-2030 18:43:00,70,NaN,NaN
Ground_Point_32,SAT_30,2,03-Jan-2030 05:24:05,03-Jan-2030 05:25:05,60,NaN,NaN
Ground_Point_32,SAT_30,3,03-Jan-2030 18:20:35,03-Jan-2030 18:20:50,15,NaN,NaN
Ground_Point_32,SAT_30,4,04-Jan-2030 05:02:25,04-Jan-2030 05:03:25,60,NaN,NaN
Ground_Point_32,SAT_30,5,06-Jan-2030 18:48:45,06-Jan-2030 18:49:45,60,NaN,NaN
Ground_Point_32,SAT_30,6,07-Jan-2030 05:31:15,07-Jan-2030 05:31:40,25,NaN,NaN
Ground_Point_32,SAT_30,7,07-Jan-2030 18:27:10,07-Jan-2030 18:28:05,55,NaN,NaN
Ground_Point_33,SAT_30,1,02-Jan-2030 12:01:30,02-Jan-2030 12:01:35,5,NaN,NaN
Ground_Point_33,SAT_30,2,03-Jan-2030 11:39:20,03-Jan-2030 11:40:25,65,NaN,NaN
Ground_Point_33,SAT_30,3,04-Jan-2030 00:41:10,04-Jan-2030 00:42:30,80,NaN,NaN
Ground_Point_33,SAT_30,4,07-Jan-2030 11:46:05,07-Jan-2030 11:47:25,80,NaN,NaN
Ground_Point_34,SAT_30,1,02-Jan-2030 12:00:35,02-Jan-2030 12:01:50,75,NaN,NaN
Ground_Point_34,SAT_30,2,03-Jan-2030 01:03:40,03-Jan-2030 01:04:30,50,NaN,NaN
Ground_Point_34,SAT_30,3,04-Jan-2030 00:42:10,04-Jan-2030 00:42:45,35,NaN,NaN
Ground_Point_34,SAT_30,4,06-Jan-2030 12:07:30,06-Jan-2030 12:08:40,70,NaN,NaN
Ground_Point_35,SAT_30,1,03-Jan-2030 11:39:35,03-Jan-2030 11:40:45,70,NaN,NaN
Ground_Point_35,SAT_30,2,04-Jan-2030 00:40:45,04-Jan-2030 00:41:50,65,NaN,NaN
Ground_Point_35,SAT_30,3,07-Jan-2030 11:46:35,07-Jan-2030 11:47:25,50,NaN,NaN
Ground_Point_36,SAT_30,1,01-Jan-2030 01:46:35,01-Jan-2030 01:47:35,60,NaN,NaN
Ground_Point_36,SAT_30,2,02-Jan-2030 01:25:15,02-Jan-2030 01:25:40,25,NaN,NaN
Ground_Point_36,SAT_30,3,04-Jan-2030 12:52:10,04-Jan-2030 12:53:00,50,NaN,NaN
Ground_Point_36,SAT_30,4,05-Jan-2030 01:53:50,05-Jan-2030 01:54:05,15,NaN,NaN
Ground_Point_36,SAT_30,5,05-Jan-2030 12:30:30,05-Jan-2030 12:31:25,55,NaN,NaN
Ground_Point_36,SAT_30,6,06-Jan-2030 01:31:50,06-Jan-2030 01:32:50,60,NaN,NaN
Ground_Point_37,SAT_30,1,02-Jan-2030 13:33:30,02-Jan-2030 13:34:30,60,NaN,NaN
Ground_Point_37,SAT_30,2,04-Jan-2030 02:18:00,04-Jan-2030 02:18:40,40,NaN,NaN
Ground_Point_37,SAT_30,3,05-Jan-2030 01:56:30,05-Jan-2030 01:56:55,25,NaN,NaN
Ground_Point_37,SAT_30,4,07-Jan-2030 13:18:45,07-Jan-2030 13:19:45,60,NaN,NaN
Ground_Point_38,SAT_30,1,01-Jan-2030 01:50:05,01-Jan-2030 01:51:00,55,NaN,NaN
Ground_Point_38,SAT_30,2,02-Jan-2030 13:32:55,02-Jan-2030 13:33:30,35,NaN,NaN
Ground_Point_38,SAT_30,3,03-Jan-2030 13:11:15,03-Jan-2030 13:11:50,35,NaN,NaN
Ground_Point_38,SAT_30,4,05-Jan-2030 01:56:45,05-Jan-2030 01:58:00,75,NaN,NaN
Ground_Point_38,SAT_30,5,07-Jan-2030 13:17:50,07-Jan-2030 13:19:00,70,NaN,NaN
Ground_Point_39,SAT_30,1,01-Jan-2030 03:23:35,01-Jan-2030 03:24:20,45,NaN,NaN
Ground_Point_39,SAT_30,2,03-Jan-2030 14:46:30,03-Jan-2030 14:47:45,75,NaN,NaN
Ground_Point_39,SAT_30,3,05-Jan-2030 03:30:15,05-Jan-2030 03:31:25,70,NaN,NaN
Ground_Point_39,SAT_30,4,07-Jan-2030 14:53:20,07-Jan-2030 14:54:40,80,NaN,NaN
Ground_Point_40,SAT_30,1,02-Jan-2030 15:09:20,02-Jan-2030 15:10:30,70,NaN,NaN
Ground_Point_40,SAT_30,2,04-Jan-2030 03:51:05,04-Jan-2030 03:52:20,75,NaN,NaN
Ground_Point_40,SAT_30,3,06-Jan-2030 15:16:25,06-Jan-2030 15:17:05,40,NaN,NaN
Ground_Point_40,SAT_30,4,07-Jan-2030 14:54:45,07-Jan-2030 14:55:30,45,NaN,NaN
Ground_Point_41,SAT_30,1,03-Jan-2030 04:10:15,03-Jan-2030 04:11:30,75,NaN,NaN
Ground_Point_41,SAT_30,2,03-Jan-2030 14:50:05,03-Jan-2030 14:51:25,80,NaN,NaN
Ground_Point_41,SAT_30,3,04-Jan-2030 03:49:10,04-Jan-2030 03:49:15,5,NaN,NaN
Ground_Point_41,SAT_30,4,07-Jan-2030 04:17:20,07-Jan-2030 04:18:10,50,NaN,NaN
Ground_Point_41,SAT_30,5,07-Jan-2030 14:57:00,07-Jan-2030 14:58:15,75,NaN,NaN
Ground_Point_42,SAT_30,1,02-Jan-2030 12:01:50,02-Jan-2030 12:03:10,80,NaN,NaN
Ground_Point_42,SAT_30,2,03-Jan-2030 01:02:25,03-Jan-2030 01:03:35,70,NaN,NaN
Ground_Point_42,SAT_30,3,06-Jan-2030 12:08:45,06-Jan-2030 12:10:00,75,NaN,NaN
Ground_Point_42,SAT_30,4,07-Jan-2030 01:09:15,07-Jan-2030 01:10:30,75,NaN,NaN
Ground_Point_43,SAT_30,1,03-Jan-2030 11:40:25,03-Jan-2030 11:41:45,80,NaN,NaN
Ground_Point_43,SAT_30,2,04-Jan-2030 00:40:00,04-Jan-2030 00:41:10,70,NaN,NaN
Ground_Point_43,SAT_30,3,07-Jan-2030 11:47:20,07-Jan-2030 11:48:30,70,NaN,NaN
Ground_Point_44,SAT_30,1,01-Jan-2030 13:51:55,01-Jan-2030 13:52:45,50,NaN,NaN
Ground_Point_44,SAT_30,2,05-Jan-2030 01:59:45,05-Jan-2030 02:00:35,50,NaN,NaN
Ground_Point_44,SAT_30,3,06-Jan-2030 13:37:10,06-Jan-2030 13:38:00,50,NaN,NaN
Ground_Point_45,SAT_30,1,02-Jan-2030 13:32:45,02-Jan-2030 13:34:05,80,NaN,NaN
Ground_Point_45,SAT_30,2,04-Jan-2030 02:18:35,04-Jan-2030 02:19:25,50,NaN,NaN
Ground_Point_45,SAT_30,3,06-Jan-2030 13:39:45,06-Jan-2030 13:40:50,65,NaN,NaN
Ground_Point_46,SAT_30,1,01-Jan-2030 16:02:00,01-Jan-2030 16:02:45,45,NaN,NaN
Ground_Point_46,SAT_30,2,04-Jan-2030 03:20:25,04-Jan-2030 03:21:45,80,NaN,NaN
Ground_Point_46,SAT_30,3,06-Jan-2030 15:47:10,06-Jan-2030 15:48:05,55,NaN,NaN
Ground_Point_47,SAT_30,1,02-Jan-2030 04:04:10,02-Jan-2030 04:05:10,60,NaN,NaN
Ground_Point_47,SAT_30,2,04-Jan-2030 16:30:50,04-Jan-2030 16:32:00,70,NaN,NaN
Ground_Point_47,SAT_30,3,07-Jan-2030 03:49:30,07-Jan-2030 03:50:15,45,NaN,NaN
Ground_Point_48,SAT_30,1,01-Jan-2030 04:28:25,01-Jan-2030 04:29:05,40,NaN,NaN
Ground_Point_48,SAT_30,2,02-Jan-2030 17:12:55,02-Jan-2030 17:13:55,60,NaN,NaN
Ground_Point_48,SAT_30,3,05-Jan-2030 04:35:00,05-Jan-2030 04:36:10,70,NaN,NaN
Ground_Point_48,SAT_30,4,06-Jan-2030 17:19:40,06-Jan-2030 17:20:55,75,NaN,NaN
Ground_Point_49,SAT_30,1,01-Jan-2030 17:35:05,01-Jan-2030 17:36:20,75,NaN,NaN
Ground_Point_49,SAT_30,2,04-Jan-2030 04:56:15,04-Jan-2030 04:57:30,75,NaN,NaN
Ground_Point_49,SAT_30,3,05-Jan-2030 17:42:05,05-Jan-2030 17:43:00,55,NaN,NaN
Ground_Point_50,SAT_30,1,01-Jan-2030 05:47:05,01-Jan-2030 05:48:15,70,NaN,NaN
Ground_Point_50,SAT_30,2,03-Jan-2030 17:06:15,03-Jan-2030 17:07:25,70,NaN,NaN
Ground_Point_50,SAT_30,3,05-Jan-2030 05:54:10,05-Jan-2030 05:54:50,40,NaN,NaN
Ground_Point_50,SAT_30,4,06-Jan-2030 05:32:45,06-Jan-2030 05:33:00,15,NaN,NaN
Ground_Point_50,SAT_30,5,07-Jan-2030 17:13:05,07-Jan-2030 17:14:20,75,NaN,NaN
Ground_Point_51,SAT_30,1,01-Jan-2030 19:16:00,01-Jan-2030 19:16:50,50,NaN,NaN
Ground_Point_51,SAT_30,2,02-Jan-2030 07:08:25,02-Jan-2030 07:09:25,60,NaN,NaN
Ground_Point_51,SAT_30,3,06-Jan-2030 19:01:25,06-Jan-2030 19:01:55,30,NaN,NaN
Ground_Point_51,SAT_30,4,07-Jan-2030 06:53:55,07-Jan-2030 06:54:25,30,NaN,NaN
Ground_Point_52,SAT_30,1,01-Jan-2030 10:31:40,01-Jan-2030 10:32:35,55,NaN,NaN
Ground_Point_52,SAT_30,2,02-Jan-2030 22:11:00,02-Jan-2030 22:12:15,75,NaN,NaN
Ground_Point_52,SAT_30,3,05-Jan-2030 10:38:20,05-Jan-2030 10:39:35,75,NaN,NaN
Ground_Point_52,SAT_30,4,06-Jan-2030 22:17:55,06-Jan-2030 22:19:00,65,NaN,NaN
Ground_Point_53,SAT_30,1,01-Jan-2030 10:31:35,01-Jan-2030 10:32:40,65,NaN,NaN
Ground_Point_53,SAT_30,2,03-Jan-2030 21:49:15,03-Jan-2030 21:50:00,45,NaN,NaN
Ground_Point_53,SAT_30,3,06-Jan-2030 10:17:00,06-Jan-2030 10:17:40,40,NaN,NaN
Ground_Point_53,SAT_30,4,07-Jan-2030 21:55:55,07-Jan-2030 21:57:05,70,NaN,NaN
Ground_Point_54,SAT_30,1,02-Jan-2030 11:41:05,02-Jan-2030 11:42:15,70,NaN,NaN
Ground_Point_54,SAT_30,2,05-Jan-2030 22:43:00,05-Jan-2030 22:43:55,55,NaN,NaN
Ground_Point_54,SAT_30,3,06-Jan-2030 11:48:15,06-Jan-2030 11:48:45,30,NaN,NaN
Ground_Point_54,SAT_30,4,07-Jan-2030 11:26:30,07-Jan-2030 11:27:15,45,NaN,NaN
Ground_Point_55,SAT_30,1,02-Jan-2030 23:48:10,02-Jan-2030 23:49:10,60,NaN,NaN
Ground_Point_55,SAT_30,2,04-Jan-2030 12:32:10,04-Jan-2030 12:33:10,60,NaN,NaN
Ground_Point_55,SAT_30,3,07-Jan-2030 23:33:25,07-Jan-2030 23:34:20,55,NaN,NaN
Ground_Point_1,SAT_31,1,02-Jan-2030 22:38:40,02-Jan-2030 22:39:10,30,NaN,NaN
Ground_Point_1,SAT_31,2,03-Jan-2030 22:16:50,03-Jan-2030 22:17:45,55,NaN,NaN
Ground_Point_1,SAT_31,3,04-Jan-2030 11:20:15,04-Jan-2030 11:21:30,75,NaN,NaN
Ground_Point_1,SAT_31,4,07-Jan-2030 22:23:35,07-Jan-2030 22:24:50,75,NaN,NaN
Ground_Point_2,SAT_31,1,01-Jan-2030 10:52:45,01-Jan-2030 10:52:55,10,NaN,NaN
Ground_Point_2,SAT_31,2,03-Jan-2030 22:16:00,03-Jan-2030 22:17:15,75,NaN,NaN
Ground_Point_2,SAT_31,3,05-Jan-2030 10:59:15,05-Jan-2030 11:00:15,60,NaN,NaN
Ground_Point_2,SAT_31,4,07-Jan-2030 22:22:50,07-Jan-2030 22:24:10,80,NaN,NaN
Ground_Point_3,SAT_31,1,02-Jan-2030 22:38:35,02-Jan-2030 22:39:15,40,NaN,NaN
Ground_Point_3,SAT_31,2,03-Jan-2030 22:16:55,03-Jan-2030 22:17:40,45,NaN,NaN
Ground_Point_3,SAT_31,3,04-Jan-2030 11:20:15,04-Jan-2030 11:21:30,75,NaN,NaN
Ground_Point_3,SAT_31,4,07-Jan-2030 22:23:35,07-Jan-2030 22:24:50,75,NaN,NaN
Ground_Point_4,SAT_31,1,01-Jan-2030 21:25:45,01-Jan-2030 21:26:25,40,NaN,NaN
Ground_Point_4,SAT_31,2,02-Jan-2030 10:30:00,02-Jan-2030 10:31:05,65,NaN,NaN
Ground_Point_4,SAT_31,3,05-Jan-2030 21:32:25,05-Jan-2030 21:33:35,70,NaN,NaN
Ground_Point_4,SAT_31,4,06-Jan-2030 10:37:15,06-Jan-2030 10:37:40,25,NaN,NaN
Ground_Point_4,SAT_31,5,07-Jan-2030 10:15:25,07-Jan-2030 10:16:15,50,NaN,NaN
Ground_Point_5,SAT_31,1,02-Jan-2030 10:30:35,02-Jan-2030 10:31:30,55,NaN,NaN
Ground_Point_5,SAT_31,2,04-Jan-2030 21:53:55,04-Jan-2030 21:55:10,75,NaN,NaN
Ground_Point_5,SAT_31,3,06-Jan-2030 10:37:20,06-Jan-2030 10:38:30,70,NaN,NaN
Ground_Point_6,SAT_31,1,02-Jan-2030 10:30:15,02-Jan-2030 10:31:25,70,NaN,NaN
Ground_Point_6,SAT_31,2,04-Jan-2030 21:54:00,04-Jan-2030 21:55:15,75,NaN,NaN
Ground_Point_6,SAT_31,3,06-Jan-2030 10:37:05,06-Jan-2030 10:38:20,75,NaN,NaN
Ground_Point_7,SAT_31,1,01-Jan-2030 23:01:05,01-Jan-2030 23:02:15,70,NaN,NaN
Ground_Point_7,SAT_31,2,02-Jan-2030 12:03:25,02-Jan-2030 12:04:40,75,NaN,NaN
Ground_Point_7,SAT_31,3,05-Jan-2030 23:07:55,05-Jan-2030 23:09:15,80,NaN,NaN
Ground_Point_7,SAT_31,4,06-Jan-2030 12:10:25,06-Jan-2030 12:11:25,60,NaN,NaN
Ground_Point_7,SAT_31,5,07-Jan-2030 11:49:10,07-Jan-2030 11:49:25,15,NaN,NaN
Ground_Point_8,SAT_31,1,01-Jan-2030 22:58:40,01-Jan-2030 22:59:50,70,NaN,NaN
Ground_Point_8,SAT_31,2,03-Jan-2030 11:44:05,03-Jan-2030 11:44:40,35,NaN,NaN
Ground_Point_8,SAT_31,3,04-Jan-2030 11:22:30,04-Jan-2030 11:23:00,30,NaN,NaN
Ground_Point_8,SAT_31,4,05-Jan-2030 23:05:50,05-Jan-2030 23:06:25,35,NaN,NaN
Ground_Point_8,SAT_31,5,06-Jan-2030 22:44:15,06-Jan-2030 22:44:50,35,NaN,NaN
Ground_Point_9,SAT_31,1,03-Jan-2030 11:46:40,03-Jan-2030 11:47:10,30,NaN,NaN
Ground_Point_9,SAT_31,2,04-Jan-2030 23:25:20,04-Jan-2030 23:26:30,70,NaN,NaN
Ground_Point_9,SAT_31,3,07-Jan-2030 11:53:15,07-Jan-2030 11:54:25,70,NaN,NaN
Ground_Point_10,SAT_31,1,03-Jan-2030 11:46:40,03-Jan-2030 11:47:20,40,NaN,NaN
Ground_Point_10,SAT_31,2,04-Jan-2030 23:25:15,04-Jan-2030 23:26:25,70,NaN,NaN
Ground_Point_10,SAT_31,3,07-Jan-2030 11:53:15,07-Jan-2030 11:54:25,70,NaN,NaN
Ground_Point_11,SAT_31,1,01-Jan-2030 22:57:00,01-Jan-2030 22:58:20,80,NaN,NaN
Ground_Point_11,SAT_31,2,04-Jan-2030 11:23:45,04-Jan-2030 11:24:50,65,NaN,NaN
Ground_Point_11,SAT_31,3,05-Jan-2030 23:04:00,05-Jan-2030 23:05:10,70,NaN,NaN
Ground_Point_12,SAT_31,1,02-Jan-2030 00:25:15,02-Jan-2030 00:26:30,75,NaN,NaN
Ground_Point_12,SAT_31,2,06-Jan-2030 00:32:25,06-Jan-2030 00:33:10,45,NaN,NaN
Ground_Point_12,SAT_31,3,06-Jan-2030 12:20:45,06-Jan-2030 12:21:50,65,NaN,NaN
Ground_Point_13,SAT_31,1,02-Jan-2030 00:28:35,02-Jan-2030 00:29:50,75,NaN,NaN
Ground_Point_13,SAT_31,2,05-Jan-2030 12:39:25,05-Jan-2030 12:40:25,60,NaN,NaN
Ground_Point_13,SAT_31,3,06-Jan-2030 00:35:35,06-Jan-2030 00:36:40,65,NaN,NaN
Ground_Point_14,SAT_31,1,02-Jan-2030 12:11:25,02-Jan-2030 12:12:20,55,NaN,NaN
Ground_Point_14,SAT_31,2,03-Jan-2030 00:05:55,03-Jan-2030 00:07:10,75,NaN,NaN
Ground_Point_14,SAT_31,3,06-Jan-2030 12:18:10,06-Jan-2030 12:19:25,75,NaN,NaN
Ground_Point_14,SAT_31,4,07-Jan-2030 00:12:50,07-Jan-2030 00:14:00,70,NaN,NaN
Ground_Point_15,SAT_31,1,02-Jan-2030 00:23:25,02-Jan-2030 00:24:10,45,NaN,NaN
Ground_Point_15,SAT_31,2,02-Jan-2030 12:15:45,02-Jan-2030 12:16:35,50,NaN,NaN
Ground_Point_15,SAT_31,3,07-Jan-2030 00:08:40,07-Jan-2030 00:09:30,50,NaN,NaN
Ground_Point_15,SAT_31,4,07-Jan-2030 12:01:10,07-Jan-2030 12:01:45,35,NaN,NaN
Ground_Point_16,SAT_31,1,04-Jan-2030 11:26:20,04-Jan-2030 11:27:35,75,NaN,NaN
Ground_Point_16,SAT_31,2,05-Jan-2030 23:01:25,05-Jan-2030 23:02:30,65,NaN,NaN
Ground_Point_17,SAT_31,1,01-Jan-2030 12:35:05,01-Jan-2030 12:36:20,75,NaN,NaN
Ground_Point_17,SAT_31,2,02-Jan-2030 00:25:50,02-Jan-2030 00:27:05,75,NaN,NaN
Ground_Point_17,SAT_31,3,05-Jan-2030 12:42:05,05-Jan-2030 12:43:00,55,NaN,NaN
Ground_Point_17,SAT_31,4,06-Jan-2030 00:32:45,06-Jan-2030 00:34:00,75,NaN,NaN
Ground_Point_18,SAT_31,1,01-Jan-2030 02:26:45,01-Jan-2030 02:27:05,20,NaN,NaN
Ground_Point_18,SAT_31,2,02-Jan-2030 02:05:15,02-Jan-2030 02:05:20,5,NaN,NaN
Ground_Point_18,SAT_31,3,04-Jan-2030 14:34:25,04-Jan-2030 14:35:30,65,NaN,NaN
Ground_Point_18,SAT_31,4,06-Jan-2030 02:11:40,06-Jan-2030 02:12:45,65,NaN,NaN
Ground_Point_19,SAT_31,1,03-Jan-2030 01:45:20,03-Jan-2030 01:46:25,65,NaN,NaN
Ground_Point_19,SAT_31,2,04-Jan-2030 14:31:45,04-Jan-2030 14:32:55,70,NaN,NaN
Ground_Point_19,SAT_31,3,07-Jan-2030 01:52:10,07-Jan-2030 01:53:25,75,NaN,NaN
Ground_Point_20,SAT_31,1,01-Jan-2030 14:07:20,01-Jan-2030 14:08:10,50,NaN,NaN
Ground_Point_20,SAT_31,2,02-Jan-2030 02:02:55,02-Jan-2030 02:04:10,75,NaN,NaN
Ground_Point_20,SAT_31,3,05-Jan-2030 14:14:00,05-Jan-2030 14:15:15,75,NaN,NaN
Ground_Point_20,SAT_31,4,06-Jan-2030 02:09:55,06-Jan-2030 02:10:50,55,NaN,NaN
Ground_Point_21,SAT_31,1,01-Jan-2030 20:15:05,01-Jan-2030 20:15:45,40,NaN,NaN
Ground_Point_21,SAT_31,2,02-Jan-2030 19:53:10,02-Jan-2030 19:54:20,70,NaN,NaN
Ground_Point_21,SAT_31,3,03-Jan-2030 06:34:55,03-Jan-2030 06:36:15,80,NaN,NaN
Ground_Point_21,SAT_31,4,06-Jan-2030 20:00:00,06-Jan-2030 20:01:20,80,NaN,NaN
Ground_Point_21,SAT_31,5,07-Jan-2030 06:41:50,07-Jan-2030 06:43:10,80,NaN,NaN
Ground_Point_22,SAT_31,1,02-Jan-2030 19:53:45,02-Jan-2030 19:54:55,70,NaN,NaN
Ground_Point_22,SAT_31,2,03-Jan-2030 06:34:10,03-Jan-2030 06:35:25,75,NaN,NaN
Ground_Point_22,SAT_31,3,03-Jan-2030 19:32:25,03-Jan-2030 19:32:50,25,NaN,NaN
Ground_Point_22,SAT_31,4,06-Jan-2030 20:00:45,06-Jan-2030 20:01:35,50,NaN,NaN
Ground_Point_22,SAT_31,5,07-Jan-2030 06:41:05,07-Jan-2030 06:42:20,75,NaN,NaN
Ground_Point_22,SAT_31,6,07-Jan-2030 19:39:05,07-Jan-2030 19:40:05,60,NaN,NaN
Ground_Point_23,SAT_31,1,02-Jan-2030 19:52:50,02-Jan-2030 19:53:50,60,NaN,NaN
Ground_Point_23,SAT_31,2,03-Jan-2030 19:31:10,03-Jan-2030 19:32:10,60,NaN,NaN
Ground_Point_23,SAT_31,3,04-Jan-2030 06:13:15,04-Jan-2030 06:14:35,80,NaN,NaN
Ground_Point_23,SAT_31,4,06-Jan-2030 20:00:00,06-Jan-2030 20:00:25,25,NaN,NaN
Ground_Point_23,SAT_31,5,07-Jan-2030 19:37:55,07-Jan-2030 19:39:10,75,NaN,NaN
Ground_Point_24,SAT_31,1,02-Jan-2030 19:53:15,02-Jan-2030 19:54:10,55,NaN,NaN
Ground_Point_24,SAT_31,2,03-Jan-2030 06:34:50,03-Jan-2030 06:35:40,50,NaN,NaN
Ground_Point_24,SAT_31,3,03-Jan-2030 19:31:35,03-Jan-2030 19:32:35,60,NaN,NaN
Ground_Point_24,SAT_31,4,04-Jan-2030 06:13:00,04-Jan-2030 06:14:05,65,NaN,NaN
Ground_Point_24,SAT_31,5,06-Jan-2030 20:00:30,06-Jan-2030 20:00:40,10,NaN,NaN
Ground_Point_24,SAT_31,6,07-Jan-2030 19:38:20,07-Jan-2030 19:39:35,75,NaN,NaN
Ground_Point_25,SAT_31,1,03-Jan-2030 19:31:30,03-Jan-2030 19:32:40,70,NaN,NaN
Ground_Point_25,SAT_31,2,04-Jan-2030 06:12:35,04-Jan-2030 06:13:45,70,NaN,NaN
Ground_Point_25,SAT_31,3,04-Jan-2030 19:10:05,04-Jan-2030 19:10:45,40,NaN,NaN
Ground_Point_25,SAT_31,4,05-Jan-2030 05:51:15,05-Jan-2030 05:51:50,35,NaN,NaN
Ground_Point_25,SAT_31,5,07-Jan-2030 19:38:35,07-Jan-2030 19:39:20,45,NaN,NaN
Ground_Point_26,SAT_31,1,01-Jan-2030 05:44:20,01-Jan-2030 05:45:40,80,NaN,NaN
Ground_Point_26,SAT_31,2,04-Jan-2030 19:08:55,04-Jan-2030 19:10:15,80,NaN,NaN
Ground_Point_26,SAT_31,3,05-Jan-2030 05:51:20,05-Jan-2030 05:52:30,70,NaN,NaN
Ground_Point_26,SAT_31,4,06-Jan-2030 05:29:55,06-Jan-2030 05:30:40,45,NaN,NaN
Ground_Point_27,SAT_31,1,01-Jan-2030 05:43:35,01-Jan-2030 05:44:25,50,NaN,NaN
Ground_Point_27,SAT_31,2,04-Jan-2030 06:12:20,04-Jan-2030 06:12:45,25,NaN,NaN
Ground_Point_27,SAT_31,3,04-Jan-2030 19:10:10,04-Jan-2030 19:11:25,75,NaN,NaN
Ground_Point_27,SAT_31,4,05-Jan-2030 05:50:20,05-Jan-2030 05:51:30,70,NaN,NaN
Ground_Point_28,SAT_31,1,01-Jan-2030 07:15:45,01-Jan-2030 07:16:40,55,NaN,NaN
Ground_Point_28,SAT_31,2,02-Jan-2030 06:54:15,02-Jan-2030 06:54:55,40,NaN,NaN
Ground_Point_28,SAT_31,3,02-Jan-2030 19:56:05,02-Jan-2030 19:57:20,75,NaN,NaN
Ground_Point_28,SAT_31,4,06-Jan-2030 07:00:55,06-Jan-2030 07:02:05,70,NaN,NaN
Ground_Point_28,SAT_31,5,06-Jan-2030 20:03:00,06-Jan-2030 20:04:15,75,NaN,NaN
Ground_Point_29,SAT_31,1,02-Jan-2030 06:54:15,02-Jan-2030 06:54:50,35,NaN,NaN
Ground_Point_29,SAT_31,2,03-Jan-2030 06:32:25,03-Jan-2030 06:33:25,60,NaN,NaN
Ground_Point_29,SAT_31,3,03-Jan-2030 19:33:55,03-Jan-2030 19:35:10,75,NaN,NaN
Ground_Point_29,SAT_31,4,07-Jan-2030 06:39:10,07-Jan-2030 06:40:30,80,NaN,NaN
Ground_Point_29,SAT_31,5,07-Jan-2030 19:40:50,07-Jan-2030 19:42:05,75,NaN,NaN
Ground_Point_30,SAT_31,1,04-Jan-2030 06:10:30,04-Jan-2030 06:11:25,55,NaN,NaN
Ground_Point_30,SAT_31,2,04-Jan-2030 19:12:00,04-Jan-2030 19:12:35,35,NaN,NaN
Ground_Point_30,SAT_31,3,05-Jan-2030 05:48:55,05-Jan-2030 05:49:40,45,NaN,NaN
Ground_Point_30,SAT_31,4,05-Jan-2030 18:50:10,05-Jan-2030 18:51:10,60,NaN,NaN
Ground_Point_31,SAT_31,1,04-Jan-2030 06:11:20,04-Jan-2030 06:12:40,80,NaN,NaN
Ground_Point_31,SAT_31,2,04-Jan-2030 19:10:55,04-Jan-2030 19:12:10,75,NaN,NaN
Ground_Point_32,SAT_31,1,01-Jan-2030 18:40:10,01-Jan-2030 18:41:25,75,NaN,NaN
Ground_Point_32,SAT_31,2,02-Jan-2030 05:22:25,02-Jan-2030 05:23:30,65,NaN,NaN
Ground_Point_32,SAT_31,3,03-Jan-2030 05:00:50,03-Jan-2030 05:01:50,60,NaN,NaN
Ground_Point_32,SAT_31,4,05-Jan-2030 18:47:10,05-Jan-2030 18:48:15,65,NaN,NaN
Ground_Point_32,SAT_31,5,06-Jan-2030 05:29:35,06-Jan-2030 05:30:15,40,NaN,NaN
Ground_Point_32,SAT_31,6,06-Jan-2030 18:25:35,06-Jan-2030 18:26:25,50,NaN,NaN
Ground_Point_32,SAT_31,7,07-Jan-2030 05:07:40,07-Jan-2030 05:08:50,70,NaN,NaN
Ground_Point_33,SAT_31,1,01-Jan-2030 11:59:40,01-Jan-2030 12:00:10,30,NaN,NaN
Ground_Point_33,SAT_31,2,02-Jan-2030 11:37:45,02-Jan-2030 11:38:45,60,NaN,NaN
Ground_Point_33,SAT_31,3,03-Jan-2030 00:39:35,03-Jan-2030 00:40:50,75,NaN,NaN
Ground_Point_33,SAT_31,4,06-Jan-2030 11:44:30,06-Jan-2030 11:45:45,75,NaN,NaN
Ground_Point_33,SAT_31,5,07-Jan-2030 00:46:30,07-Jan-2030 00:47:45,75,NaN,NaN
Ground_Point_34,SAT_31,1,01-Jan-2030 11:58:55,01-Jan-2030 12:00:15,80,NaN,NaN
Ground_Point_34,SAT_31,2,02-Jan-2030 01:02:00,02-Jan-2030 01:02:55,55,NaN,NaN
Ground_Point_34,SAT_31,3,03-Jan-2030 00:40:40,03-Jan-2030 00:40:55,15,NaN,NaN
Ground_Point_34,SAT_31,4,05-Jan-2030 12:05:50,05-Jan-2030 12:07:05,75,NaN,NaN
Ground_Point_34,SAT_31,5,07-Jan-2030 00:47:10,07-Jan-2030 00:48:15,65,NaN,NaN
Ground_Point_35,SAT_31,1,02-Jan-2030 11:37:55,02-Jan-2030 11:39:10,75,NaN,NaN
Ground_Point_35,SAT_31,2,03-Jan-2030 00:39:05,03-Jan-2030 00:40:15,70,NaN,NaN
Ground_Point_35,SAT_31,3,06-Jan-2030 11:45:00,06-Jan-2030 11:45:55,55,NaN,NaN
Ground_Point_35,SAT_31,4,07-Jan-2030 00:46:10,07-Jan-2030 00:46:55,45,NaN,NaN
Ground_Point_35,SAT_31,5,07-Jan-2030 11:23:25,07-Jan-2030 11:24:10,45,NaN,NaN
Ground_Point_36,SAT_31,1,03-Jan-2030 12:50:30,03-Jan-2030 12:51:30,60,NaN,NaN
Ground_Point_36,SAT_31,2,04-Jan-2030 01:52:05,04-Jan-2030 01:52:40,35,NaN,NaN
Ground_Point_36,SAT_31,3,04-Jan-2030 12:29:00,04-Jan-2030 12:29:40,40,NaN,NaN
Ground_Point_36,SAT_31,4,05-Jan-2030 01:30:15,05-Jan-2030 01:31:10,55,NaN,NaN
Ground_Point_37,SAT_31,1,01-Jan-2030 13:31:50,01-Jan-2030 13:32:55,65,NaN,NaN
Ground_Point_37,SAT_31,2,03-Jan-2030 02:16:15,03-Jan-2030 02:17:10,55,NaN,NaN
Ground_Point_37,SAT_31,3,05-Jan-2030 13:39:10,05-Jan-2030 13:39:25,15,NaN,NaN
Ground_Point_37,SAT_31,4,06-Jan-2030 13:17:15,06-Jan-2030 13:18:05,50,NaN,NaN
Ground_Point_38,SAT_31,1,01-Jan-2030 13:31:10,01-Jan-2030 13:31:55,45,NaN,NaN
Ground_Point_38,SAT_31,2,04-Jan-2030 01:55:10,04-Jan-2030 01:56:25,75,NaN,NaN
Ground_Point_38,SAT_31,3,06-Jan-2030 13:16:20,06-Jan-2030 13:17:20,60,NaN,NaN
Ground_Point_39,SAT_31,1,02-Jan-2030 14:44:55,02-Jan-2030 14:46:05,70,NaN,NaN
Ground_Point_39,SAT_31,2,04-Jan-2030 03:28:40,04-Jan-2030 03:29:45,65,NaN,NaN
Ground_Point_39,SAT_31,3,06-Jan-2030 14:51:45,06-Jan-2030 14:53:05,80,NaN,NaN
Ground_Point_40,SAT_31,1,01-Jan-2030 15:07:40,01-Jan-2030 15:08:55,75,NaN,NaN
Ground_Point_40,SAT_31,2,03-Jan-2030 03:49:30,03-Jan-2030 03:50:40,70,NaN,NaN
Ground_Point_40,SAT_31,3,05-Jan-2030 15:14:45,05-Jan-2030 15:15:35,50,NaN,NaN
Ground_Point_40,SAT_31,4,06-Jan-2030 14:53:15,06-Jan-2030 14:53:50,35,NaN,NaN
Ground_Point_40,SAT_31,5,07-Jan-2030 03:56:20,07-Jan-2030 03:57:40,80,NaN,NaN
Ground_Point_41,SAT_31,1,02-Jan-2030 04:08:40,02-Jan-2030 04:09:50,70,NaN,NaN
Ground_Point_41,SAT_31,2,02-Jan-2030 14:48:30,02-Jan-2030 14:49:45,75,NaN,NaN
Ground_Point_41,SAT_31,3,06-Jan-2030 04:15:40,06-Jan-2030 04:16:40,60,NaN,NaN
Ground_Point_41,SAT_31,4,06-Jan-2030 14:55:25,06-Jan-2030 14:56:40,75,NaN,NaN
Ground_Point_41,SAT_31,5,07-Jan-2030 03:54:05,07-Jan-2030 03:54:55,50,NaN,NaN
Ground_Point_42,SAT_31,1,01-Jan-2030 12:00:15,01-Jan-2030 12:01:30,75,NaN,NaN
Ground_Point_42,SAT_31,2,02-Jan-2030 01:00:45,02-Jan-2030 01:01:55,70,NaN,NaN
Ground_Point_42,SAT_31,3,05-Jan-2030 12:07:10,05-Jan-2030 12:08:25,75,NaN,NaN
Ground_Point_42,SAT_31,4,06-Jan-2030 01:07:40,06-Jan-2030 01:08:55,75,NaN,NaN
Ground_Point_43,SAT_31,1,02-Jan-2030 01:00:25,02-Jan-2030 01:00:50,25,NaN,NaN
Ground_Point_43,SAT_31,2,02-Jan-2030 11:38:45,02-Jan-2030 11:40:05,80,NaN,NaN
Ground_Point_43,SAT_31,3,03-Jan-2030 00:38:25,03-Jan-2030 00:39:30,65,NaN,NaN
Ground_Point_43,SAT_31,4,06-Jan-2030 11:45:45,06-Jan-2030 11:47:00,75,NaN,NaN
Ground_Point_43,SAT_31,5,07-Jan-2030 00:45:15,07-Jan-2030 00:46:30,75,NaN,NaN
Ground_Point_44,SAT_31,1,04-Jan-2030 01:58:15,04-Jan-2030 01:58:55,40,NaN,NaN
Ground_Point_44,SAT_31,2,05-Jan-2030 13:35:40,05-Jan-2030 13:36:20,40,NaN,NaN
Ground_Point_45,SAT_31,1,01-Jan-2030 13:31:10,01-Jan-2030 13:32:25,75,NaN,NaN
Ground_Point_45,SAT_31,2,03-Jan-2030 02:16:55,03-Jan-2030 02:17:55,60,NaN,NaN
Ground_Point_45,SAT_31,3,05-Jan-2030 13:38:10,05-Jan-2030 13:39:15,65,NaN,NaN
Ground_Point_46,SAT_31,1,03-Jan-2030 03:18:50,03-Jan-2030 03:20:05,75,NaN,NaN
Ground_Point_46,SAT_31,2,05-Jan-2030 15:45:35,05-Jan-2030 15:46:25,50,NaN,NaN
Ground_Point_46,SAT_31,3,07-Jan-2030 03:25:45,07-Jan-2030 03:27:00,75,NaN,NaN
Ground_Point_47,SAT_31,1,01-Jan-2030 04:02:25,01-Jan-2030 04:03:35,70,NaN,NaN
Ground_Point_47,SAT_31,2,03-Jan-2030 16:29:10,03-Jan-2030 16:30:25,75,NaN,NaN
Ground_Point_47,SAT_31,3,05-Jan-2030 04:09:45,05-Jan-2030 04:10:05,20,NaN,NaN
Ground_Point_47,SAT_31,4,06-Jan-2030 03:48:05,06-Jan-2030 03:48:30,25,NaN,NaN
Ground_Point_47,SAT_31,5,07-Jan-2030 16:36:15,07-Jan-2030 16:37:10,55,NaN,NaN
Ground_Point_48,SAT_31,1,01-Jan-2030 17:11:20,01-Jan-2030 17:12:15,55,NaN,NaN
Ground_Point_48,SAT_31,2,04-Jan-2030 04:33:25,04-Jan-2030 04:34:30,65,NaN,NaN
Ground_Point_48,SAT_31,3,05-Jan-2030 17:18:05,05-Jan-2030 17:19:15,70,NaN,NaN
Ground_Point_49,SAT_31,1,03-Jan-2030 04:54:35,03-Jan-2030 04:55:55,80,NaN,NaN
Ground_Point_49,SAT_31,2,04-Jan-2030 17:40:30,04-Jan-2030 17:41:30,60,NaN,NaN
Ground_Point_49,SAT_31,3,07-Jan-2030 05:01:35,07-Jan-2030 05:02:45,70,NaN,NaN
Ground_Point_50,SAT_31,1,02-Jan-2030 17:04:40,02-Jan-2030 17:05:45,65,NaN,NaN
Ground_Point_50,SAT_31,2,04-Jan-2030 05:52:30,04-Jan-2030 05:53:20,50,NaN,NaN
Ground_Point_50,SAT_31,3,06-Jan-2030 17:11:30,06-Jan-2030 17:12:45,75,NaN,NaN
Ground_Point_51,SAT_31,1,01-Jan-2030 07:06:45,01-Jan-2030 07:07:50,65,NaN,NaN
Ground_Point_52,SAT_31,1,01-Jan-2030 22:09:20,01-Jan-2030 22:10:35,75,NaN,NaN
Ground_Point_52,SAT_31,2,04-Jan-2030 10:36:45,04-Jan-2030 10:38:00,75,NaN,NaN
Ground_Point_52,SAT_31,3,05-Jan-2030 22:16:15,05-Jan-2030 22:17:30,75,NaN,NaN
Ground_Point_53,SAT_31,1,02-Jan-2030 21:47:50,02-Jan-2030 21:48:15,25,NaN,NaN
Ground_Point_53,SAT_31,2,04-Jan-2030 10:37:10,04-Jan-2030 10:37:35,25,NaN,NaN
Ground_Point_53,SAT_31,3,05-Jan-2030 10:15:35,05-Jan-2030 10:15:55,20,NaN,NaN
Ground_Point_53,SAT_31,4,06-Jan-2030 21:54:20,06-Jan-2030 21:55:30,70,NaN,NaN
Ground_Point_54,SAT_31,1,01-Jan-2030 11:39:25,01-Jan-2030 11:40:40,75,NaN,NaN
Ground_Point_54,SAT_31,2,03-Jan-2030 23:03:20,03-Jan-2030 23:03:40,20,NaN,NaN
Ground_Point_54,SAT_31,3,04-Jan-2030 22:41:25,04-Jan-2030 22:42:15,50,NaN,NaN
Ground_Point_54,SAT_31,4,05-Jan-2030 11:46:35,05-Jan-2030 11:47:20,45,NaN,NaN
Ground_Point_54,SAT_31,5,06-Jan-2030 11:25:00,06-Jan-2030 11:25:35,35,NaN,NaN
Ground_Point_55,SAT_31,1,01-Jan-2030 23:46:30,01-Jan-2030 23:47:35,65,NaN,NaN
Ground_Point_55,SAT_31,2,03-Jan-2030 12:30:30,03-Jan-2030 12:31:35,65,NaN,NaN
Ground_Point_55,SAT_31,3,05-Jan-2030 23:53:45,05-Jan-2030 23:54:05,20,NaN,NaN
Ground_Point_55,SAT_31,4,06-Jan-2030 23:31:55,06-Jan-2030 23:32:40,45,NaN,NaN
Ground_Point_55,SAT_31,5,07-Jan-2030 12:37:50,07-Jan-2030 12:38:05,15,NaN,NaN
Ground_Point_1,SAT_32,1,01-Jan-2030 22:37:00,01-Jan-2030 22:37:40,40,NaN,NaN
Ground_Point_1,SAT_32,2,02-Jan-2030 22:15:20,02-Jan-2030 22:16:05,45,NaN,NaN
Ground_Point_1,SAT_32,3,03-Jan-2030 11:18:40,03-Jan-2030 11:19:55,75,NaN,NaN
Ground_Point_1,SAT_32,4,06-Jan-2030 22:22:10,06-Jan-2030 22:23:20,70,NaN,NaN
Ground_Point_1,SAT_32,5,07-Jan-2030 11:25:45,07-Jan-2030 11:26:45,60,NaN,NaN
Ground_Point_2,SAT_32,1,02-Jan-2030 22:14:25,02-Jan-2030 22:15:35,70,NaN,NaN
Ground_Point_2,SAT_32,2,04-Jan-2030 10:57:45,04-Jan-2030 10:58:40,55,NaN,NaN
Ground_Point_2,SAT_32,3,06-Jan-2030 22:21:20,06-Jan-2030 22:22:40,80,NaN,NaN
Ground_Point_3,SAT_32,1,01-Jan-2030 22:36:50,01-Jan-2030 22:37:45,55,NaN,NaN
Ground_Point_3,SAT_32,2,02-Jan-2030 22:15:25,02-Jan-2030 22:16:00,35,NaN,NaN
Ground_Point_3,SAT_32,3,03-Jan-2030 11:18:40,03-Jan-2030 11:20:00,80,NaN,NaN
Ground_Point_3,SAT_32,4,06-Jan-2030 22:22:10,06-Jan-2030 22:23:15,65,NaN,NaN
Ground_Point_3,SAT_32,5,07-Jan-2030 11:25:45,07-Jan-2030 11:26:50,65,NaN,NaN
Ground_Point_4,SAT_32,1,01-Jan-2030 10:28:20,01-Jan-2030 10:29:30,70,NaN,NaN
Ground_Point_4,SAT_32,2,04-Jan-2030 21:30:55,04-Jan-2030 21:32:00,65,NaN,NaN
Ground_Point_4,SAT_32,3,05-Jan-2030 10:35:35,05-Jan-2030 10:36:15,40,NaN,NaN
Ground_Point_4,SAT_32,4,06-Jan-2030 10:14:00,06-Jan-2030 10:14:40,40,NaN,NaN
Ground_Point_5,SAT_32,1,01-Jan-2030 10:29:00,01-Jan-2030 10:29:45,45,NaN,NaN
Ground_Point_5,SAT_32,2,03-Jan-2030 21:52:20,03-Jan-2030 21:53:35,75,NaN,NaN
Ground_Point_5,SAT_32,3,05-Jan-2030 10:35:50,05-Jan-2030 10:37:00,70,NaN,NaN
Ground_Point_5,SAT_32,4,07-Jan-2030 21:59:20,07-Jan-2030 22:00:35,75,NaN,NaN
Ground_Point_6,SAT_32,1,01-Jan-2030 10:28:35,01-Jan-2030 10:29:45,70,NaN,NaN
Ground_Point_6,SAT_32,2,03-Jan-2030 21:52:25,03-Jan-2030 21:53:40,75,NaN,NaN
Ground_Point_6,SAT_32,3,05-Jan-2030 10:35:35,05-Jan-2030 10:36:50,75,NaN,NaN
Ground_Point_6,SAT_32,4,07-Jan-2030 21:59:35,07-Jan-2030 22:00:30,55,NaN,NaN
Ground_Point_7,SAT_32,1,01-Jan-2030 12:01:45,01-Jan-2030 12:03:05,80,NaN,NaN
Ground_Point_7,SAT_32,2,04-Jan-2030 23:06:20,04-Jan-2030 23:07:40,80,NaN,NaN
Ground_Point_7,SAT_32,3,05-Jan-2030 12:08:50,05-Jan-2030 12:09:55,65,NaN,NaN
Ground_Point_8,SAT_32,1,02-Jan-2030 11:42:20,02-Jan-2030 11:43:10,50,NaN,NaN
Ground_Point_8,SAT_32,2,04-Jan-2030 23:04:10,04-Jan-2030 23:05:00,50,NaN,NaN
Ground_Point_8,SAT_32,3,05-Jan-2030 22:42:50,05-Jan-2030 22:43:10,20,NaN,NaN
Ground_Point_8,SAT_32,4,07-Jan-2030 11:27:40,07-Jan-2030 11:28:40,60,NaN,NaN
Ground_Point_9,SAT_32,1,01-Jan-2030 12:06:40,01-Jan-2030 12:07:05,25,NaN,NaN
Ground_Point_9,SAT_32,2,03-Jan-2030 23:23:50,03-Jan-2030 23:24:55,65,NaN,NaN
Ground_Point_9,SAT_32,3,06-Jan-2030 11:51:45,06-Jan-2030 11:52:50,65,NaN,NaN
Ground_Point_9,SAT_32,4,07-Jan-2030 23:30:40,07-Jan-2030 23:32:00,80,NaN,NaN
Ground_Point_10,SAT_32,1,01-Jan-2030 12:06:50,01-Jan-2030 12:07:00,10,NaN,NaN
Ground_Point_10,SAT_32,2,02-Jan-2030 11:45:10,02-Jan-2030 11:45:30,20,NaN,NaN
Ground_Point_10,SAT_32,3,03-Jan-2030 23:23:45,03-Jan-2030 23:24:50,65,NaN,NaN
Ground_Point_10,SAT_32,4,06-Jan-2030 11:51:50,06-Jan-2030 11:52:55,65,NaN,NaN
Ground_Point_10,SAT_32,5,07-Jan-2030 23:30:40,07-Jan-2030 23:31:55,75,NaN,NaN
Ground_Point_11,SAT_32,1,03-Jan-2030 11:22:10,03-Jan-2030 11:23:15,65,NaN,NaN
Ground_Point_11,SAT_32,2,04-Jan-2030 23:02:25,04-Jan-2030 23:03:35,70,NaN,NaN
Ground_Point_11,SAT_32,3,07-Jan-2030 11:29:05,07-Jan-2030 11:30:20,75,NaN,NaN
Ground_Point_12,SAT_32,1,01-Jan-2030 00:23:35,01-Jan-2030 00:24:55,80,NaN,NaN
Ground_Point_12,SAT_32,2,05-Jan-2030 00:30:45,05-Jan-2030 00:31:45,60,NaN,NaN
Ground_Point_12,SAT_32,3,05-Jan-2030 12:19:15,05-Jan-2030 12:20:15,60,NaN,NaN
Ground_Point_13,SAT_32,1,01-Jan-2030 00:26:55,01-Jan-2030 00:28:10,75,NaN,NaN
Ground_Point_13,SAT_32,2,04-Jan-2030 12:38:00,04-Jan-2030 12:38:50,50,NaN,NaN
Ground_Point_13,SAT_32,3,05-Jan-2030 00:34:00,05-Jan-2030 00:35:10,70,NaN,NaN
Ground_Point_14,SAT_32,1,01-Jan-2030 12:09:55,01-Jan-2030 12:10:35,40,NaN,NaN
Ground_Point_14,SAT_32,2,02-Jan-2030 00:04:15,02-Jan-2030 00:05:35,80,NaN,NaN
Ground_Point_14,SAT_32,3,05-Jan-2030 12:16:40,05-Jan-2030 12:17:50,70,NaN,NaN
Ground_Point_14,SAT_32,4,06-Jan-2030 00:11:20,06-Jan-2030 00:12:30,70,NaN,NaN
Ground_Point_15,SAT_32,1,01-Jan-2030 00:21:45,01-Jan-2030 00:22:40,55,NaN,NaN
Ground_Point_15,SAT_32,2,01-Jan-2030 12:14:00,01-Jan-2030 12:15:00,60,NaN,NaN
Ground_Point_15,SAT_32,3,06-Jan-2030 00:07:20,06-Jan-2030 00:07:55,35,NaN,NaN
Ground_Point_15,SAT_32,4,06-Jan-2030 11:59:50,06-Jan-2030 12:00:05,15,NaN,NaN
Ground_Point_16,SAT_32,1,03-Jan-2030 11:24:45,03-Jan-2030 11:26:00,75,NaN,NaN
Ground_Point_16,SAT_32,2,04-Jan-2030 22:59:55,04-Jan-2030 23:00:50,55,NaN,NaN
Ground_Point_16,SAT_32,3,07-Jan-2030 11:31:55,07-Jan-2030 11:32:50,55,NaN,NaN
Ground_Point_17,SAT_32,1,01-Jan-2030 00:24:15,01-Jan-2030 00:25:20,65,NaN,NaN
Ground_Point_17,SAT_32,2,04-Jan-2030 12:40:30,04-Jan-2030 12:41:30,60,NaN,NaN
Ground_Point_17,SAT_32,3,05-Jan-2030 00:31:10,05-Jan-2030 00:32:25,75,NaN,NaN
Ground_Point_18,SAT_32,1,03-Jan-2030 14:32:50,03-Jan-2030 14:33:55,65,NaN,NaN
Ground_Point_18,SAT_32,2,05-Jan-2030 02:10:10,05-Jan-2030 02:11:10,60,NaN,NaN
Ground_Point_18,SAT_32,3,07-Jan-2030 14:39:45,07-Jan-2030 14:41:00,75,NaN,NaN
Ground_Point_19,SAT_32,1,02-Jan-2030 01:43:50,02-Jan-2030 01:44:45,55,NaN,NaN
Ground_Point_19,SAT_32,2,03-Jan-2030 14:30:05,03-Jan-2030 14:31:25,80,NaN,NaN
Ground_Point_19,SAT_32,3,06-Jan-2030 01:50:40,06-Jan-2030 01:51:55,75,NaN,NaN
Ground_Point_19,SAT_32,4,07-Jan-2030 14:37:15,07-Jan-2030 14:38:15,60,NaN,NaN
Ground_Point_20,SAT_32,1,01-Jan-2030 02:01:15,01-Jan-2030 02:02:30,75,NaN,NaN
Ground_Point_20,SAT_32,2,04-Jan-2030 14:12:30,04-Jan-2030 14:13:40,70,NaN,NaN
Ground_Point_20,SAT_32,3,05-Jan-2030 02:08:20,05-Jan-2030 02:09:25,65,NaN,NaN
Ground_Point_21,SAT_32,1,01-Jan-2030 06:55:30,01-Jan-2030 06:55:45,15,NaN,NaN
Ground_Point_21,SAT_32,2,01-Jan-2030 19:51:35,01-Jan-2030 19:52:40,65,NaN,NaN
Ground_Point_21,SAT_32,3,02-Jan-2030 06:33:20,02-Jan-2030 06:34:35,75,NaN,NaN
Ground_Point_21,SAT_32,4,05-Jan-2030 19:58:30,05-Jan-2030 19:59:45,75,NaN,NaN
Ground_Point_21,SAT_32,5,06-Jan-2030 06:40:20,06-Jan-2030 06:41:40,80,NaN,NaN
Ground_Point_22,SAT_32,1,01-Jan-2030 19:52:05,01-Jan-2030 19:53:15,70,NaN,NaN
Ground_Point_22,SAT_32,2,02-Jan-2030 06:32:30,02-Jan-2030 06:33:50,80,NaN,NaN
Ground_Point_22,SAT_32,3,05-Jan-2030 19:59:15,05-Jan-2030 20:00:10,55,NaN,NaN
Ground_Point_22,SAT_32,4,06-Jan-2030 06:39:35,06-Jan-2030 06:40:50,75,NaN,NaN
Ground_Point_22,SAT_32,5,06-Jan-2030 19:37:35,06-Jan-2030 19:38:30,55,NaN,NaN
Ground_Point_22,SAT_32,6,07-Jan-2030 06:18:25,07-Jan-2030 06:18:45,20,NaN,NaN
Ground_Point_23,SAT_32,1,01-Jan-2030 19:51:10,01-Jan-2030 19:52:15,65,NaN,NaN
Ground_Point_23,SAT_32,2,02-Jan-2030 06:33:45,02-Jan-2030 06:34:10,25,NaN,NaN
Ground_Point_23,SAT_32,3,02-Jan-2030 19:29:35,02-Jan-2030 19:30:30,55,NaN,NaN
Ground_Point_23,SAT_32,4,03-Jan-2030 06:11:40,03-Jan-2030 06:12:55,75,NaN,NaN
Ground_Point_23,SAT_32,5,05-Jan-2030 19:58:20,05-Jan-2030 19:59:00,40,NaN,NaN
Ground_Point_23,SAT_32,6,06-Jan-2030 19:36:30,06-Jan-2030 19:37:40,70,NaN,NaN
Ground_Point_23,SAT_32,7,07-Jan-2030 06:18:40,07-Jan-2030 06:20:00,80,NaN,NaN
Ground_Point_24,SAT_32,1,01-Jan-2030 19:51:35,01-Jan-2030 19:52:35,60,NaN,NaN
Ground_Point_24,SAT_32,2,02-Jan-2030 06:33:10,02-Jan-2030 06:34:05,55,NaN,NaN
Ground_Point_24,SAT_32,3,02-Jan-2030 19:30:00,02-Jan-2030 19:30:55,55,NaN,NaN
Ground_Point_24,SAT_32,4,03-Jan-2030 06:11:25,03-Jan-2030 06:12:30,65,NaN,NaN
Ground_Point_24,SAT_32,5,05-Jan-2030 19:58:50,05-Jan-2030 19:59:20,30,NaN,NaN
Ground_Point_24,SAT_32,6,06-Jan-2030 06:40:35,06-Jan-2030 06:40:40,5,NaN,NaN
Ground_Point_24,SAT_32,7,06-Jan-2030 19:36:55,06-Jan-2030 19:38:05,70,NaN,NaN
Ground_Point_24,SAT_32,8,07-Jan-2030 06:18:20,07-Jan-2030 06:19:35,75,NaN,NaN
Ground_Point_25,SAT_32,1,02-Jan-2030 19:29:50,02-Jan-2030 19:31:05,75,NaN,NaN
Ground_Point_25,SAT_32,2,03-Jan-2030 06:11:00,03-Jan-2030 06:12:15,75,NaN,NaN
Ground_Point_25,SAT_32,3,03-Jan-2030 19:08:35,03-Jan-2030 19:09:05,30,NaN,NaN
Ground_Point_25,SAT_32,4,04-Jan-2030 05:49:50,04-Jan-2030 05:50:10,20,NaN,NaN
Ground_Point_25,SAT_32,5,06-Jan-2030 19:37:00,06-Jan-2030 19:37:55,55,NaN,NaN
Ground_Point_25,SAT_32,6,07-Jan-2030 06:18:10,07-Jan-2030 06:19:05,55,NaN,NaN
Ground_Point_25,SAT_32,7,07-Jan-2030 19:15:20,07-Jan-2030 19:16:20,60,NaN,NaN
Ground_Point_26,SAT_32,1,03-Jan-2030 19:07:25,03-Jan-2030 19:08:40,75,NaN,NaN
Ground_Point_26,SAT_32,2,04-Jan-2030 05:49:45,04-Jan-2030 05:51:00,75,NaN,NaN
Ground_Point_26,SAT_32,3,05-Jan-2030 05:28:25,05-Jan-2030 05:29:05,40,NaN,NaN
Ground_Point_26,SAT_32,4,07-Jan-2030 19:14:25,07-Jan-2030 19:15:40,75,NaN,NaN
Ground_Point_27,SAT_32,1,03-Jan-2030 06:10:40,03-Jan-2030 06:11:20,40,NaN,NaN
Ground_Point_27,SAT_32,2,03-Jan-2030 19:08:35,03-Jan-2030 19:09:50,75,NaN,NaN
Ground_Point_27,SAT_32,3,04-Jan-2030 05:48:45,04-Jan-2030 05:49:55,70,NaN,NaN
Ground_Point_27,SAT_32,4,07-Jan-2030 19:15:35,07-Jan-2030 19:16:50,75,NaN,NaN
Ground_Point_28,SAT_32,1,01-Jan-2030 06:52:45,01-Jan-2030 06:53:10,25,NaN,NaN
Ground_Point_28,SAT_32,2,01-Jan-2030 19:54:30,01-Jan-2030 19:55:40,70,NaN,NaN
Ground_Point_28,SAT_32,3,05-Jan-2030 06:59:25,05-Jan-2030 07:00:30,65,NaN,NaN
Ground_Point_28,SAT_32,4,05-Jan-2030 20:01:25,05-Jan-2030 20:02:45,80,NaN,NaN
Ground_Point_29,SAT_32,1,01-Jan-2030 06:52:30,01-Jan-2030 06:53:20,50,NaN,NaN
Ground_Point_29,SAT_32,2,02-Jan-2030 06:30:55,02-Jan-2030 06:31:45,50,NaN,NaN
Ground_Point_29,SAT_32,3,02-Jan-2030 19:32:25,02-Jan-2030 19:33:30,65,NaN,NaN
Ground_Point_29,SAT_32,4,06-Jan-2030 06:37:45,06-Jan-2030 06:38:55,70,NaN,NaN
Ground_Point_29,SAT_32,5,06-Jan-2030 19:39:20,06-Jan-2030 19:40:35,75,NaN,NaN
Ground_Point_30,SAT_32,1,03-Jan-2030 06:08:50,03-Jan-2030 06:09:50,60,NaN,NaN
Ground_Point_30,SAT_32,2,03-Jan-2030 19:10:20,03-Jan-2030 19:11:05,45,NaN,NaN
Ground_Point_30,SAT_32,3,04-Jan-2030 05:47:30,04-Jan-2030 05:48:00,30,NaN,NaN
Ground_Point_30,SAT_32,4,04-Jan-2030 18:48:40,04-Jan-2030 18:49:35,55,NaN,NaN
Ground_Point_30,SAT_32,5,07-Jan-2030 06:16:20,07-Jan-2030 06:16:25,5,NaN,NaN
Ground_Point_31,SAT_32,1,03-Jan-2030 06:09:45,03-Jan-2030 06:11:05,80,NaN,NaN
Ground_Point_31,SAT_32,2,03-Jan-2030 19:09:25,03-Jan-2030 19:10:35,70,NaN,NaN
Ground_Point_31,SAT_32,3,07-Jan-2030 06:16:50,07-Jan-2030 06:18:00,70,NaN,NaN
Ground_Point_31,SAT_32,4,07-Jan-2030 19:16:20,07-Jan-2030 19:17:40,80,NaN,NaN
Ground_Point_32,SAT_32,1,01-Jan-2030 05:20:45,01-Jan-2030 05:21:55,70,NaN,NaN
Ground_Point_32,SAT_32,2,02-Jan-2030 04:59:15,02-Jan-2030 05:00:10,55,NaN,NaN
Ground_Point_32,SAT_32,3,04-Jan-2030 18:45:35,04-Jan-2030 18:46:45,70,NaN,NaN
Ground_Point_32,SAT_32,4,05-Jan-2030 05:28:00,05-Jan-2030 05:28:45,45,NaN,NaN
Ground_Point_32,SAT_32,5,05-Jan-2030 18:24:10,05-Jan-2030 18:24:50,40,NaN,NaN
Ground_Point_32,SAT_32,6,06-Jan-2030 05:06:10,06-Jan-2030 05:07:20,70,NaN,NaN
Ground_Point_33,SAT_32,1,01-Jan-2030 11:36:10,01-Jan-2030 11:37:05,55,NaN,NaN
Ground_Point_33,SAT_32,2,02-Jan-2030 00:38:00,02-Jan-2030 00:39:15,75,NaN,NaN
Ground_Point_33,SAT_32,3,05-Jan-2030 11:43:00,05-Jan-2030 11:44:15,75,NaN,NaN
Ground_Point_33,SAT_32,4,06-Jan-2030 00:45:00,06-Jan-2030 00:46:15,75,NaN,NaN
Ground_Point_34,SAT_32,1,01-Jan-2030 01:00:15,01-Jan-2030 01:01:20,65,NaN,NaN
Ground_Point_34,SAT_32,2,04-Jan-2030 12:04:15,04-Jan-2030 12:05:35,80,NaN,NaN
Ground_Point_34,SAT_32,3,05-Jan-2030 01:07:40,05-Jan-2030 01:08:00,20,NaN,NaN
Ground_Point_34,SAT_32,4,06-Jan-2030 00:45:45,06-Jan-2030 00:46:40,55,NaN,NaN
Ground_Point_35,SAT_32,1,01-Jan-2030 11:36:15,01-Jan-2030 11:37:30,75,NaN,NaN
Ground_Point_35,SAT_32,2,02-Jan-2030 00:37:25,02-Jan-2030 00:38:40,75,NaN,NaN
Ground_Point_35,SAT_32,3,05-Jan-2030 11:43:25,05-Jan-2030 11:44:25,60,NaN,NaN
Ground_Point_35,SAT_32,4,06-Jan-2030 00:44:35,06-Jan-2030 00:45:30,55,NaN,NaN
Ground_Point_35,SAT_32,5,06-Jan-2030 11:22:00,06-Jan-2030 11:22:35,35,NaN,NaN
Ground_Point_35,SAT_32,6,07-Jan-2030 00:23:05,07-Jan-2030 00:23:50,45,NaN,NaN
Ground_Point_36,SAT_32,1,02-Jan-2030 12:48:50,02-Jan-2030 12:49:55,65,NaN,NaN
Ground_Point_36,SAT_32,2,03-Jan-2030 01:50:25,03-Jan-2030 01:51:10,45,NaN,NaN
Ground_Point_36,SAT_32,3,03-Jan-2030 12:27:35,03-Jan-2030 12:28:00,25,NaN,NaN
Ground_Point_36,SAT_32,4,04-Jan-2030 01:28:45,04-Jan-2030 01:29:35,50,NaN,NaN
Ground_Point_36,SAT_32,5,06-Jan-2030 12:56:15,06-Jan-2030 12:56:35,20,NaN,NaN
Ground_Point_36,SAT_32,6,07-Jan-2030 12:34:15,07-Jan-2030 12:35:20,65,NaN,NaN
Ground_Point_37,SAT_32,1,02-Jan-2030 02:14:35,02-Jan-2030 02:15:35,60,NaN,NaN
Ground_Point_37,SAT_32,2,04-Jan-2030 13:37:25,04-Jan-2030 13:38:00,35,NaN,NaN
Ground_Point_37,SAT_32,3,05-Jan-2030 13:15:50,05-Jan-2030 13:16:30,40,NaN,NaN
Ground_Point_37,SAT_32,4,07-Jan-2030 02:00:05,07-Jan-2030 02:00:55,50,NaN,NaN
Ground_Point_38,SAT_32,1,03-Jan-2030 01:53:40,03-Jan-2030 01:54:45,65,NaN,NaN
Ground_Point_38,SAT_32,2,05-Jan-2030 13:14:50,05-Jan-2030 13:15:45,55,NaN,NaN
Ground_Point_38,SAT_32,3,07-Jan-2030 02:00:35,07-Jan-2030 02:01:50,75,NaN,NaN
Ground_Point_39,SAT_32,1,01-Jan-2030 14:43:20,01-Jan-2030 14:44:25,65,NaN,NaN
Ground_Point_39,SAT_32,2,03-Jan-2030 03:27:05,03-Jan-2030 03:28:10,65,NaN,NaN
Ground_Point_39,SAT_32,3,05-Jan-2030 14:50:15,05-Jan-2030 14:51:30,75,NaN,NaN
Ground_Point_39,SAT_32,4,07-Jan-2030 03:34:00,07-Jan-2030 03:35:15,75,NaN,NaN
Ground_Point_40,SAT_32,1,02-Jan-2030 03:47:55,02-Jan-2030 03:49:05,70,NaN,NaN
Ground_Point_40,SAT_32,2,04-Jan-2030 15:13:10,04-Jan-2030 15:14:05,55,NaN,NaN
Ground_Point_40,SAT_32,3,05-Jan-2030 14:51:50,05-Jan-2030 14:52:10,20,NaN,NaN
Ground_Point_40,SAT_32,4,06-Jan-2030 03:54:50,06-Jan-2030 03:56:10,80,NaN,NaN
Ground_Point_41,SAT_32,1,01-Jan-2030 04:07:00,01-Jan-2030 04:08:15,75,NaN,NaN
Ground_Point_41,SAT_32,2,01-Jan-2030 14:46:50,01-Jan-2030 14:48:05,75,NaN,NaN
Ground_Point_41,SAT_32,3,05-Jan-2030 04:14:05,05-Jan-2030 04:15:10,65,NaN,NaN
Ground_Point_41,SAT_32,4,05-Jan-2030 14:53:50,05-Jan-2030 14:55:10,80,NaN,NaN
Ground_Point_41,SAT_32,5,06-Jan-2030 03:52:40,06-Jan-2030 03:53:20,40,NaN,NaN
Ground_Point_42,SAT_32,1,01-Jan-2030 00:59:10,01-Jan-2030 01:00:15,65,NaN,NaN
Ground_Point_42,SAT_32,2,04-Jan-2030 12:05:35,04-Jan-2030 12:06:55,80,NaN,NaN
Ground_Point_42,SAT_32,3,05-Jan-2030 01:06:05,05-Jan-2030 01:07:20,75,NaN,NaN
Ground_Point_43,SAT_32,1,01-Jan-2030 00:58:40,01-Jan-2030 00:59:20,40,NaN,NaN
Ground_Point_43,SAT_32,2,01-Jan-2030 11:37:10,01-Jan-2030 11:38:25,75,NaN,NaN
Ground_Point_43,SAT_32,3,02-Jan-2030 00:36:50,02-Jan-2030 00:37:55,65,NaN,NaN
Ground_Point_43,SAT_32,4,05-Jan-2030 11:44:10,05-Jan-2030 11:45:30,80,NaN,NaN
Ground_Point_43,SAT_32,5,06-Jan-2030 00:43:45,06-Jan-2030 00:45:00,75,NaN,NaN
Ground_Point_44,SAT_32,1,03-Jan-2030 01:56:50,03-Jan-2030 01:57:10,20,NaN,NaN
Ground_Point_44,SAT_32,2,03-Jan-2030 13:56:00,03-Jan-2030 13:56:10,10,NaN,NaN
Ground_Point_44,SAT_32,3,04-Jan-2030 13:34:20,04-Jan-2030 13:34:40,20,NaN,NaN
Ground_Point_44,SAT_32,4,07-Jan-2030 02:03:25,07-Jan-2030 02:04:35,70,NaN,NaN
Ground_Point_45,SAT_32,1,02-Jan-2030 02:15:15,02-Jan-2030 02:16:20,65,NaN,NaN
Ground_Point_45,SAT_32,2,04-Jan-2030 13:36:30,04-Jan-2030 13:37:45,75,NaN,NaN
Ground_Point_45,SAT_32,3,06-Jan-2030 02:22:45,06-Jan-2030 02:22:50,5,NaN,NaN
Ground_Point_45,SAT_32,4,07-Jan-2030 02:00:50,07-Jan-2030 02:01:35,45,NaN,NaN
Ground_Point_46,SAT_32,1,02-Jan-2030 03:17:15,02-Jan-2030 03:18:25,70,NaN,NaN
Ground_Point_46,SAT_32,2,04-Jan-2030 15:44:10,04-Jan-2030 15:44:45,35,NaN,NaN
Ground_Point_46,SAT_32,3,06-Jan-2030 03:24:15,06-Jan-2030 03:25:30,75,NaN,NaN
Ground_Point_47,SAT_32,1,02-Jan-2030 16:27:35,02-Jan-2030 16:28:50,75,NaN,NaN
Ground_Point_47,SAT_32,2,04-Jan-2030 04:08:00,04-Jan-2030 04:08:40,40,NaN,NaN
Ground_Point_47,SAT_32,3,06-Jan-2030 16:34:40,06-Jan-2030 16:35:45,65,NaN,NaN
Ground_Point_48,SAT_32,1,03-Jan-2030 04:31:55,03-Jan-2030 04:32:55,60,NaN,NaN
Ground_Point_48,SAT_32,2,04-Jan-2030 17:16:30,04-Jan-2030 17:17:45,75,NaN,NaN
Ground_Point_48,SAT_32,3,07-Jan-2030 04:38:45,07-Jan-2030 04:40:00,75,NaN,NaN
Ground_Point_49,SAT_32,1,02-Jan-2030 04:53:00,02-Jan-2030 04:54:15,75,NaN,NaN
Ground_Point_49,SAT_32,2,03-Jan-2030 17:38:50,03-Jan-2030 17:40:00,70,NaN,NaN
Ground_Point_49,SAT_32,3,06-Jan-2030 05:00:00,06-Jan-2030 05:01:15,75,NaN,NaN
Ground_Point_49,SAT_32,4,07-Jan-2030 17:46:10,07-Jan-2030 17:46:40,30,NaN,NaN
Ground_Point_50,SAT_32,1,01-Jan-2030 17:03:10,01-Jan-2030 17:04:05,55,NaN,NaN
Ground_Point_50,SAT_32,2,03-Jan-2030 05:50:50,03-Jan-2030 05:51:50,60,NaN,NaN
Ground_Point_50,SAT_32,3,05-Jan-2030 17:10:00,05-Jan-2030 17:11:15,75,NaN,NaN
Ground_Point_51,SAT_32,1,03-Jan-2030 19:19:55,03-Jan-2030 19:20:15,20,NaN,NaN
Ground_Point_51,SAT_32,2,04-Jan-2030 07:12:20,04-Jan-2030 07:12:50,30,NaN,NaN
Ground_Point_52,SAT_32,1,03-Jan-2030 10:35:15,03-Jan-2030 10:36:25,70,NaN,NaN
Ground_Point_52,SAT_32,2,04-Jan-2030 22:14:45,04-Jan-2030 22:15:55,70,NaN,NaN
Ground_Point_52,SAT_32,3,07-Jan-2030 10:42:10,07-Jan-2030 10:43:25,75,NaN,NaN
Ground_Point_53,SAT_32,1,03-Jan-2030 10:35:25,03-Jan-2030 10:36:10,45,NaN,NaN
Ground_Point_53,SAT_32,2,05-Jan-2030 21:52:55,05-Jan-2030 21:53:55,60,NaN,NaN
Ground_Point_54,SAT_32,1,02-Jan-2030 23:01:35,02-Jan-2030 23:02:15,40,NaN,NaN
Ground_Point_54,SAT_32,2,03-Jan-2030 22:40:00,03-Jan-2030 22:40:40,40,NaN,NaN
Ground_Point_54,SAT_32,3,04-Jan-2030 11:44:55,04-Jan-2030 11:45:50,55,NaN,NaN
Ground_Point_54,SAT_32,4,05-Jan-2030 11:23:40,05-Jan-2030 11:23:55,15,NaN,NaN
Ground_Point_54,SAT_32,5,07-Jan-2030 22:46:45,07-Jan-2030 22:47:50,65,NaN,NaN
Ground_Point_55,SAT_32,1,02-Jan-2030 12:28:55,02-Jan-2030 12:30:00,65,NaN,NaN
Ground_Point_55,SAT_32,2,04-Jan-2030 23:52:05,04-Jan-2030 23:52:45,40,NaN,NaN
Ground_Point_55,SAT_32,3,05-Jan-2030 23:30:30,05-Jan-2030 23:31:05,35,NaN,NaN
Ground_Point_55,SAT_32,4,06-Jan-2030 12:36:10,06-Jan-2030 12:36:45,35,NaN,NaN
Ground_Point_55,SAT_32,5,07-Jan-2030 12:14:30,07-Jan-2030 12:15:15,45,NaN,NaN
Ground_Point_1,SAT_33,1,01-Jan-2030 13:13:05,01-Jan-2030 13:14:20,75,NaN,NaN
Ground_Point_1,SAT_33,2,04-Jan-2030 00:38:20,04-Jan-2030 00:38:55,35,NaN,NaN
Ground_Point_1,SAT_33,3,05-Jan-2030 00:16:35,05-Jan-2030 00:17:25,50,NaN,NaN
Ground_Point_1,SAT_33,4,05-Jan-2030 13:19:55,05-Jan-2030 13:21:05,70,NaN,NaN
Ground_Point_2,SAT_33,1,01-Jan-2030 00:09:05,01-Jan-2030 00:09:50,45,NaN,NaN
Ground_Point_2,SAT_33,2,01-Jan-2030 13:13:45,01-Jan-2030 13:14:40,55,NaN,NaN
Ground_Point_2,SAT_33,3,05-Jan-2030 00:15:40,05-Jan-2030 00:16:50,70,NaN,NaN
Ground_Point_2,SAT_33,4,06-Jan-2030 12:58:50,06-Jan-2030 12:59:50,60,NaN,NaN
Ground_Point_3,SAT_33,1,01-Jan-2030 13:13:05,01-Jan-2030 13:14:20,75,NaN,NaN
Ground_Point_3,SAT_33,2,04-Jan-2030 00:38:15,04-Jan-2030 00:39:00,45,NaN,NaN
Ground_Point_3,SAT_33,3,05-Jan-2030 00:16:35,05-Jan-2030 00:17:15,40,NaN,NaN
Ground_Point_3,SAT_33,4,05-Jan-2030 13:19:55,05-Jan-2030 13:21:10,75,NaN,NaN
Ground_Point_4,SAT_33,1,01-Jan-2030 23:47:05,01-Jan-2030 23:47:50,45,NaN,NaN
Ground_Point_4,SAT_33,2,02-Jan-2030 23:25:30,02-Jan-2030 23:26:05,35,NaN,NaN
Ground_Point_4,SAT_33,3,03-Jan-2030 12:29:40,03-Jan-2030 12:30:50,70,NaN,NaN
Ground_Point_4,SAT_33,4,06-Jan-2030 23:32:00,06-Jan-2030 23:33:10,70,NaN,NaN
Ground_Point_4,SAT_33,5,07-Jan-2030 12:36:45,07-Jan-2030 12:37:25,40,NaN,NaN
Ground_Point_5,SAT_33,1,01-Jan-2030 23:46:50,01-Jan-2030 23:47:55,65,NaN,NaN
Ground_Point_5,SAT_33,2,02-Jan-2030 12:52:10,02-Jan-2030 12:52:30,20,NaN,NaN
Ground_Point_5,SAT_33,3,03-Jan-2030 12:30:20,03-Jan-2030 12:31:05,45,NaN,NaN
Ground_Point_5,SAT_33,4,05-Jan-2030 23:53:30,05-Jan-2030 23:54:50,80,NaN,NaN
Ground_Point_5,SAT_33,5,07-Jan-2030 12:36:55,07-Jan-2030 12:38:05,70,NaN,NaN
Ground_Point_6,SAT_33,1,01-Jan-2030 23:46:45,01-Jan-2030 23:48:05,80,NaN,NaN
Ground_Point_6,SAT_33,2,03-Jan-2030 12:29:55,03-Jan-2030 12:31:05,70,NaN,NaN
Ground_Point_6,SAT_33,3,05-Jan-2030 23:53:35,05-Jan-2030 23:54:50,75,NaN,NaN
Ground_Point_6,SAT_33,4,07-Jan-2030 12:36:40,07-Jan-2030 12:37:55,75,NaN,NaN
Ground_Point_7,SAT_33,1,03-Jan-2030 01:00:45,03-Jan-2030 01:02:00,75,NaN,NaN
Ground_Point_7,SAT_33,2,03-Jan-2030 14:03:05,03-Jan-2030 14:04:20,75,NaN,NaN
Ground_Point_7,SAT_33,3,07-Jan-2030 01:07:30,07-Jan-2030 01:08:50,80,NaN,NaN
Ground_Point_7,SAT_33,4,07-Jan-2030 14:10:00,07-Jan-2030 14:11:05,65,NaN,NaN
Ground_Point_8,SAT_33,1,03-Jan-2030 00:58:20,03-Jan-2030 00:59:30,70,NaN,NaN
Ground_Point_8,SAT_33,2,04-Jan-2030 13:43:40,04-Jan-2030 13:44:20,40,NaN,NaN
Ground_Point_8,SAT_33,3,05-Jan-2030 13:22:15,05-Jan-2030 13:22:25,10,NaN,NaN
Ground_Point_8,SAT_33,4,07-Jan-2030 01:05:20,07-Jan-2030 01:06:05,45,NaN,NaN
Ground_Point_9,SAT_33,1,01-Jan-2030 01:40:20,01-Jan-2030 01:40:25,5,NaN,NaN
Ground_Point_9,SAT_33,2,02-Jan-2030 01:18:30,02-Jan-2030 01:19:00,30,NaN,NaN
Ground_Point_9,SAT_33,3,03-Jan-2030 14:08:05,03-Jan-2030 14:08:20,15,NaN,NaN
Ground_Point_9,SAT_33,4,04-Jan-2030 13:46:25,04-Jan-2030 13:46:45,20,NaN,NaN
Ground_Point_9,SAT_33,5,06-Jan-2030 01:25:00,06-Jan-2030 01:26:05,65,NaN,NaN
Ground_Point_10,SAT_33,1,02-Jan-2030 01:18:25,02-Jan-2030 01:18:55,30,NaN,NaN
Ground_Point_10,SAT_33,2,04-Jan-2030 13:46:25,04-Jan-2030 13:46:50,25,NaN,NaN
Ground_Point_10,SAT_33,3,06-Jan-2030 01:24:55,06-Jan-2030 01:26:05,70,NaN,NaN
Ground_Point_11,SAT_33,1,01-Jan-2030 13:16:55,01-Jan-2030 13:17:20,25,NaN,NaN
Ground_Point_11,SAT_33,2,03-Jan-2030 00:56:40,03-Jan-2030 00:58:00,80,NaN,NaN
Ground_Point_11,SAT_33,3,05-Jan-2030 13:23:25,05-Jan-2030 13:24:30,65,NaN,NaN
Ground_Point_11,SAT_33,4,07-Jan-2030 01:03:35,07-Jan-2030 01:04:45,70,NaN,NaN
Ground_Point_12,SAT_33,1,03-Jan-2030 02:25:00,03-Jan-2030 02:26:15,75,NaN,NaN
Ground_Point_12,SAT_33,2,07-Jan-2030 02:31:55,07-Jan-2030 02:32:50,55,NaN,NaN
Ground_Point_12,SAT_33,3,07-Jan-2030 14:20:20,07-Jan-2030 14:21:25,65,NaN,NaN
Ground_Point_13,SAT_33,1,01-Jan-2030 14:54:05,01-Jan-2030 14:54:40,35,NaN,NaN
Ground_Point_13,SAT_33,2,03-Jan-2030 02:28:15,03-Jan-2030 02:29:35,80,NaN,NaN
Ground_Point_13,SAT_33,3,06-Jan-2030 14:39:05,06-Jan-2030 14:40:00,55,NaN,NaN
Ground_Point_13,SAT_33,4,07-Jan-2030 02:35:05,07-Jan-2030 02:36:15,70,NaN,NaN
Ground_Point_14,SAT_33,1,03-Jan-2030 14:11:10,03-Jan-2030 14:11:55,45,NaN,NaN
Ground_Point_14,SAT_33,2,04-Jan-2030 02:05:35,04-Jan-2030 02:06:50,75,NaN,NaN
Ground_Point_14,SAT_33,3,07-Jan-2030 14:17:45,07-Jan-2030 14:18:55,70,NaN,NaN
Ground_Point_15,SAT_33,1,03-Jan-2030 02:23:05,03-Jan-2030 02:23:55,50,NaN,NaN
Ground_Point_15,SAT_33,2,03-Jan-2030 14:15:25,03-Jan-2030 14:16:20,55,NaN,NaN
Ground_Point_16,SAT_33,1,01-Jan-2030 13:19:15,01-Jan-2030 13:20:25,70,NaN,NaN
Ground_Point_16,SAT_33,2,02-Jan-2030 01:16:05,02-Jan-2030 01:16:40,35,NaN,NaN
Ground_Point_16,SAT_33,3,05-Jan-2030 13:26:00,05-Jan-2030 13:27:15,75,NaN,NaN
Ground_Point_16,SAT_33,4,07-Jan-2030 01:01:05,07-Jan-2030 01:02:00,55,NaN,NaN
Ground_Point_17,SAT_33,1,02-Jan-2030 14:34:45,02-Jan-2030 14:36:00,75,NaN,NaN
Ground_Point_17,SAT_33,2,03-Jan-2030 02:25:35,03-Jan-2030 02:26:45,70,NaN,NaN
Ground_Point_17,SAT_33,3,06-Jan-2030 14:41:40,06-Jan-2030 14:42:40,60,NaN,NaN
Ground_Point_17,SAT_33,4,07-Jan-2030 02:32:20,07-Jan-2030 02:33:35,75,NaN,NaN
Ground_Point_18,SAT_33,1,01-Jan-2030 16:27:45,01-Jan-2030 16:27:50,5,NaN,NaN
Ground_Point_18,SAT_33,2,02-Jan-2030 04:26:25,02-Jan-2030 04:26:55,30,NaN,NaN
Ground_Point_18,SAT_33,3,05-Jan-2030 16:34:05,05-Jan-2030 16:35:05,60,NaN,NaN
Ground_Point_18,SAT_33,4,07-Jan-2030 04:11:15,07-Jan-2030 04:12:20,65,NaN,NaN
Ground_Point_19,SAT_33,1,01-Jan-2030 16:24:35,01-Jan-2030 16:25:45,70,NaN,NaN
Ground_Point_19,SAT_33,2,04-Jan-2030 03:45:05,04-Jan-2030 03:46:05,60,NaN,NaN
Ground_Point_19,SAT_33,3,05-Jan-2030 16:31:20,05-Jan-2030 16:32:35,75,NaN,NaN
Ground_Point_20,SAT_33,1,02-Jan-2030 16:07:10,02-Jan-2030 16:07:45,35,NaN,NaN
Ground_Point_20,SAT_33,2,03-Jan-2030 04:02:35,03-Jan-2030 04:03:50,75,NaN,NaN
Ground_Point_20,SAT_33,3,06-Jan-2030 16:13:40,06-Jan-2030 16:14:50,70,NaN,NaN
Ground_Point_20,SAT_33,4,07-Jan-2030 04:09:30,07-Jan-2030 04:10:30,60,NaN,NaN
Ground_Point_21,SAT_33,1,02-Jan-2030 22:14:40,02-Jan-2030 22:15:30,50,NaN,NaN
Ground_Point_21,SAT_33,2,03-Jan-2030 21:52:50,03-Jan-2030 21:54:00,70,NaN,NaN
Ground_Point_21,SAT_33,3,04-Jan-2030 08:34:35,04-Jan-2030 08:35:55,80,NaN,NaN
Ground_Point_21,SAT_33,4,07-Jan-2030 21:59:35,07-Jan-2030 22:00:50,75,NaN,NaN
Ground_Point_22,SAT_33,1,03-Jan-2030 21:53:25,03-Jan-2030 21:54:35,70,NaN,NaN
Ground_Point_22,SAT_33,2,04-Jan-2030 08:33:50,04-Jan-2030 08:35:05,75,NaN,NaN
Ground_Point_22,SAT_33,3,04-Jan-2030 21:32:15,04-Jan-2030 21:32:20,5,NaN,NaN
Ground_Point_22,SAT_33,4,07-Jan-2030 22:00:20,07-Jan-2030 22:01:15,55,NaN,NaN
Ground_Point_23,SAT_33,1,01-Jan-2030 08:06:15,01-Jan-2030 08:07:20,65,NaN,NaN
Ground_Point_23,SAT_33,2,03-Jan-2030 21:52:25,03-Jan-2030 21:53:30,65,NaN,NaN
Ground_Point_23,SAT_33,3,04-Jan-2030 08:35:10,04-Jan-2030 08:35:25,15,NaN,NaN
Ground_Point_23,SAT_33,4,04-Jan-2030 21:30:50,04-Jan-2030 21:31:45,55,NaN,NaN
Ground_Point_23,SAT_33,5,05-Jan-2030 08:12:55,05-Jan-2030 08:14:10,75,NaN,NaN
Ground_Point_23,SAT_33,6,07-Jan-2030 21:59:30,07-Jan-2030 22:00:05,35,NaN,NaN
Ground_Point_24,SAT_33,1,01-Jan-2030 08:06:05,01-Jan-2030 08:06:45,40,NaN,NaN
Ground_Point_24,SAT_33,2,03-Jan-2030 21:52:55,03-Jan-2030 21:53:55,60,NaN,NaN
Ground_Point_24,SAT_33,3,04-Jan-2030 08:34:25,04-Jan-2030 08:35:20,55,NaN,NaN
Ground_Point_24,SAT_33,4,04-Jan-2030 21:31:15,04-Jan-2030 21:32:10,55,NaN,NaN
Ground_Point_24,SAT_33,5,05-Jan-2030 08:12:40,05-Jan-2030 08:13:45,65,NaN,NaN
Ground_Point_24,SAT_33,6,07-Jan-2030 21:59:55,07-Jan-2030 22:00:25,30,NaN,NaN
Ground_Point_25,SAT_33,1,01-Jan-2030 08:05:20,01-Jan-2030 08:06:40,80,NaN,NaN
Ground_Point_25,SAT_33,2,04-Jan-2030 21:31:10,04-Jan-2030 21:32:20,70,NaN,NaN
Ground_Point_25,SAT_33,3,05-Jan-2030 08:12:15,05-Jan-2030 08:13:25,70,NaN,NaN
Ground_Point_25,SAT_33,4,05-Jan-2030 21:09:45,05-Jan-2030 21:10:15,30,NaN,NaN
Ground_Point_25,SAT_33,5,06-Jan-2030 07:50:55,06-Jan-2030 07:51:25,30,NaN,NaN
Ground_Point_26,SAT_33,1,01-Jan-2030 21:01:50,01-Jan-2030 21:03:00,70,NaN,NaN
Ground_Point_26,SAT_33,2,02-Jan-2030 07:44:05,02-Jan-2030 07:45:25,80,NaN,NaN
Ground_Point_26,SAT_33,3,05-Jan-2030 21:08:35,05-Jan-2030 21:09:55,80,NaN,NaN
Ground_Point_26,SAT_33,4,06-Jan-2030 07:50:55,06-Jan-2030 07:52:10,75,NaN,NaN
Ground_Point_26,SAT_33,5,07-Jan-2030 07:29:30,07-Jan-2030 07:30:15,45,NaN,NaN
Ground_Point_27,SAT_33,1,01-Jan-2030 08:04:50,01-Jan-2030 08:05:55,65,NaN,NaN
Ground_Point_27,SAT_33,2,01-Jan-2030 21:03:00,01-Jan-2030 21:04:10,70,NaN,NaN
Ground_Point_27,SAT_33,3,02-Jan-2030 07:43:20,02-Jan-2030 07:44:10,50,NaN,NaN
Ground_Point_27,SAT_33,4,05-Jan-2030 08:11:55,05-Jan-2030 08:12:30,35,NaN,NaN
Ground_Point_27,SAT_33,5,05-Jan-2030 21:09:45,05-Jan-2030 21:11:05,80,NaN,NaN
Ground_Point_27,SAT_33,6,06-Jan-2030 07:49:55,06-Jan-2030 07:51:05,70,NaN,NaN
Ground_Point_28,SAT_33,1,02-Jan-2030 09:15:30,02-Jan-2030 09:16:25,55,NaN,NaN
Ground_Point_28,SAT_33,2,03-Jan-2030 08:54:00,03-Jan-2030 08:54:35,35,NaN,NaN
Ground_Point_28,SAT_33,3,03-Jan-2030 21:55:50,03-Jan-2030 21:56:55,65,NaN,NaN
Ground_Point_28,SAT_33,4,07-Jan-2030 09:00:30,07-Jan-2030 09:01:40,70,NaN,NaN
Ground_Point_28,SAT_33,5,07-Jan-2030 22:02:30,07-Jan-2030 22:03:50,80,NaN,NaN
Ground_Point_29,SAT_33,1,03-Jan-2030 08:53:55,03-Jan-2030 08:54:35,40,NaN,NaN
Ground_Point_29,SAT_33,2,04-Jan-2030 08:32:10,04-Jan-2030 08:33:05,55,NaN,NaN
Ground_Point_29,SAT_33,3,04-Jan-2030 21:33:40,04-Jan-2030 21:34:45,65,NaN,NaN
Ground_Point_30,SAT_33,1,01-Jan-2030 08:03:10,01-Jan-2030 08:04:25,75,NaN,NaN
Ground_Point_30,SAT_33,2,01-Jan-2030 21:04:35,01-Jan-2030 21:05:40,65,NaN,NaN
Ground_Point_30,SAT_33,3,05-Jan-2030 08:10:05,05-Jan-2030 08:11:05,60,NaN,NaN
Ground_Point_30,SAT_33,4,05-Jan-2030 21:11:35,05-Jan-2030 21:12:15,40,NaN,NaN
Ground_Point_30,SAT_33,5,06-Jan-2030 07:48:35,06-Jan-2030 07:49:15,40,NaN,NaN
Ground_Point_30,SAT_33,6,06-Jan-2030 20:49:50,06-Jan-2030 20:50:40,50,NaN,NaN
Ground_Point_31,SAT_33,1,01-Jan-2030 08:04:10,01-Jan-2030 08:05:25,75,NaN,NaN
Ground_Point_31,SAT_33,2,01-Jan-2030 21:03:55,01-Jan-2030 21:04:50,55,NaN,NaN
Ground_Point_31,SAT_33,3,05-Jan-2030 08:11:00,05-Jan-2030 08:12:15,75,NaN,NaN
Ground_Point_31,SAT_33,4,05-Jan-2030 21:10:35,05-Jan-2030 21:11:45,70,NaN,NaN
Ground_Point_32,SAT_33,1,02-Jan-2030 20:39:50,02-Jan-2030 20:41:10,80,NaN,NaN
Ground_Point_32,SAT_33,2,03-Jan-2030 07:22:05,03-Jan-2030 07:23:15,70,NaN,NaN
Ground_Point_32,SAT_33,3,04-Jan-2030 07:00:30,04-Jan-2030 07:01:25,55,NaN,NaN
Ground_Point_32,SAT_33,4,06-Jan-2030 20:46:45,06-Jan-2030 20:47:50,65,NaN,NaN
Ground_Point_32,SAT_33,5,07-Jan-2030 07:29:10,07-Jan-2030 07:29:50,40,NaN,NaN
Ground_Point_32,SAT_33,6,07-Jan-2030 20:25:15,07-Jan-2030 20:26:00,45,NaN,NaN
Ground_Point_33,SAT_33,1,02-Jan-2030 13:59:20,02-Jan-2030 13:59:55,35,NaN,NaN
Ground_Point_33,SAT_33,2,03-Jan-2030 13:37:30,03-Jan-2030 13:38:25,55,NaN,NaN
Ground_Point_33,SAT_33,3,04-Jan-2030 02:39:15,04-Jan-2030 02:40:30,75,NaN,NaN
Ground_Point_33,SAT_33,4,07-Jan-2030 13:44:10,07-Jan-2030 13:45:20,70,NaN,NaN
Ground_Point_34,SAT_33,1,02-Jan-2030 13:58:40,02-Jan-2030 13:59:55,75,NaN,NaN
Ground_Point_34,SAT_33,2,03-Jan-2030 03:01:40,03-Jan-2030 03:02:40,60,NaN,NaN
Ground_Point_34,SAT_33,3,06-Jan-2030 14:05:25,06-Jan-2030 14:06:45,80,NaN,NaN
Ground_Point_34,SAT_33,4,07-Jan-2030 03:08:50,07-Jan-2030 03:09:05,15,NaN,NaN
Ground_Point_35,SAT_33,1,03-Jan-2030 13:37:35,03-Jan-2030 13:38:50,75,NaN,NaN
Ground_Point_35,SAT_33,2,04-Jan-2030 02:38:45,04-Jan-2030 02:39:55,70,NaN,NaN
Ground_Point_35,SAT_33,3,07-Jan-2030 13:44:30,07-Jan-2030 13:45:30,60,NaN,NaN
Ground_Point_36,SAT_33,1,01-Jan-2030 03:44:40,01-Jan-2030 03:45:45,65,NaN,NaN
Ground_Point_36,SAT_33,2,04-Jan-2030 14:50:10,04-Jan-2030 14:51:10,60,NaN,NaN
Ground_Point_36,SAT_33,3,05-Jan-2030 03:51:40,05-Jan-2030 03:52:20,40,NaN,NaN
Ground_Point_36,SAT_33,4,05-Jan-2030 14:28:40,05-Jan-2030 14:29:20,40,NaN,NaN
Ground_Point_36,SAT_33,5,06-Jan-2030 03:29:55,06-Jan-2030 03:30:45,50,NaN,NaN
Ground_Point_37,SAT_33,1,02-Jan-2030 15:31:30,02-Jan-2030 15:32:40,70,NaN,NaN
Ground_Point_37,SAT_33,2,04-Jan-2030 04:15:55,04-Jan-2030 04:16:50,55,NaN,NaN
Ground_Point_37,SAT_33,3,06-Jan-2030 15:38:40,06-Jan-2030 15:39:10,30,NaN,NaN
Ground_Point_37,SAT_33,4,07-Jan-2030 15:16:55,07-Jan-2030 15:17:35,40,NaN,NaN
Ground_Point_38,SAT_33,1,01-Jan-2030 03:48:20,01-Jan-2030 03:49:00,40,NaN,NaN
Ground_Point_38,SAT_33,2,02-Jan-2030 15:30:50,02-Jan-2030 15:31:40,50,NaN,NaN
Ground_Point_38,SAT_33,3,05-Jan-2030 03:54:50,05-Jan-2030 03:56:00,70,NaN,NaN
Ground_Point_38,SAT_33,4,07-Jan-2030 15:15:55,07-Jan-2030 15:16:55,60,NaN,NaN
Ground_Point_39,SAT_33,1,01-Jan-2030 05:21:50,01-Jan-2030 05:22:15,25,NaN,NaN
Ground_Point_39,SAT_33,2,03-Jan-2030 16:44:35,03-Jan-2030 16:45:45,70,NaN,NaN
Ground_Point_39,SAT_33,3,05-Jan-2030 05:28:20,05-Jan-2030 05:29:25,65,NaN,NaN
Ground_Point_39,SAT_33,4,07-Jan-2030 16:51:20,07-Jan-2030 16:52:40,80,NaN,NaN
Ground_Point_40,SAT_33,1,02-Jan-2030 17:07:20,02-Jan-2030 17:08:35,75,NaN,NaN
Ground_Point_40,SAT_33,2,04-Jan-2030 05:49:10,04-Jan-2030 05:50:20,70,NaN,NaN
Ground_Point_40,SAT_33,3,06-Jan-2030 17:14:20,06-Jan-2030 17:15:15,55,NaN,NaN
Ground_Point_40,SAT_33,4,07-Jan-2030 16:52:55,07-Jan-2030 16:53:20,25,NaN,NaN
Ground_Point_41,SAT_33,1,03-Jan-2030 06:08:20,03-Jan-2030 06:09:35,75,NaN,NaN
Ground_Point_41,SAT_33,2,03-Jan-2030 16:48:10,03-Jan-2030 16:49:25,75,NaN,NaN
Ground_Point_41,SAT_33,3,07-Jan-2030 06:15:15,07-Jan-2030 06:16:15,60,NaN,NaN
Ground_Point_41,SAT_33,4,07-Jan-2030 16:54:55,07-Jan-2030 16:56:15,80,NaN,NaN
Ground_Point_42,SAT_33,1,02-Jan-2030 03:22:40,02-Jan-2030 03:22:45,5,NaN,NaN
Ground_Point_42,SAT_33,2,02-Jan-2030 14:00:00,02-Jan-2030 14:01:10,70,NaN,NaN
Ground_Point_42,SAT_33,3,03-Jan-2030 03:00:30,03-Jan-2030 03:01:35,65,NaN,NaN
Ground_Point_42,SAT_33,4,06-Jan-2030 14:06:45,06-Jan-2030 14:08:05,80,NaN,NaN
Ground_Point_42,SAT_33,5,07-Jan-2030 03:07:15,07-Jan-2030 03:08:30,75,NaN,NaN
Ground_Point_43,SAT_33,1,03-Jan-2030 03:00:00,03-Jan-2030 03:00:40,40,NaN,NaN
Ground_Point_43,SAT_33,2,03-Jan-2030 13:38:30,03-Jan-2030 13:39:45,75,NaN,NaN
Ground_Point_43,SAT_33,3,04-Jan-2030 02:38:10,04-Jan-2030 02:39:10,60,NaN,NaN
Ground_Point_43,SAT_33,4,07-Jan-2030 13:45:20,07-Jan-2030 13:46:35,75,NaN,NaN
Ground_Point_44,SAT_33,1,01-Jan-2030 15:49:55,01-Jan-2030 15:51:00,65,NaN,NaN
Ground_Point_44,SAT_33,2,05-Jan-2030 03:58:00,05-Jan-2030 03:58:25,25,NaN,NaN
Ground_Point_44,SAT_33,3,06-Jan-2030 15:35:25,06-Jan-2030 15:35:50,25,NaN,NaN
Ground_Point_45,SAT_33,1,02-Jan-2030 15:30:50,02-Jan-2030 15:32:10,80,NaN,NaN
Ground_Point_45,SAT_33,2,04-Jan-2030 04:16:35,04-Jan-2030 04:17:35,60,NaN,NaN
Ground_Point_45,SAT_33,3,06-Jan-2030 15:37:45,06-Jan-2030 15:38:55,70,NaN,NaN
Ground_Point_46,SAT_33,1,01-Jan-2030 18:00:00,01-Jan-2030 18:01:00,60,NaN,NaN
Ground_Point_46,SAT_33,2,04-Jan-2030 05:18:35,04-Jan-2030 05:19:45,70,NaN,NaN
Ground_Point_46,SAT_33,3,06-Jan-2030 17:45:20,06-Jan-2030 17:45:55,35,NaN,NaN
Ground_Point_47,SAT_33,1,02-Jan-2030 06:02:10,02-Jan-2030 06:03:20,70,NaN,NaN
Ground_Point_47,SAT_33,2,04-Jan-2030 18:28:50,04-Jan-2030 18:30:05,75,NaN,NaN
Ground_Point_47,SAT_33,3,06-Jan-2030 06:09:15,06-Jan-2030 06:09:50,35,NaN,NaN
Ground_Point_47,SAT_33,4,07-Jan-2030 05:47:50,07-Jan-2030 05:48:00,10,NaN,NaN
Ground_Point_48,SAT_33,1,01-Jan-2030 06:26:45,01-Jan-2030 06:26:55,10,NaN,NaN
Ground_Point_48,SAT_33,2,02-Jan-2030 19:11:05,02-Jan-2030 19:11:55,50,NaN,NaN
Ground_Point_48,SAT_33,3,05-Jan-2030 06:33:05,05-Jan-2030 06:34:10,65,NaN,NaN
Ground_Point_48,SAT_33,4,06-Jan-2030 19:17:40,06-Jan-2030 19:18:50,70,NaN,NaN
Ground_Point_49,SAT_33,1,01-Jan-2030 19:33:10,01-Jan-2030 19:34:25,75,NaN,NaN
Ground_Point_49,SAT_33,2,04-Jan-2030 06:54:15,04-Jan-2030 06:55:35,80,NaN,NaN
Ground_Point_49,SAT_33,3,05-Jan-2030 19:40:05,05-Jan-2030 19:41:10,65,NaN,NaN
Ground_Point_50,SAT_33,1,01-Jan-2030 07:45:10,01-Jan-2030 07:46:25,75,NaN,NaN
Ground_Point_50,SAT_33,2,03-Jan-2030 19:04:25,03-Jan-2030 19:05:25,60,NaN,NaN
Ground_Point_50,SAT_33,3,05-Jan-2030 07:52:05,05-Jan-2030 07:53:00,55,NaN,NaN
Ground_Point_50,SAT_33,4,07-Jan-2030 19:11:05,07-Jan-2030 19:12:20,75,NaN,NaN
Ground_Point_51,SAT_33,1,01-Jan-2030 21:14:00,01-Jan-2030 21:15:05,65,NaN,NaN
Ground_Point_51,SAT_33,2,02-Jan-2030 09:06:25,02-Jan-2030 09:07:35,70,NaN,NaN
Ground_Point_51,SAT_33,3,05-Jan-2030 21:21:15,05-Jan-2030 21:21:20,5,NaN,NaN
Ground_Point_51,SAT_33,4,06-Jan-2030 09:13:35,06-Jan-2030 09:14:00,25,NaN,NaN
Ground_Point_52,SAT_33,1,01-Jan-2030 12:29:50,01-Jan-2030 12:30:35,45,NaN,NaN
Ground_Point_52,SAT_33,2,03-Jan-2030 00:09:05,03-Jan-2030 00:10:20,75,NaN,NaN
Ground_Point_52,SAT_33,3,05-Jan-2030 12:36:25,05-Jan-2030 12:37:40,75,NaN,NaN
Ground_Point_52,SAT_33,4,07-Jan-2030 00:15:50,07-Jan-2030 00:17:05,75,NaN,NaN
Ground_Point_53,SAT_33,1,01-Jan-2030 12:29:40,01-Jan-2030 12:30:50,70,NaN,NaN
Ground_Point_53,SAT_33,2,03-Jan-2030 00:09:10,03-Jan-2030 00:09:30,20,NaN,NaN
Ground_Point_53,SAT_33,3,03-Jan-2030 23:47:35,03-Jan-2030 23:47:50,15,NaN,NaN
Ground_Point_53,SAT_33,4,05-Jan-2030 12:36:40,05-Jan-2030 12:37:20,40,NaN,NaN
Ground_Point_53,SAT_33,5,07-Jan-2030 23:54:00,07-Jan-2030 23:55:00,60,NaN,NaN
Ground_Point_54,SAT_33,1,01-Jan-2030 00:55:50,01-Jan-2030 00:56:55,65,NaN,NaN
Ground_Point_54,SAT_33,2,02-Jan-2030 13:39:10,02-Jan-2030 13:40:20,70,NaN,NaN
Ground_Point_54,SAT_33,3,05-Jan-2030 01:02:55,05-Jan-2030 01:03:20,25,NaN,NaN
Ground_Point_54,SAT_33,4,06-Jan-2030 00:41:05,06-Jan-2030 00:41:50,45,NaN,NaN
Ground_Point_54,SAT_33,5,06-Jan-2030 13:46:05,06-Jan-2030 13:47:00,55,NaN,NaN
Ground_Point_54,SAT_33,6,07-Jan-2030 13:24:45,07-Jan-2030 13:25:00,15,NaN,NaN
Ground_Point_55,SAT_33,1,03-Jan-2030 01:46:10,03-Jan-2030 01:47:20,70,NaN,NaN
Ground_Point_55,SAT_33,2,04-Jan-2030 14:30:10,04-Jan-2030 14:31:15,65,NaN,NaN
Ground_Point_55,SAT_33,3,07-Jan-2030 01:53:15,07-Jan-2030 01:53:50,35,NaN,NaN
Ground_Point_1,SAT_34,1,03-Jan-2030 00:36:40,03-Jan-2030 00:37:30,50,NaN,NaN
Ground_Point_1,SAT_34,2,04-Jan-2030 00:15:05,04-Jan-2030 00:15:45,40,NaN,NaN
Ground_Point_1,SAT_34,3,04-Jan-2030 13:18:20,04-Jan-2030 13:19:40,80,NaN,NaN
Ground_Point_2,SAT_34,1,04-Jan-2030 00:14:10,04-Jan-2030 00:15:20,70,NaN,NaN
Ground_Point_2,SAT_34,2,04-Jan-2030 13:19:20,04-Jan-2030 13:19:40,20,NaN,NaN
Ground_Point_2,SAT_34,3,05-Jan-2030 12:57:25,05-Jan-2030 12:58:15,50,NaN,NaN
Ground_Point_3,SAT_34,1,03-Jan-2030 00:36:35,03-Jan-2030 00:37:30,55,NaN,NaN
Ground_Point_3,SAT_34,2,04-Jan-2030 00:15:15,04-Jan-2030 00:15:40,25,NaN,NaN
Ground_Point_3,SAT_34,3,04-Jan-2030 13:18:25,04-Jan-2030 13:19:40,75,NaN,NaN
Ground_Point_4,SAT_34,1,01-Jan-2030 23:24:00,01-Jan-2030 23:24:20,20,NaN,NaN
Ground_Point_4,SAT_34,2,02-Jan-2030 12:28:05,02-Jan-2030 12:29:15,70,NaN,NaN
Ground_Point_4,SAT_34,3,05-Jan-2030 23:30:35,05-Jan-2030 23:31:40,65,NaN,NaN
Ground_Point_4,SAT_34,4,06-Jan-2030 12:35:15,06-Jan-2030 12:36:00,45,NaN,NaN
Ground_Point_4,SAT_34,5,07-Jan-2030 12:13:45,07-Jan-2030 12:14:10,25,NaN,NaN
Ground_Point_5,SAT_34,1,01-Jan-2030 12:50:25,01-Jan-2030 12:51:05,40,NaN,NaN
Ground_Point_5,SAT_34,2,02-Jan-2030 12:28:50,02-Jan-2030 12:29:25,35,NaN,NaN
Ground_Point_5,SAT_34,3,04-Jan-2030 23:52:05,04-Jan-2030 23:53:20,75,NaN,NaN
Ground_Point_5,SAT_34,4,06-Jan-2030 12:35:30,06-Jan-2030 12:36:40,70,NaN,NaN
Ground_Point_6,SAT_34,1,02-Jan-2030 12:28:25,02-Jan-2030 12:29:30,65,NaN,NaN
Ground_Point_6,SAT_34,2,04-Jan-2030 23:52:05,04-Jan-2030 23:53:20,75,NaN,NaN
Ground_Point_6,SAT_34,3,06-Jan-2030 12:35:15,06-Jan-2030 12:36:30,75,NaN,NaN
Ground_Point_7,SAT_34,1,02-Jan-2030 00:59:10,02-Jan-2030 01:00:20,70,NaN,NaN
Ground_Point_7,SAT_34,2,02-Jan-2030 14:01:30,02-Jan-2030 14:02:50,80,NaN,NaN
Ground_Point_7,SAT_34,3,06-Jan-2030 01:06:05,06-Jan-2030 01:07:20,75,NaN,NaN
Ground_Point_7,SAT_34,4,06-Jan-2030 14:08:30,06-Jan-2030 14:09:40,70,NaN,NaN
Ground_Point_8,SAT_34,1,02-Jan-2030 00:56:45,02-Jan-2030 00:57:55,70,NaN,NaN
Ground_Point_8,SAT_34,2,03-Jan-2030 13:42:00,03-Jan-2030 13:42:55,55,NaN,NaN
Ground_Point_8,SAT_34,3,06-Jan-2030 01:03:50,06-Jan-2030 01:04:40,50,NaN,NaN
Ground_Point_9,SAT_34,1,02-Jan-2030 14:06:20,02-Jan-2030 14:06:55,35,NaN,NaN
Ground_Point_9,SAT_34,2,05-Jan-2030 01:23:30,05-Jan-2030 01:24:35,65,NaN,NaN
Ground_Point_9,SAT_34,3,07-Jan-2030 13:51:30,07-Jan-2030 13:52:25,55,NaN,NaN
Ground_Point_10,SAT_34,1,02-Jan-2030 14:06:30,02-Jan-2030 14:06:55,25,NaN,NaN
Ground_Point_10,SAT_34,2,05-Jan-2030 01:23:25,05-Jan-2030 01:24:30,65,NaN,NaN
Ground_Point_10,SAT_34,3,07-Jan-2030 13:51:30,07-Jan-2030 13:52:30,60,NaN,NaN
Ground_Point_11,SAT_34,1,02-Jan-2030 00:55:05,02-Jan-2030 00:56:25,80,NaN,NaN
Ground_Point_11,SAT_34,2,04-Jan-2030 13:21:55,04-Jan-2030 13:22:55,60,NaN,NaN
Ground_Point_11,SAT_34,3,06-Jan-2030 01:02:05,06-Jan-2030 01:03:20,75,NaN,NaN
Ground_Point_12,SAT_34,1,01-Jan-2030 14:33:55,01-Jan-2030 14:34:20,25,NaN,NaN
Ground_Point_12,SAT_34,2,02-Jan-2030 02:23:20,02-Jan-2030 02:24:40,80,NaN,NaN
Ground_Point_12,SAT_34,3,06-Jan-2030 02:30:25,06-Jan-2030 02:31:25,60,NaN,NaN
Ground_Point_12,SAT_34,4,06-Jan-2030 14:19:00,06-Jan-2030 14:19:55,55,NaN,NaN
Ground_Point_13,SAT_34,1,02-Jan-2030 02:26:40,02-Jan-2030 02:27:55,75,NaN,NaN
Ground_Point_13,SAT_34,2,05-Jan-2030 14:37:45,05-Jan-2030 14:38:25,40,NaN,NaN
Ground_Point_13,SAT_34,3,06-Jan-2030 02:33:40,06-Jan-2030 02:34:50,70,NaN,NaN
Ground_Point_14,SAT_34,1,02-Jan-2030 14:09:40,02-Jan-2030 14:10:15,35,NaN,NaN
Ground_Point_14,SAT_34,2,03-Jan-2030 02:04:00,03-Jan-2030 02:05:15,75,NaN,NaN
Ground_Point_14,SAT_34,3,06-Jan-2030 14:16:20,06-Jan-2030 14:17:30,70,NaN,NaN
Ground_Point_14,SAT_34,4,07-Jan-2030 02:11:00,07-Jan-2030 02:12:10,70,NaN,NaN
Ground_Point_15,SAT_34,1,02-Jan-2030 02:21:25,02-Jan-2030 02:22:25,60,NaN,NaN
Ground_Point_15,SAT_34,2,02-Jan-2030 14:13:45,02-Jan-2030 14:14:45,60,NaN,NaN
Ground_Point_15,SAT_34,3,07-Jan-2030 02:07:05,07-Jan-2030 02:07:25,20,NaN,NaN
Ground_Point_16,SAT_34,1,01-Jan-2030 01:14:20,01-Jan-2030 01:15:10,50,NaN,NaN
Ground_Point_16,SAT_34,2,04-Jan-2030 13:24:25,04-Jan-2030 13:25:45,80,NaN,NaN
Ground_Point_16,SAT_34,3,06-Jan-2030 00:59:40,06-Jan-2030 01:00:30,50,NaN,NaN
Ground_Point_17,SAT_34,1,01-Jan-2030 14:33:10,01-Jan-2030 14:34:25,75,NaN,NaN
Ground_Point_17,SAT_34,2,02-Jan-2030 02:24:05,02-Jan-2030 02:25:05,60,NaN,NaN
Ground_Point_17,SAT_34,3,05-Jan-2030 14:40:10,05-Jan-2030 14:41:15,65,NaN,NaN
Ground_Point_17,SAT_34,4,06-Jan-2030 02:30:50,06-Jan-2030 02:32:10,80,NaN,NaN
Ground_Point_18,SAT_34,1,01-Jan-2030 04:24:40,01-Jan-2030 04:25:25,45,NaN,NaN
Ground_Point_18,SAT_34,2,04-Jan-2030 16:32:35,04-Jan-2030 16:33:35,60,NaN,NaN
Ground_Point_18,SAT_34,3,06-Jan-2030 04:09:55,06-Jan-2030 04:10:50,55,NaN,NaN
Ground_Point_19,SAT_34,1,03-Jan-2030 03:43:35,03-Jan-2030 03:44:25,50,NaN,NaN
Ground_Point_19,SAT_34,2,04-Jan-2030 16:29:50,04-Jan-2030 16:31:05,75,NaN,NaN
Ground_Point_19,SAT_34,3,07-Jan-2030 03:50:20,07-Jan-2030 03:51:35,75,NaN,NaN
Ground_Point_20,SAT_34,1,01-Jan-2030 16:05:45,01-Jan-2030 16:06:00,15,NaN,NaN
Ground_Point_20,SAT_34,2,02-Jan-2030 04:01:00,02-Jan-2030 04:02:15,75,NaN,NaN
Ground_Point_20,SAT_34,3,05-Jan-2030 16:12:15,05-Jan-2030 16:13:20,65,NaN,NaN
Ground_Point_20,SAT_34,4,06-Jan-2030 04:08:00,06-Jan-2030 04:09:05,65,NaN,NaN
Ground_Point_21,SAT_34,1,01-Jan-2030 22:13:05,01-Jan-2030 22:13:55,50,NaN,NaN
Ground_Point_21,SAT_34,2,02-Jan-2030 08:55:10,02-Jan-2030 08:55:30,20,NaN,NaN
Ground_Point_21,SAT_34,3,02-Jan-2030 21:51:20,02-Jan-2030 21:52:25,65,NaN,NaN
Ground_Point_21,SAT_34,4,03-Jan-2030 08:33:05,03-Jan-2030 08:34:20,75,NaN,NaN
Ground_Point_21,SAT_34,5,06-Jan-2030 21:58:10,06-Jan-2030 21:59:25,75,NaN,NaN
Ground_Point_21,SAT_34,6,07-Jan-2030 08:40:00,07-Jan-2030 08:41:15,75,NaN,NaN
Ground_Point_22,SAT_34,1,02-Jan-2030 21:51:50,02-Jan-2030 21:53:00,70,NaN,NaN
Ground_Point_22,SAT_34,2,03-Jan-2030 08:32:15,03-Jan-2030 08:33:35,80,NaN,NaN
Ground_Point_22,SAT_34,3,06-Jan-2030 21:58:50,06-Jan-2030 21:59:50,60,NaN,NaN
Ground_Point_22,SAT_34,4,07-Jan-2030 08:39:15,07-Jan-2030 08:40:30,75,NaN,NaN
Ground_Point_22,SAT_34,5,07-Jan-2030 21:37:15,07-Jan-2030 21:38:05,50,NaN,NaN
Ground_Point_23,SAT_34,1,02-Jan-2030 21:50:50,02-Jan-2030 21:52:00,70,NaN,NaN
Ground_Point_23,SAT_34,2,03-Jan-2030 08:33:25,03-Jan-2030 08:34:00,35,NaN,NaN
Ground_Point_23,SAT_34,3,03-Jan-2030 21:29:20,03-Jan-2030 21:30:10,50,NaN,NaN
Ground_Point_23,SAT_34,4,04-Jan-2030 08:11:25,04-Jan-2030 08:12:40,75,NaN,NaN
Ground_Point_23,SAT_34,5,06-Jan-2030 21:58:00,06-Jan-2030 21:58:45,45,NaN,NaN
Ground_Point_23,SAT_34,6,07-Jan-2030 21:36:10,07-Jan-2030 21:37:15,65,NaN,NaN
Ground_Point_24,SAT_34,1,02-Jan-2030 21:51:15,02-Jan-2030 21:52:20,65,NaN,NaN
Ground_Point_24,SAT_34,2,03-Jan-2030 08:32:50,03-Jan-2030 08:33:50,60,NaN,NaN
Ground_Point_24,SAT_34,3,03-Jan-2030 21:29:45,03-Jan-2030 21:30:35,50,NaN,NaN
Ground_Point_24,SAT_34,4,04-Jan-2030 08:11:10,04-Jan-2030 08:12:10,60,NaN,NaN
Ground_Point_24,SAT_34,5,06-Jan-2030 21:58:25,06-Jan-2030 21:59:05,40,NaN,NaN
Ground_Point_24,SAT_34,6,07-Jan-2030 08:40:10,07-Jan-2030 08:40:25,15,NaN,NaN
Ground_Point_24,SAT_34,7,07-Jan-2030 21:36:30,07-Jan-2030 21:37:40,70,NaN,NaN
Ground_Point_25,SAT_34,1,03-Jan-2030 21:29:35,03-Jan-2030 21:30:50,75,NaN,NaN
Ground_Point_25,SAT_34,2,04-Jan-2030 08:10:40,04-Jan-2030 08:11:55,75,NaN,NaN
Ground_Point_25,SAT_34,3,04-Jan-2030 21:08:25,04-Jan-2030 21:08:40,15,NaN,NaN
Ground_Point_25,SAT_34,4,05-Jan-2030 07:49:35,05-Jan-2030 07:49:45,10,NaN,NaN
Ground_Point_25,SAT_34,5,07-Jan-2030 21:36:40,07-Jan-2030 21:37:35,55,NaN,NaN
Ground_Point_26,SAT_34,1,01-Jan-2030 07:42:30,01-Jan-2030 07:43:45,75,NaN,NaN
Ground_Point_26,SAT_34,2,04-Jan-2030 21:07:05,04-Jan-2030 21:08:25,80,NaN,NaN
Ground_Point_26,SAT_34,3,05-Jan-2030 07:49:25,05-Jan-2030 07:50:40,75,NaN,NaN
Ground_Point_26,SAT_34,4,06-Jan-2030 07:28:10,06-Jan-2030 07:28:45,35,NaN,NaN
Ground_Point_27,SAT_34,1,01-Jan-2030 07:41:45,01-Jan-2030 07:42:25,40,NaN,NaN
Ground_Point_27,SAT_34,2,04-Jan-2030 08:10:20,04-Jan-2030 08:11:05,45,NaN,NaN
Ground_Point_27,SAT_34,3,04-Jan-2030 21:08:15,04-Jan-2030 21:09:35,80,NaN,NaN
Ground_Point_27,SAT_34,4,05-Jan-2030 07:48:30,05-Jan-2030 07:49:35,65,NaN,NaN
Ground_Point_28,SAT_34,1,01-Jan-2030 09:13:50,01-Jan-2030 09:14:50,60,NaN,NaN
Ground_Point_28,SAT_34,2,02-Jan-2030 08:52:30,02-Jan-2030 08:52:55,25,NaN,NaN
Ground_Point_28,SAT_34,3,02-Jan-2030 21:54:15,02-Jan-2030 21:55:20,65,NaN,NaN
Ground_Point_28,SAT_34,4,05-Jan-2030 09:21:10,05-Jan-2030 09:21:25,15,NaN,NaN
Ground_Point_28,SAT_34,5,06-Jan-2030 08:59:05,06-Jan-2030 09:00:10,65,NaN,NaN
Ground_Point_28,SAT_34,6,06-Jan-2030 22:01:05,06-Jan-2030 22:02:25,80,NaN,NaN
Ground_Point_29,SAT_34,1,02-Jan-2030 08:52:15,02-Jan-2030 08:53:05,50,NaN,NaN
Ground_Point_29,SAT_34,2,03-Jan-2030 08:30:40,03-Jan-2030 08:31:25,45,NaN,NaN
Ground_Point_29,SAT_34,3,03-Jan-2030 21:32:10,03-Jan-2030 21:33:15,65,NaN,NaN
Ground_Point_29,SAT_34,4,07-Jan-2030 08:37:25,07-Jan-2030 08:38:35,70,NaN,NaN
Ground_Point_29,SAT_34,5,07-Jan-2030 21:39:00,07-Jan-2030 21:40:15,75,NaN,NaN
Ground_Point_30,SAT_34,1,04-Jan-2030 08:08:30,04-Jan-2030 08:09:35,65,NaN,NaN
Ground_Point_30,SAT_34,2,04-Jan-2030 21:10:00,04-Jan-2030 21:10:50,50,NaN,NaN
Ground_Point_30,SAT_34,3,05-Jan-2030 07:47:15,05-Jan-2030 07:47:40,25,NaN,NaN
Ground_Point_30,SAT_34,4,05-Jan-2030 20:48:25,05-Jan-2030 20:49:10,45,NaN,NaN
Ground_Point_31,SAT_34,1,03-Jan-2030 21:31:10,03-Jan-2030 21:31:30,20,NaN,NaN
Ground_Point_31,SAT_34,2,04-Jan-2030 08:09:30,04-Jan-2030 08:10:45,75,NaN,NaN
Ground_Point_31,SAT_34,3,04-Jan-2030 21:09:05,04-Jan-2030 21:10:15,70,NaN,NaN
Ground_Point_32,SAT_34,1,01-Jan-2030 20:38:15,01-Jan-2030 20:39:35,80,NaN,NaN
Ground_Point_32,SAT_34,2,02-Jan-2030 07:20:30,02-Jan-2030 07:21:40,70,NaN,NaN
Ground_Point_32,SAT_34,3,03-Jan-2030 06:59:00,03-Jan-2030 06:59:50,50,NaN,NaN
Ground_Point_32,SAT_34,4,05-Jan-2030 20:45:15,05-Jan-2030 20:46:25,70,NaN,NaN
Ground_Point_32,SAT_34,5,06-Jan-2030 07:27:35,06-Jan-2030 07:28:25,50,NaN,NaN
Ground_Point_32,SAT_34,6,06-Jan-2030 20:23:50,06-Jan-2030 20:24:30,40,NaN,NaN
Ground_Point_32,SAT_34,7,07-Jan-2030 07:05:50,07-Jan-2030 07:06:55,65,NaN,NaN
Ground_Point_33,SAT_34,1,01-Jan-2030 13:57:35,01-Jan-2030 13:58:25,50,NaN,NaN
Ground_Point_33,SAT_34,2,02-Jan-2030 13:36:00,02-Jan-2030 13:36:45,45,NaN,NaN
Ground_Point_33,SAT_34,3,03-Jan-2030 02:37:45,03-Jan-2030 02:38:55,70,NaN,NaN
Ground_Point_33,SAT_34,4,06-Jan-2030 13:42:40,06-Jan-2030 13:43:55,75,NaN,NaN
Ground_Point_33,SAT_34,5,07-Jan-2030 02:44:40,07-Jan-2030 02:45:55,75,NaN,NaN
Ground_Point_34,SAT_34,1,01-Jan-2030 13:57:00,01-Jan-2030 13:58:20,80,NaN,NaN
Ground_Point_34,SAT_34,2,02-Jan-2030 03:00:00,02-Jan-2030 03:01:05,65,NaN,NaN
Ground_Point_34,SAT_34,3,05-Jan-2030 14:04:00,05-Jan-2030 14:05:15,75,NaN,NaN
Ground_Point_34,SAT_34,4,06-Jan-2030 03:07:10,06-Jan-2030 03:07:45,35,NaN,NaN
Ground_Point_34,SAT_34,5,07-Jan-2030 02:45:25,07-Jan-2030 02:46:15,50,NaN,NaN
Ground_Point_35,SAT_34,1,02-Jan-2030 13:36:00,02-Jan-2030 13:37:15,75,NaN,NaN
Ground_Point_35,SAT_34,2,03-Jan-2030 02:37:10,03-Jan-2030 02:38:25,75,NaN,NaN
Ground_Point_35,SAT_34,3,06-Jan-2030 13:43:05,06-Jan-2030 13:44:05,60,NaN,NaN
Ground_Point_35,SAT_34,4,07-Jan-2030 02:44:15,07-Jan-2030 02:45:10,55,NaN,NaN
Ground_Point_35,SAT_34,5,07-Jan-2030 13:21:45,07-Jan-2030 13:22:10,25,NaN,NaN
Ground_Point_36,SAT_34,1,03-Jan-2030 14:48:35,03-Jan-2030 14:49:40,65,NaN,NaN
Ground_Point_36,SAT_34,2,04-Jan-2030 03:50:05,04-Jan-2030 03:50:55,50,NaN,NaN
Ground_Point_36,SAT_34,3,04-Jan-2030 14:27:20,04-Jan-2030 14:27:40,20,NaN,NaN
Ground_Point_36,SAT_34,4,05-Jan-2030 03:28:30,05-Jan-2030 03:29:15,45,NaN,NaN
Ground_Point_36,SAT_34,5,07-Jan-2030 14:55:50,07-Jan-2030 14:56:15,25,NaN,NaN
Ground_Point_37,SAT_34,1,01-Jan-2030 15:29:55,01-Jan-2030 15:31:05,70,NaN,NaN
Ground_Point_37,SAT_34,2,03-Jan-2030 04:14:20,03-Jan-2030 04:15:20,60,NaN,NaN
Ground_Point_37,SAT_34,3,05-Jan-2030 15:37:05,05-Jan-2030 15:37:45,40,NaN,NaN
Ground_Point_37,SAT_34,4,06-Jan-2030 15:15:30,06-Jan-2030 15:16:05,35,NaN,NaN
Ground_Point_37,SAT_34,5,07-Jan-2030 04:21:40,07-Jan-2030 04:21:55,15,NaN,NaN
Ground_Point_38,SAT_34,1,01-Jan-2030 15:29:10,01-Jan-2030 15:30:10,60,NaN,NaN
Ground_Point_38,SAT_34,2,04-Jan-2030 03:53:25,04-Jan-2030 03:54:25,60,NaN,NaN
Ground_Point_38,SAT_34,3,06-Jan-2030 15:14:30,06-Jan-2030 15:15:25,55,NaN,NaN
Ground_Point_39,SAT_34,1,02-Jan-2030 16:43:05,02-Jan-2030 16:44:10,65,NaN,NaN
Ground_Point_39,SAT_34,2,04-Jan-2030 05:26:50,04-Jan-2030 05:27:50,60,NaN,NaN
Ground_Point_39,SAT_34,3,06-Jan-2030 16:49:55,06-Jan-2030 16:51:10,75,NaN,NaN
Ground_Point_40,SAT_34,1,01-Jan-2030 17:05:45,01-Jan-2030 17:07:00,75,NaN,NaN
Ground_Point_40,SAT_34,2,03-Jan-2030 05:47:40,03-Jan-2030 05:48:45,65,NaN,NaN
Ground_Point_40,SAT_34,3,05-Jan-2030 17:12:50,05-Jan-2030 17:13:50,60,NaN,NaN
Ground_Point_40,SAT_34,4,07-Jan-2030 05:54:30,07-Jan-2030 05:55:45,75,NaN,NaN
Ground_Point_41,SAT_34,1,02-Jan-2030 06:06:45,02-Jan-2030 06:08:00,75,NaN,NaN
Ground_Point_41,SAT_34,2,02-Jan-2030 16:46:35,02-Jan-2030 16:47:50,75,NaN,NaN
Ground_Point_41,SAT_34,3,06-Jan-2030 06:13:45,06-Jan-2030 06:14:50,65,NaN,NaN
Ground_Point_41,SAT_34,4,06-Jan-2030 16:53:30,06-Jan-2030 16:54:50,80,NaN,NaN
Ground_Point_41,SAT_34,5,07-Jan-2030 05:52:20,07-Jan-2030 05:52:55,35,NaN,NaN
Ground_Point_42,SAT_34,1,01-Jan-2030 03:20:50,01-Jan-2030 03:21:20,30,NaN,NaN
Ground_Point_42,SAT_34,2,01-Jan-2030 13:58:25,01-Jan-2030 13:59:35,70,NaN,NaN
Ground_Point_42,SAT_34,3,02-Jan-2030 02:58:55,02-Jan-2030 03:00:00,65,NaN,NaN
Ground_Point_42,SAT_34,4,05-Jan-2030 14:05:15,05-Jan-2030 14:06:35,80,NaN,NaN
Ground_Point_42,SAT_34,5,06-Jan-2030 03:05:45,06-Jan-2030 03:07:00,75,NaN,NaN
Ground_Point_43,SAT_34,1,02-Jan-2030 02:58:20,02-Jan-2030 02:59:10,50,NaN,NaN
Ground_Point_43,SAT_34,2,02-Jan-2030 13:36:55,02-Jan-2030 13:38:10,75,NaN,NaN
Ground_Point_43,SAT_34,3,03-Jan-2030 02:36:40,03-Jan-2030 02:37:35,55,NaN,NaN
Ground_Point_43,SAT_34,4,06-Jan-2030 13:43:50,06-Jan-2030 13:45:10,80,NaN,NaN
Ground_Point_43,SAT_34,5,07-Jan-2030 02:43:25,07-Jan-2030 02:44:40,75,NaN,NaN
Ground_Point_44,SAT_34,1,03-Jan-2030 04:18:10,03-Jan-2030 04:18:30,20,NaN,NaN
Ground_Point_44,SAT_34,2,04-Jan-2030 15:55:30,04-Jan-2030 15:56:00,30,NaN,NaN
Ground_Point_45,SAT_34,1,01-Jan-2030 15:29:15,01-Jan-2030 15:30:30,75,NaN,NaN
Ground_Point_45,SAT_34,2,03-Jan-2030 04:15:00,03-Jan-2030 04:16:05,65,NaN,NaN
Ground_Point_45,SAT_34,3,05-Jan-2030 15:36:15,05-Jan-2030 15:37:25,70,NaN,NaN
Ground_Point_45,SAT_34,4,07-Jan-2030 04:22:10,07-Jan-2030 04:22:40,30,NaN,NaN
Ground_Point_46,SAT_34,1,03-Jan-2030 05:17:00,03-Jan-2030 05:18:10,70,NaN,NaN
Ground_Point_46,SAT_34,2,04-Jan-2030 18:05:35,04-Jan-2030 18:05:55,20,NaN,NaN
Ground_Point_46,SAT_34,3,05-Jan-2030 17:44:00,05-Jan-2030 17:44:20,20,NaN,NaN
Ground_Point_46,SAT_34,4,07-Jan-2030 05:23:50,07-Jan-2030 05:25:10,80,NaN,NaN
Ground_Point_47,SAT_34,1,01-Jan-2030 06:00:30,01-Jan-2030 06:01:45,75,NaN,NaN
Ground_Point_47,SAT_34,2,03-Jan-2030 18:27:20,03-Jan-2030 18:28:35,75,NaN,NaN
Ground_Point_47,SAT_34,3,05-Jan-2030 06:07:40,05-Jan-2030 06:08:25,45,NaN,NaN
Ground_Point_47,SAT_34,4,07-Jan-2030 18:34:15,07-Jan-2030 18:35:25,70,NaN,NaN
Ground_Point_48,SAT_34,1,01-Jan-2030 19:09:35,01-Jan-2030 19:10:10,35,NaN,NaN
Ground_Point_48,SAT_34,2,04-Jan-2030 06:31:40,04-Jan-2030 06:32:35,55,NaN,NaN
Ground_Point_48,SAT_34,3,05-Jan-2030 19:16:15,05-Jan-2030 19:17:25,70,NaN,NaN
Ground_Point_49,SAT_34,1,03-Jan-2030 06:52:45,03-Jan-2030 06:54:00,75,NaN,NaN
Ground_Point_49,SAT_34,2,04-Jan-2030 19:38:30,04-Jan-2030 19:39:40,70,NaN,NaN
Ground_Point_49,SAT_34,3,07-Jan-2030 06:59:40,07-Jan-2030 07:00:55,75,NaN,NaN
Ground_Point_50,SAT_34,1,02-Jan-2030 19:02:55,02-Jan-2030 19:03:50,55,NaN,NaN
Ground_Point_50,SAT_34,2,04-Jan-2030 07:50:30,04-Jan-2030 07:51:35,65,NaN,NaN
Ground_Point_50,SAT_34,3,06-Jan-2030 19:09:40,06-Jan-2030 19:10:55,75,NaN,NaN
Ground_Point_51,SAT_34,1,01-Jan-2030 09:04:45,01-Jan-2030 09:06:00,75,NaN,NaN
Ground_Point_51,SAT_34,2,04-Jan-2030 21:19:30,04-Jan-2030 21:20:05,35,NaN,NaN
Ground_Point_51,SAT_34,3,05-Jan-2030 09:12:00,05-Jan-2030 09:12:40,40,NaN,NaN
Ground_Point_52,SAT_34,1,02-Jan-2030 00:07:30,02-Jan-2030 00:08:40,70,NaN,NaN
Ground_Point_52,SAT_34,2,04-Jan-2030 12:34:55,04-Jan-2030 12:36:05,70,NaN,NaN
Ground_Point_52,SAT_34,3,06-Jan-2030 00:14:25,06-Jan-2030 00:15:40,75,NaN,NaN
Ground_Point_53,SAT_34,1,02-Jan-2030 00:07:25,02-Jan-2030 00:08:05,40,NaN,NaN
Ground_Point_53,SAT_34,2,04-Jan-2030 12:35:05,04-Jan-2030 12:35:55,50,NaN,NaN
Ground_Point_53,SAT_34,3,06-Jan-2030 23:52:35,06-Jan-2030 23:53:35,60,NaN,NaN
Ground_Point_54,SAT_34,1,01-Jan-2030 13:37:30,01-Jan-2030 13:38:45,75,NaN,NaN
Ground_Point_54,SAT_34,2,04-Jan-2030 01:01:15,04-Jan-2030 01:02:00,45,NaN,NaN
Ground_Point_54,SAT_34,3,05-Jan-2030 00:39:45,05-Jan-2030 00:40:15,30,NaN,NaN
Ground_Point_54,SAT_34,4,05-Jan-2030 13:44:35,05-Jan-2030 13:45:35,60,NaN,NaN
Ground_Point_55,SAT_34,1,02-Jan-2030 01:44:35,02-Jan-2030 01:45:45,70,NaN,NaN
Ground_Point_55,SAT_34,2,03-Jan-2030 14:28:35,03-Jan-2030 14:29:45,70,NaN,NaN
Ground_Point_55,SAT_34,3,06-Jan-2030 01:51:45,06-Jan-2030 01:52:25,40,NaN,NaN
Ground_Point_55,SAT_34,4,07-Jan-2030 01:30:15,07-Jan-2030 01:30:40,25,NaN,NaN
Ground_Point_55,SAT_34,5,07-Jan-2030 14:35:45,07-Jan-2030 14:36:30,45,NaN,NaN
Ground_Point_1,SAT_35,1,02-Jan-2030 00:34:55,02-Jan-2030 00:35:55,60,NaN,NaN
Ground_Point_1,SAT_35,2,03-Jan-2030 00:13:35,03-Jan-2030 00:14:00,25,NaN,NaN
Ground_Point_1,SAT_35,3,03-Jan-2030 13:16:45,03-Jan-2030 13:18:00,75,NaN,NaN
Ground_Point_1,SAT_35,4,07-Jan-2030 00:20:15,07-Jan-2030 00:21:20,65,NaN,NaN
Ground_Point_1,SAT_35,5,07-Jan-2030 13:23:45,07-Jan-2030 13:24:55,70,NaN,NaN
Ground_Point_2,SAT_35,1,03-Jan-2030 00:12:35,03-Jan-2030 00:13:40,65,NaN,NaN
Ground_Point_2,SAT_35,2,03-Jan-2030 13:17:35,03-Jan-2030 13:18:10,35,NaN,NaN
Ground_Point_2,SAT_35,3,04-Jan-2030 12:55:55,04-Jan-2030 12:56:35,40,NaN,NaN
Ground_Point_2,SAT_35,4,07-Jan-2030 00:19:25,07-Jan-2030 00:20:45,80,NaN,NaN
Ground_Point_3,SAT_35,1,02-Jan-2030 00:34:55,02-Jan-2030 00:35:55,60,NaN,NaN
Ground_Point_3,SAT_35,2,03-Jan-2030 13:16:45,03-Jan-2030 13:18:05,80,NaN,NaN
Ground_Point_3,SAT_35,3,06-Jan-2030 00:42:20,06-Jan-2030 00:42:30,10,NaN,NaN
Ground_Point_3,SAT_35,4,07-Jan-2030 00:20:20,07-Jan-2030 00:21:15,55,NaN,NaN
Ground_Point_3,SAT_35,5,07-Jan-2030 13:23:50,07-Jan-2030 13:25:00,70,NaN,NaN
Ground_Point_4,SAT_35,1,01-Jan-2030 12:26:25,01-Jan-2030 12:27:40,75,NaN,NaN
Ground_Point_4,SAT_35,2,04-Jan-2030 23:29:00,04-Jan-2030 23:30:00,60,NaN,NaN
Ground_Point_4,SAT_35,3,05-Jan-2030 12:33:35,05-Jan-2030 12:34:30,55,NaN,NaN
Ground_Point_5,SAT_35,1,01-Jan-2030 12:27:20,01-Jan-2030 12:27:40,20,NaN,NaN
Ground_Point_5,SAT_35,2,03-Jan-2030 23:50:30,03-Jan-2030 23:51:40,70,NaN,NaN
Ground_Point_5,SAT_35,3,05-Jan-2030 12:33:55,05-Jan-2030 12:35:00,65,NaN,NaN
Ground_Point_5,SAT_35,4,07-Jan-2030 23:57:25,07-Jan-2030 23:58:45,80,NaN,NaN
Ground_Point_6,SAT_35,1,01-Jan-2030 12:26:45,01-Jan-2030 12:27:50,65,NaN,NaN
Ground_Point_6,SAT_35,2,03-Jan-2030 23:50:30,03-Jan-2030 23:51:45,75,NaN,NaN
Ground_Point_6,SAT_35,3,05-Jan-2030 12:33:40,05-Jan-2030 12:34:55,75,NaN,NaN
Ground_Point_6,SAT_35,4,07-Jan-2030 23:57:35,07-Jan-2030 23:58:40,65,NaN,NaN
Ground_Point_7,SAT_35,1,01-Jan-2030 00:57:35,01-Jan-2030 00:58:40,65,NaN,NaN
Ground_Point_7,SAT_35,2,01-Jan-2030 13:59:50,01-Jan-2030 14:01:10,80,NaN,NaN
Ground_Point_7,SAT_35,3,05-Jan-2030 01:04:30,05-Jan-2030 01:05:45,75,NaN,NaN
Ground_Point_7,SAT_35,4,05-Jan-2030 14:06:55,05-Jan-2030 14:08:05,70,NaN,NaN
Ground_Point_8,SAT_35,1,01-Jan-2030 00:55:05,01-Jan-2030 00:56:20,75,NaN,NaN
Ground_Point_8,SAT_35,2,02-Jan-2030 13:40:20,02-Jan-2030 13:41:20,60,NaN,NaN
Ground_Point_8,SAT_35,3,05-Jan-2030 01:02:10,05-Jan-2030 01:03:10,60,NaN,NaN
Ground_Point_8,SAT_35,4,07-Jan-2030 13:25:50,07-Jan-2030 13:26:35,45,NaN,NaN
Ground_Point_9,SAT_35,1,01-Jan-2030 14:04:35,01-Jan-2030 14:05:25,50,NaN,NaN
Ground_Point_9,SAT_35,2,04-Jan-2030 01:22:00,04-Jan-2030 01:22:55,55,NaN,NaN
Ground_Point_9,SAT_35,3,06-Jan-2030 13:49:55,06-Jan-2030 13:50:50,55,NaN,NaN
Ground_Point_10,SAT_35,1,01-Jan-2030 14:04:40,01-Jan-2030 14:05:25,45,NaN,NaN
Ground_Point_10,SAT_35,2,04-Jan-2030 01:21:55,04-Jan-2030 01:22:50,55,NaN,NaN
Ground_Point_10,SAT_35,3,06-Jan-2030 13:50:00,06-Jan-2030 13:50:55,55,NaN,NaN
Ground_Point_11,SAT_35,1,01-Jan-2030 00:53:30,01-Jan-2030 00:54:45,75,NaN,NaN
Ground_Point_11,SAT_35,2,03-Jan-2030 13:20:20,03-Jan-2030 13:21:15,55,NaN,NaN
Ground_Point_11,SAT_35,3,05-Jan-2030 01:00:25,05-Jan-2030 01:01:45,80,NaN,NaN
Ground_Point_11,SAT_35,4,07-Jan-2030 13:27:10,07-Jan-2030 13:28:25,75,NaN,NaN
Ground_Point_12,SAT_35,1,01-Jan-2030 02:21:45,01-Jan-2030 02:23:00,75,NaN,NaN
Ground_Point_12,SAT_35,2,05-Jan-2030 02:28:45,05-Jan-2030 02:29:55,70,NaN,NaN
Ground_Point_12,SAT_35,3,05-Jan-2030 14:17:30,05-Jan-2030 14:18:15,45,NaN,NaN
Ground_Point_13,SAT_35,1,01-Jan-2030 02:25:05,01-Jan-2030 02:26:15,70,NaN,NaN
Ground_Point_13,SAT_35,2,04-Jan-2030 14:36:15,04-Jan-2030 14:36:40,25,NaN,NaN
Ground_Point_13,SAT_35,3,05-Jan-2030 02:32:00,05-Jan-2030 02:33:15,75,NaN,NaN
Ground_Point_14,SAT_35,1,01-Jan-2030 14:08:15,01-Jan-2030 14:08:25,10,NaN,NaN
Ground_Point_14,SAT_35,2,02-Jan-2030 02:02:25,02-Jan-2030 02:03:40,75,NaN,NaN
Ground_Point_14,SAT_35,3,05-Jan-2030 14:14:45,05-Jan-2030 14:15:50,65,NaN,NaN
Ground_Point_14,SAT_35,4,06-Jan-2030 02:09:20,06-Jan-2030 02:10:40,80,NaN,NaN
Ground_Point_15,SAT_35,1,01-Jan-2030 02:19:45,01-Jan-2030 02:20:50,65,NaN,NaN
Ground_Point_15,SAT_35,2,01-Jan-2030 14:12:05,01-Jan-2030 14:13:10,65,NaN,NaN
Ground_Point_15,SAT_35,3,05-Jan-2030 02:27:10,05-Jan-2030 02:27:20,10,NaN,NaN
Ground_Point_15,SAT_35,4,05-Jan-2030 14:19:25,05-Jan-2030 14:19:45,20,NaN,NaN
Ground_Point_16,SAT_35,1,03-Jan-2030 13:22:50,03-Jan-2030 13:24:05,75,NaN,NaN
Ground_Point_16,SAT_35,2,05-Jan-2030 00:58:10,05-Jan-2030 00:58:45,35,NaN,NaN
Ground_Point_16,SAT_35,3,07-Jan-2030 13:29:50,07-Jan-2030 13:31:00,70,NaN,NaN
Ground_Point_17,SAT_35,1,01-Jan-2030 02:22:30,01-Jan-2030 02:23:20,50,NaN,NaN
Ground_Point_17,SAT_35,2,04-Jan-2030 14:38:30,04-Jan-2030 14:39:40,70,NaN,NaN
Ground_Point_17,SAT_35,3,05-Jan-2030 02:29:15,05-Jan-2030 02:30:30,75,NaN,NaN
Ground_Point_18,SAT_35,1,03-Jan-2030 16:31:05,03-Jan-2030 16:31:50,45,NaN,NaN
Ground_Point_18,SAT_35,2,05-Jan-2030 04:08:20,05-Jan-2030 04:09:10,50,NaN,NaN
Ground_Point_18,SAT_35,3,07-Jan-2030 16:37:50,07-Jan-2030 16:39:05,75,NaN,NaN
Ground_Point_19,SAT_35,1,01-Jan-2030 04:03:50,01-Jan-2030 04:04:05,15,NaN,NaN
Ground_Point_19,SAT_35,2,02-Jan-2030 03:42:00,02-Jan-2030 03:42:40,40,NaN,NaN
Ground_Point_19,SAT_35,3,03-Jan-2030 16:28:10,03-Jan-2030 16:29:30,80,NaN,NaN
Ground_Point_19,SAT_35,4,06-Jan-2030 03:48:45,06-Jan-2030 03:49:55,70,NaN,NaN
Ground_Point_19,SAT_35,5,07-Jan-2030 16:35:15,07-Jan-2030 16:36:25,70,NaN,NaN
Ground_Point_20,SAT_35,1,01-Jan-2030 03:59:20,01-Jan-2030 04:00:35,75,NaN,NaN
Ground_Point_20,SAT_35,2,04-Jan-2030 16:10:40,04-Jan-2030 16:11:40,60,NaN,NaN
Ground_Point_20,SAT_35,3,05-Jan-2030 04:06:20,05-Jan-2030 04:07:35,75,NaN,NaN
Ground_Point_21,SAT_35,1,01-Jan-2030 08:53:25,01-Jan-2030 08:54:00,35,NaN,NaN
Ground_Point_21,SAT_35,2,01-Jan-2030 21:49:45,01-Jan-2030 21:50:45,60,NaN,NaN
Ground_Point_21,SAT_35,3,02-Jan-2030 08:31:25,02-Jan-2030 08:32:40,75,NaN,NaN
Ground_Point_21,SAT_35,4,04-Jan-2030 22:18:40,04-Jan-2030 22:19:00,20,NaN,NaN
Ground_Point_21,SAT_35,5,05-Jan-2030 21:56:35,05-Jan-2030 21:57:50,75,NaN,NaN
Ground_Point_21,SAT_35,6,06-Jan-2030 08:38:25,06-Jan-2030 08:39:40,75,NaN,NaN
Ground_Point_22,SAT_35,1,01-Jan-2030 21:50:10,01-Jan-2030 21:51:25,75,NaN,NaN
Ground_Point_22,SAT_35,2,02-Jan-2030 08:30:35,02-Jan-2030 08:31:55,80,NaN,NaN
Ground_Point_22,SAT_35,3,05-Jan-2030 21:57:15,05-Jan-2030 21:58:20,65,NaN,NaN
Ground_Point_22,SAT_35,4,06-Jan-2030 08:37:40,06-Jan-2030 08:38:55,75,NaN,NaN
Ground_Point_22,SAT_35,5,06-Jan-2030 21:35:45,06-Jan-2030 21:36:30,45,NaN,NaN
Ground_Point_23,SAT_35,1,01-Jan-2030 21:49:10,01-Jan-2030 21:50:20,70,NaN,NaN
Ground_Point_23,SAT_35,2,02-Jan-2030 08:31:45,02-Jan-2030 08:32:25,40,NaN,NaN
Ground_Point_23,SAT_35,3,02-Jan-2030 21:27:45,02-Jan-2030 21:28:30,45,NaN,NaN
Ground_Point_23,SAT_35,4,03-Jan-2030 08:09:50,03-Jan-2030 08:11:00,70,NaN,NaN
Ground_Point_23,SAT_35,5,05-Jan-2030 21:56:20,05-Jan-2030 21:57:10,50,NaN,NaN
Ground_Point_23,SAT_35,6,06-Jan-2030 21:34:35,06-Jan-2030 21:35:40,65,NaN,NaN
Ground_Point_23,SAT_35,7,07-Jan-2030 08:16:45,07-Jan-2030 08:18:05,80,NaN,NaN
Ground_Point_24,SAT_35,1,01-Jan-2030 21:49:35,01-Jan-2030 21:50:45,70,NaN,NaN
Ground_Point_24,SAT_35,2,02-Jan-2030 08:31:10,02-Jan-2030 08:32:15,65,NaN,NaN
Ground_Point_24,SAT_35,3,02-Jan-2030 21:28:10,02-Jan-2030 21:28:55,45,NaN,NaN
Ground_Point_24,SAT_35,4,03-Jan-2030 08:09:35,03-Jan-2030 08:10:30,55,NaN,NaN
Ground_Point_24,SAT_35,5,05-Jan-2030 21:56:45,05-Jan-2030 21:57:35,50,NaN,NaN
Ground_Point_24,SAT_35,6,06-Jan-2030 08:38:25,06-Jan-2030 08:39:00,35,NaN,NaN
Ground_Point_24,SAT_35,7,06-Jan-2030 21:35:00,06-Jan-2030 21:36:05,65,NaN,NaN
Ground_Point_24,SAT_35,8,07-Jan-2030 08:16:25,07-Jan-2030 08:17:40,75,NaN,NaN
Ground_Point_25,SAT_35,1,02-Jan-2030 21:27:55,02-Jan-2030 21:29:10,75,NaN,NaN
Ground_Point_25,SAT_35,2,03-Jan-2030 08:09:05,03-Jan-2030 08:10:20,75,NaN,NaN
Ground_Point_25,SAT_35,3,06-Jan-2030 21:35:00,06-Jan-2030 21:36:05,65,NaN,NaN
Ground_Point_25,SAT_35,4,07-Jan-2030 08:16:10,07-Jan-2030 08:17:15,65,NaN,NaN
Ground_Point_25,SAT_35,5,07-Jan-2030 21:13:30,07-Jan-2030 21:14:20,50,NaN,NaN
Ground_Point_26,SAT_35,1,03-Jan-2030 21:05:30,03-Jan-2030 21:06:45,75,NaN,NaN
Ground_Point_26,SAT_35,2,04-Jan-2030 07:47:50,04-Jan-2030 07:49:05,75,NaN,NaN
Ground_Point_26,SAT_35,3,05-Jan-2030 07:26:40,05-Jan-2030 07:27:00,20,NaN,NaN
Ground_Point_26,SAT_35,4,07-Jan-2030 21:12:30,07-Jan-2030 21:13:45,75,NaN,NaN
Ground_Point_27,SAT_35,1,03-Jan-2030 08:08:40,03-Jan-2030 08:09:30,50,NaN,NaN
Ground_Point_27,SAT_35,2,03-Jan-2030 21:06:40,03-Jan-2030 21:07:55,75,NaN,NaN
Ground_Point_27,SAT_35,3,04-Jan-2030 07:46:55,04-Jan-2030 07:48:00,65,NaN,NaN
Ground_Point_27,SAT_35,4,07-Jan-2030 21:13:40,07-Jan-2030 21:14:55,75,NaN,NaN
Ground_Point_28,SAT_35,1,01-Jan-2030 21:52:40,01-Jan-2030 21:53:40,60,NaN,NaN
Ground_Point_28,SAT_35,2,04-Jan-2030 09:19:25,04-Jan-2030 09:19:55,30,NaN,NaN
Ground_Point_28,SAT_35,3,05-Jan-2030 08:57:35,05-Jan-2030 08:58:30,55,NaN,NaN
Ground_Point_28,SAT_35,4,05-Jan-2030 21:59:35,05-Jan-2030 22:00:45,70,NaN,NaN
Ground_Point_29,SAT_35,1,01-Jan-2030 08:50:35,01-Jan-2030 08:51:30,55,NaN,NaN
Ground_Point_29,SAT_35,2,01-Jan-2030 21:52:25,01-Jan-2030 21:52:50,25,NaN,NaN
Ground_Point_29,SAT_35,3,02-Jan-2030 08:29:05,02-Jan-2030 08:29:45,40,NaN,NaN
Ground_Point_29,SAT_35,4,02-Jan-2030 21:30:35,02-Jan-2030 21:31:30,55,NaN,NaN
Ground_Point_29,SAT_35,5,06-Jan-2030 08:35:50,06-Jan-2030 08:37:00,70,NaN,NaN
Ground_Point_29,SAT_35,6,06-Jan-2030 21:37:25,06-Jan-2030 21:38:40,75,NaN,NaN
Ground_Point_30,SAT_35,1,03-Jan-2030 08:06:55,03-Jan-2030 08:08:00,65,NaN,NaN
Ground_Point_30,SAT_35,2,03-Jan-2030 21:08:20,03-Jan-2030 21:09:20,60,NaN,NaN
Ground_Point_30,SAT_35,3,04-Jan-2030 20:46:55,04-Jan-2030 20:47:30,35,NaN,NaN
Ground_Point_30,SAT_35,4,07-Jan-2030 08:14:10,07-Jan-2030 08:14:45,35,NaN,NaN
Ground_Point_31,SAT_35,1,02-Jan-2030 21:29:25,02-Jan-2030 21:30:00,35,NaN,NaN
Ground_Point_31,SAT_35,2,03-Jan-2030 08:07:50,03-Jan-2030 08:09:10,80,NaN,NaN
Ground_Point_31,SAT_35,3,03-Jan-2030 21:07:35,03-Jan-2030 21:08:35,60,NaN,NaN
Ground_Point_31,SAT_35,4,07-Jan-2030 08:14:50,07-Jan-2030 08:16:05,75,NaN,NaN
Ground_Point_31,SAT_35,5,07-Jan-2030 21:14:25,07-Jan-2030 21:15:40,75,NaN,NaN
Ground_Point_32,SAT_35,1,01-Jan-2030 07:18:50,01-Jan-2030 07:20:00,70,NaN,NaN
Ground_Point_32,SAT_35,2,02-Jan-2030 06:57:30,02-Jan-2030 06:58:10,40,NaN,NaN
Ground_Point_32,SAT_35,3,04-Jan-2030 20:43:35,04-Jan-2030 20:44:50,75,NaN,NaN
Ground_Point_32,SAT_35,4,05-Jan-2030 07:26:00,05-Jan-2030 07:26:55,55,NaN,NaN
Ground_Point_32,SAT_35,5,05-Jan-2030 20:22:25,05-Jan-2030 20:22:45,20,NaN,NaN
Ground_Point_32,SAT_35,6,06-Jan-2030 07:04:15,06-Jan-2030 07:05:20,65,NaN,NaN
Ground_Point_33,SAT_35,1,01-Jan-2030 13:34:25,01-Jan-2030 13:35:05,40,NaN,NaN
Ground_Point_33,SAT_35,2,02-Jan-2030 02:36:10,02-Jan-2030 02:37:15,65,NaN,NaN
Ground_Point_33,SAT_35,3,05-Jan-2030 13:41:10,05-Jan-2030 13:42:15,65,NaN,NaN
Ground_Point_33,SAT_35,4,06-Jan-2030 02:43:05,06-Jan-2030 02:44:20,75,NaN,NaN
Ground_Point_34,SAT_35,1,01-Jan-2030 02:58:20,01-Jan-2030 02:59:30,70,NaN,NaN
Ground_Point_34,SAT_35,2,04-Jan-2030 14:02:20,04-Jan-2030 14:03:40,80,NaN,NaN
Ground_Point_34,SAT_35,3,05-Jan-2030 03:05:30,05-Jan-2030 03:06:15,45,NaN,NaN
Ground_Point_34,SAT_35,4,06-Jan-2030 02:43:55,06-Jan-2030 02:44:40,45,NaN,NaN
Ground_Point_35,SAT_35,1,01-Jan-2030 13:34:20,01-Jan-2030 13:35:40,80,NaN,NaN
Ground_Point_35,SAT_35,2,02-Jan-2030 02:35:30,02-Jan-2030 02:36:45,75,NaN,NaN
Ground_Point_35,SAT_35,3,05-Jan-2030 13:41:25,05-Jan-2030 13:42:35,70,NaN,NaN
Ground_Point_35,SAT_35,4,06-Jan-2030 02:42:35,06-Jan-2030 02:43:40,65,NaN,NaN
Ground_Point_35,SAT_35,5,07-Jan-2030 02:21:25,07-Jan-2030 02:21:40,15,NaN,NaN
Ground_Point_36,SAT_35,1,02-Jan-2030 14:46:55,02-Jan-2030 14:48:05,70,NaN,NaN
Ground_Point_36,SAT_35,2,03-Jan-2030 03:48:25,03-Jan-2030 03:49:20,55,NaN,NaN
Ground_Point_36,SAT_35,3,04-Jan-2030 03:27:00,04-Jan-2030 03:27:30,30,NaN,NaN
Ground_Point_36,SAT_35,4,06-Jan-2030 14:54:10,06-Jan-2030 14:54:50,40,NaN,NaN
Ground_Point_36,SAT_35,5,07-Jan-2030 14:32:25,07-Jan-2030 14:33:20,55,NaN,NaN
Ground_Point_37,SAT_35,1,02-Jan-2030 04:12:40,02-Jan-2030 04:13:45,65,NaN,NaN
Ground_Point_37,SAT_35,2,04-Jan-2030 15:35:25,04-Jan-2030 15:36:15,50,NaN,NaN
Ground_Point_37,SAT_35,3,05-Jan-2030 15:14:10,05-Jan-2030 15:14:20,10,NaN,NaN
Ground_Point_37,SAT_35,4,06-Jan-2030 04:19:55,06-Jan-2030 04:20:30,35,NaN,NaN
Ground_Point_37,SAT_35,5,07-Jan-2030 03:58:20,07-Jan-2030 03:58:50,30,NaN,NaN
Ground_Point_38,SAT_35,1,03-Jan-2030 03:51:50,03-Jan-2030 03:52:45,55,NaN,NaN
Ground_Point_38,SAT_35,2,04-Jan-2030 15:34:50,04-Jan-2030 15:35:10,20,NaN,NaN
Ground_Point_38,SAT_35,3,05-Jan-2030 15:13:00,05-Jan-2030 15:13:45,45,NaN,NaN
Ground_Point_38,SAT_35,4,07-Jan-2030 03:58:40,07-Jan-2030 03:59:55,75,NaN,NaN
Ground_Point_39,SAT_35,1,01-Jan-2030 16:41:30,01-Jan-2030 16:42:30,60,NaN,NaN
Ground_Point_39,SAT_35,2,03-Jan-2030 05:25:15,03-Jan-2030 05:26:10,55,NaN,NaN
Ground_Point_39,SAT_35,3,05-Jan-2030 16:48:20,05-Jan-2030 16:49:35,75,NaN,NaN
Ground_Point_39,SAT_35,4,07-Jan-2030 05:32:05,07-Jan-2030 05:33:20,75,NaN,NaN
Ground_Point_40,SAT_35,1,02-Jan-2030 05:46:05,02-Jan-2030 05:47:05,60,NaN,NaN
Ground_Point_40,SAT_35,2,04-Jan-2030 17:11:10,04-Jan-2030 17:12:15,65,NaN,NaN
Ground_Point_40,SAT_35,3,06-Jan-2030 05:52:55,06-Jan-2030 05:54:10,75,NaN,NaN
Ground_Point_41,SAT_35,1,01-Jan-2030 06:05:05,01-Jan-2030 06:06:20,75,NaN,NaN
Ground_Point_41,SAT_35,2,01-Jan-2030 16:45:00,01-Jan-2030 16:46:10,70,NaN,NaN
Ground_Point_41,SAT_35,3,05-Jan-2030 06:12:10,05-Jan-2030 06:13:15,65,NaN,NaN
Ground_Point_41,SAT_35,4,05-Jan-2030 16:51:55,05-Jan-2030 16:53:15,80,NaN,NaN
Ground_Point_41,SAT_35,5,06-Jan-2030 05:50:55,06-Jan-2030 05:51:15,20,NaN,NaN
Ground_Point_42,SAT_35,1,01-Jan-2030 02:57:20,01-Jan-2030 02:58:15,55,NaN,NaN
Ground_Point_42,SAT_35,2,04-Jan-2030 14:03:40,04-Jan-2030 14:05:00,80,NaN,NaN
Ground_Point_42,SAT_35,3,05-Jan-2030 03:04:10,05-Jan-2030 03:05:25,75,NaN,NaN
Ground_Point_43,SAT_35,1,01-Jan-2030 02:56:40,01-Jan-2030 02:57:35,55,NaN,NaN
Ground_Point_43,SAT_35,2,01-Jan-2030 13:35:15,01-Jan-2030 13:36:30,75,NaN,NaN
Ground_Point_43,SAT_35,3,02-Jan-2030 02:35:05,02-Jan-2030 02:35:55,50,NaN,NaN
Ground_Point_43,SAT_35,4,05-Jan-2030 13:42:15,05-Jan-2030 13:43:35,80,NaN,NaN
Ground_Point_43,SAT_35,5,06-Jan-2030 02:41:50,06-Jan-2030 02:43:05,75,NaN,NaN
Ground_Point_44,SAT_35,1,02-Jan-2030 04:16:20,02-Jan-2030 04:17:00,40,NaN,NaN
Ground_Point_44,SAT_35,2,03-Jan-2030 15:53:45,03-Jan-2030 15:54:30,45,NaN,NaN
Ground_Point_44,SAT_35,3,07-Jan-2030 04:01:35,07-Jan-2030 04:02:30,55,NaN,NaN
Ground_Point_45,SAT_35,1,02-Jan-2030 04:13:20,02-Jan-2030 04:14:30,70,NaN,NaN
Ground_Point_45,SAT_35,2,04-Jan-2030 15:34:35,04-Jan-2030 15:35:50,75,NaN,NaN
Ground_Point_45,SAT_35,3,06-Jan-2030 04:20:30,06-Jan-2030 04:21:15,45,NaN,NaN
Ground_Point_46,SAT_35,1,02-Jan-2030 05:15:25,02-Jan-2030 05:16:30,65,NaN,NaN
Ground_Point_46,SAT_35,2,03-Jan-2030 18:03:50,03-Jan-2030 18:04:30,40,NaN,NaN
Ground_Point_46,SAT_35,3,06-Jan-2030 05:22:20,06-Jan-2030 05:23:35,75,NaN,NaN
Ground_Point_47,SAT_35,1,02-Jan-2030 18:25:40,02-Jan-2030 18:26:55,75,NaN,NaN
Ground_Point_47,SAT_35,2,04-Jan-2030 06:06:00,04-Jan-2030 06:06:55,55,NaN,NaN
Ground_Point_47,SAT_35,3,06-Jan-2030 18:32:40,06-Jan-2030 18:33:55,75,NaN,NaN
Ground_Point_48,SAT_35,1,02-Jan-2030 06:52:00,02-Jan-2030 06:52:15,15,NaN,NaN
Ground_Point_48,SAT_35,2,03-Jan-2030 06:30:05,03-Jan-2030 06:30:55,50,NaN,NaN
Ground_Point_48,SAT_35,3,04-Jan-2030 19:14:40,04-Jan-2030 19:15:45,65,NaN,NaN
Ground_Point_48,SAT_35,4,07-Jan-2030 06:36:50,07-Jan-2030 06:38:05,75,NaN,NaN
Ground_Point_49,SAT_35,1,02-Jan-2030 06:51:10,02-Jan-2030 06:52:20,70,NaN,NaN
Ground_Point_49,SAT_35,2,03-Jan-2030 19:36:55,03-Jan-2030 19:38:05,70,NaN,NaN
Ground_Point_49,SAT_35,3,06-Jan-2030 06:58:05,06-Jan-2030 06:59:20,75,NaN,NaN
Ground_Point_49,SAT_35,4,07-Jan-2030 19:44:05,07-Jan-2030 19:44:55,50,NaN,NaN
Ground_Point_50,SAT_35,1,01-Jan-2030 19:01:20,01-Jan-2030 19:02:05,45,NaN,NaN
Ground_Point_50,SAT_35,2,03-Jan-2030 07:48:50,03-Jan-2030 07:50:00,70,NaN,NaN
Ground_Point_50,SAT_35,3,05-Jan-2030 19:08:05,05-Jan-2030 19:09:15,70,NaN,NaN
Ground_Point_50,SAT_35,4,07-Jan-2030 07:56:10,07-Jan-2030 07:56:35,25,NaN,NaN
Ground_Point_51,SAT_35,1,03-Jan-2030 21:17:50,03-Jan-2030 21:18:35,45,NaN,NaN
Ground_Point_51,SAT_35,2,04-Jan-2030 09:10:15,04-Jan-2030 09:11:10,55,NaN,NaN
Ground_Point_52,SAT_35,1,01-Jan-2030 00:05:50,01-Jan-2030 00:07:00,70,NaN,NaN
Ground_Point_52,SAT_35,2,03-Jan-2030 12:33:25,03-Jan-2030 12:34:25,60,NaN,NaN
Ground_Point_52,SAT_35,3,05-Jan-2030 00:12:45,05-Jan-2030 00:14:05,80,NaN,NaN
Ground_Point_52,SAT_35,4,07-Jan-2030 12:40:15,07-Jan-2030 12:41:30,75,NaN,NaN
Ground_Point_53,SAT_35,1,01-Jan-2030 00:05:40,01-Jan-2030 00:06:30,50,NaN,NaN
Ground_Point_53,SAT_35,2,03-Jan-2030 12:33:25,03-Jan-2030 12:34:20,55,NaN,NaN
Ground_Point_53,SAT_35,3,05-Jan-2030 23:51:05,05-Jan-2030 23:51:55,50,NaN,NaN
Ground_Point_54,SAT_35,1,03-Jan-2030 00:59:35,03-Jan-2030 01:00:25,50,NaN,NaN
Ground_Point_54,SAT_35,2,04-Jan-2030 00:38:20,04-Jan-2030 00:38:30,10,NaN,NaN
Ground_Point_54,SAT_35,3,04-Jan-2030 13:42:55,04-Jan-2030 13:44:00,65,NaN,NaN
Ground_Point_55,SAT_35,1,01-Jan-2030 01:42:55,01-Jan-2030 01:44:10,75,NaN,NaN
Ground_Point_55,SAT_35,2,02-Jan-2030 14:26:55,02-Jan-2030 14:28:10,75,NaN,NaN
Ground_Point_55,SAT_35,3,05-Jan-2030 01:50:05,05-Jan-2030 01:50:55,50,NaN,NaN
Ground_Point_55,SAT_35,4,06-Jan-2030 14:34:05,06-Jan-2030 14:35:00,55,NaN,NaN
Ground_Point_1,SAT_36,1,01-Jan-2030 00:33:15,01-Jan-2030 00:34:15,60,NaN,NaN
Ground_Point_1,SAT_36,2,02-Jan-2030 13:15:05,02-Jan-2030 13:16:20,75,NaN,NaN
Ground_Point_1,SAT_36,3,05-Jan-2030 00:40:40,05-Jan-2030 00:40:55,15,NaN,NaN
Ground_Point_1,SAT_36,4,06-Jan-2030 00:18:40,06-Jan-2030 00:19:40,60,NaN,NaN
Ground_Point_1,SAT_36,5,06-Jan-2030 13:22:10,06-Jan-2030 13:23:20,70,NaN,NaN
Ground_Point_2,SAT_36,1,02-Jan-2030 00:11:00,02-Jan-2030 00:11:55,55,NaN,NaN
Ground_Point_2,SAT_36,2,02-Jan-2030 13:15:50,02-Jan-2030 13:16:35,45,NaN,NaN
Ground_Point_2,SAT_36,3,03-Jan-2030 12:54:25,03-Jan-2030 12:54:50,25,NaN,NaN
Ground_Point_2,SAT_36,4,06-Jan-2030 00:17:50,06-Jan-2030 00:19:05,75,NaN,NaN
Ground_Point_2,SAT_36,5,07-Jan-2030 13:01:05,07-Jan-2030 13:02:10,65,NaN,NaN
Ground_Point_3,SAT_36,1,01-Jan-2030 00:33:10,01-Jan-2030 00:34:20,70,NaN,NaN
Ground_Point_3,SAT_36,2,02-Jan-2030 13:15:10,02-Jan-2030 13:16:25,75,NaN,NaN
Ground_Point_3,SAT_36,3,05-Jan-2030 00:40:30,05-Jan-2030 00:41:05,35,NaN,NaN
Ground_Point_3,SAT_36,4,06-Jan-2030 00:18:45,06-Jan-2030 00:19:35,50,NaN,NaN
Ground_Point_3,SAT_36,5,06-Jan-2030 13:22:10,06-Jan-2030 13:23:25,75,NaN,NaN
Ground_Point_4,SAT_36,1,02-Jan-2030 23:49:15,02-Jan-2030 23:49:45,30,NaN,NaN
Ground_Point_4,SAT_36,2,03-Jan-2030 23:27:30,03-Jan-2030 23:28:20,50,NaN,NaN
Ground_Point_4,SAT_36,3,04-Jan-2030 12:31:55,04-Jan-2030 12:32:55,60,NaN,NaN
Ground_Point_4,SAT_36,4,07-Jan-2030 23:34:20,07-Jan-2030 23:35:30,70,NaN,NaN
Ground_Point_5,SAT_36,1,02-Jan-2030 23:48:50,02-Jan-2030 23:50:00,70,NaN,NaN
Ground_Point_5,SAT_36,2,04-Jan-2030 12:32:20,04-Jan-2030 12:33:20,60,NaN,NaN
Ground_Point_5,SAT_36,3,06-Jan-2030 23:55:50,06-Jan-2030 23:57:05,75,NaN,NaN
Ground_Point_6,SAT_36,1,02-Jan-2030 23:48:50,02-Jan-2030 23:50:10,80,NaN,NaN
Ground_Point_6,SAT_36,2,04-Jan-2030 12:32:05,04-Jan-2030 12:33:15,70,NaN,NaN
Ground_Point_6,SAT_36,3,06-Jan-2030 23:55:55,06-Jan-2030 23:57:05,70,NaN,NaN
Ground_Point_7,SAT_36,1,04-Jan-2030 01:02:50,04-Jan-2030 01:04:05,75,NaN,NaN
Ground_Point_7,SAT_36,2,04-Jan-2030 14:05:15,04-Jan-2030 14:06:30,75,NaN,NaN
Ground_Point_8,SAT_36,1,01-Jan-2030 13:38:40,01-Jan-2030 13:39:45,65,NaN,NaN
Ground_Point_8,SAT_36,2,04-Jan-2030 01:00:30,04-Jan-2030 01:01:35,65,NaN,NaN
Ground_Point_8,SAT_36,3,05-Jan-2030 13:46:00,05-Jan-2030 13:46:25,25,NaN,NaN
Ground_Point_8,SAT_36,4,06-Jan-2030 13:24:20,06-Jan-2030 13:24:55,35,NaN,NaN
Ground_Point_9,SAT_36,1,03-Jan-2030 01:20:25,03-Jan-2030 01:21:10,45,NaN,NaN
Ground_Point_9,SAT_36,2,05-Jan-2030 13:48:25,05-Jan-2030 13:49:05,40,NaN,NaN
Ground_Point_9,SAT_36,3,07-Jan-2030 01:27:15,07-Jan-2030 01:28:25,70,NaN,NaN
Ground_Point_10,SAT_36,1,03-Jan-2030 01:20:20,03-Jan-2030 01:21:10,50,NaN,NaN
Ground_Point_10,SAT_36,2,05-Jan-2030 13:48:25,05-Jan-2030 13:49:15,50,NaN,NaN
Ground_Point_10,SAT_36,3,07-Jan-2030 01:27:10,07-Jan-2030 01:28:20,70,NaN,NaN
Ground_Point_11,SAT_36,1,02-Jan-2030 13:18:50,02-Jan-2030 13:19:30,40,NaN,NaN
Ground_Point_11,SAT_36,2,04-Jan-2030 00:58:50,04-Jan-2030 01:00:05,75,NaN,NaN
Ground_Point_11,SAT_36,3,06-Jan-2030 13:25:35,06-Jan-2030 13:26:45,70,NaN,NaN
Ground_Point_12,SAT_36,1,04-Jan-2030 02:27:05,04-Jan-2030 02:28:20,75,NaN,NaN
Ground_Point_12,SAT_36,2,04-Jan-2030 14:16:00,04-Jan-2030 14:16:25,25,NaN,NaN
Ground_Point_13,SAT_36,1,04-Jan-2030 02:30:20,04-Jan-2030 02:31:40,80,NaN,NaN
Ground_Point_13,SAT_36,2,07-Jan-2030 14:41:20,07-Jan-2030 14:42:25,65,NaN,NaN
Ground_Point_14,SAT_36,1,01-Jan-2030 02:00:45,01-Jan-2030 02:01:55,70,NaN,NaN
Ground_Point_14,SAT_36,2,04-Jan-2030 14:13:10,04-Jan-2030 14:14:10,60,NaN,NaN
Ground_Point_14,SAT_36,3,05-Jan-2030 02:07:45,05-Jan-2030 02:09:00,75,NaN,NaN
Ground_Point_15,SAT_36,1,04-Jan-2030 02:25:20,04-Jan-2030 02:25:55,35,NaN,NaN
Ground_Point_15,SAT_36,2,04-Jan-2030 14:17:40,04-Jan-2030 14:18:20,40,NaN,NaN
Ground_Point_16,SAT_36,1,02-Jan-2030 13:21:15,02-Jan-2030 13:22:25,70,NaN,NaN
Ground_Point_16,SAT_36,2,04-Jan-2030 00:56:45,04-Jan-2030 00:56:55,10,NaN,NaN
Ground_Point_16,SAT_36,3,06-Jan-2030 13:28:15,06-Jan-2030 13:29:25,70,NaN,NaN
Ground_Point_17,SAT_36,1,03-Jan-2030 14:36:50,03-Jan-2030 14:38:05,75,NaN,NaN
Ground_Point_17,SAT_36,2,04-Jan-2030 02:27:40,04-Jan-2030 02:28:55,75,NaN,NaN
Ground_Point_17,SAT_36,3,07-Jan-2030 14:44:05,07-Jan-2030 14:44:50,45,NaN,NaN
Ground_Point_18,SAT_36,1,02-Jan-2030 16:29:30,02-Jan-2030 16:30:05,35,NaN,NaN
Ground_Point_18,SAT_36,2,04-Jan-2030 04:06:50,04-Jan-2030 04:07:20,30,NaN,NaN
Ground_Point_18,SAT_36,3,06-Jan-2030 16:36:15,06-Jan-2030 16:37:25,70,NaN,NaN
Ground_Point_19,SAT_36,1,01-Jan-2030 03:40:30,01-Jan-2030 03:40:50,20,NaN,NaN
Ground_Point_19,SAT_36,2,02-Jan-2030 16:26:35,02-Jan-2030 16:27:50,75,NaN,NaN
Ground_Point_19,SAT_36,3,05-Jan-2030 03:47:10,05-Jan-2030 03:48:15,65,NaN,NaN
Ground_Point_19,SAT_36,4,06-Jan-2030 16:33:35,06-Jan-2030 16:34:50,75,NaN,NaN
Ground_Point_20,SAT_36,1,03-Jan-2030 16:09:05,03-Jan-2030 16:10:00,55,NaN,NaN
Ground_Point_20,SAT_36,2,04-Jan-2030 04:04:40,04-Jan-2030 04:05:55,75,NaN,NaN
Ground_Point_20,SAT_36,3,07-Jan-2030 16:15:55,07-Jan-2030 16:17:10,75,NaN,NaN
Ground_Point_21,SAT_36,1,01-Jan-2030 08:29:50,01-Jan-2030 08:31:00,70,NaN,NaN
Ground_Point_21,SAT_36,2,03-Jan-2030 22:16:55,03-Jan-2030 22:17:30,35,NaN,NaN
Ground_Point_21,SAT_36,3,04-Jan-2030 21:55:00,04-Jan-2030 21:56:10,70,NaN,NaN
Ground_Point_21,SAT_36,4,05-Jan-2030 08:36:45,05-Jan-2030 08:38:05,80,NaN,NaN
Ground_Point_22,SAT_36,1,01-Jan-2030 08:29:00,01-Jan-2030 08:30:15,75,NaN,NaN
Ground_Point_22,SAT_36,2,04-Jan-2030 21:55:35,04-Jan-2030 21:56:45,70,NaN,NaN
Ground_Point_22,SAT_36,3,05-Jan-2030 08:36:00,05-Jan-2030 08:37:20,80,NaN,NaN
Ground_Point_22,SAT_36,4,05-Jan-2030 21:34:15,05-Jan-2030 21:34:45,30,NaN,NaN
Ground_Point_23,SAT_36,1,01-Jan-2030 08:30:00,01-Jan-2030 08:30:50,50,NaN,NaN
Ground_Point_23,SAT_36,2,01-Jan-2030 21:26:10,01-Jan-2030 21:26:45,35,NaN,NaN
Ground_Point_23,SAT_36,3,02-Jan-2030 08:08:10,02-Jan-2030 08:09:20,70,NaN,NaN
Ground_Point_23,SAT_36,4,04-Jan-2030 21:54:40,04-Jan-2030 21:55:40,60,NaN,NaN
Ground_Point_23,SAT_36,5,05-Jan-2030 21:33:00,05-Jan-2030 21:34:05,65,NaN,NaN
Ground_Point_23,SAT_36,6,06-Jan-2030 08:15:10,06-Jan-2030 08:16:25,75,NaN,NaN
Ground_Point_24,SAT_36,1,01-Jan-2030 08:29:30,01-Jan-2030 08:30:35,65,NaN,NaN
Ground_Point_24,SAT_36,2,01-Jan-2030 21:26:35,01-Jan-2030 21:27:10,35,NaN,NaN
Ground_Point_24,SAT_36,3,02-Jan-2030 08:08:00,02-Jan-2030 08:08:50,50,NaN,NaN
Ground_Point_24,SAT_36,4,04-Jan-2030 21:55:05,04-Jan-2030 21:56:00,55,NaN,NaN
Ground_Point_24,SAT_36,5,05-Jan-2030 08:36:45,05-Jan-2030 08:37:25,40,NaN,NaN
Ground_Point_24,SAT_36,6,05-Jan-2030 21:33:25,05-Jan-2030 21:34:25,60,NaN,NaN
Ground_Point_24,SAT_36,7,06-Jan-2030 08:14:50,06-Jan-2030 08:16:00,70,NaN,NaN
Ground_Point_25,SAT_36,1,01-Jan-2030 21:26:15,01-Jan-2030 21:27:30,75,NaN,NaN
Ground_Point_25,SAT_36,2,02-Jan-2030 08:07:25,02-Jan-2030 08:08:40,75,NaN,NaN
Ground_Point_25,SAT_36,3,05-Jan-2030 21:33:25,05-Jan-2030 21:34:30,65,NaN,NaN
Ground_Point_25,SAT_36,4,06-Jan-2030 08:14:30,06-Jan-2030 08:15:40,70,NaN,NaN
Ground_Point_25,SAT_36,5,06-Jan-2030 21:11:55,06-Jan-2030 21:12:40,45,NaN,NaN
Ground_Point_25,SAT_36,6,07-Jan-2030 07:53:05,07-Jan-2030 07:53:50,45,NaN,NaN
Ground_Point_26,SAT_36,1,01-Jan-2030 21:25:55,01-Jan-2030 21:26:10,15,NaN,NaN
Ground_Point_26,SAT_36,2,02-Jan-2030 21:03:50,02-Jan-2030 21:05:05,75,NaN,NaN
Ground_Point_26,SAT_36,3,03-Jan-2030 07:46:10,03-Jan-2030 07:47:30,80,NaN,NaN
Ground_Point_26,SAT_36,4,06-Jan-2030 21:10:50,06-Jan-2030 21:12:10,80,NaN,NaN
Ground_Point_26,SAT_36,5,07-Jan-2030 07:53:20,07-Jan-2030 07:54:25,65,NaN,NaN
Ground_Point_27,SAT_36,1,02-Jan-2030 08:06:55,02-Jan-2030 08:07:55,60,NaN,NaN
Ground_Point_27,SAT_36,2,02-Jan-2030 21:05:00,02-Jan-2030 21:06:15,75,NaN,NaN
Ground_Point_27,SAT_36,3,03-Jan-2030 07:45:20,03-Jan-2030 07:46:15,55,NaN,NaN
Ground_Point_27,SAT_36,4,06-Jan-2030 21:12:05,06-Jan-2030 21:13:20,75,NaN,NaN
Ground_Point_27,SAT_36,5,07-Jan-2030 07:52:15,07-Jan-2030 07:53:25,70,NaN,NaN
Ground_Point_28,SAT_36,1,03-Jan-2030 09:17:40,03-Jan-2030 09:18:25,45,NaN,NaN
Ground_Point_28,SAT_36,2,04-Jan-2030 08:56:00,04-Jan-2030 08:56:50,50,NaN,NaN
Ground_Point_28,SAT_36,3,04-Jan-2030 21:57:55,04-Jan-2030 21:59:10,75,NaN,NaN
Ground_Point_29,SAT_36,1,01-Jan-2030 08:27:35,01-Jan-2030 08:27:55,20,NaN,NaN
Ground_Point_29,SAT_36,2,01-Jan-2030 21:28:55,01-Jan-2030 21:29:50,55,NaN,NaN
Ground_Point_29,SAT_36,3,04-Jan-2030 08:56:15,04-Jan-2030 08:56:35,20,NaN,NaN
Ground_Point_29,SAT_36,4,05-Jan-2030 08:34:15,05-Jan-2030 08:35:20,65,NaN,NaN
Ground_Point_29,SAT_36,5,05-Jan-2030 21:35:50,05-Jan-2030 21:37:00,70,NaN,NaN
Ground_Point_30,SAT_36,1,02-Jan-2030 08:05:10,02-Jan-2030 08:06:25,75,NaN,NaN
Ground_Point_30,SAT_36,2,02-Jan-2030 21:06:40,02-Jan-2030 21:07:40,60,NaN,NaN
Ground_Point_30,SAT_36,3,03-Jan-2030 20:45:25,03-Jan-2030 20:45:40,15,NaN,NaN
Ground_Point_30,SAT_36,4,06-Jan-2030 08:12:25,06-Jan-2030 08:13:15,50,NaN,NaN
Ground_Point_30,SAT_36,5,06-Jan-2030 21:14:00,06-Jan-2030 21:14:25,25,NaN,NaN
Ground_Point_30,SAT_36,6,07-Jan-2030 07:50:50,07-Jan-2030 07:51:40,50,NaN,NaN
Ground_Point_30,SAT_36,7,07-Jan-2030 20:52:05,07-Jan-2030 20:53:05,60,NaN,NaN
Ground_Point_31,SAT_36,1,01-Jan-2030 21:27:40,01-Jan-2030 21:28:25,45,NaN,NaN
Ground_Point_31,SAT_36,2,02-Jan-2030 08:06:10,02-Jan-2030 08:07:30,80,NaN,NaN
Ground_Point_31,SAT_36,3,02-Jan-2030 21:05:55,02-Jan-2030 21:06:55,60,NaN,NaN
Ground_Point_31,SAT_36,4,06-Jan-2030 08:13:15,06-Jan-2030 08:14:30,75,NaN,NaN
Ground_Point_31,SAT_36,5,06-Jan-2030 21:12:50,06-Jan-2030 21:14:05,75,NaN,NaN
Ground_Point_32,SAT_36,1,01-Jan-2030 06:55:55,01-Jan-2030 06:56:25,30,NaN,NaN
Ground_Point_32,SAT_36,2,03-Jan-2030 20:42:00,03-Jan-2030 20:43:15,75,NaN,NaN
Ground_Point_32,SAT_36,3,04-Jan-2030 07:24:15,04-Jan-2030 07:25:20,65,NaN,NaN
Ground_Point_32,SAT_36,4,05-Jan-2030 07:02:40,05-Jan-2030 07:03:40,60,NaN,NaN
Ground_Point_32,SAT_36,5,07-Jan-2030 20:49:05,07-Jan-2030 20:50:10,65,NaN,NaN
Ground_Point_33,SAT_36,1,01-Jan-2030 02:34:30,01-Jan-2030 02:35:35,65,NaN,NaN
Ground_Point_33,SAT_36,2,03-Jan-2030 14:01:35,03-Jan-2030 14:01:50,15,NaN,NaN
Ground_Point_33,SAT_36,3,04-Jan-2030 13:39:35,04-Jan-2030 13:40:35,60,NaN,NaN
Ground_Point_33,SAT_36,4,05-Jan-2030 02:41:25,05-Jan-2030 02:42:40,75,NaN,NaN
Ground_Point_34,SAT_36,1,03-Jan-2030 14:00:45,03-Jan-2030 14:02:00,75,NaN,NaN
Ground_Point_34,SAT_36,2,04-Jan-2030 03:03:50,04-Jan-2030 03:04:45,55,NaN,NaN
Ground_Point_34,SAT_36,3,05-Jan-2030 02:42:25,05-Jan-2030 02:42:55,30,NaN,NaN
Ground_Point_34,SAT_36,4,07-Jan-2030 14:07:50,07-Jan-2030 14:09:00,70,NaN,NaN
Ground_Point_35,SAT_36,1,01-Jan-2030 02:33:50,01-Jan-2030 02:35:10,80,NaN,NaN
Ground_Point_35,SAT_36,2,04-Jan-2030 13:39:45,04-Jan-2030 13:41:00,75,NaN,NaN
Ground_Point_35,SAT_36,3,05-Jan-2030 02:40:55,05-Jan-2030 02:42:05,70,NaN,NaN
Ground_Point_36,SAT_36,1,01-Jan-2030 14:45:15,01-Jan-2030 14:46:25,70,NaN,NaN
Ground_Point_36,SAT_36,2,02-Jan-2030 03:46:40,02-Jan-2030 03:47:45,65,NaN,NaN
Ground_Point_36,SAT_36,3,03-Jan-2030 03:25:30,03-Jan-2030 03:25:40,10,NaN,NaN
Ground_Point_36,SAT_36,4,05-Jan-2030 14:52:25,05-Jan-2030 14:53:15,50,NaN,NaN
Ground_Point_36,SAT_36,5,06-Jan-2030 03:54:00,06-Jan-2030 03:54:25,25,NaN,NaN
Ground_Point_36,SAT_36,6,06-Jan-2030 14:30:50,06-Jan-2030 14:31:40,50,NaN,NaN
Ground_Point_36,SAT_36,7,07-Jan-2030 03:32:10,07-Jan-2030 03:33:10,60,NaN,NaN
Ground_Point_37,SAT_36,1,01-Jan-2030 04:10:55,01-Jan-2030 04:12:10,75,NaN,NaN
Ground_Point_37,SAT_36,2,03-Jan-2030 15:33:40,03-Jan-2030 15:34:40,60,NaN,NaN
Ground_Point_37,SAT_36,3,05-Jan-2030 04:18:10,05-Jan-2030 04:18:55,45,NaN,NaN
Ground_Point_37,SAT_36,4,06-Jan-2030 03:56:55,06-Jan-2030 03:57:05,10,NaN,NaN
Ground_Point_38,SAT_36,1,02-Jan-2030 03:50:15,02-Jan-2030 03:51:05,50,NaN,NaN
Ground_Point_38,SAT_36,2,03-Jan-2030 15:33:00,03-Jan-2030 15:33:40,40,NaN,NaN
Ground_Point_38,SAT_36,3,04-Jan-2030 15:11:30,04-Jan-2030 15:12:00,30,NaN,NaN
Ground_Point_38,SAT_36,4,06-Jan-2030 03:57:05,06-Jan-2030 03:58:15,70,NaN,NaN
Ground_Point_39,SAT_36,1,01-Jan-2030 05:45:25,01-Jan-2030 05:45:55,30,NaN,NaN
Ground_Point_39,SAT_36,2,02-Jan-2030 05:23:40,02-Jan-2030 05:24:25,45,NaN,NaN
Ground_Point_39,SAT_36,3,04-Jan-2030 16:46:45,04-Jan-2030 16:48:00,75,NaN,NaN
Ground_Point_39,SAT_36,4,06-Jan-2030 05:30:30,06-Jan-2030 05:31:40,70,NaN,NaN
Ground_Point_40,SAT_36,1,01-Jan-2030 05:44:25,01-Jan-2030 05:45:25,60,NaN,NaN
Ground_Point_40,SAT_36,2,03-Jan-2030 17:09:30,03-Jan-2030 17:10:40,70,NaN,NaN
Ground_Point_40,SAT_36,3,05-Jan-2030 05:51:20,05-Jan-2030 05:52:35,75,NaN,NaN
Ground_Point_40,SAT_36,4,07-Jan-2030 17:16:45,07-Jan-2030 17:17:30,45,NaN,NaN
Ground_Point_41,SAT_36,1,04-Jan-2030 06:10:30,04-Jan-2030 06:11:40,70,NaN,NaN
Ground_Point_41,SAT_36,2,04-Jan-2030 16:50:20,04-Jan-2030 16:51:35,75,NaN,NaN
Ground_Point_42,SAT_36,1,03-Jan-2030 14:02:00,03-Jan-2030 14:03:20,80,NaN,NaN
Ground_Point_42,SAT_36,2,04-Jan-2030 03:02:35,04-Jan-2030 03:03:45,70,NaN,NaN
Ground_Point_42,SAT_36,3,07-Jan-2030 14:09:05,07-Jan-2030 14:10:20,75,NaN,NaN
Ground_Point_43,SAT_36,1,01-Jan-2030 02:33:25,01-Jan-2030 02:34:10,45,NaN,NaN
Ground_Point_43,SAT_36,2,04-Jan-2030 03:02:15,04-Jan-2030 03:02:35,20,NaN,NaN
Ground_Point_43,SAT_36,3,04-Jan-2030 13:40:35,04-Jan-2030 13:41:55,80,NaN,NaN
Ground_Point_43,SAT_36,4,05-Jan-2030 02:40:15,05-Jan-2030 02:41:25,70,NaN,NaN
Ground_Point_44,SAT_36,1,01-Jan-2030 04:14:35,01-Jan-2030 04:15:25,50,NaN,NaN
Ground_Point_44,SAT_36,2,02-Jan-2030 15:52:00,02-Jan-2030 15:52:55,55,NaN,NaN
Ground_Point_44,SAT_36,3,06-Jan-2030 04:00:05,06-Jan-2030 04:00:50,45,NaN,NaN
Ground_Point_44,SAT_36,4,07-Jan-2030 15:37:35,07-Jan-2030 15:38:20,45,NaN,NaN
Ground_Point_45,SAT_36,1,01-Jan-2030 04:11:35,01-Jan-2030 04:12:50,75,NaN,NaN
Ground_Point_45,SAT_36,2,03-Jan-2030 15:32:55,03-Jan-2030 15:34:15,80,NaN,NaN
Ground_Point_45,SAT_36,3,05-Jan-2030 04:18:50,05-Jan-2030 04:19:40,50,NaN,NaN
Ground_Point_45,SAT_36,4,07-Jan-2030 15:40:05,07-Jan-2030 15:41:10,65,NaN,NaN
Ground_Point_46,SAT_36,1,01-Jan-2030 05:13:50,01-Jan-2030 05:14:45,55,NaN,NaN
Ground_Point_46,SAT_36,2,02-Jan-2030 18:02:05,02-Jan-2030 18:02:55,50,NaN,NaN
Ground_Point_46,SAT_36,3,05-Jan-2030 05:20:40,05-Jan-2030 05:21:55,75,NaN,NaN
Ground_Point_46,SAT_36,4,07-Jan-2030 17:47:30,07-Jan-2030 17:48:25,55,NaN,NaN
Ground_Point_47,SAT_36,1,01-Jan-2030 18:24:00,01-Jan-2030 18:25:15,75,NaN,NaN
Ground_Point_47,SAT_36,2,03-Jan-2030 06:04:15,03-Jan-2030 06:05:20,65,NaN,NaN
Ground_Point_47,SAT_36,3,05-Jan-2030 18:31:05,05-Jan-2030 18:32:20,75,NaN,NaN
Ground_Point_48,SAT_36,1,01-Jan-2030 06:50:10,01-Jan-2030 06:50:45,35,NaN,NaN
Ground_Point_48,SAT_36,2,02-Jan-2030 06:28:30,02-Jan-2030 06:29:10,40,NaN,NaN
Ground_Point_48,SAT_36,3,03-Jan-2030 19:13:05,03-Jan-2030 19:14:05,60,NaN,NaN
Ground_Point_48,SAT_36,4,06-Jan-2030 06:35:15,06-Jan-2030 06:36:25,70,NaN,NaN
Ground_Point_48,SAT_36,5,07-Jan-2030 19:20:00,07-Jan-2030 19:21:15,75,NaN,NaN
Ground_Point_49,SAT_36,1,01-Jan-2030 06:49:30,01-Jan-2030 06:50:40,70,NaN,NaN
Ground_Point_49,SAT_36,2,02-Jan-2030 19:35:15,02-Jan-2030 19:36:30,75,NaN,NaN
Ground_Point_49,SAT_36,3,05-Jan-2030 06:56:30,05-Jan-2030 06:57:45,75,NaN,NaN
Ground_Point_49,SAT_36,4,06-Jan-2030 19:42:25,06-Jan-2030 19:43:20,55,NaN,NaN
Ground_Point_50,SAT_36,1,02-Jan-2030 07:47:10,02-Jan-2030 07:48:20,70,NaN,NaN
Ground_Point_50,SAT_36,2,04-Jan-2030 19:06:30,04-Jan-2030 19:07:40,70,NaN,NaN
Ground_Point_50,SAT_36,3,06-Jan-2030 07:54:25,06-Jan-2030 07:55:10,45,NaN,NaN
Ground_Point_51,SAT_36,1,02-Jan-2030 21:16:05,02-Jan-2030 21:17:00,55,NaN,NaN
Ground_Point_51,SAT_36,2,03-Jan-2030 09:08:35,03-Jan-2030 09:09:35,60,NaN,NaN
Ground_Point_51,SAT_36,3,07-Jan-2030 21:01:50,07-Jan-2030 21:02:10,20,NaN,NaN
Ground_Point_52,SAT_36,1,02-Jan-2030 12:31:50,02-Jan-2030 12:32:40,50,NaN,NaN
Ground_Point_52,SAT_36,2,04-Jan-2030 00:11:10,04-Jan-2030 00:12:25,75,NaN,NaN
Ground_Point_52,SAT_36,3,06-Jan-2030 12:38:40,06-Jan-2030 12:39:55,75,NaN,NaN
Ground_Point_53,SAT_36,1,02-Jan-2030 12:31:40,02-Jan-2030 12:32:45,65,NaN,NaN
Ground_Point_53,SAT_36,2,04-Jan-2030 23:49:35,04-Jan-2030 23:50:10,35,NaN,NaN
Ground_Point_53,SAT_36,3,06-Jan-2030 12:39:15,06-Jan-2030 12:39:20,5,NaN,NaN
Ground_Point_53,SAT_36,4,07-Jan-2030 12:17:25,07-Jan-2030 12:17:55,30,NaN,NaN
Ground_Point_54,SAT_36,1,02-Jan-2030 00:57:50,02-Jan-2030 00:58:50,60,NaN,NaN
Ground_Point_54,SAT_36,2,03-Jan-2030 13:41:15,03-Jan-2030 13:42:25,70,NaN,NaN
Ground_Point_54,SAT_36,3,07-Jan-2030 00:43:20,07-Jan-2030 00:44:15,55,NaN,NaN
Ground_Point_54,SAT_36,4,07-Jan-2030 13:48:30,07-Jan-2030 13:49:10,40,NaN,NaN
Ground_Point_55,SAT_36,1,01-Jan-2030 14:25:15,01-Jan-2030 14:26:30,75,NaN,NaN
Ground_Point_55,SAT_36,2,04-Jan-2030 01:48:20,04-Jan-2030 01:49:20,60,NaN,NaN
Ground_Point_55,SAT_36,3,05-Jan-2030 14:32:25,05-Jan-2030 14:33:25,60,NaN,NaN
Ground_Point_1,SAT_37,1,03-Jan-2030 02:34:40,03-Jan-2030 02:35:40,60,NaN,NaN
Ground_Point_1,SAT_37,2,04-Jan-2030 02:13:25,04-Jan-2030 02:13:35,10,NaN,NaN
Ground_Point_1,SAT_37,3,04-Jan-2030 15:16:25,04-Jan-2030 15:17:40,75,NaN,NaN
Ground_Point_2,SAT_37,1,04-Jan-2030 02:12:15,04-Jan-2030 02:13:20,65,NaN,NaN
Ground_Point_2,SAT_37,2,04-Jan-2030 15:17:10,04-Jan-2030 15:17:55,45,NaN,NaN
Ground_Point_2,SAT_37,3,05-Jan-2030 14:55:40,05-Jan-2030 14:56:10,30,NaN,NaN
Ground_Point_3,SAT_37,1,03-Jan-2030 02:34:35,03-Jan-2030 02:35:40,65,NaN,NaN
Ground_Point_3,SAT_37,2,04-Jan-2030 15:16:25,04-Jan-2030 15:17:45,80,NaN,NaN
Ground_Point_3,SAT_37,3,07-Jan-2030 02:41:50,07-Jan-2030 02:42:15,25,NaN,NaN
Ground_Point_4,SAT_37,1,01-Jan-2030 01:43:20,01-Jan-2030 01:44:25,65,NaN,NaN
Ground_Point_4,SAT_37,2,02-Jan-2030 14:26:10,02-Jan-2030 14:27:25,75,NaN,NaN
Ground_Point_4,SAT_37,3,05-Jan-2030 01:50:35,05-Jan-2030 01:50:55,20,NaN,NaN
Ground_Point_4,SAT_37,4,06-Jan-2030 01:28:40,06-Jan-2030 01:29:35,55,NaN,NaN
Ground_Point_4,SAT_37,5,06-Jan-2030 14:33:10,06-Jan-2030 14:34:10,60,NaN,NaN
Ground_Point_5,SAT_37,1,01-Jan-2030 01:43:30,01-Jan-2030 01:44:15,45,NaN,NaN
Ground_Point_5,SAT_37,2,01-Jan-2030 14:48:25,01-Jan-2030 14:49:15,50,NaN,NaN
Ground_Point_5,SAT_37,3,05-Jan-2030 01:50:10,05-Jan-2030 01:51:20,70,NaN,NaN
Ground_Point_5,SAT_37,4,06-Jan-2030 14:33:35,06-Jan-2030 14:34:35,60,NaN,NaN
Ground_Point_6,SAT_37,1,01-Jan-2030 01:43:15,01-Jan-2030 01:44:30,75,NaN,NaN
Ground_Point_6,SAT_37,2,02-Jan-2030 14:26:30,02-Jan-2030 14:27:30,60,NaN,NaN
Ground_Point_6,SAT_37,3,05-Jan-2030 01:50:10,05-Jan-2030 01:51:25,75,NaN,NaN
Ground_Point_6,SAT_37,4,06-Jan-2030 14:33:15,06-Jan-2030 14:34:30,75,NaN,NaN
Ground_Point_7,SAT_37,1,01-Jan-2030 03:19:25,01-Jan-2030 03:19:35,10,NaN,NaN
Ground_Point_7,SAT_37,2,02-Jan-2030 02:57:20,02-Jan-2030 02:58:20,60,NaN,NaN
Ground_Point_7,SAT_37,3,02-Jan-2030 15:59:35,02-Jan-2030 16:00:50,75,NaN,NaN
Ground_Point_7,SAT_37,4,06-Jan-2030 03:04:05,06-Jan-2030 03:05:20,75,NaN,NaN
Ground_Point_7,SAT_37,5,06-Jan-2030 16:06:30,06-Jan-2030 16:07:45,75,NaN,NaN
Ground_Point_8,SAT_37,1,02-Jan-2030 02:54:45,02-Jan-2030 02:56:05,80,NaN,NaN
Ground_Point_8,SAT_37,2,03-Jan-2030 15:40:00,03-Jan-2030 15:41:05,65,NaN,NaN
Ground_Point_8,SAT_37,3,06-Jan-2030 03:01:45,06-Jan-2030 03:02:50,65,NaN,NaN
Ground_Point_8,SAT_37,4,07-Jan-2030 15:47:15,07-Jan-2030 15:47:35,20,NaN,NaN
Ground_Point_9,SAT_37,1,02-Jan-2030 16:04:15,02-Jan-2030 16:05:10,55,NaN,NaN
Ground_Point_9,SAT_37,2,05-Jan-2030 03:21:40,05-Jan-2030 03:22:30,50,NaN,NaN
Ground_Point_9,SAT_37,3,07-Jan-2030 15:49:35,07-Jan-2030 15:50:20,45,NaN,NaN
Ground_Point_10,SAT_37,1,02-Jan-2030 16:04:20,02-Jan-2030 16:05:10,50,NaN,NaN
Ground_Point_10,SAT_37,2,05-Jan-2030 03:21:35,05-Jan-2030 03:22:30,55,NaN,NaN
Ground_Point_10,SAT_37,3,07-Jan-2030 15:49:35,07-Jan-2030 15:50:25,50,NaN,NaN
Ground_Point_11,SAT_37,1,02-Jan-2030 02:53:15,02-Jan-2030 02:54:25,70,NaN,NaN
Ground_Point_11,SAT_37,2,04-Jan-2030 15:20:05,04-Jan-2030 15:20:50,45,NaN,NaN
Ground_Point_11,SAT_37,3,06-Jan-2030 03:00:05,06-Jan-2030 03:01:20,75,NaN,NaN
Ground_Point_12,SAT_37,1,01-Jan-2030 16:31:50,01-Jan-2030 16:32:35,45,NaN,NaN
Ground_Point_12,SAT_37,2,02-Jan-2030 04:21:25,02-Jan-2030 04:22:45,80,NaN,NaN
Ground_Point_12,SAT_37,3,06-Jan-2030 04:28:20,06-Jan-2030 04:29:35,75,NaN,NaN
Ground_Point_12,SAT_37,4,06-Jan-2030 16:17:10,06-Jan-2030 16:17:45,35,NaN,NaN
Ground_Point_13,SAT_37,1,02-Jan-2030 04:24:50,02-Jan-2030 04:26:00,70,NaN,NaN
Ground_Point_13,SAT_37,2,05-Jan-2030 16:36:05,05-Jan-2030 16:36:10,5,NaN,NaN
Ground_Point_13,SAT_37,3,06-Jan-2030 04:31:40,06-Jan-2030 04:32:55,75,NaN,NaN
Ground_Point_14,SAT_37,1,03-Jan-2030 04:02:10,03-Jan-2030 04:03:20,70,NaN,NaN
Ground_Point_14,SAT_37,2,06-Jan-2030 16:14:25,06-Jan-2030 16:15:25,60,NaN,NaN
Ground_Point_14,SAT_37,3,07-Jan-2030 04:09:00,07-Jan-2030 04:10:15,75,NaN,NaN
Ground_Point_15,SAT_37,1,02-Jan-2030 04:19:25,02-Jan-2030 04:20:35,70,NaN,NaN
Ground_Point_15,SAT_37,2,02-Jan-2030 16:11:45,02-Jan-2030 16:12:55,70,NaN,NaN
Ground_Point_15,SAT_37,3,06-Jan-2030 04:26:40,06-Jan-2030 04:27:05,25,NaN,NaN
Ground_Point_15,SAT_37,4,06-Jan-2030 16:18:55,06-Jan-2030 16:19:30,35,NaN,NaN
Ground_Point_16,SAT_37,1,01-Jan-2030 03:12:20,01-Jan-2030 03:13:20,60,NaN,NaN
Ground_Point_16,SAT_37,2,04-Jan-2030 15:22:30,04-Jan-2030 15:23:45,75,NaN,NaN
Ground_Point_16,SAT_37,3,06-Jan-2030 02:57:55,06-Jan-2030 02:58:20,25,NaN,NaN
Ground_Point_17,SAT_37,1,01-Jan-2030 16:31:15,01-Jan-2030 16:32:30,75,NaN,NaN
Ground_Point_17,SAT_37,2,02-Jan-2030 04:22:15,02-Jan-2030 04:23:05,50,NaN,NaN
Ground_Point_17,SAT_37,3,05-Jan-2030 16:38:10,05-Jan-2030 16:39:20,70,NaN,NaN
Ground_Point_17,SAT_37,4,06-Jan-2030 04:28:55,06-Jan-2030 04:30:10,75,NaN,NaN
Ground_Point_18,SAT_37,1,01-Jan-2030 06:22:35,01-Jan-2030 06:23:35,60,NaN,NaN
Ground_Point_18,SAT_37,2,04-Jan-2030 18:30:45,04-Jan-2030 18:31:30,45,NaN,NaN
Ground_Point_18,SAT_37,3,06-Jan-2030 06:08:05,06-Jan-2030 06:08:40,35,NaN,NaN
Ground_Point_19,SAT_37,1,02-Jan-2030 06:03:25,02-Jan-2030 06:03:55,30,NaN,NaN
Ground_Point_19,SAT_37,2,03-Jan-2030 05:41:50,03-Jan-2030 05:42:20,30,NaN,NaN
Ground_Point_19,SAT_37,3,04-Jan-2030 18:27:50,04-Jan-2030 18:29:10,80,NaN,NaN
Ground_Point_19,SAT_37,4,07-Jan-2030 05:48:20,07-Jan-2030 05:49:30,70,NaN,NaN
Ground_Point_20,SAT_37,1,02-Jan-2030 05:59:05,02-Jan-2030 06:00:20,75,NaN,NaN
Ground_Point_20,SAT_37,2,05-Jan-2030 18:10:20,05-Jan-2030 18:11:15,55,NaN,NaN
Ground_Point_20,SAT_37,3,06-Jan-2030 06:06:00,06-Jan-2030 06:07:10,70,NaN,NaN
Ground_Point_21,SAT_37,1,02-Jan-2030 00:11:05,02-Jan-2030 00:12:05,60,NaN,NaN
Ground_Point_21,SAT_37,2,02-Jan-2030 10:53:05,02-Jan-2030 10:53:45,40,NaN,NaN
Ground_Point_21,SAT_37,3,02-Jan-2030 23:49:25,02-Jan-2030 23:50:25,60,NaN,NaN
Ground_Point_21,SAT_37,4,03-Jan-2030 10:31:10,03-Jan-2030 10:32:20,70,NaN,NaN
Ground_Point_21,SAT_37,5,06-Jan-2030 00:18:10,06-Jan-2030 00:18:45,35,NaN,NaN
Ground_Point_21,SAT_37,6,06-Jan-2030 23:56:15,06-Jan-2030 23:57:25,70,NaN,NaN
Ground_Point_21,SAT_37,7,07-Jan-2030 10:38:00,07-Jan-2030 10:39:20,80,NaN,NaN
Ground_Point_22,SAT_37,1,02-Jan-2030 23:49:50,02-Jan-2030 23:51:10,80,NaN,NaN
Ground_Point_22,SAT_37,2,03-Jan-2030 10:30:20,03-Jan-2030 10:31:40,80,NaN,NaN
Ground_Point_22,SAT_37,3,06-Jan-2030 23:56:50,06-Jan-2030 23:57:55,65,NaN,NaN
Ground_Point_22,SAT_37,4,07-Jan-2030 10:37:15,07-Jan-2030 10:38:30,75,NaN,NaN
Ground_Point_22,SAT_37,5,07-Jan-2030 23:35:25,07-Jan-2030 23:36:00,35,NaN,NaN
Ground_Point_23,SAT_37,1,02-Jan-2030 23:48:55,02-Jan-2030 23:50:05,70,NaN,NaN
Ground_Point_23,SAT_37,2,03-Jan-2030 10:31:25,03-Jan-2030 10:32:10,45,NaN,NaN
Ground_Point_23,SAT_37,3,03-Jan-2030 23:27:30,03-Jan-2030 23:28:10,40,NaN,NaN
Ground_Point_23,SAT_37,4,04-Jan-2030 10:09:30,04-Jan-2030 10:10:40,70,NaN,NaN
Ground_Point_23,SAT_37,5,06-Jan-2030 23:55:55,06-Jan-2030 23:56:50,55,NaN,NaN
Ground_Point_23,SAT_37,6,07-Jan-2030 23:34:10,07-Jan-2030 23:35:15,65,NaN,NaN
Ground_Point_24,SAT_37,1,02-Jan-2030 23:49:20,02-Jan-2030 23:50:30,70,NaN,NaN
Ground_Point_24,SAT_37,2,03-Jan-2030 10:30:50,03-Jan-2030 10:31:55,65,NaN,NaN
Ground_Point_24,SAT_37,3,03-Jan-2030 23:27:55,03-Jan-2030 23:28:30,35,NaN,NaN
Ground_Point_24,SAT_37,4,04-Jan-2030 10:09:20,04-Jan-2030 10:10:10,50,NaN,NaN
Ground_Point_24,SAT_37,5,06-Jan-2030 23:56:20,06-Jan-2030 23:57:10,50,NaN,NaN
Ground_Point_24,SAT_37,6,07-Jan-2030 10:38:00,07-Jan-2030 10:38:35,35,NaN,NaN
Ground_Point_24,SAT_37,7,07-Jan-2030 23:34:35,07-Jan-2030 23:35:40,65,NaN,NaN
Ground_Point_25,SAT_37,1,03-Jan-2030 23:27:35,03-Jan-2030 23:28:50,75,NaN,NaN
Ground_Point_25,SAT_37,2,04-Jan-2030 10:08:45,04-Jan-2030 10:10:00,75,NaN,NaN
Ground_Point_25,SAT_37,3,07-Jan-2030 23:34:35,07-Jan-2030 23:35:40,65,NaN,NaN
Ground_Point_26,SAT_37,1,01-Jan-2030 09:40:35,01-Jan-2030 09:41:50,75,NaN,NaN
Ground_Point_26,SAT_37,2,04-Jan-2030 23:05:10,04-Jan-2030 23:06:25,75,NaN,NaN
Ground_Point_26,SAT_37,3,05-Jan-2030 09:47:30,05-Jan-2030 09:48:45,75,NaN,NaN
Ground_Point_26,SAT_37,4,06-Jan-2030 09:26:25,06-Jan-2030 09:26:30,5,NaN,NaN
Ground_Point_27,SAT_37,1,01-Jan-2030 09:40:05,01-Jan-2030 09:40:25,20,NaN,NaN
Ground_Point_27,SAT_37,2,04-Jan-2030 10:08:20,04-Jan-2030 10:09:10,50,NaN,NaN
Ground_Point_27,SAT_37,3,04-Jan-2030 23:06:20,04-Jan-2030 23:07:35,75,NaN,NaN
Ground_Point_27,SAT_37,4,05-Jan-2030 09:46:35,05-Jan-2030 09:47:35,60,NaN,NaN
Ground_Point_28,SAT_37,1,01-Jan-2030 11:11:50,01-Jan-2030 11:13:00,70,NaN,NaN
Ground_Point_28,SAT_37,2,02-Jan-2030 00:14:15,02-Jan-2030 00:14:45,30,NaN,NaN
Ground_Point_28,SAT_37,3,02-Jan-2030 23:52:25,02-Jan-2030 23:53:20,55,NaN,NaN
Ground_Point_28,SAT_37,4,05-Jan-2030 11:19:00,05-Jan-2030 11:19:40,40,NaN,NaN
Ground_Point_28,SAT_37,5,06-Jan-2030 10:57:15,06-Jan-2030 10:58:05,50,NaN,NaN
Ground_Point_28,SAT_37,6,06-Jan-2030 23:59:10,07-Jan-2030 00:00:20,70,NaN,NaN
Ground_Point_29,SAT_37,1,02-Jan-2030 10:50:15,02-Jan-2030 10:51:15,60,NaN,NaN
Ground_Point_29,SAT_37,2,02-Jan-2030 23:52:05,02-Jan-2030 23:52:40,35,NaN,NaN
Ground_Point_29,SAT_37,3,03-Jan-2030 10:28:50,03-Jan-2030 10:29:25,35,NaN,NaN
Ground_Point_29,SAT_37,4,03-Jan-2030 23:30:15,03-Jan-2030 23:31:10,55,NaN,NaN
Ground_Point_29,SAT_37,5,06-Jan-2030 10:57:35,06-Jan-2030 10:57:45,10,NaN,NaN
Ground_Point_29,SAT_37,6,07-Jan-2030 10:35:25,07-Jan-2030 10:36:30,65,NaN,NaN
Ground_Point_29,SAT_37,7,07-Jan-2030 23:37:00,07-Jan-2030 23:38:15,75,NaN,NaN
Ground_Point_30,SAT_37,1,04-Jan-2030 10:06:30,04-Jan-2030 10:07:40,70,NaN,NaN
Ground_Point_30,SAT_37,2,04-Jan-2030 23:08:00,04-Jan-2030 23:09:00,60,NaN,NaN
Ground_Point_30,SAT_37,3,05-Jan-2030 22:46:40,05-Jan-2030 22:47:00,20,NaN,NaN
Ground_Point_31,SAT_37,1,03-Jan-2030 23:29:00,03-Jan-2030 23:29:45,45,NaN,NaN
Ground_Point_31,SAT_37,2,04-Jan-2030 10:07:30,04-Jan-2030 10:08:50,80,NaN,NaN
Ground_Point_31,SAT_37,3,04-Jan-2030 23:07:15,04-Jan-2030 23:08:15,60,NaN,NaN
Ground_Point_32,SAT_37,1,01-Jan-2030 22:36:20,01-Jan-2030 22:37:40,80,NaN,NaN
Ground_Point_32,SAT_37,2,02-Jan-2030 09:18:35,02-Jan-2030 09:19:45,70,NaN,NaN
Ground_Point_32,SAT_37,3,03-Jan-2030 08:57:15,03-Jan-2030 08:57:50,35,NaN,NaN
Ground_Point_32,SAT_37,4,05-Jan-2030 22:43:15,05-Jan-2030 22:44:30,75,NaN,NaN
Ground_Point_32,SAT_37,5,06-Jan-2030 09:25:35,06-Jan-2030 09:26:35,60,NaN,NaN
Ground_Point_32,SAT_37,6,07-Jan-2030 09:03:50,07-Jan-2030 09:04:55,65,NaN,NaN
Ground_Point_33,SAT_37,1,01-Jan-2030 15:55:35,01-Jan-2030 15:56:35,60,NaN,NaN
Ground_Point_33,SAT_37,2,02-Jan-2030 15:34:10,02-Jan-2030 15:34:45,35,NaN,NaN
Ground_Point_33,SAT_37,3,03-Jan-2030 04:35:50,03-Jan-2030 04:36:55,65,NaN,NaN
Ground_Point_33,SAT_37,4,06-Jan-2030 15:40:45,06-Jan-2030 15:41:50,65,NaN,NaN
Ground_Point_33,SAT_37,5,07-Jan-2030 04:42:40,07-Jan-2030 04:43:55,75,NaN,NaN
Ground_Point_34,SAT_37,1,01-Jan-2030 15:55:10,01-Jan-2030 15:56:20,70,NaN,NaN
Ground_Point_34,SAT_37,2,02-Jan-2030 04:58:05,02-Jan-2030 04:59:15,70,NaN,NaN
Ground_Point_34,SAT_37,3,05-Jan-2030 16:02:00,05-Jan-2030 16:03:20,80,NaN,NaN
Ground_Point_34,SAT_37,4,06-Jan-2030 05:05:05,06-Jan-2030 05:05:55,50,NaN,NaN
Ground_Point_34,SAT_37,5,07-Jan-2030 04:43:35,07-Jan-2030 04:44:10,35,NaN,NaN
Ground_Point_35,SAT_37,1,02-Jan-2030 15:34:05,02-Jan-2030 15:35:20,75,NaN,NaN
Ground_Point_35,SAT_37,2,03-Jan-2030 04:35:15,03-Jan-2030 04:36:30,75,NaN,NaN
Ground_Point_35,SAT_37,3,06-Jan-2030 15:41:00,06-Jan-2030 15:42:10,70,NaN,NaN
Ground_Point_35,SAT_37,4,07-Jan-2030 04:42:10,07-Jan-2030 04:43:15,65,NaN,NaN
Ground_Point_36,SAT_37,1,03-Jan-2030 16:46:35,03-Jan-2030 16:47:45,70,NaN,NaN
Ground_Point_36,SAT_37,2,04-Jan-2030 05:48:00,04-Jan-2030 05:49:05,65,NaN,NaN
Ground_Point_36,SAT_37,3,05-Jan-2030 05:26:45,05-Jan-2030 05:27:05,20,NaN,NaN
Ground_Point_36,SAT_37,4,07-Jan-2030 16:53:40,07-Jan-2030 16:54:25,45,NaN,NaN
Ground_Point_37,SAT_37,1,01-Jan-2030 17:27:55,01-Jan-2030 17:29:10,75,NaN,NaN
Ground_Point_37,SAT_37,2,03-Jan-2030 06:12:20,03-Jan-2030 06:13:30,70,NaN,NaN
Ground_Point_37,SAT_37,3,05-Jan-2030 17:35:00,05-Jan-2030 17:35:55,55,NaN,NaN
Ground_Point_37,SAT_37,4,07-Jan-2030 06:19:25,07-Jan-2030 06:20:10,45,NaN,NaN
Ground_Point_38,SAT_37,1,01-Jan-2030 17:27:10,01-Jan-2030 17:28:20,70,NaN,NaN
Ground_Point_38,SAT_37,2,04-Jan-2030 05:51:30,04-Jan-2030 05:52:25,55,NaN,NaN
Ground_Point_38,SAT_37,3,05-Jan-2030 17:34:20,05-Jan-2030 17:34:55,35,NaN,NaN
Ground_Point_38,SAT_37,4,06-Jan-2030 17:12:45,06-Jan-2030 17:13:15,30,NaN,NaN
Ground_Point_39,SAT_37,1,02-Jan-2030 18:41:15,02-Jan-2030 18:42:10,55,NaN,NaN
Ground_Point_39,SAT_37,2,03-Jan-2030 07:46:50,03-Jan-2030 07:47:10,20,NaN,NaN
Ground_Point_39,SAT_37,3,04-Jan-2030 07:25:00,04-Jan-2030 07:25:45,45,NaN,NaN
Ground_Point_39,SAT_37,4,06-Jan-2030 18:47:55,06-Jan-2030 18:49:10,75,NaN,NaN
Ground_Point_40,SAT_37,1,01-Jan-2030 19:03:50,01-Jan-2030 19:05:05,75,NaN,NaN
Ground_Point_40,SAT_37,2,03-Jan-2030 07:45:50,03-Jan-2030 07:46:45,55,NaN,NaN
Ground_Point_40,SAT_37,3,05-Jan-2030 19:10:45,05-Jan-2030 19:11:55,70,NaN,NaN
Ground_Point_40,SAT_37,4,07-Jan-2030 07:52:35,07-Jan-2030 07:53:45,70,NaN,NaN
Ground_Point_41,SAT_37,1,01-Jan-2030 19:06:45,01-Jan-2030 19:07:15,30,NaN,NaN
Ground_Point_41,SAT_37,2,02-Jan-2030 08:04:50,02-Jan-2030 08:06:05,75,NaN,NaN
Ground_Point_41,SAT_37,3,02-Jan-2030 18:44:45,02-Jan-2030 18:45:55,70,NaN,NaN
Ground_Point_41,SAT_37,4,06-Jan-2030 08:11:45,06-Jan-2030 08:12:55,70,NaN,NaN
Ground_Point_41,SAT_37,5,06-Jan-2030 18:51:30,06-Jan-2030 18:52:50,80,NaN,NaN
Ground_Point_42,SAT_37,1,01-Jan-2030 05:18:50,01-Jan-2030 05:19:35,45,NaN,NaN
Ground_Point_42,SAT_37,2,01-Jan-2030 15:56:30,01-Jan-2030 15:57:35,65,NaN,NaN
Ground_Point_42,SAT_37,3,02-Jan-2030 04:57:05,02-Jan-2030 04:58:00,55,NaN,NaN
Ground_Point_42,SAT_37,4,05-Jan-2030 16:03:20,05-Jan-2030 16:04:35,75,NaN,NaN
Ground_Point_42,SAT_37,5,06-Jan-2030 05:03:50,06-Jan-2030 05:05:00,70,NaN,NaN
Ground_Point_43,SAT_37,1,02-Jan-2030 04:56:20,02-Jan-2030 04:57:20,60,NaN,NaN
Ground_Point_43,SAT_37,2,02-Jan-2030 15:35:00,02-Jan-2030 15:36:15,75,NaN,NaN
Ground_Point_43,SAT_37,3,03-Jan-2030 04:34:50,03-Jan-2030 04:35:35,45,NaN,NaN
Ground_Point_43,SAT_37,4,06-Jan-2030 05:03:35,06-Jan-2030 05:03:45,10,NaN,NaN
Ground_Point_43,SAT_37,5,06-Jan-2030 15:41:50,06-Jan-2030 15:43:10,80,NaN,NaN
Ground_Point_43,SAT_37,6,07-Jan-2030 04:41:30,07-Jan-2030 04:42:35,65,NaN,NaN
Ground_Point_44,SAT_37,1,03-Jan-2030 06:16:00,03-Jan-2030 06:16:45,45,NaN,NaN
Ground_Point_44,SAT_37,2,04-Jan-2030 17:53:25,04-Jan-2030 17:54:15,50,NaN,NaN
Ground_Point_45,SAT_37,1,01-Jan-2030 17:27:20,01-Jan-2030 17:28:35,75,NaN,NaN
Ground_Point_45,SAT_37,2,03-Jan-2030 06:13:00,03-Jan-2030 06:14:10,70,NaN,NaN
Ground_Point_45,SAT_37,3,05-Jan-2030 17:34:15,05-Jan-2030 17:35:30,75,NaN,NaN
Ground_Point_45,SAT_37,4,07-Jan-2030 06:20:05,07-Jan-2030 06:20:50,45,NaN,NaN
Ground_Point_46,SAT_37,1,03-Jan-2030 07:15:10,03-Jan-2030 07:16:10,60,NaN,NaN
Ground_Point_46,SAT_37,2,04-Jan-2030 20:03:25,04-Jan-2030 20:04:10,45,NaN,NaN
Ground_Point_46,SAT_37,3,07-Jan-2030 07:21:55,07-Jan-2030 07:23:10,75,NaN,NaN
Ground_Point_47,SAT_37,1,01-Jan-2030 07:58:35,01-Jan-2030 07:59:50,75,NaN,NaN
Ground_Point_47,SAT_37,2,03-Jan-2030 20:25:25,03-Jan-2030 20:26:35,70,NaN,NaN
Ground_Point_47,SAT_37,3,05-Jan-2030 08:05:35,05-Jan-2030 08:06:35,60,NaN,NaN
Ground_Point_47,SAT_37,4,07-Jan-2030 20:32:15,07-Jan-2030 20:33:30,75,NaN,NaN
Ground_Point_48,SAT_37,1,03-Jan-2030 08:51:35,03-Jan-2030 08:52:00,25,NaN,NaN
Ground_Point_48,SAT_37,2,04-Jan-2030 08:29:50,04-Jan-2030 08:30:30,40,NaN,NaN
Ground_Point_48,SAT_37,3,05-Jan-2030 21:14:20,05-Jan-2030 21:15:20,60,NaN,NaN
Ground_Point_49,SAT_37,1,03-Jan-2030 08:50:50,03-Jan-2030 08:52:05,75,NaN,NaN
Ground_Point_49,SAT_37,2,04-Jan-2030 21:36:35,04-Jan-2030 21:37:45,70,NaN,NaN
Ground_Point_49,SAT_37,3,07-Jan-2030 08:57:40,07-Jan-2030 08:59:00,80,NaN,NaN
Ground_Point_50,SAT_37,1,02-Jan-2030 21:01:05,02-Jan-2030 21:01:45,40,NaN,NaN
Ground_Point_50,SAT_37,2,04-Jan-2030 09:48:30,04-Jan-2030 09:49:40,70,NaN,NaN
Ground_Point_50,SAT_37,3,06-Jan-2030 21:07:40,06-Jan-2030 21:08:50,70,NaN,NaN
Ground_Point_51,SAT_37,1,01-Jan-2030 11:02:50,01-Jan-2030 11:04:05,75,NaN,NaN
Ground_Point_51,SAT_37,2,04-Jan-2030 23:17:25,04-Jan-2030 23:18:20,55,NaN,NaN
Ground_Point_51,SAT_37,3,05-Jan-2030 11:09:50,05-Jan-2030 11:10:50,60,NaN,NaN
Ground_Point_52,SAT_37,1,02-Jan-2030 02:05:40,02-Jan-2030 02:06:45,65,NaN,NaN
Ground_Point_52,SAT_37,2,04-Jan-2030 14:33:05,04-Jan-2030 14:34:05,60,NaN,NaN
Ground_Point_52,SAT_37,3,06-Jan-2030 02:12:25,06-Jan-2030 02:13:40,75,NaN,NaN
Ground_Point_53,SAT_37,1,02-Jan-2030 02:05:25,02-Jan-2030 02:06:20,55,NaN,NaN
Ground_Point_53,SAT_37,2,04-Jan-2030 14:33:00,04-Jan-2030 14:34:05,65,NaN,NaN
Ground_Point_53,SAT_37,3,07-Jan-2030 01:50:45,07-Jan-2030 01:51:30,45,NaN,NaN
Ground_Point_54,SAT_37,1,01-Jan-2030 15:35:35,01-Jan-2030 15:36:50,75,NaN,NaN
Ground_Point_54,SAT_37,2,04-Jan-2030 02:59:15,04-Jan-2030 03:00:10,55,NaN,NaN
Ground_Point_54,SAT_37,3,05-Jan-2030 15:42:30,05-Jan-2030 15:43:40,70,NaN,NaN
Ground_Point_55,SAT_37,1,02-Jan-2030 03:42:35,02-Jan-2030 03:43:50,75,NaN,NaN
Ground_Point_55,SAT_37,2,03-Jan-2030 16:26:35,03-Jan-2030 16:27:55,80,NaN,NaN
Ground_Point_55,SAT_37,3,06-Jan-2030 03:49:40,06-Jan-2030 03:50:35,55,NaN,NaN
Ground_Point_55,SAT_37,4,07-Jan-2030 16:33:35,07-Jan-2030 16:34:35,60,NaN,NaN
Ground_Point_1,SAT_38,1,02-Jan-2030 02:33:00,02-Jan-2030 02:34:05,65,NaN,NaN
Ground_Point_1,SAT_38,2,03-Jan-2030 15:14:50,03-Jan-2030 15:16:05,75,NaN,NaN
Ground_Point_1,SAT_38,3,06-Jan-2030 02:40:15,06-Jan-2030 02:40:40,25,NaN,NaN
Ground_Point_1,SAT_38,4,07-Jan-2030 02:18:25,07-Jan-2030 02:19:20,55,NaN,NaN
Ground_Point_1,SAT_38,5,07-Jan-2030 15:21:45,07-Jan-2030 15:23:00,75,NaN,NaN
Ground_Point_2,SAT_38,1,02-Jan-2030 02:32:45,02-Jan-2030 02:32:55,10,NaN,NaN
Ground_Point_2,SAT_38,2,03-Jan-2030 02:10:45,03-Jan-2030 02:11:40,55,NaN,NaN
Ground_Point_2,SAT_38,3,03-Jan-2030 15:15:30,03-Jan-2030 15:16:25,55,NaN,NaN
Ground_Point_2,SAT_38,4,04-Jan-2030 14:54:15,04-Jan-2030 14:54:25,10,NaN,NaN
Ground_Point_2,SAT_38,5,07-Jan-2030 02:17:30,07-Jan-2030 02:18:45,75,NaN,NaN
Ground_Point_3,SAT_38,1,02-Jan-2030 02:32:55,02-Jan-2030 02:34:05,70,NaN,NaN
Ground_Point_3,SAT_38,2,03-Jan-2030 15:14:50,03-Jan-2030 15:16:05,75,NaN,NaN
Ground_Point_3,SAT_38,3,06-Jan-2030 02:40:05,06-Jan-2030 02:40:45,40,NaN,NaN
Ground_Point_3,SAT_38,4,07-Jan-2030 02:18:25,07-Jan-2030 02:19:15,50,NaN,NaN
Ground_Point_3,SAT_38,5,07-Jan-2030 15:21:50,07-Jan-2030 15:23:05,75,NaN,NaN
Ground_Point_4,SAT_38,1,01-Jan-2030 14:24:30,01-Jan-2030 14:25:45,75,NaN,NaN
Ground_Point_4,SAT_38,2,04-Jan-2030 01:48:55,04-Jan-2030 01:49:30,35,NaN,NaN
Ground_Point_4,SAT_38,3,05-Jan-2030 01:27:10,05-Jan-2030 01:27:55,45,NaN,NaN
Ground_Point_4,SAT_38,4,05-Jan-2030 14:31:30,05-Jan-2030 14:32:40,70,NaN,NaN
Ground_Point_5,SAT_38,1,04-Jan-2030 01:48:35,04-Jan-2030 01:49:40,65,NaN,NaN
Ground_Point_5,SAT_38,2,05-Jan-2030 14:32:05,05-Jan-2030 14:33:00,55,NaN,NaN
Ground_Point_6,SAT_38,1,01-Jan-2030 14:24:55,01-Jan-2030 14:25:50,55,NaN,NaN
Ground_Point_6,SAT_38,2,04-Jan-2030 01:48:35,04-Jan-2030 01:49:50,75,NaN,NaN
Ground_Point_6,SAT_38,3,05-Jan-2030 14:31:45,05-Jan-2030 14:32:55,70,NaN,NaN
Ground_Point_7,SAT_38,1,01-Jan-2030 02:55:45,01-Jan-2030 02:56:40,55,NaN,NaN
Ground_Point_7,SAT_38,2,01-Jan-2030 15:58:00,01-Jan-2030 15:59:15,75,NaN,NaN
Ground_Point_7,SAT_38,3,05-Jan-2030 03:02:35,05-Jan-2030 03:03:45,70,NaN,NaN
Ground_Point_7,SAT_38,4,05-Jan-2030 16:04:55,05-Jan-2030 16:06:10,75,NaN,NaN
Ground_Point_8,SAT_38,1,01-Jan-2030 02:53:10,01-Jan-2030 02:54:25,75,NaN,NaN
Ground_Point_8,SAT_38,2,02-Jan-2030 15:38:20,02-Jan-2030 15:39:30,70,NaN,NaN
Ground_Point_8,SAT_38,3,05-Jan-2030 03:00:10,05-Jan-2030 03:01:20,70,NaN,NaN
Ground_Point_8,SAT_38,4,06-Jan-2030 15:45:35,06-Jan-2030 15:46:10,35,NaN,NaN
Ground_Point_8,SAT_38,5,07-Jan-2030 15:24:00,07-Jan-2030 15:24:30,30,NaN,NaN
Ground_Point_9,SAT_38,1,01-Jan-2030 16:02:35,01-Jan-2030 16:03:35,60,NaN,NaN
Ground_Point_9,SAT_38,2,04-Jan-2030 03:20:10,04-Jan-2030 03:20:50,40,NaN,NaN
Ground_Point_9,SAT_38,3,06-Jan-2030 15:48:10,06-Jan-2030 15:48:40,30,NaN,NaN
Ground_Point_10,SAT_38,1,01-Jan-2030 16:02:40,01-Jan-2030 16:03:35,55,NaN,NaN
Ground_Point_10,SAT_38,2,04-Jan-2030 03:20:05,04-Jan-2030 03:20:50,45,NaN,NaN
Ground_Point_10,SAT_38,3,06-Jan-2030 15:48:10,06-Jan-2030 15:48:50,40,NaN,NaN
Ground_Point_11,SAT_38,1,01-Jan-2030 02:51:40,01-Jan-2030 02:52:45,65,NaN,NaN
Ground_Point_11,SAT_38,2,03-Jan-2030 15:18:35,03-Jan-2030 15:19:10,35,NaN,NaN
Ground_Point_11,SAT_38,3,05-Jan-2030 02:58:30,05-Jan-2030 02:59:50,80,NaN,NaN
Ground_Point_11,SAT_38,4,07-Jan-2030 15:25:15,07-Jan-2030 15:26:25,70,NaN,NaN
Ground_Point_12,SAT_38,1,01-Jan-2030 04:19:50,01-Jan-2030 04:21:05,75,NaN,NaN
Ground_Point_12,SAT_38,2,05-Jan-2030 04:26:45,05-Jan-2030 04:28:00,75,NaN,NaN
Ground_Point_13,SAT_38,1,01-Jan-2030 04:23:10,01-Jan-2030 04:24:20,70,NaN,NaN
Ground_Point_13,SAT_38,2,03-Jan-2030 16:55:55,03-Jan-2030 16:56:20,25,NaN,NaN
Ground_Point_13,SAT_38,3,05-Jan-2030 04:30:05,05-Jan-2030 04:31:20,75,NaN,NaN
Ground_Point_14,SAT_38,1,02-Jan-2030 04:00:35,02-Jan-2030 04:01:40,65,NaN,NaN
Ground_Point_14,SAT_38,2,05-Jan-2030 16:12:55,05-Jan-2030 16:13:50,55,NaN,NaN
Ground_Point_14,SAT_38,3,06-Jan-2030 04:07:25,06-Jan-2030 04:08:40,75,NaN,NaN
Ground_Point_15,SAT_38,1,01-Jan-2030 04:17:45,01-Jan-2030 04:19:00,75,NaN,NaN
Ground_Point_15,SAT_38,2,01-Jan-2030 16:10:05,01-Jan-2030 16:11:20,75,NaN,NaN
Ground_Point_15,SAT_38,3,05-Jan-2030 04:24:55,05-Jan-2030 04:25:40,45,NaN,NaN
Ground_Point_15,SAT_38,4,05-Jan-2030 16:17:15,05-Jan-2030 16:18:05,50,NaN,NaN
Ground_Point_16,SAT_38,1,03-Jan-2030 15:20:55,03-Jan-2030 15:22:10,75,NaN,NaN
Ground_Point_16,SAT_38,2,04-Jan-2030 03:18:00,04-Jan-2030 03:18:20,20,NaN,NaN
Ground_Point_16,SAT_38,3,07-Jan-2030 15:27:50,07-Jan-2030 15:29:05,75,NaN,NaN
Ground_Point_17,SAT_38,1,01-Jan-2030 04:20:45,01-Jan-2030 04:21:20,35,NaN,NaN
Ground_Point_17,SAT_38,2,04-Jan-2030 16:36:35,04-Jan-2030 16:37:45,70,NaN,NaN
Ground_Point_17,SAT_38,3,05-Jan-2030 04:27:20,05-Jan-2030 04:28:35,75,NaN,NaN
Ground_Point_18,SAT_38,1,03-Jan-2030 18:29:20,03-Jan-2030 18:29:45,25,NaN,NaN
Ground_Point_18,SAT_38,2,04-Jan-2030 06:28:20,04-Jan-2030 06:28:30,10,NaN,NaN
Ground_Point_18,SAT_38,3,05-Jan-2030 06:06:40,05-Jan-2030 06:06:55,15,NaN,NaN
Ground_Point_18,SAT_38,4,07-Jan-2030 18:35:55,07-Jan-2030 18:37:00,65,NaN,NaN
Ground_Point_19,SAT_38,1,01-Jan-2030 06:01:40,01-Jan-2030 06:02:25,45,NaN,NaN
Ground_Point_19,SAT_38,2,02-Jan-2030 05:40:25,02-Jan-2030 05:40:30,5,NaN,NaN
Ground_Point_19,SAT_38,3,03-Jan-2030 18:26:15,03-Jan-2030 18:27:30,75,NaN,NaN
Ground_Point_19,SAT_38,4,06-Jan-2030 05:46:50,06-Jan-2030 05:47:55,65,NaN,NaN
Ground_Point_19,SAT_38,5,07-Jan-2030 18:33:15,07-Jan-2030 18:34:30,75,NaN,NaN
Ground_Point_20,SAT_38,1,01-Jan-2030 05:57:25,01-Jan-2030 05:58:40,75,NaN,NaN
Ground_Point_20,SAT_38,2,04-Jan-2030 18:08:50,04-Jan-2030 18:09:35,45,NaN,NaN
Ground_Point_20,SAT_38,3,05-Jan-2030 06:04:25,05-Jan-2030 06:05:40,75,NaN,NaN
Ground_Point_21,SAT_38,1,01-Jan-2030 00:09:25,01-Jan-2030 00:10:30,65,NaN,NaN
Ground_Point_21,SAT_38,2,01-Jan-2030 10:51:25,01-Jan-2030 10:52:10,45,NaN,NaN
Ground_Point_21,SAT_38,3,01-Jan-2030 23:47:50,01-Jan-2030 23:48:45,55,NaN,NaN
Ground_Point_21,SAT_38,4,02-Jan-2030 10:29:35,02-Jan-2030 10:30:45,70,NaN,NaN
Ground_Point_21,SAT_38,5,05-Jan-2030 00:16:30,05-Jan-2030 00:17:15,45,NaN,NaN
Ground_Point_21,SAT_38,6,05-Jan-2030 23:54:40,05-Jan-2030 23:55:50,70,NaN,NaN
Ground_Point_21,SAT_38,7,06-Jan-2030 10:36:25,06-Jan-2030 10:37:45,80,NaN,NaN
Ground_Point_22,SAT_38,1,01-Jan-2030 23:48:15,01-Jan-2030 23:49:30,75,NaN,NaN
Ground_Point_22,SAT_38,2,02-Jan-2030 10:28:45,02-Jan-2030 10:30:00,75,NaN,NaN
Ground_Point_22,SAT_38,3,05-Jan-2030 23:55:15,05-Jan-2030 23:56:25,70,NaN,NaN
Ground_Point_22,SAT_38,4,06-Jan-2030 10:35:40,06-Jan-2030 10:37:00,80,NaN,NaN
Ground_Point_22,SAT_38,5,06-Jan-2030 23:34:00,06-Jan-2030 23:34:20,20,NaN,NaN
Ground_Point_23,SAT_38,1,01-Jan-2030 23:47:15,01-Jan-2030 23:48:30,75,NaN,NaN
Ground_Point_23,SAT_38,2,02-Jan-2030 10:29:40,02-Jan-2030 10:30:35,55,NaN,NaN
Ground_Point_23,SAT_38,3,02-Jan-2030 23:26:00,02-Jan-2030 23:26:25,25,NaN,NaN
Ground_Point_23,SAT_38,4,03-Jan-2030 10:07:55,03-Jan-2030 10:09:05,70,NaN,NaN
Ground_Point_23,SAT_38,5,05-Jan-2030 23:54:20,05-Jan-2030 23:55:20,60,NaN,NaN
Ground_Point_23,SAT_38,6,06-Jan-2030 23:32:40,06-Jan-2030 23:33:40,60,NaN,NaN
Ground_Point_23,SAT_38,7,07-Jan-2030 10:14:50,07-Jan-2030 10:16:05,75,NaN,NaN
Ground_Point_24,SAT_38,1,01-Jan-2030 23:47:40,01-Jan-2030 23:48:55,75,NaN,NaN
Ground_Point_24,SAT_38,2,02-Jan-2030 10:29:10,02-Jan-2030 10:30:20,70,NaN,NaN
Ground_Point_24,SAT_38,3,02-Jan-2030 23:26:25,02-Jan-2030 23:26:50,25,NaN,NaN
Ground_Point_24,SAT_38,4,03-Jan-2030 10:07:45,03-Jan-2030 10:08:30,45,NaN,NaN
Ground_Point_24,SAT_38,5,05-Jan-2030 23:54:45,05-Jan-2030 23:55:40,55,NaN,NaN
Ground_Point_24,SAT_38,6,06-Jan-2030 10:36:20,06-Jan-2030 10:37:10,50,NaN,NaN
Ground_Point_24,SAT_38,7,06-Jan-2030 23:33:05,06-Jan-2030 23:34:05,60,NaN,NaN
Ground_Point_24,SAT_38,8,07-Jan-2030 10:14:30,07-Jan-2030 10:15:40,70,NaN,NaN
Ground_Point_25,SAT_38,1,02-Jan-2030 23:26:00,02-Jan-2030 23:27:15,75,NaN,NaN
Ground_Point_25,SAT_38,2,03-Jan-2030 10:07:05,03-Jan-2030 10:08:25,80,NaN,NaN
Ground_Point_25,SAT_38,3,06-Jan-2030 23:33:00,06-Jan-2030 23:34:10,70,NaN,NaN
Ground_Point_25,SAT_38,4,07-Jan-2030 10:14:10,07-Jan-2030 10:15:20,70,NaN,NaN
Ground_Point_25,SAT_38,5,07-Jan-2030 23:11:40,07-Jan-2030 23:12:15,35,NaN,NaN
Ground_Point_26,SAT_38,1,02-Jan-2030 23:25:35,02-Jan-2030 23:26:00,25,NaN,NaN
Ground_Point_26,SAT_38,2,03-Jan-2030 23:03:35,03-Jan-2030 23:04:50,75,NaN,NaN
Ground_Point_26,SAT_38,3,04-Jan-2030 09:45:50,04-Jan-2030 09:47:10,80,NaN,NaN
Ground_Point_26,SAT_38,4,07-Jan-2030 23:10:30,07-Jan-2030 23:11:45,75,NaN,NaN
Ground_Point_27,SAT_38,1,03-Jan-2030 10:06:40,03-Jan-2030 10:07:40,60,NaN,NaN
Ground_Point_27,SAT_38,2,03-Jan-2030 23:04:45,03-Jan-2030 23:06:00,75,NaN,NaN
Ground_Point_27,SAT_38,3,04-Jan-2030 09:45:05,04-Jan-2030 09:46:00,55,NaN,NaN
Ground_Point_27,SAT_38,4,07-Jan-2030 10:13:55,07-Jan-2030 10:14:15,20,NaN,NaN
Ground_Point_27,SAT_38,5,07-Jan-2030 23:11:40,07-Jan-2030 23:13:00,80,NaN,NaN
Ground_Point_28,SAT_38,1,01-Jan-2030 00:12:30,01-Jan-2030 00:13:15,45,NaN,NaN
Ground_Point_28,SAT_38,2,01-Jan-2030 23:50:50,01-Jan-2030 23:51:40,50,NaN,NaN
Ground_Point_28,SAT_38,3,04-Jan-2030 11:17:20,04-Jan-2030 11:18:10,50,NaN,NaN
Ground_Point_28,SAT_38,4,05-Jan-2030 10:55:45,05-Jan-2030 10:56:30,45,NaN,NaN
Ground_Point_28,SAT_38,5,05-Jan-2030 23:57:40,05-Jan-2030 23:58:50,70,NaN,NaN
Ground_Point_29,SAT_38,1,01-Jan-2030 10:48:35,01-Jan-2030 10:49:40,65,NaN,NaN
Ground_Point_29,SAT_38,2,01-Jan-2030 23:50:20,01-Jan-2030 23:51:10,50,NaN,NaN
Ground_Point_29,SAT_38,3,02-Jan-2030 10:27:25,02-Jan-2030 10:27:35,10,NaN,NaN
Ground_Point_29,SAT_38,4,02-Jan-2030 23:28:45,02-Jan-2030 23:29:30,45,NaN,NaN
Ground_Point_29,SAT_38,5,05-Jan-2030 10:55:50,05-Jan-2030 10:56:20,30,NaN,NaN
Ground_Point_29,SAT_38,6,06-Jan-2030 10:33:55,06-Jan-2030 10:34:55,60,NaN,NaN
Ground_Point_29,SAT_38,7,06-Jan-2030 23:35:30,06-Jan-2030 23:36:40,70,NaN,NaN
Ground_Point_30,SAT_38,1,03-Jan-2030 10:04:55,03-Jan-2030 10:06:10,75,NaN,NaN
Ground_Point_30,SAT_38,2,03-Jan-2030 23:06:20,03-Jan-2030 23:07:25,65,NaN,NaN
Ground_Point_30,SAT_38,3,07-Jan-2030 10:12:00,07-Jan-2030 10:12:55,55,NaN,NaN
Ground_Point_30,SAT_38,4,07-Jan-2030 23:13:35,07-Jan-2030 23:14:05,30,NaN,NaN
Ground_Point_31,SAT_38,1,02-Jan-2030 23:27:20,02-Jan-2030 23:28:10,50,NaN,NaN
Ground_Point_31,SAT_38,2,03-Jan-2030 10:05:55,03-Jan-2030 10:07:15,80,NaN,NaN
Ground_Point_31,SAT_38,3,03-Jan-2030 23:05:40,03-Jan-2030 23:06:35,55,NaN,NaN
Ground_Point_31,SAT_38,4,07-Jan-2030 10:12:55,07-Jan-2030 10:14:10,75,NaN,NaN
Ground_Point_31,SAT_38,5,07-Jan-2030 23:12:30,07-Jan-2030 23:13:40,70,NaN,NaN
Ground_Point_32,SAT_38,1,01-Jan-2030 09:16:55,01-Jan-2030 09:18:10,75,NaN,NaN
Ground_Point_32,SAT_38,2,02-Jan-2030 08:55:40,02-Jan-2030 08:56:05,25,NaN,NaN
Ground_Point_32,SAT_38,3,04-Jan-2030 22:41:40,04-Jan-2030 22:42:55,75,NaN,NaN
Ground_Point_32,SAT_38,4,05-Jan-2030 09:23:55,05-Jan-2030 09:25:00,65,NaN,NaN
Ground_Point_32,SAT_38,5,06-Jan-2030 09:02:20,06-Jan-2030 09:03:20,60,NaN,NaN
Ground_Point_33,SAT_38,1,01-Jan-2030 04:56:10,01-Jan-2030 04:56:35,25,NaN,NaN
Ground_Point_33,SAT_38,2,01-Jan-2030 15:32:45,01-Jan-2030 15:32:55,10,NaN,NaN
Ground_Point_33,SAT_38,3,02-Jan-2030 04:34:20,02-Jan-2030 04:35:15,55,NaN,NaN
Ground_Point_33,SAT_38,4,04-Jan-2030 16:01:10,04-Jan-2030 16:01:35,25,NaN,NaN
Ground_Point_33,SAT_38,5,05-Jan-2030 15:39:15,05-Jan-2030 15:40:15,60,NaN,NaN
Ground_Point_33,SAT_38,6,06-Jan-2030 04:41:05,06-Jan-2030 04:42:20,75,NaN,NaN
Ground_Point_34,SAT_38,1,01-Jan-2030 04:56:25,01-Jan-2030 04:57:40,75,NaN,NaN
Ground_Point_34,SAT_38,2,04-Jan-2030 16:00:25,04-Jan-2030 16:01:45,80,NaN,NaN
Ground_Point_34,SAT_38,3,05-Jan-2030 05:03:30,05-Jan-2030 05:04:25,55,NaN,NaN
Ground_Point_34,SAT_38,4,06-Jan-2030 04:42:15,06-Jan-2030 04:42:25,10,NaN,NaN
Ground_Point_35,SAT_38,1,01-Jan-2030 15:32:25,01-Jan-2030 15:33:45,80,NaN,NaN
Ground_Point_35,SAT_38,2,02-Jan-2030 04:33:35,02-Jan-2030 04:34:55,80,NaN,NaN
Ground_Point_35,SAT_38,3,05-Jan-2030 15:39:25,05-Jan-2030 15:40:40,75,NaN,NaN
Ground_Point_35,SAT_38,4,06-Jan-2030 04:40:35,06-Jan-2030 04:41:45,70,NaN,NaN
Ground_Point_36,SAT_38,1,02-Jan-2030 16:44:55,02-Jan-2030 16:46:10,75,NaN,NaN
Ground_Point_36,SAT_38,2,03-Jan-2030 05:46:25,03-Jan-2030 05:47:30,65,NaN,NaN
Ground_Point_36,SAT_38,3,06-Jan-2030 16:52:05,06-Jan-2030 16:53:00,55,NaN,NaN
Ground_Point_36,SAT_38,4,07-Jan-2030 05:53:35,07-Jan-2030 05:54:10,35,NaN,NaN
Ground_Point_36,SAT_38,5,07-Jan-2030 16:30:30,07-Jan-2030 16:31:15,45,NaN,NaN
Ground_Point_37,SAT_38,1,02-Jan-2030 06:10:40,02-Jan-2030 06:11:55,75,NaN,NaN
Ground_Point_37,SAT_38,2,04-Jan-2030 17:33:20,04-Jan-2030 17:34:25,65,NaN,NaN
Ground_Point_37,SAT_38,3,06-Jan-2030 06:17:50,06-Jan-2030 06:18:40,50,NaN,NaN
Ground_Point_38,SAT_38,1,03-Jan-2030 05:50:00,03-Jan-2030 05:50:45,45,NaN,NaN
Ground_Point_38,SAT_38,2,04-Jan-2030 17:32:40,04-Jan-2030 17:33:25,45,NaN,NaN
Ground_Point_38,SAT_38,3,05-Jan-2030 17:11:20,05-Jan-2030 17:11:35,15,NaN,NaN
Ground_Point_38,SAT_38,4,07-Jan-2030 05:56:45,07-Jan-2030 05:57:55,70,NaN,NaN
Ground_Point_39,SAT_38,1,01-Jan-2030 18:39:40,01-Jan-2030 18:40:30,50,NaN,NaN
Ground_Point_39,SAT_38,2,02-Jan-2030 07:45:05,02-Jan-2030 07:45:45,40,NaN,NaN
Ground_Point_39,SAT_38,3,03-Jan-2030 07:23:30,03-Jan-2030 07:24:05,35,NaN,NaN
Ground_Point_39,SAT_38,4,05-Jan-2030 18:46:25,05-Jan-2030 18:47:40,75,NaN,NaN
Ground_Point_39,SAT_38,5,07-Jan-2030 07:30:10,07-Jan-2030 07:31:20,70,NaN,NaN
Ground_Point_40,SAT_38,1,01-Jan-2030 08:06:00,01-Jan-2030 08:06:30,30,NaN,NaN
Ground_Point_40,SAT_38,2,02-Jan-2030 07:44:15,02-Jan-2030 07:45:05,50,NaN,NaN
Ground_Point_40,SAT_38,3,04-Jan-2030 19:09:10,04-Jan-2030 19:10:25,75,NaN,NaN
Ground_Point_40,SAT_38,4,06-Jan-2030 07:51:00,06-Jan-2030 07:52:15,75,NaN,NaN
Ground_Point_41,SAT_38,1,01-Jan-2030 08:03:10,01-Jan-2030 08:04:30,80,NaN,NaN
Ground_Point_41,SAT_38,2,01-Jan-2030 18:43:10,01-Jan-2030 18:44:15,65,NaN,NaN
Ground_Point_41,SAT_38,3,05-Jan-2030 08:10:10,05-Jan-2030 08:11:25,75,NaN,NaN
Ground_Point_41,SAT_38,4,05-Jan-2030 18:50:00,05-Jan-2030 18:51:15,75,NaN,NaN
Ground_Point_42,SAT_38,1,01-Jan-2030 04:55:30,01-Jan-2030 04:56:15,45,NaN,NaN
Ground_Point_42,SAT_38,2,04-Jan-2030 16:01:45,04-Jan-2030 16:03:00,75,NaN,NaN
Ground_Point_42,SAT_38,3,05-Jan-2030 05:02:20,05-Jan-2030 05:03:25,65,NaN,NaN
Ground_Point_43,SAT_38,1,01-Jan-2030 04:54:40,01-Jan-2030 04:55:45,65,NaN,NaN
Ground_Point_43,SAT_38,2,01-Jan-2030 15:33:25,01-Jan-2030 15:34:35,70,NaN,NaN
Ground_Point_43,SAT_38,3,02-Jan-2030 04:33:15,02-Jan-2030 04:33:50,35,NaN,NaN
Ground_Point_43,SAT_38,4,05-Jan-2030 05:01:50,05-Jan-2030 05:02:25,35,NaN,NaN
Ground_Point_43,SAT_38,5,05-Jan-2030 15:40:20,05-Jan-2030 15:41:35,75,NaN,NaN
Ground_Point_43,SAT_38,6,06-Jan-2030 04:40:00,06-Jan-2030 04:41:05,65,NaN,NaN
Ground_Point_44,SAT_38,1,02-Jan-2030 06:14:20,02-Jan-2030 06:15:15,55,NaN,NaN
Ground_Point_44,SAT_38,2,03-Jan-2030 17:51:45,03-Jan-2030 17:52:40,55,NaN,NaN
Ground_Point_44,SAT_38,3,07-Jan-2030 05:59:50,07-Jan-2030 06:00:25,35,NaN,NaN
Ground_Point_45,SAT_38,1,02-Jan-2030 06:11:20,02-Jan-2030 06:12:35,75,NaN,NaN
Ground_Point_45,SAT_38,2,04-Jan-2030 17:32:40,04-Jan-2030 17:33:55,75,NaN,NaN
Ground_Point_45,SAT_38,3,06-Jan-2030 06:18:25,06-Jan-2030 06:19:25,60,NaN,NaN
Ground_Point_46,SAT_38,1,02-Jan-2030 07:13:40,02-Jan-2030 07:14:30,50,NaN,NaN
Ground_Point_46,SAT_38,2,03-Jan-2030 20:01:45,03-Jan-2030 20:02:40,55,NaN,NaN
Ground_Point_46,SAT_38,3,06-Jan-2030 07:20:20,06-Jan-2030 07:21:35,75,NaN,NaN
Ground_Point_47,SAT_38,1,02-Jan-2030 20:23:50,02-Jan-2030 20:25:00,70,NaN,NaN
Ground_Point_47,SAT_38,2,04-Jan-2030 08:03:55,04-Jan-2030 08:05:05,70,NaN,NaN
Ground_Point_47,SAT_38,3,06-Jan-2030 20:30:45,06-Jan-2030 20:32:00,75,NaN,NaN
Ground_Point_48,SAT_38,1,02-Jan-2030 08:49:50,02-Jan-2030 08:50:30,40,NaN,NaN
Ground_Point_48,SAT_38,2,03-Jan-2030 08:28:20,03-Jan-2030 08:28:50,30,NaN,NaN
Ground_Point_48,SAT_38,3,04-Jan-2030 21:12:50,04-Jan-2030 21:13:45,55,NaN,NaN
Ground_Point_48,SAT_38,4,07-Jan-2030 08:34:55,07-Jan-2030 08:36:05,70,NaN,NaN
Ground_Point_49,SAT_38,1,02-Jan-2030 08:49:15,02-Jan-2030 08:50:25,70,NaN,NaN
Ground_Point_49,SAT_38,2,03-Jan-2030 21:34:55,03-Jan-2030 21:36:10,75,NaN,NaN
Ground_Point_49,SAT_38,3,06-Jan-2030 08:56:10,06-Jan-2030 08:57:25,75,NaN,NaN
Ground_Point_49,SAT_38,4,07-Jan-2030 21:42:00,07-Jan-2030 21:43:00,60,NaN,NaN
Ground_Point_50,SAT_38,1,01-Jan-2030 20:59:35,01-Jan-2030 21:00:00,25,NaN,NaN
Ground_Point_50,SAT_38,2,03-Jan-2030 09:46:55,03-Jan-2030 09:48:05,70,NaN,NaN
Ground_Point_50,SAT_38,3,05-Jan-2030 21:06:10,05-Jan-2030 21:07:15,65,NaN,NaN
Ground_Point_50,SAT_38,4,07-Jan-2030 09:54:00,07-Jan-2030 09:54:50,50,NaN,NaN
Ground_Point_51,SAT_38,1,03-Jan-2030 23:15:45,03-Jan-2030 23:16:45,60,NaN,NaN
Ground_Point_51,SAT_38,2,04-Jan-2030 11:08:15,04-Jan-2030 11:09:20,65,NaN,NaN
Ground_Point_52,SAT_38,1,01-Jan-2030 02:04:00,01-Jan-2030 02:05:05,65,NaN,NaN
Ground_Point_52,SAT_38,2,03-Jan-2030 14:31:35,03-Jan-2030 14:32:25,50,NaN,NaN
Ground_Point_52,SAT_38,3,05-Jan-2030 02:10:50,05-Jan-2030 02:12:05,75,NaN,NaN
Ground_Point_52,SAT_38,4,07-Jan-2030 14:38:20,07-Jan-2030 14:39:30,70,NaN,NaN
Ground_Point_53,SAT_38,1,01-Jan-2030 02:03:40,01-Jan-2030 02:04:45,65,NaN,NaN
Ground_Point_53,SAT_38,2,03-Jan-2030 14:31:25,03-Jan-2030 14:32:30,65,NaN,NaN
Ground_Point_53,SAT_38,3,06-Jan-2030 01:49:15,06-Jan-2030 01:49:50,35,NaN,NaN
Ground_Point_53,SAT_38,4,07-Jan-2030 14:38:40,07-Jan-2030 14:39:10,30,NaN,NaN
Ground_Point_54,SAT_38,1,03-Jan-2030 02:57:35,03-Jan-2030 02:58:35,60,NaN,NaN
Ground_Point_54,SAT_38,2,04-Jan-2030 15:40:55,04-Jan-2030 15:42:05,70,NaN,NaN
Ground_Point_54,SAT_38,3,07-Jan-2030 03:05:00,07-Jan-2030 03:05:05,5,NaN,NaN
Ground_Point_55,SAT_38,1,01-Jan-2030 03:41:00,01-Jan-2030 03:42:15,75,NaN,NaN
Ground_Point_55,SAT_38,2,02-Jan-2030 16:25:00,02-Jan-2030 16:26:15,75,NaN,NaN
Ground_Point_55,SAT_38,3,05-Jan-2030 03:48:00,05-Jan-2030 03:49:05,65,NaN,NaN
Ground_Point_55,SAT_38,4,06-Jan-2030 16:32:00,06-Jan-2030 16:33:05,65,NaN,NaN
Ground_Point_1,SAT_39,1,01-Jan-2030 02:31:15,01-Jan-2030 02:32:25,70,NaN,NaN
Ground_Point_1,SAT_39,2,02-Jan-2030 15:13:10,02-Jan-2030 15:14:25,75,NaN,NaN
Ground_Point_1,SAT_39,3,05-Jan-2030 02:38:25,05-Jan-2030 02:39:05,40,NaN,NaN
Ground_Point_1,SAT_39,4,06-Jan-2030 02:16:45,06-Jan-2030 02:17:30,45,NaN,NaN
Ground_Point_1,SAT_39,5,06-Jan-2030 15:20:05,06-Jan-2030 15:21:20,75,NaN,NaN
Ground_Point_2,SAT_39,1,01-Jan-2030 02:30:50,01-Jan-2030 02:31:25,35,NaN,NaN
Ground_Point_2,SAT_39,2,02-Jan-2030 02:09:10,02-Jan-2030 02:09:55,45,NaN,NaN
Ground_Point_2,SAT_39,3,02-Jan-2030 15:13:45,02-Jan-2030 15:14:45,60,NaN,NaN
Ground_Point_2,SAT_39,4,06-Jan-2030 02:15:50,06-Jan-2030 02:17:00,70,NaN,NaN
Ground_Point_2,SAT_39,5,07-Jan-2030 14:59:05,07-Jan-2030 15:00:00,55,NaN,NaN
Ground_Point_3,SAT_39,1,01-Jan-2030 02:31:15,01-Jan-2030 02:32:25,70,NaN,NaN
Ground_Point_3,SAT_39,2,02-Jan-2030 15:13:10,02-Jan-2030 15:14:25,75,NaN,NaN
Ground_Point_3,SAT_39,3,05-Jan-2030 02:38:20,05-Jan-2030 02:39:10,50,NaN,NaN
Ground_Point_3,SAT_39,4,06-Jan-2030 02:16:50,06-Jan-2030 02:17:25,35,NaN,NaN
Ground_Point_3,SAT_39,5,06-Jan-2030 15:20:05,06-Jan-2030 15:21:20,75,NaN,NaN
Ground_Point_4,SAT_39,1,03-Jan-2030 01:47:05,03-Jan-2030 01:47:55,50,NaN,NaN
Ground_Point_4,SAT_39,2,04-Jan-2030 01:25:40,04-Jan-2030 01:26:10,30,NaN,NaN
Ground_Point_4,SAT_39,3,04-Jan-2030 14:29:50,04-Jan-2030 14:31:00,70,NaN,NaN
Ground_Point_5,SAT_39,1,03-Jan-2030 01:46:55,03-Jan-2030 01:48:00,65,NaN,NaN
Ground_Point_5,SAT_39,2,03-Jan-2030 14:52:15,03-Jan-2030 14:52:40,25,NaN,NaN
Ground_Point_5,SAT_39,3,04-Jan-2030 14:30:30,04-Jan-2030 14:31:10,40,NaN,NaN
Ground_Point_5,SAT_39,4,07-Jan-2030 01:53:45,07-Jan-2030 01:55:00,75,NaN,NaN
Ground_Point_6,SAT_39,1,03-Jan-2030 01:46:50,03-Jan-2030 01:48:10,80,NaN,NaN
Ground_Point_6,SAT_39,2,04-Jan-2030 14:30:05,04-Jan-2030 14:31:15,70,NaN,NaN
Ground_Point_6,SAT_39,3,07-Jan-2030 01:53:50,07-Jan-2030 01:55:05,75,NaN,NaN
Ground_Point_7,SAT_39,1,04-Jan-2030 03:00:55,04-Jan-2030 03:02:05,70,NaN,NaN
Ground_Point_7,SAT_39,2,04-Jan-2030 16:03:15,04-Jan-2030 16:04:30,75,NaN,NaN
Ground_Point_8,SAT_39,1,01-Jan-2030 15:36:40,01-Jan-2030 15:37:50,70,NaN,NaN
Ground_Point_8,SAT_39,2,04-Jan-2030 02:58:25,04-Jan-2030 02:59:40,75,NaN,NaN
Ground_Point_8,SAT_39,3,05-Jan-2030 15:43:45,05-Jan-2030 15:44:35,50,NaN,NaN
Ground_Point_9,SAT_39,1,02-Jan-2030 03:40:15,02-Jan-2030 03:40:40,25,NaN,NaN
Ground_Point_9,SAT_39,2,03-Jan-2030 03:18:40,03-Jan-2030 03:19:00,20,NaN,NaN
Ground_Point_9,SAT_39,3,04-Jan-2030 16:08:10,04-Jan-2030 16:08:35,25,NaN,NaN
Ground_Point_9,SAT_39,4,07-Jan-2030 03:25:10,07-Jan-2030 03:26:20,70,NaN,NaN
Ground_Point_10,SAT_39,1,02-Jan-2030 03:40:15,02-Jan-2030 03:40:30,15,NaN,NaN
Ground_Point_10,SAT_39,2,03-Jan-2030 03:18:35,03-Jan-2030 03:19:00,25,NaN,NaN
Ground_Point_10,SAT_39,3,04-Jan-2030 16:08:20,04-Jan-2030 16:08:30,10,NaN,NaN
Ground_Point_10,SAT_39,4,05-Jan-2030 15:46:40,05-Jan-2030 15:46:55,15,NaN,NaN
Ground_Point_10,SAT_39,5,07-Jan-2030 03:25:05,07-Jan-2030 03:26:15,70,NaN,NaN
Ground_Point_11,SAT_39,1,01-Jan-2030 15:38:35,01-Jan-2030 15:39:05,30,NaN,NaN
Ground_Point_11,SAT_39,2,02-Jan-2030 15:17:05,02-Jan-2030 15:17:15,10,NaN,NaN
Ground_Point_11,SAT_39,3,04-Jan-2030 02:56:50,04-Jan-2030 02:58:05,75,NaN,NaN
Ground_Point_11,SAT_39,4,06-Jan-2030 15:23:35,06-Jan-2030 15:24:40,65,NaN,NaN
Ground_Point_12,SAT_39,1,03-Jan-2030 16:35:45,03-Jan-2030 16:35:55,10,NaN,NaN
Ground_Point_12,SAT_39,2,04-Jan-2030 04:25:05,04-Jan-2030 04:26:20,75,NaN,NaN
Ground_Point_13,SAT_39,1,02-Jan-2030 16:54:05,02-Jan-2030 16:54:50,45,NaN,NaN
Ground_Point_13,SAT_39,2,04-Jan-2030 04:28:25,04-Jan-2030 04:29:40,75,NaN,NaN
Ground_Point_13,SAT_39,3,07-Jan-2030 16:39:20,07-Jan-2030 16:40:10,50,NaN,NaN
Ground_Point_14,SAT_39,1,01-Jan-2030 03:59:00,01-Jan-2030 03:59:55,55,NaN,NaN
Ground_Point_14,SAT_39,2,04-Jan-2030 16:11:20,04-Jan-2030 16:12:05,45,NaN,NaN
Ground_Point_14,SAT_39,3,05-Jan-2030 04:05:45,05-Jan-2030 04:07:00,75,NaN,NaN
Ground_Point_15,SAT_39,1,04-Jan-2030 04:23:10,04-Jan-2030 04:24:05,55,NaN,NaN
Ground_Point_15,SAT_39,2,04-Jan-2030 16:15:30,04-Jan-2030 16:16:25,55,NaN,NaN
Ground_Point_16,SAT_39,1,02-Jan-2030 15:19:20,02-Jan-2030 15:20:25,65,NaN,NaN
Ground_Point_16,SAT_39,2,03-Jan-2030 03:16:05,03-Jan-2030 03:16:50,45,NaN,NaN
Ground_Point_16,SAT_39,3,06-Jan-2030 15:26:10,06-Jan-2030 15:27:25,75,NaN,NaN
Ground_Point_17,SAT_39,1,03-Jan-2030 16:34:50,03-Jan-2030 16:36:05,75,NaN,NaN
Ground_Point_17,SAT_39,2,04-Jan-2030 04:25:45,04-Jan-2030 04:26:50,65,NaN,NaN
Ground_Point_17,SAT_39,3,07-Jan-2030 16:41:50,07-Jan-2030 16:42:55,65,NaN,NaN
Ground_Point_18,SAT_39,1,01-Jan-2030 18:49:15,01-Jan-2030 18:49:40,25,NaN,NaN
Ground_Point_18,SAT_39,2,03-Jan-2030 06:26:25,03-Jan-2030 06:27:00,35,NaN,NaN
Ground_Point_18,SAT_39,3,06-Jan-2030 18:34:15,06-Jan-2030 18:35:15,60,NaN,NaN
Ground_Point_19,SAT_39,1,02-Jan-2030 18:24:40,02-Jan-2030 18:25:50,70,NaN,NaN
Ground_Point_19,SAT_39,2,05-Jan-2030 05:45:15,05-Jan-2030 05:46:10,55,NaN,NaN
Ground_Point_19,SAT_39,3,06-Jan-2030 18:31:30,06-Jan-2030 18:32:45,75,NaN,NaN
Ground_Point_20,SAT_39,1,03-Jan-2030 18:07:20,03-Jan-2030 18:07:50,30,NaN,NaN
Ground_Point_20,SAT_39,2,04-Jan-2030 06:02:40,04-Jan-2030 06:04:00,80,NaN,NaN
Ground_Point_20,SAT_39,3,07-Jan-2030 18:13:55,07-Jan-2030 18:15:00,65,NaN,NaN
Ground_Point_21,SAT_39,1,01-Jan-2030 10:27:55,01-Jan-2030 10:29:00,65,NaN,NaN
Ground_Point_21,SAT_39,2,04-Jan-2030 00:14:45,04-Jan-2030 00:15:35,50,NaN,NaN
Ground_Point_21,SAT_39,3,04-Jan-2030 23:53:00,04-Jan-2030 23:54:05,65,NaN,NaN
Ground_Point_21,SAT_39,4,05-Jan-2030 10:34:45,05-Jan-2030 10:36:00,75,NaN,NaN
Ground_Point_22,SAT_39,1,01-Jan-2030 10:27:05,01-Jan-2030 10:28:20,75,NaN,NaN
Ground_Point_22,SAT_39,2,04-Jan-2030 23:53:30,04-Jan-2030 23:54:45,75,NaN,NaN
Ground_Point_22,SAT_39,3,05-Jan-2030 10:34:00,05-Jan-2030 10:35:15,75,NaN,NaN
Ground_Point_23,SAT_39,1,01-Jan-2030 10:28:00,01-Jan-2030 10:29:00,60,NaN,NaN
Ground_Point_23,SAT_39,2,02-Jan-2030 10:06:20,02-Jan-2030 10:07:20,60,NaN,NaN
Ground_Point_23,SAT_39,3,04-Jan-2030 23:52:35,04-Jan-2030 23:53:40,65,NaN,NaN
Ground_Point_23,SAT_39,4,05-Jan-2030 10:35:15,05-Jan-2030 10:35:35,20,NaN,NaN
Ground_Point_23,SAT_39,5,05-Jan-2030 23:31:00,05-Jan-2030 23:31:55,55,NaN,NaN
Ground_Point_23,SAT_39,6,06-Jan-2030 10:13:05,06-Jan-2030 10:14:20,75,NaN,NaN
Ground_Point_24,SAT_39,1,01-Jan-2030 10:27:30,01-Jan-2030 10:28:45,75,NaN,NaN
Ground_Point_24,SAT_39,2,02-Jan-2030 10:06:10,02-Jan-2030 10:06:45,35,NaN,NaN
Ground_Point_24,SAT_39,3,04-Jan-2030 23:53:00,04-Jan-2030 23:54:05,65,NaN,NaN
Ground_Point_24,SAT_39,4,05-Jan-2030 10:34:35,05-Jan-2030 10:35:30,55,NaN,NaN
Ground_Point_24,SAT_39,5,05-Jan-2030 23:31:25,05-Jan-2030 23:32:20,55,NaN,NaN
Ground_Point_24,SAT_39,6,06-Jan-2030 10:12:50,06-Jan-2030 10:13:55,65,NaN,NaN
Ground_Point_25,SAT_39,1,01-Jan-2030 23:24:20,01-Jan-2030 23:25:35,75,NaN,NaN
Ground_Point_25,SAT_39,2,02-Jan-2030 10:05:25,02-Jan-2030 10:06:45,80,NaN,NaN
Ground_Point_25,SAT_39,3,05-Jan-2030 23:31:15,05-Jan-2030 23:32:30,75,NaN,NaN
Ground_Point_25,SAT_39,4,06-Jan-2030 10:12:25,06-Jan-2030 10:13:40,75,NaN,NaN
Ground_Point_25,SAT_39,5,06-Jan-2030 23:10:00,06-Jan-2030 23:10:25,25,NaN,NaN
Ground_Point_25,SAT_39,6,07-Jan-2030 09:51:10,07-Jan-2030 09:51:35,25,NaN,NaN
Ground_Point_26,SAT_39,1,01-Jan-2030 23:23:50,01-Jan-2030 23:24:30,40,NaN,NaN
Ground_Point_26,SAT_39,2,02-Jan-2030 23:01:55,02-Jan-2030 23:03:05,70,NaN,NaN
Ground_Point_26,SAT_39,3,03-Jan-2030 09:44:10,03-Jan-2030 09:45:30,80,NaN,NaN
Ground_Point_26,SAT_39,4,06-Jan-2030 23:08:45,06-Jan-2030 23:10:05,80,NaN,NaN
Ground_Point_26,SAT_39,5,07-Jan-2030 09:51:10,07-Jan-2030 09:52:25,75,NaN,NaN
Ground_Point_27,SAT_39,1,01-Jan-2030 23:25:10,01-Jan-2030 23:25:30,20,NaN,NaN
Ground_Point_27,SAT_39,2,02-Jan-2030 10:04:55,02-Jan-2030 10:06:00,65,NaN,NaN
Ground_Point_27,SAT_39,3,02-Jan-2030 23:03:05,02-Jan-2030 23:04:15,70,NaN,NaN
Ground_Point_27,SAT_39,4,03-Jan-2030 09:43:25,03-Jan-2030 09:44:15,50,NaN,NaN
Ground_Point_27,SAT_39,5,06-Jan-2030 10:12:05,06-Jan-2030 10:12:40,35,NaN,NaN
Ground_Point_27,SAT_39,6,06-Jan-2030 23:10:00,06-Jan-2030 23:11:15,75,NaN,NaN
Ground_Point_27,SAT_39,7,07-Jan-2030 09:50:10,07-Jan-2030 09:51:20,70,NaN,NaN
Ground_Point_28,SAT_39,1,03-Jan-2030 11:15:35,03-Jan-2030 11:16:30,55,NaN,NaN
Ground_Point_28,SAT_39,2,04-Jan-2030 10:54:10,04-Jan-2030 10:54:40,30,NaN,NaN
Ground_Point_28,SAT_39,3,04-Jan-2030 23:56:00,04-Jan-2030 23:57:05,65,NaN,NaN
Ground_Point_29,SAT_39,1,01-Jan-2030 23:27:10,01-Jan-2030 23:27:45,35,NaN,NaN
Ground_Point_29,SAT_39,2,04-Jan-2030 10:54:00,04-Jan-2030 10:54:45,45,NaN,NaN
Ground_Point_29,SAT_39,3,05-Jan-2030 10:32:20,05-Jan-2030 10:33:10,50,NaN,NaN
Ground_Point_29,SAT_39,4,05-Jan-2030 23:33:50,05-Jan-2030 23:34:55,65,NaN,NaN
Ground_Point_30,SAT_39,1,02-Jan-2030 10:03:15,02-Jan-2030 10:04:30,75,NaN,NaN
Ground_Point_30,SAT_39,2,02-Jan-2030 23:04:40,02-Jan-2030 23:05:50,70,NaN,NaN
Ground_Point_30,SAT_39,3,06-Jan-2030 10:10:15,06-Jan-2030 10:11:15,60,NaN,NaN
Ground_Point_30,SAT_39,4,06-Jan-2030 23:11:45,06-Jan-2030 23:12:30,45,NaN,NaN
Ground_Point_30,SAT_39,5,07-Jan-2030 09:48:50,07-Jan-2030 09:49:25,35,NaN,NaN
Ground_Point_30,SAT_39,6,07-Jan-2030 22:50:05,07-Jan-2030 22:50:55,50,NaN,NaN
Ground_Point_31,SAT_39,1,01-Jan-2030 23:25:40,01-Jan-2030 23:26:35,55,NaN,NaN
Ground_Point_31,SAT_39,2,02-Jan-2030 10:04:15,02-Jan-2030 10:05:30,75,NaN,NaN
Ground_Point_31,SAT_39,3,02-Jan-2030 23:04:05,02-Jan-2030 23:04:50,45,NaN,NaN
Ground_Point_31,SAT_39,4,06-Jan-2030 10:11:10,06-Jan-2030 10:12:30,80,NaN,NaN
Ground_Point_31,SAT_39,5,06-Jan-2030 23:10:50,06-Jan-2030 23:12:00,70,NaN,NaN
Ground_Point_32,SAT_39,1,03-Jan-2030 22:40:00,03-Jan-2030 22:41:15,75,NaN,NaN
Ground_Point_32,SAT_39,2,04-Jan-2030 09:22:15,04-Jan-2030 09:23:20,65,NaN,NaN
Ground_Point_32,SAT_39,3,05-Jan-2030 09:00:45,05-Jan-2030 09:01:35,50,NaN,NaN
Ground_Point_32,SAT_39,4,07-Jan-2030 22:46:55,07-Jan-2030 22:48:05,70,NaN,NaN
Ground_Point_33,SAT_39,1,01-Jan-2030 04:32:40,01-Jan-2030 04:33:35,55,NaN,NaN
Ground_Point_33,SAT_39,2,03-Jan-2030 15:59:20,03-Jan-2030 16:00:05,45,NaN,NaN
Ground_Point_33,SAT_39,3,04-Jan-2030 15:37:40,04-Jan-2030 15:38:30,50,NaN,NaN
Ground_Point_33,SAT_39,4,05-Jan-2030 04:39:25,05-Jan-2030 04:40:40,75,NaN,NaN
Ground_Point_34,SAT_39,1,03-Jan-2030 15:58:45,03-Jan-2030 16:00:00,75,NaN,NaN
Ground_Point_34,SAT_39,2,04-Jan-2030 05:01:45,04-Jan-2030 05:02:50,65,NaN,NaN
Ground_Point_34,SAT_39,3,07-Jan-2030 16:05:40,07-Jan-2030 16:06:55,75,NaN,NaN
Ground_Point_35,SAT_39,1,01-Jan-2030 04:31:55,01-Jan-2030 04:33:15,80,NaN,NaN
Ground_Point_35,SAT_39,2,04-Jan-2030 15:37:45,04-Jan-2030 15:39:00,75,NaN,NaN
Ground_Point_35,SAT_39,3,05-Jan-2030 04:38:55,05-Jan-2030 04:40:05,70,NaN,NaN
Ground_Point_36,SAT_39,1,01-Jan-2030 16:43:15,01-Jan-2030 16:44:30,75,NaN,NaN
Ground_Point_36,SAT_39,2,02-Jan-2030 05:44:40,02-Jan-2030 05:45:50,70,NaN,NaN
Ground_Point_36,SAT_39,3,05-Jan-2030 16:50:20,05-Jan-2030 16:51:20,60,NaN,NaN
Ground_Point_36,SAT_39,4,06-Jan-2030 05:51:50,06-Jan-2030 05:52:35,45,NaN,NaN
Ground_Point_36,SAT_39,5,06-Jan-2030 16:28:55,06-Jan-2030 16:29:25,30,NaN,NaN
Ground_Point_36,SAT_39,6,07-Jan-2030 05:30:10,07-Jan-2030 05:30:55,45,NaN,NaN
Ground_Point_37,SAT_39,1,01-Jan-2030 06:09:00,01-Jan-2030 06:10:15,75,NaN,NaN
Ground_Point_37,SAT_39,2,03-Jan-2030 17:31:40,03-Jan-2030 17:32:45,65,NaN,NaN
Ground_Point_37,SAT_39,3,05-Jan-2030 06:16:05,05-Jan-2030 06:17:05,60,NaN,NaN
Ground_Point_37,SAT_39,4,07-Jan-2030 17:38:50,07-Jan-2030 17:39:25,35,NaN,NaN
Ground_Point_38,SAT_39,1,01-Jan-2030 06:10:05,01-Jan-2030 06:10:35,30,NaN,NaN
Ground_Point_38,SAT_39,2,02-Jan-2030 05:48:25,02-Jan-2030 05:49:00,35,NaN,NaN
Ground_Point_38,SAT_39,3,03-Jan-2030 17:30:55,03-Jan-2030 17:31:50,55,NaN,NaN
Ground_Point_38,SAT_39,4,06-Jan-2030 05:55:05,06-Jan-2030 05:56:10,65,NaN,NaN
Ground_Point_39,SAT_39,1,01-Jan-2030 07:43:20,01-Jan-2030 07:44:10,50,NaN,NaN
Ground_Point_39,SAT_39,2,02-Jan-2030 07:22:00,02-Jan-2030 07:22:15,15,NaN,NaN
Ground_Point_39,SAT_39,3,04-Jan-2030 18:44:45,04-Jan-2030 18:45:55,70,NaN,NaN
Ground_Point_39,SAT_39,4,06-Jan-2030 07:28:30,06-Jan-2030 07:29:35,65,NaN,NaN
Ground_Point_40,SAT_39,1,01-Jan-2030 07:42:40,01-Jan-2030 07:43:20,40,NaN,NaN
Ground_Point_40,SAT_39,2,03-Jan-2030 19:07:30,03-Jan-2030 19:08:45,75,NaN,NaN
Ground_Point_40,SAT_39,3,05-Jan-2030 07:49:20,05-Jan-2030 07:50:30,70,NaN,NaN
Ground_Point_40,SAT_39,4,07-Jan-2030 19:14:30,07-Jan-2030 19:15:30,60,NaN,NaN
Ground_Point_41,SAT_39,1,04-Jan-2030 08:08:25,04-Jan-2030 08:09:40,75,NaN,NaN
Ground_Point_41,SAT_39,2,04-Jan-2030 18:48:20,04-Jan-2030 18:49:35,75,NaN,NaN
Ground_Point_42,SAT_39,1,03-Jan-2030 05:22:40,03-Jan-2030 05:23:00,20,NaN,NaN
Ground_Point_42,SAT_39,2,03-Jan-2030 16:00:05,03-Jan-2030 16:01:20,75,NaN,NaN
Ground_Point_42,SAT_39,3,04-Jan-2030 05:00:40,04-Jan-2030 05:01:45,65,NaN,NaN
Ground_Point_42,SAT_39,4,07-Jan-2030 16:07:00,07-Jan-2030 16:08:15,75,NaN,NaN
Ground_Point_43,SAT_39,1,01-Jan-2030 04:31:45,01-Jan-2030 04:32:00,15,NaN,NaN
Ground_Point_43,SAT_39,2,04-Jan-2030 05:00:05,04-Jan-2030 05:00:50,45,NaN,NaN
Ground_Point_43,SAT_39,3,04-Jan-2030 15:38:35,04-Jan-2030 15:39:55,80,NaN,NaN
Ground_Point_43,SAT_39,4,05-Jan-2030 04:38:20,05-Jan-2030 04:39:20,60,NaN,NaN
Ground_Point_44,SAT_39,1,01-Jan-2030 06:12:35,01-Jan-2030 06:13:40,65,NaN,NaN
Ground_Point_44,SAT_39,2,02-Jan-2030 17:50:00,02-Jan-2030 17:51:05,65,NaN,NaN
Ground_Point_44,SAT_39,3,06-Jan-2030 05:58:20,06-Jan-2030 05:58:30,10,NaN,NaN
Ground_Point_44,SAT_39,4,06-Jan-2030 17:57:25,06-Jan-2030 17:57:30,5,NaN,NaN
Ground_Point_44,SAT_39,5,07-Jan-2030 17:35:40,07-Jan-2030 17:36:00,20,NaN,NaN
Ground_Point_45,SAT_39,1,01-Jan-2030 06:09:40,01-Jan-2030 06:10:55,75,NaN,NaN
Ground_Point_45,SAT_39,2,03-Jan-2030 17:30:55,03-Jan-2030 17:32:15,80,NaN,NaN
Ground_Point_45,SAT_39,3,05-Jan-2030 06:16:40,05-Jan-2030 06:17:45,65,NaN,NaN
Ground_Point_45,SAT_39,4,07-Jan-2030 17:37:55,07-Jan-2030 17:39:05,70,NaN,NaN
Ground_Point_46,SAT_39,1,01-Jan-2030 07:12:05,01-Jan-2030 07:12:40,35,NaN,NaN
Ground_Point_46,SAT_39,2,02-Jan-2030 20:00:00,02-Jan-2030 20:01:05,65,NaN,NaN
Ground_Point_46,SAT_39,3,05-Jan-2030 07:18:45,05-Jan-2030 07:19:55,70,NaN,NaN
Ground_Point_46,SAT_39,4,07-Jan-2030 19:45:35,07-Jan-2030 19:46:05,30,NaN,NaN
Ground_Point_47,SAT_39,1,01-Jan-2030 20:22:10,01-Jan-2030 20:23:20,70,NaN,NaN
Ground_Point_47,SAT_39,2,03-Jan-2030 08:02:15,03-Jan-2030 08:03:25,70,NaN,NaN
Ground_Point_47,SAT_39,3,05-Jan-2030 20:29:00,05-Jan-2030 20:30:15,75,NaN,NaN
Ground_Point_47,SAT_39,4,07-Jan-2030 08:09:25,07-Jan-2030 08:10:05,40,NaN,NaN
Ground_Point_48,SAT_39,1,01-Jan-2030 08:48:05,01-Jan-2030 08:48:55,50,NaN,NaN
Ground_Point_48,SAT_39,2,02-Jan-2030 21:33:05,02-Jan-2030 21:33:20,15,NaN,NaN
Ground_Point_48,SAT_39,3,03-Jan-2030 21:11:15,03-Jan-2030 21:11:55,40,NaN,NaN
Ground_Point_48,SAT_39,4,06-Jan-2030 08:33:20,06-Jan-2030 08:34:20,60,NaN,NaN
Ground_Point_48,SAT_39,5,07-Jan-2030 21:17:55,07-Jan-2030 21:19:05,70,NaN,NaN
Ground_Point_49,SAT_39,1,01-Jan-2030 08:47:40,01-Jan-2030 08:48:40,60,NaN,NaN
Ground_Point_49,SAT_39,2,02-Jan-2030 21:33:15,02-Jan-2030 21:34:30,75,NaN,NaN
Ground_Point_49,SAT_39,3,05-Jan-2030 08:54:25,05-Jan-2030 08:55:45,80,NaN,NaN
Ground_Point_49,SAT_39,4,06-Jan-2030 21:40:15,06-Jan-2030 21:41:20,65,NaN,NaN
Ground_Point_50,SAT_39,1,02-Jan-2030 09:45:10,02-Jan-2030 09:46:30,80,NaN,NaN
Ground_Point_50,SAT_39,2,04-Jan-2030 21:04:35,04-Jan-2030 21:05:35,60,NaN,NaN
Ground_Point_50,SAT_39,3,06-Jan-2030 09:52:15,06-Jan-2030 09:53:15,60,NaN,NaN
Ground_Point_51,SAT_39,1,02-Jan-2030 23:14:00,02-Jan-2030 23:15:10,70,NaN,NaN
Ground_Point_51,SAT_39,2,03-Jan-2030 11:06:30,03-Jan-2030 11:07:40,70,NaN,NaN
Ground_Point_51,SAT_39,3,06-Jan-2030 23:21:20,06-Jan-2030 23:21:40,20,NaN,NaN
Ground_Point_51,SAT_39,4,07-Jan-2030 11:13:45,07-Jan-2030 11:14:15,30,NaN,NaN
Ground_Point_52,SAT_39,1,02-Jan-2030 14:30:00,02-Jan-2030 14:30:35,35,NaN,NaN
Ground_Point_52,SAT_39,2,04-Jan-2030 02:09:10,04-Jan-2030 02:10:25,75,NaN,NaN
Ground_Point_52,SAT_39,3,06-Jan-2030 14:36:35,06-Jan-2030 14:37:50,75,NaN,NaN
Ground_Point_53,SAT_39,1,02-Jan-2030 14:29:40,02-Jan-2030 14:30:55,75,NaN,NaN
Ground_Point_53,SAT_39,2,04-Jan-2030 02:09:15,04-Jan-2030 02:09:40,25,NaN,NaN
Ground_Point_53,SAT_39,3,06-Jan-2030 14:36:50,06-Jan-2030 14:37:35,45,NaN,NaN
Ground_Point_54,SAT_39,1,02-Jan-2030 02:55:50,02-Jan-2030 02:57:00,70,NaN,NaN
Ground_Point_54,SAT_39,2,03-Jan-2030 15:39:15,03-Jan-2030 15:40:30,75,NaN,NaN
Ground_Point_54,SAT_39,3,06-Jan-2030 03:03:00,06-Jan-2030 03:03:35,35,NaN,NaN
Ground_Point_54,SAT_39,4,07-Jan-2030 02:41:20,07-Jan-2030 02:42:00,40,NaN,NaN
Ground_Point_54,SAT_39,5,07-Jan-2030 15:46:15,07-Jan-2030 15:47:15,60,NaN,NaN
Ground_Point_55,SAT_39,1,01-Jan-2030 16:23:20,01-Jan-2030 16:24:35,75,NaN,NaN
Ground_Point_55,SAT_39,2,04-Jan-2030 03:46:20,04-Jan-2030 03:47:25,65,NaN,NaN
Ground_Point_55,SAT_39,3,05-Jan-2030 16:30:20,05-Jan-2030 16:31:30,70,NaN,NaN
Ground_Point_1,SAT_40,1,01-Jan-2030 15:11:30,01-Jan-2030 15:12:45,75,NaN,NaN
Ground_Point_1,SAT_40,2,04-Jan-2030 02:36:45,04-Jan-2030 02:37:35,50,NaN,NaN
Ground_Point_1,SAT_40,3,05-Jan-2030 02:15:20,05-Jan-2030 02:15:55,35,NaN,NaN
Ground_Point_1,SAT_40,4,05-Jan-2030 15:18:30,05-Jan-2030 15:19:50,80,NaN,NaN
Ground_Point_2,SAT_40,1,01-Jan-2030 02:07:35,01-Jan-2030 02:08:10,35,NaN,NaN
Ground_Point_2,SAT_40,2,01-Jan-2030 15:12:05,01-Jan-2030 15:13:10,65,NaN,NaN
Ground_Point_2,SAT_40,3,05-Jan-2030 02:14:20,05-Jan-2030 02:15:25,65,NaN,NaN
Ground_Point_2,SAT_40,4,05-Jan-2030 15:19:25,05-Jan-2030 15:19:55,30,NaN,NaN
Ground_Point_2,SAT_40,5,06-Jan-2030 14:57:40,06-Jan-2030 14:58:25,45,NaN,NaN
Ground_Point_3,SAT_40,1,01-Jan-2030 15:11:35,01-Jan-2030 15:12:45,70,NaN,NaN
Ground_Point_3,SAT_40,2,04-Jan-2030 02:36:40,04-Jan-2030 02:37:40,60,NaN,NaN
Ground_Point_3,SAT_40,3,05-Jan-2030 02:15:25,05-Jan-2030 02:15:45,20,NaN,NaN
Ground_Point_3,SAT_40,4,05-Jan-2030 15:18:35,05-Jan-2030 15:19:50,75,NaN,NaN
Ground_Point_4,SAT_40,1,02-Jan-2030 01:45:25,02-Jan-2030 01:46:20,55,NaN,NaN
Ground_Point_4,SAT_40,2,03-Jan-2030 01:24:15,03-Jan-2030 01:24:20,5,NaN,NaN
Ground_Point_4,SAT_40,3,03-Jan-2030 14:28:10,03-Jan-2030 14:29:25,75,NaN,NaN
Ground_Point_4,SAT_40,4,07-Jan-2030 01:30:50,07-Jan-2030 01:31:50,60,NaN,NaN
Ground_Point_4,SAT_40,5,07-Jan-2030 14:35:25,07-Jan-2030 14:36:15,50,NaN,NaN
Ground_Point_5,SAT_40,1,02-Jan-2030 01:45:25,02-Jan-2030 01:46:20,55,NaN,NaN
Ground_Point_5,SAT_40,2,02-Jan-2030 14:50:30,02-Jan-2030 14:51:15,45,NaN,NaN
Ground_Point_5,SAT_40,3,03-Jan-2030 14:29:00,03-Jan-2030 14:29:30,30,NaN,NaN
Ground_Point_5,SAT_40,4,06-Jan-2030 01:52:15,06-Jan-2030 01:53:30,75,NaN,NaN
Ground_Point_5,SAT_40,5,07-Jan-2030 14:35:45,07-Jan-2030 14:36:50,65,NaN,NaN
Ground_Point_6,SAT_40,1,02-Jan-2030 01:45:15,02-Jan-2030 01:46:30,75,NaN,NaN
Ground_Point_6,SAT_40,2,03-Jan-2030 14:28:30,03-Jan-2030 14:29:35,65,NaN,NaN
Ground_Point_6,SAT_40,3,06-Jan-2030 01:52:15,06-Jan-2030 01:53:35,80,NaN,NaN
Ground_Point_6,SAT_40,4,07-Jan-2030 14:35:25,07-Jan-2030 14:36:45,80,NaN,NaN
Ground_Point_7,SAT_40,1,03-Jan-2030 02:59:20,03-Jan-2030 03:00:25,65,NaN,NaN
Ground_Point_7,SAT_40,2,03-Jan-2030 16:01:40,03-Jan-2030 16:02:55,75,NaN,NaN
Ground_Point_7,SAT_40,3,07-Jan-2030 03:06:15,07-Jan-2030 03:07:35,80,NaN,NaN
Ground_Point_7,SAT_40,4,07-Jan-2030 16:08:45,07-Jan-2030 16:09:50,65,NaN,NaN
Ground_Point_8,SAT_40,1,03-Jan-2030 02:56:50,03-Jan-2030 02:58:05,75,NaN,NaN
Ground_Point_8,SAT_40,2,04-Jan-2030 15:42:10,04-Jan-2030 15:43:05,55,NaN,NaN
Ground_Point_8,SAT_40,3,07-Jan-2030 03:04:00,07-Jan-2030 03:04:55,55,NaN,NaN
Ground_Point_9,SAT_40,1,01-Jan-2030 03:38:25,01-Jan-2030 03:39:10,45,NaN,NaN
Ground_Point_9,SAT_40,2,03-Jan-2030 16:06:25,03-Jan-2030 16:07:05,40,NaN,NaN
Ground_Point_9,SAT_40,3,06-Jan-2030 03:23:45,06-Jan-2030 03:24:45,60,NaN,NaN
Ground_Point_10,SAT_40,1,01-Jan-2030 03:38:25,01-Jan-2030 03:39:05,40,NaN,NaN
Ground_Point_10,SAT_40,2,03-Jan-2030 16:06:30,03-Jan-2030 16:07:05,35,NaN,NaN
Ground_Point_10,SAT_40,3,06-Jan-2030 03:23:40,06-Jan-2030 03:24:40,60,NaN,NaN
Ground_Point_11,SAT_40,1,03-Jan-2030 02:55:15,03-Jan-2030 02:56:30,75,NaN,NaN
Ground_Point_11,SAT_40,2,05-Jan-2030 15:22:05,05-Jan-2030 15:23:05,60,NaN,NaN
Ground_Point_11,SAT_40,3,07-Jan-2030 03:02:15,07-Jan-2030 03:03:30,75,NaN,NaN
Ground_Point_12,SAT_40,1,02-Jan-2030 16:33:55,02-Jan-2030 16:34:30,35,NaN,NaN
Ground_Point_12,SAT_40,2,03-Jan-2030 04:23:30,03-Jan-2030 04:24:45,75,NaN,NaN
Ground_Point_12,SAT_40,3,07-Jan-2030 04:30:35,07-Jan-2030 04:31:40,65,NaN,NaN
Ground_Point_12,SAT_40,4,07-Jan-2030 16:19:15,07-Jan-2030 16:20:05,50,NaN,NaN
Ground_Point_13,SAT_40,1,01-Jan-2030 16:52:25,01-Jan-2030 16:53:15,50,NaN,NaN
Ground_Point_13,SAT_40,2,03-Jan-2030 04:26:50,03-Jan-2030 04:28:05,75,NaN,NaN
Ground_Point_13,SAT_40,3,06-Jan-2030 16:37:55,06-Jan-2030 16:38:35,40,NaN,NaN
Ground_Point_13,SAT_40,4,07-Jan-2030 04:33:50,07-Jan-2030 04:35:05,75,NaN,NaN
Ground_Point_14,SAT_40,1,03-Jan-2030 16:09:55,03-Jan-2030 16:10:20,25,NaN,NaN
Ground_Point_14,SAT_40,2,04-Jan-2030 04:04:10,04-Jan-2030 04:05:25,75,NaN,NaN
Ground_Point_14,SAT_40,3,07-Jan-2030 16:16:35,07-Jan-2030 16:17:40,65,NaN,NaN
Ground_Point_15,SAT_40,1,03-Jan-2030 04:21:30,03-Jan-2030 04:22:35,65,NaN,NaN
Ground_Point_15,SAT_40,2,03-Jan-2030 16:13:50,03-Jan-2030 16:14:55,65,NaN,NaN
Ground_Point_16,SAT_40,1,01-Jan-2030 15:17:45,01-Jan-2030 15:18:45,60,NaN,NaN
Ground_Point_16,SAT_40,2,02-Jan-2030 03:14:25,02-Jan-2030 03:15:15,50,NaN,NaN
Ground_Point_16,SAT_40,3,05-Jan-2030 15:24:40,05-Jan-2030 15:25:55,75,NaN,NaN
Ground_Point_16,SAT_40,4,07-Jan-2030 02:59:55,07-Jan-2030 03:00:40,45,NaN,NaN
Ground_Point_17,SAT_40,1,02-Jan-2030 16:33:15,02-Jan-2030 16:34:30,75,NaN,NaN
Ground_Point_17,SAT_40,2,03-Jan-2030 04:24:10,03-Jan-2030 04:25:10,60,NaN,NaN
Ground_Point_17,SAT_40,3,06-Jan-2030 16:40:20,06-Jan-2030 16:41:25,65,NaN,NaN
Ground_Point_17,SAT_40,4,07-Jan-2030 04:31:05,07-Jan-2030 04:32:20,75,NaN,NaN
Ground_Point_18,SAT_40,1,02-Jan-2030 06:24:40,02-Jan-2030 06:25:30,50,NaN,NaN
Ground_Point_18,SAT_40,2,05-Jan-2030 18:32:50,05-Jan-2030 18:33:40,50,NaN,NaN
Ground_Point_18,SAT_40,3,07-Jan-2030 06:10:05,07-Jan-2030 06:11:00,55,NaN,NaN
Ground_Point_19,SAT_40,1,01-Jan-2030 18:23:00,01-Jan-2030 18:24:10,70,NaN,NaN
Ground_Point_19,SAT_40,2,04-Jan-2030 05:43:45,04-Jan-2030 05:44:30,45,NaN,NaN
Ground_Point_19,SAT_40,3,05-Jan-2030 18:30:00,05-Jan-2030 18:31:15,75,NaN,NaN
Ground_Point_20,SAT_40,1,03-Jan-2030 06:01:05,03-Jan-2030 06:02:25,80,NaN,NaN
Ground_Point_20,SAT_40,2,06-Jan-2030 18:12:25,06-Jan-2030 18:13:30,65,NaN,NaN
Ground_Point_20,SAT_40,3,07-Jan-2030 06:08:10,07-Jan-2030 06:09:20,70,NaN,NaN
Ground_Point_21,SAT_40,1,03-Jan-2030 00:13:10,03-Jan-2030 00:14:05,55,NaN,NaN
Ground_Point_21,SAT_40,2,03-Jan-2030 10:55:15,03-Jan-2030 10:55:40,25,NaN,NaN
Ground_Point_21,SAT_40,3,03-Jan-2030 23:51:30,03-Jan-2030 23:52:30,60,NaN,NaN
Ground_Point_21,SAT_40,4,04-Jan-2030 10:33:15,04-Jan-2030 10:34:25,70,NaN,NaN
Ground_Point_21,SAT_40,5,07-Jan-2030 00:20:30,07-Jan-2030 00:20:45,15,NaN,NaN
Ground_Point_21,SAT_40,6,07-Jan-2030 23:58:25,07-Jan-2030 23:59:40,75,NaN,NaN
Ground_Point_22,SAT_40,1,03-Jan-2030 23:51:55,03-Jan-2030 23:53:10,75,NaN,NaN
Ground_Point_22,SAT_40,2,04-Jan-2030 10:32:25,04-Jan-2030 10:33:45,80,NaN,NaN
Ground_Point_22,SAT_40,3,07-Jan-2030 23:59:05,08-Jan-2030 00:00:00,55,NaN,NaN
Ground_Point_23,SAT_40,1,01-Jan-2030 10:04:40,01-Jan-2030 10:05:40,60,NaN,NaN
Ground_Point_23,SAT_40,2,03-Jan-2030 23:51:00,03-Jan-2030 23:52:10,70,NaN,NaN
Ground_Point_23,SAT_40,3,04-Jan-2030 10:33:35,04-Jan-2030 10:34:10,35,NaN,NaN
Ground_Point_23,SAT_40,4,04-Jan-2030 23:29:30,04-Jan-2030 23:30:20,50,NaN,NaN
Ground_Point_23,SAT_40,5,05-Jan-2030 10:11:35,05-Jan-2030 10:12:50,75,NaN,NaN
Ground_Point_23,SAT_40,6,07-Jan-2030 23:58:10,07-Jan-2030 23:59:00,50,NaN,NaN
Ground_Point_24,SAT_40,1,01-Jan-2030 10:04:40,01-Jan-2030 10:05:00,20,NaN,NaN
Ground_Point_24,SAT_40,2,03-Jan-2030 23:51:25,03-Jan-2030 23:52:30,65,NaN,NaN
Ground_Point_24,SAT_40,3,04-Jan-2030 10:33:00,04-Jan-2030 10:34:00,60,NaN,NaN
Ground_Point_24,SAT_40,4,04-Jan-2030 23:29:55,04-Jan-2030 23:30:45,50,NaN,NaN
Ground_Point_24,SAT_40,5,05-Jan-2030 10:11:20,05-Jan-2030 10:12:20,60,NaN,NaN
Ground_Point_24,SAT_40,6,07-Jan-2030 23:58:35,07-Jan-2030 23:59:20,45,NaN,NaN
Ground_Point_25,SAT_40,1,01-Jan-2030 10:03:45,01-Jan-2030 10:05:05,80,NaN,NaN
Ground_Point_25,SAT_40,2,04-Jan-2030 23:29:45,04-Jan-2030 23:30:55,70,NaN,NaN
Ground_Point_25,SAT_40,3,05-Jan-2030 10:10:50,05-Jan-2030 10:12:05,75,NaN,NaN
Ground_Point_26,SAT_40,1,01-Jan-2030 23:00:20,01-Jan-2030 23:01:30,70,NaN,NaN
Ground_Point_26,SAT_40,2,02-Jan-2030 09:42:35,02-Jan-2030 09:43:55,80,NaN,NaN
Ground_Point_26,SAT_40,3,05-Jan-2030 23:07:15,05-Jan-2030 23:08:35,80,NaN,NaN
Ground_Point_26,SAT_40,4,06-Jan-2030 09:49:40,06-Jan-2030 09:50:55,75,NaN,NaN
Ground_Point_26,SAT_40,5,07-Jan-2030 09:28:25,07-Jan-2030 09:28:55,30,NaN,NaN
Ground_Point_27,SAT_40,1,01-Jan-2030 10:03:15,01-Jan-2030 10:04:25,70,NaN,NaN
Ground_Point_27,SAT_40,2,01-Jan-2030 23:01:30,01-Jan-2030 23:02:35,65,NaN,NaN
Ground_Point_27,SAT_40,3,02-Jan-2030 09:41:55,02-Jan-2030 09:42:30,35,NaN,NaN
Ground_Point_27,SAT_40,4,05-Jan-2030 10:10:30,05-Jan-2030 10:11:15,45,NaN,NaN
Ground_Point_27,SAT_40,5,05-Jan-2030 23:08:25,05-Jan-2030 23:09:45,80,NaN,NaN
Ground_Point_27,SAT_40,6,06-Jan-2030 09:48:40,06-Jan-2030 09:49:45,65,NaN,NaN
Ground_Point_28,SAT_40,1,02-Jan-2030 11:13:55,02-Jan-2030 11:15:00,65,NaN,NaN
Ground_Point_28,SAT_40,2,03-Jan-2030 00:16:30,03-Jan-2030 00:16:35,5,NaN,NaN
Ground_Point_28,SAT_40,3,03-Jan-2030 10:52:45,03-Jan-2030 10:52:55,10,NaN,NaN
Ground_Point_28,SAT_40,4,03-Jan-2030 23:54:25,03-Jan-2030 23:55:30,65,NaN,NaN
Ground_Point_28,SAT_40,5,06-Jan-2030 11:21:15,06-Jan-2030 11:21:40,25,NaN,NaN
Ground_Point_28,SAT_40,6,07-Jan-2030 10:59:20,07-Jan-2030 11:00:20,60,NaN,NaN
Ground_Point_29,SAT_40,1,03-Jan-2030 10:52:20,03-Jan-2030 10:53:15,55,NaN,NaN
Ground_Point_29,SAT_40,2,03-Jan-2030 23:54:20,03-Jan-2030 23:54:30,10,NaN,NaN
Ground_Point_29,SAT_40,3,04-Jan-2030 10:30:50,04-Jan-2030 10:31:35,45,NaN,NaN
Ground_Point_29,SAT_40,4,04-Jan-2030 23:32:20,04-Jan-2030 23:33:20,60,NaN,NaN
Ground_Point_30,SAT_40,1,01-Jan-2030 10:01:35,01-Jan-2030 10:02:50,75,NaN,NaN
Ground_Point_30,SAT_40,2,01-Jan-2030 23:03:00,01-Jan-2030 23:04:10,70,NaN,NaN
Ground_Point_30,SAT_40,3,05-Jan-2030 10:08:40,05-Jan-2030 10:09:45,65,NaN,NaN
Ground_Point_30,SAT_40,4,05-Jan-2030 23:10:10,05-Jan-2030 23:11:05,55,NaN,NaN
Ground_Point_30,SAT_40,5,06-Jan-2030 09:47:30,06-Jan-2030 09:47:45,15,NaN,NaN
Ground_Point_30,SAT_40,6,06-Jan-2030 22:48:40,06-Jan-2030 22:49:20,40,NaN,NaN
Ground_Point_31,SAT_40,1,01-Jan-2030 10:02:40,01-Jan-2030 10:03:50,70,NaN,NaN
Ground_Point_31,SAT_40,2,01-Jan-2030 23:02:30,01-Jan-2030 23:03:10,40,NaN,NaN
Ground_Point_31,SAT_40,3,04-Jan-2030 23:31:15,04-Jan-2030 23:31:40,25,NaN,NaN
Ground_Point_31,SAT_40,4,05-Jan-2030 10:09:40,05-Jan-2030 10:10:55,75,NaN,NaN
Ground_Point_31,SAT_40,5,05-Jan-2030 23:09:20,05-Jan-2030 23:10:25,65,NaN,NaN
Ground_Point_32,SAT_40,1,02-Jan-2030 22:38:20,02-Jan-2030 22:39:40,80,NaN,NaN
Ground_Point_32,SAT_40,2,03-Jan-2030 09:20:35,03-Jan-2030 09:21:50,75,NaN,NaN
Ground_Point_32,SAT_40,3,04-Jan-2030 08:59:10,04-Jan-2030 09:00:00,50,NaN,NaN
Ground_Point_32,SAT_40,4,06-Jan-2030 22:45:25,06-Jan-2030 22:46:40,75,NaN,NaN
Ground_Point_32,SAT_40,5,07-Jan-2030 09:27:50,07-Jan-2030 09:28:40,50,NaN,NaN
Ground_Point_32,SAT_40,6,07-Jan-2030 22:24:10,07-Jan-2030 22:24:40,30,NaN,NaN
Ground_Point_33,SAT_40,1,02-Jan-2030 15:57:40,02-Jan-2030 15:58:30,50,NaN,NaN
Ground_Point_33,SAT_40,2,03-Jan-2030 15:36:05,03-Jan-2030 15:36:55,50,NaN,NaN
Ground_Point_33,SAT_40,3,04-Jan-2030 04:37:55,04-Jan-2030 04:39:05,70,NaN,NaN
Ground_Point_33,SAT_40,4,07-Jan-2030 15:42:55,07-Jan-2030 15:44:05,70,NaN,NaN
Ground_Point_34,SAT_40,1,02-Jan-2030 15:57:10,02-Jan-2030 15:58:25,75,NaN,NaN
Ground_Point_34,SAT_40,2,03-Jan-2030 05:00:05,03-Jan-2030 05:01:15,70,NaN,NaN
Ground_Point_34,SAT_40,3,06-Jan-2030 16:04:10,06-Jan-2030 16:05:25,75,NaN,NaN
Ground_Point_34,SAT_40,4,07-Jan-2030 05:07:20,07-Jan-2030 05:08:00,40,NaN,NaN
Ground_Point_35,SAT_40,1,03-Jan-2030 15:36:05,03-Jan-2030 15:37:25,80,NaN,NaN
Ground_Point_35,SAT_40,2,04-Jan-2030 04:37:20,04-Jan-2030 04:38:35,75,NaN,NaN
Ground_Point_35,SAT_40,3,07-Jan-2030 15:43:15,07-Jan-2030 15:44:20,65,NaN,NaN
Ground_Point_36,SAT_40,1,01-Jan-2030 05:43:00,01-Jan-2030 05:44:15,75,NaN,NaN
Ground_Point_36,SAT_40,2,04-Jan-2030 16:48:45,04-Jan-2030 16:49:50,65,NaN,NaN
Ground_Point_36,SAT_40,3,05-Jan-2030 05:50:10,05-Jan-2030 05:51:05,55,NaN,NaN
Ground_Point_36,SAT_40,4,05-Jan-2030 16:27:35,05-Jan-2030 16:27:45,10,NaN,NaN
Ground_Point_36,SAT_40,5,06-Jan-2030 05:28:45,06-Jan-2030 05:29:20,35,NaN,NaN
Ground_Point_37,SAT_40,1,02-Jan-2030 17:30:00,02-Jan-2030 17:31:10,70,NaN,NaN
Ground_Point_37,SAT_40,2,04-Jan-2030 06:14:25,04-Jan-2030 06:15:30,65,NaN,NaN
Ground_Point_37,SAT_40,3,06-Jan-2030 17:37:15,06-Jan-2030 17:38:00,45,NaN,NaN
Ground_Point_37,SAT_40,4,07-Jan-2030 17:15:50,07-Jan-2030 17:16:15,25,NaN,NaN
Ground_Point_38,SAT_40,1,02-Jan-2030 17:29:15,02-Jan-2030 17:30:15,60,NaN,NaN
Ground_Point_38,SAT_40,2,05-Jan-2030 05:53:35,05-Jan-2030 05:54:35,60,NaN,NaN
Ground_Point_38,SAT_40,3,07-Jan-2030 17:14:45,07-Jan-2030 17:15:35,50,NaN,NaN
Ground_Point_39,SAT_40,1,03-Jan-2030 18:43:15,03-Jan-2030 18:44:15,60,NaN,NaN
Ground_Point_39,SAT_40,2,05-Jan-2030 07:27:00,05-Jan-2030 07:28:00,60,NaN,NaN
Ground_Point_39,SAT_40,3,07-Jan-2030 18:50:10,07-Jan-2030 18:51:25,75,NaN,NaN
Ground_Point_40,SAT_40,1,02-Jan-2030 19:05:50,02-Jan-2030 19:07:10,80,NaN,NaN
Ground_Point_40,SAT_40,2,04-Jan-2030 07:47:50,04-Jan-2030 07:48:55,65,NaN,NaN
Ground_Point_40,SAT_40,3,06-Jan-2030 19:13:00,06-Jan-2030 19:14:05,65,NaN,NaN
Ground_Point_41,SAT_40,1,02-Jan-2030 19:08:55,02-Jan-2030 19:09:05,10,NaN,NaN
Ground_Point_41,SAT_40,2,03-Jan-2030 08:06:50,03-Jan-2030 08:08:10,80,NaN,NaN
Ground_Point_41,SAT_40,3,03-Jan-2030 18:46:45,03-Jan-2030 18:48:00,75,NaN,NaN
Ground_Point_41,SAT_40,4,07-Jan-2030 08:13:55,07-Jan-2030 08:15:05,70,NaN,NaN
Ground_Point_41,SAT_40,5,07-Jan-2030 18:53:45,07-Jan-2030 18:55:05,80,NaN,NaN
Ground_Point_42,SAT_40,1,02-Jan-2030 05:20:55,02-Jan-2030 05:21:30,35,NaN,NaN
Ground_Point_42,SAT_40,2,02-Jan-2030 15:58:30,02-Jan-2030 15:59:40,70,NaN,NaN
Ground_Point_42,SAT_40,3,03-Jan-2030 04:59:05,03-Jan-2030 05:00:05,60,NaN,NaN
Ground_Point_42,SAT_40,4,06-Jan-2030 16:05:25,06-Jan-2030 16:06:45,80,NaN,NaN
Ground_Point_42,SAT_40,5,07-Jan-2030 05:06:00,07-Jan-2030 05:07:15,75,NaN,NaN
Ground_Point_43,SAT_40,1,03-Jan-2030 04:58:25,03-Jan-2030 04:59:15,50,NaN,NaN
Ground_Point_43,SAT_40,2,03-Jan-2030 15:37:00,03-Jan-2030 15:38:20,80,NaN,NaN
Ground_Point_43,SAT_40,3,04-Jan-2030 04:36:50,04-Jan-2030 04:37:40,50,NaN,NaN
Ground_Point_43,SAT_40,4,07-Jan-2030 15:44:05,07-Jan-2030 15:45:20,75,NaN,NaN
Ground_Point_44,SAT_40,1,01-Jan-2030 17:48:20,01-Jan-2030 17:49:30,70,NaN,NaN
Ground_Point_44,SAT_40,2,04-Jan-2030 06:18:15,04-Jan-2030 06:18:40,25,NaN,NaN
Ground_Point_44,SAT_40,3,05-Jan-2030 17:55:40,05-Jan-2030 17:56:15,35,NaN,NaN
Ground_Point_45,SAT_40,1,02-Jan-2030 17:29:20,02-Jan-2030 17:30:40,80,NaN,NaN
Ground_Point_45,SAT_40,2,04-Jan-2030 06:15:05,04-Jan-2030 06:16:15,70,NaN,NaN
Ground_Point_45,SAT_40,3,06-Jan-2030 17:36:25,06-Jan-2030 17:37:40,75,NaN,NaN
Ground_Point_46,SAT_40,1,01-Jan-2030 19:58:20,01-Jan-2030 19:59:30,70,NaN,NaN
Ground_Point_46,SAT_40,2,04-Jan-2030 07:17:10,04-Jan-2030 07:18:15,65,NaN,NaN
Ground_Point_46,SAT_40,3,05-Jan-2030 20:05:40,05-Jan-2030 20:06:10,30,NaN,NaN
Ground_Point_46,SAT_40,4,06-Jan-2030 19:44:15,06-Jan-2030 19:44:25,10,NaN,NaN
Ground_Point_47,SAT_40,1,02-Jan-2030 08:00:35,02-Jan-2030 08:01:50,75,NaN,NaN
Ground_Point_47,SAT_40,2,04-Jan-2030 20:27:25,04-Jan-2030 20:28:45,80,NaN,NaN
Ground_Point_47,SAT_40,3,06-Jan-2030 08:07:50,06-Jan-2030 08:08:40,50,NaN,NaN
Ground_Point_48,SAT_40,1,01-Jan-2030 21:31:15,01-Jan-2030 21:31:55,40,NaN,NaN
Ground_Point_48,SAT_40,2,02-Jan-2030 21:09:45,02-Jan-2030 21:10:15,30,NaN,NaN
Ground_Point_48,SAT_40,3,05-Jan-2030 08:31:50,05-Jan-2030 08:32:45,55,NaN,NaN
Ground_Point_48,SAT_40,4,06-Jan-2030 21:16:25,06-Jan-2030 21:17:35,70,NaN,NaN
Ground_Point_49,SAT_40,1,01-Jan-2030 21:31:40,01-Jan-2030 21:32:55,75,NaN,NaN
Ground_Point_49,SAT_40,2,04-Jan-2030 08:52:55,04-Jan-2030 08:54:10,75,NaN,NaN
Ground_Point_49,SAT_40,3,05-Jan-2030 21:38:40,05-Jan-2030 21:39:55,75,NaN,NaN
Ground_Point_50,SAT_40,1,01-Jan-2030 09:43:35,01-Jan-2030 09:44:50,75,NaN,NaN
Ground_Point_50,SAT_40,2,03-Jan-2030 21:03:05,03-Jan-2030 21:03:55,50,NaN,NaN
Ground_Point_50,SAT_40,3,05-Jan-2030 09:50:40,05-Jan-2030 09:51:45,65,NaN,NaN
Ground_Point_50,SAT_40,4,07-Jan-2030 21:09:50,07-Jan-2030 21:11:05,75,NaN,NaN
Ground_Point_51,SAT_40,1,01-Jan-2030 23:12:20,01-Jan-2030 23:13:35,75,NaN,NaN
Ground_Point_51,SAT_40,2,02-Jan-2030 11:04:50,02-Jan-2030 11:06:05,75,NaN,NaN
Ground_Point_51,SAT_40,3,05-Jan-2030 23:19:40,05-Jan-2030 23:20:20,40,NaN,NaN
Ground_Point_51,SAT_40,4,06-Jan-2030 11:12:05,06-Jan-2030 11:12:55,50,NaN,NaN
Ground_Point_52,SAT_40,1,01-Jan-2030 14:28:35,01-Jan-2030 14:28:45,10,NaN,NaN
Ground_Point_52,SAT_40,2,03-Jan-2030 02:07:35,03-Jan-2030 02:08:50,75,NaN,NaN
Ground_Point_52,SAT_40,3,05-Jan-2030 14:35:10,05-Jan-2030 14:36:15,65,NaN,NaN
Ground_Point_52,SAT_40,4,07-Jan-2030 02:14:35,07-Jan-2030 02:15:50,75,NaN,NaN
Ground_Point_53,SAT_40,1,01-Jan-2030 14:28:00,01-Jan-2030 14:29:15,75,NaN,NaN
Ground_Point_53,SAT_40,2,03-Jan-2030 02:07:30,03-Jan-2030 02:08:15,45,NaN,NaN
Ground_Point_53,SAT_40,3,05-Jan-2030 14:35:15,05-Jan-2030 14:36:05,50,NaN,NaN
Ground_Point_54,SAT_40,1,01-Jan-2030 02:54:10,01-Jan-2030 02:55:20,70,NaN,NaN
Ground_Point_54,SAT_40,2,02-Jan-2030 15:37:35,02-Jan-2030 15:38:55,80,NaN,NaN
Ground_Point_54,SAT_40,3,05-Jan-2030 03:01:25,05-Jan-2030 03:02:10,45,NaN,NaN
Ground_Point_54,SAT_40,4,06-Jan-2030 02:39:55,06-Jan-2030 02:40:25,30,NaN,NaN
Ground_Point_54,SAT_40,5,06-Jan-2030 15:44:45,06-Jan-2030 15:45:45,60,NaN,NaN
Ground_Point_55,SAT_40,1,03-Jan-2030 03:44:40,03-Jan-2030 03:45:50,70,NaN,NaN
Ground_Point_55,SAT_40,2,04-Jan-2030 16:28:45,04-Jan-2030 16:29:55,70,NaN,NaN
Ground_Point_55,SAT_40,3,07-Jan-2030 03:51:55,07-Jan-2030 03:52:40,45,NaN,NaN
Ground_Point_1,SAT_41,1,02-Jan-2030 04:31:00,02-Jan-2030 04:32:10,70,NaN,NaN
Ground_Point_1,SAT_41,2,03-Jan-2030 17:12:55,03-Jan-2030 17:14:10,75,NaN,NaN
Ground_Point_1,SAT_41,3,06-Jan-2030 04:38:05,06-Jan-2030 04:38:55,50,NaN,NaN
Ground_Point_1,SAT_41,4,07-Jan-2030 04:16:30,07-Jan-2030 04:17:15,45,NaN,NaN
Ground_Point_1,SAT_41,5,07-Jan-2030 17:19:50,07-Jan-2030 17:21:05,75,NaN,NaN
Ground_Point_2,SAT_41,1,02-Jan-2030 04:30:35,02-Jan-2030 04:31:15,40,NaN,NaN
Ground_Point_2,SAT_41,2,03-Jan-2030 04:08:55,03-Jan-2030 04:09:35,40,NaN,NaN
Ground_Point_2,SAT_41,3,03-Jan-2030 17:13:30,03-Jan-2030 17:14:30,60,NaN,NaN
Ground_Point_2,SAT_41,4,07-Jan-2030 04:15:35,07-Jan-2030 04:16:45,70,NaN,NaN
Ground_Point_2,SAT_41,5,07-Jan-2030 17:20:50,07-Jan-2030 17:21:00,10,NaN,NaN
Ground_Point_3,SAT_41,1,02-Jan-2030 04:30:55,02-Jan-2030 04:32:10,75,NaN,NaN
Ground_Point_3,SAT_41,2,03-Jan-2030 17:13:00,03-Jan-2030 17:14:10,70,NaN,NaN
Ground_Point_3,SAT_41,3,06-Jan-2030 04:38:00,06-Jan-2030 04:38:55,55,NaN,NaN
Ground_Point_3,SAT_41,4,07-Jan-2030 04:16:40,07-Jan-2030 04:17:05,25,NaN,NaN
Ground_Point_3,SAT_41,5,07-Jan-2030 17:19:50,07-Jan-2030 17:21:05,75,NaN,NaN
Ground_Point_4,SAT_41,1,01-Jan-2030 16:22:35,01-Jan-2030 16:23:50,75,NaN,NaN
Ground_Point_4,SAT_41,2,04-Jan-2030 03:46:50,04-Jan-2030 03:47:40,50,NaN,NaN
Ground_Point_4,SAT_41,3,05-Jan-2030 03:25:25,05-Jan-2030 03:25:50,25,NaN,NaN
Ground_Point_4,SAT_41,4,05-Jan-2030 16:29:35,05-Jan-2030 16:30:45,70,NaN,NaN
Ground_Point_5,SAT_41,1,04-Jan-2030 03:46:45,04-Jan-2030 03:47:40,55,NaN,NaN
Ground_Point_5,SAT_41,2,04-Jan-2030 16:51:55,04-Jan-2030 16:52:30,35,NaN,NaN
Ground_Point_5,SAT_41,3,05-Jan-2030 16:30:15,05-Jan-2030 16:30:55,40,NaN,NaN
Ground_Point_6,SAT_41,1,01-Jan-2030 16:23:10,01-Jan-2030 16:23:50,40,NaN,NaN
Ground_Point_6,SAT_41,2,04-Jan-2030 03:46:35,04-Jan-2030 03:47:55,80,NaN,NaN
Ground_Point_6,SAT_41,3,05-Jan-2030 16:29:50,05-Jan-2030 16:31:00,70,NaN,NaN
Ground_Point_7,SAT_41,1,01-Jan-2030 04:53:55,01-Jan-2030 04:54:40,45,NaN,NaN
Ground_Point_7,SAT_41,2,01-Jan-2030 17:56:05,01-Jan-2030 17:57:20,75,NaN,NaN
Ground_Point_7,SAT_41,3,05-Jan-2030 05:00:40,05-Jan-2030 05:01:50,70,NaN,NaN
Ground_Point_7,SAT_41,4,05-Jan-2030 18:03:00,05-Jan-2030 18:04:15,75,NaN,NaN
Ground_Point_8,SAT_41,1,01-Jan-2030 04:51:15,01-Jan-2030 04:52:30,75,NaN,NaN
Ground_Point_8,SAT_41,2,02-Jan-2030 17:36:25,02-Jan-2030 17:37:35,70,NaN,NaN
Ground_Point_8,SAT_41,3,05-Jan-2030 04:58:10,05-Jan-2030 04:59:25,75,NaN,NaN
Ground_Point_8,SAT_41,4,06-Jan-2030 17:43:30,06-Jan-2030 17:44:20,50,NaN,NaN
Ground_Point_9,SAT_41,1,01-Jan-2030 18:00:35,01-Jan-2030 18:01:45,70,NaN,NaN
Ground_Point_9,SAT_41,2,03-Jan-2030 05:39:55,03-Jan-2030 05:40:30,35,NaN,NaN
Ground_Point_9,SAT_41,3,05-Jan-2030 18:07:50,05-Jan-2030 18:08:20,30,NaN,NaN
Ground_Point_10,SAT_41,1,01-Jan-2030 18:00:40,01-Jan-2030 18:01:45,65,NaN,NaN
Ground_Point_10,SAT_41,2,03-Jan-2030 05:39:55,03-Jan-2030 05:40:20,25,NaN,NaN
Ground_Point_10,SAT_41,3,04-Jan-2030 05:18:30,04-Jan-2030 05:18:35,5,NaN,NaN
Ground_Point_10,SAT_41,4,05-Jan-2030 18:07:55,05-Jan-2030 18:08:20,25,NaN,NaN
Ground_Point_11,SAT_41,1,01-Jan-2030 04:49:50,01-Jan-2030 04:50:50,60,NaN,NaN
Ground_Point_11,SAT_41,2,02-Jan-2030 17:38:15,02-Jan-2030 17:38:50,35,NaN,NaN
Ground_Point_11,SAT_41,3,05-Jan-2030 04:56:35,05-Jan-2030 04:57:50,75,NaN,NaN
Ground_Point_11,SAT_41,4,07-Jan-2030 17:23:20,07-Jan-2030 17:24:20,60,NaN,NaN
Ground_Point_12,SAT_41,1,01-Jan-2030 06:18:00,01-Jan-2030 06:19:10,70,NaN,NaN
Ground_Point_12,SAT_41,2,04-Jan-2030 18:35:20,04-Jan-2030 18:35:45,25,NaN,NaN
Ground_Point_12,SAT_41,3,05-Jan-2030 06:24:50,05-Jan-2030 06:26:05,75,NaN,NaN
Ground_Point_13,SAT_41,1,01-Jan-2030 06:21:25,01-Jan-2030 06:22:20,55,NaN,NaN
Ground_Point_13,SAT_41,2,03-Jan-2030 18:53:50,03-Jan-2030 18:54:35,45,NaN,NaN
Ground_Point_13,SAT_41,3,05-Jan-2030 06:28:10,05-Jan-2030 06:29:25,75,NaN,NaN
Ground_Point_14,SAT_41,1,02-Jan-2030 05:58:45,02-Jan-2030 05:59:40,55,NaN,NaN
Ground_Point_14,SAT_41,2,05-Jan-2030 18:11:05,05-Jan-2030 18:11:45,40,NaN,NaN
Ground_Point_14,SAT_41,3,06-Jan-2030 06:05:30,06-Jan-2030 06:06:45,75,NaN,NaN
Ground_Point_15,SAT_41,1,01-Jan-2030 06:15:50,01-Jan-2030 06:17:05,75,NaN,NaN
Ground_Point_15,SAT_41,2,01-Jan-2030 18:08:10,01-Jan-2030 18:09:25,75,NaN,NaN
Ground_Point_15,SAT_41,3,05-Jan-2030 06:22:55,05-Jan-2030 06:23:50,55,NaN,NaN
Ground_Point_15,SAT_41,4,05-Jan-2030 18:15:10,05-Jan-2030 18:16:15,65,NaN,NaN
Ground_Point_16,SAT_41,1,03-Jan-2030 17:19:05,03-Jan-2030 17:20:10,65,NaN,NaN
Ground_Point_16,SAT_41,2,04-Jan-2030 05:15:50,04-Jan-2030 05:16:35,45,NaN,NaN
Ground_Point_16,SAT_41,3,07-Jan-2030 17:25:55,07-Jan-2030 17:27:10,75,NaN,NaN
Ground_Point_17,SAT_41,1,04-Jan-2030 18:34:35,04-Jan-2030 18:35:50,75,NaN,NaN
Ground_Point_17,SAT_41,2,05-Jan-2030 06:25:30,05-Jan-2030 06:26:35,65,NaN,NaN
Ground_Point_18,SAT_41,1,02-Jan-2030 20:48:55,02-Jan-2030 20:49:30,35,NaN,NaN
Ground_Point_18,SAT_41,2,04-Jan-2030 08:26:05,04-Jan-2030 08:26:50,45,NaN,NaN
Ground_Point_18,SAT_41,3,07-Jan-2030 20:34:00,07-Jan-2030 20:35:00,60,NaN,NaN
Ground_Point_19,SAT_41,1,01-Jan-2030 07:59:40,01-Jan-2030 08:00:40,60,NaN,NaN
Ground_Point_19,SAT_41,2,03-Jan-2030 20:24:25,03-Jan-2030 20:25:35,70,NaN,NaN
Ground_Point_19,SAT_41,3,06-Jan-2030 07:45:00,06-Jan-2030 07:45:55,55,NaN,NaN
Ground_Point_19,SAT_41,4,07-Jan-2030 20:31:15,07-Jan-2030 20:32:30,75,NaN,NaN
Ground_Point_20,SAT_41,1,01-Jan-2030 07:55:35,01-Jan-2030 07:56:45,70,NaN,NaN
Ground_Point_20,SAT_41,2,04-Jan-2030 20:07:10,04-Jan-2030 20:07:30,20,NaN,NaN
Ground_Point_20,SAT_41,3,05-Jan-2030 08:02:25,05-Jan-2030 08:03:45,80,NaN,NaN
Ground_Point_21,SAT_41,1,01-Jan-2030 02:07:25,01-Jan-2030 02:08:40,75,NaN,NaN
Ground_Point_21,SAT_41,2,01-Jan-2030 12:49:25,01-Jan-2030 12:50:20,55,NaN,NaN
Ground_Point_21,SAT_41,3,02-Jan-2030 01:46:05,02-Jan-2030 01:46:40,35,NaN,NaN
Ground_Point_21,SAT_41,4,02-Jan-2030 12:27:40,02-Jan-2030 12:28:45,65,NaN,NaN
Ground_Point_21,SAT_41,5,05-Jan-2030 02:14:30,05-Jan-2030 02:15:25,55,NaN,NaN
Ground_Point_21,SAT_41,6,05-Jan-2030 12:56:40,05-Jan-2030 12:56:55,15,NaN,NaN
Ground_Point_21,SAT_41,7,06-Jan-2030 01:52:45,06-Jan-2030 01:53:50,65,NaN,NaN
Ground_Point_21,SAT_41,8,06-Jan-2030 12:34:30,06-Jan-2030 12:35:45,75,NaN,NaN
Ground_Point_22,SAT_41,1,02-Jan-2030 01:46:20,02-Jan-2030 01:47:35,75,NaN,NaN
Ground_Point_22,SAT_41,2,02-Jan-2030 12:26:50,02-Jan-2030 12:28:05,75,NaN,NaN
Ground_Point_22,SAT_41,3,06-Jan-2030 01:53:15,06-Jan-2030 01:54:30,75,NaN,NaN
Ground_Point_22,SAT_41,4,06-Jan-2030 12:33:40,06-Jan-2030 12:35:00,80,NaN,NaN
Ground_Point_23,SAT_41,1,02-Jan-2030 01:45:20,02-Jan-2030 01:46:35,75,NaN,NaN
Ground_Point_23,SAT_41,2,02-Jan-2030 12:27:45,02-Jan-2030 12:28:45,60,NaN,NaN
Ground_Point_23,SAT_41,3,03-Jan-2030 12:06:05,03-Jan-2030 12:07:05,60,NaN,NaN
Ground_Point_23,SAT_41,4,06-Jan-2030 01:52:20,06-Jan-2030 01:53:25,65,NaN,NaN
Ground_Point_23,SAT_41,5,06-Jan-2030 12:34:55,06-Jan-2030 12:35:25,30,NaN,NaN
Ground_Point_23,SAT_41,6,07-Jan-2030 01:30:45,07-Jan-2030 01:31:40,55,NaN,NaN
Ground_Point_23,SAT_41,7,07-Jan-2030 12:12:50,07-Jan-2030 12:14:05,75,NaN,NaN
Ground_Point_24,SAT_41,1,02-Jan-2030 01:45:45,02-Jan-2030 01:47:00,75,NaN,NaN
Ground_Point_24,SAT_41,2,02-Jan-2030 12:27:15,02-Jan-2030 12:28:30,75,NaN,NaN
Ground_Point_24,SAT_41,3,03-Jan-2030 12:06:00,03-Jan-2030 12:06:30,30,NaN,NaN
Ground_Point_24,SAT_41,4,06-Jan-2030 01:52:45,06-Jan-2030 01:53:50,65,NaN,NaN
Ground_Point_24,SAT_41,5,06-Jan-2030 12:34:20,06-Jan-2030 12:35:15,55,NaN,NaN
Ground_Point_24,SAT_41,6,07-Jan-2030 01:31:10,07-Jan-2030 01:32:00,50,NaN,NaN
Ground_Point_24,SAT_41,7,07-Jan-2030 12:12:35,07-Jan-2030 12:13:40,65,NaN,NaN
Ground_Point_25,SAT_41,1,03-Jan-2030 01:24:05,03-Jan-2030 01:25:20,75,NaN,NaN
Ground_Point_25,SAT_41,2,03-Jan-2030 12:05:10,03-Jan-2030 12:06:30,80,NaN,NaN
Ground_Point_25,SAT_41,3,07-Jan-2030 01:31:00,07-Jan-2030 01:32:15,75,NaN,NaN
Ground_Point_25,SAT_41,4,07-Jan-2030 12:12:10,07-Jan-2030 12:13:25,75,NaN,NaN
Ground_Point_26,SAT_41,1,03-Jan-2030 01:23:35,03-Jan-2030 01:24:15,40,NaN,NaN
Ground_Point_26,SAT_41,2,04-Jan-2030 01:01:40,04-Jan-2030 01:02:50,70,NaN,NaN
Ground_Point_26,SAT_41,3,04-Jan-2030 11:43:55,04-Jan-2030 11:45:15,80,NaN,NaN
Ground_Point_27,SAT_41,1,03-Jan-2030 01:24:50,03-Jan-2030 01:25:15,25,NaN,NaN
Ground_Point_27,SAT_41,2,03-Jan-2030 12:04:40,03-Jan-2030 12:05:45,65,NaN,NaN
Ground_Point_27,SAT_41,3,04-Jan-2030 01:02:50,04-Jan-2030 01:04:00,70,NaN,NaN
Ground_Point_27,SAT_41,4,04-Jan-2030 11:43:15,04-Jan-2030 11:43:55,40,NaN,NaN
Ground_Point_27,SAT_41,5,07-Jan-2030 12:11:50,07-Jan-2030 12:12:30,40,NaN,NaN
Ground_Point_28,SAT_41,1,01-Jan-2030 02:10:30,01-Jan-2030 02:11:25,55,NaN,NaN
Ground_Point_28,SAT_41,2,02-Jan-2030 01:49:05,02-Jan-2030 01:49:35,30,NaN,NaN
Ground_Point_28,SAT_41,3,04-Jan-2030 13:15:15,04-Jan-2030 13:16:20,65,NaN,NaN
Ground_Point_28,SAT_41,4,05-Jan-2030 12:54:00,05-Jan-2030 12:54:20,20,NaN,NaN
Ground_Point_28,SAT_41,5,06-Jan-2030 01:55:45,06-Jan-2030 01:56:50,65,NaN,NaN
Ground_Point_29,SAT_41,1,01-Jan-2030 12:46:35,01-Jan-2030 12:47:50,75,NaN,NaN
Ground_Point_29,SAT_41,2,02-Jan-2030 01:48:20,02-Jan-2030 01:49:20,60,NaN,NaN
Ground_Point_29,SAT_41,3,03-Jan-2030 01:26:55,03-Jan-2030 01:27:30,35,NaN,NaN
Ground_Point_29,SAT_41,4,05-Jan-2030 12:53:45,05-Jan-2030 12:54:30,45,NaN,NaN
Ground_Point_29,SAT_41,5,06-Jan-2030 12:32:05,06-Jan-2030 12:32:55,50,NaN,NaN
Ground_Point_29,SAT_41,6,07-Jan-2030 01:33:35,07-Jan-2030 01:34:40,65,NaN,NaN
Ground_Point_30,SAT_41,1,03-Jan-2030 12:02:55,03-Jan-2030 12:04:15,80,NaN,NaN
Ground_Point_30,SAT_41,2,04-Jan-2030 01:04:20,04-Jan-2030 01:05:35,75,NaN,NaN
Ground_Point_30,SAT_41,3,07-Jan-2030 12:10:00,07-Jan-2030 12:11:00,60,NaN,NaN
Ground_Point_31,SAT_41,1,03-Jan-2030 01:25:20,03-Jan-2030 01:26:20,60,NaN,NaN
Ground_Point_31,SAT_41,2,03-Jan-2030 12:04:00,03-Jan-2030 12:05:15,75,NaN,NaN
Ground_Point_31,SAT_41,3,04-Jan-2030 01:03:50,04-Jan-2030 01:04:35,45,NaN,NaN
Ground_Point_31,SAT_41,4,07-Jan-2030 01:32:40,07-Jan-2030 01:32:50,10,NaN,NaN
Ground_Point_31,SAT_41,5,07-Jan-2030 12:10:55,07-Jan-2030 12:12:15,80,NaN,NaN
Ground_Point_32,SAT_41,1,01-Jan-2030 00:32:50,01-Jan-2030 00:34:05,75,NaN,NaN
Ground_Point_32,SAT_41,2,01-Jan-2030 11:15:00,01-Jan-2030 11:16:15,75,NaN,NaN
Ground_Point_32,SAT_41,3,05-Jan-2030 00:39:40,05-Jan-2030 00:41:00,80,NaN,NaN
Ground_Point_32,SAT_41,4,05-Jan-2030 11:21:55,05-Jan-2030 11:23:05,70,NaN,NaN
Ground_Point_32,SAT_41,5,06-Jan-2030 11:00:30,06-Jan-2030 11:01:20,50,NaN,NaN
Ground_Point_33,SAT_41,1,01-Jan-2030 06:54:10,01-Jan-2030 06:54:50,40,NaN,NaN
Ground_Point_33,SAT_41,2,02-Jan-2030 06:32:30,02-Jan-2030 06:33:15,45,NaN,NaN
Ground_Point_33,SAT_41,3,04-Jan-2030 17:59:05,04-Jan-2030 17:59:50,45,NaN,NaN
Ground_Point_33,SAT_41,4,05-Jan-2030 17:37:25,05-Jan-2030 17:38:15,50,NaN,NaN
Ground_Point_33,SAT_41,5,06-Jan-2030 06:39:10,06-Jan-2030 06:40:20,70,NaN,NaN
Ground_Point_34,SAT_41,1,01-Jan-2030 06:54:30,01-Jan-2030 06:55:45,75,NaN,NaN
Ground_Point_34,SAT_41,2,04-Jan-2030 17:58:30,04-Jan-2030 17:59:45,75,NaN,NaN
Ground_Point_34,SAT_41,3,05-Jan-2030 07:01:30,05-Jan-2030 07:02:35,65,NaN,NaN
Ground_Point_35,SAT_41,1,01-Jan-2030 17:30:30,01-Jan-2030 17:31:50,80,NaN,NaN
Ground_Point_35,SAT_41,2,02-Jan-2030 06:31:40,02-Jan-2030 06:33:00,80,NaN,NaN
Ground_Point_35,SAT_41,3,05-Jan-2030 17:37:25,05-Jan-2030 17:38:45,80,NaN,NaN
Ground_Point_35,SAT_41,4,06-Jan-2030 06:38:35,06-Jan-2030 06:39:50,75,NaN,NaN
Ground_Point_36,SAT_41,1,02-Jan-2030 18:43:00,02-Jan-2030 18:44:15,75,NaN,NaN
Ground_Point_36,SAT_41,2,03-Jan-2030 07:44:25,03-Jan-2030 07:45:35,70,NaN,NaN
Ground_Point_36,SAT_41,3,06-Jan-2030 18:50:00,06-Jan-2030 18:51:05,65,NaN,NaN
Ground_Point_36,SAT_41,4,07-Jan-2030 07:51:30,07-Jan-2030 07:52:20,50,NaN,NaN
Ground_Point_36,SAT_41,5,07-Jan-2030 18:28:45,07-Jan-2030 18:29:05,20,NaN,NaN
Ground_Point_37,SAT_41,1,02-Jan-2030 08:08:45,02-Jan-2030 08:10:00,75,NaN,NaN
Ground_Point_37,SAT_41,2,04-Jan-2030 19:31:20,04-Jan-2030 19:32:30,70,NaN,NaN
Ground_Point_37,SAT_41,3,06-Jan-2030 08:15:45,06-Jan-2030 08:16:50,65,NaN,NaN
Ground_Point_38,SAT_41,1,02-Jan-2030 08:09:45,02-Jan-2030 08:10:20,35,NaN,NaN
Ground_Point_38,SAT_41,2,03-Jan-2030 07:48:15,03-Jan-2030 07:48:40,25,NaN,NaN
Ground_Point_38,SAT_41,3,04-Jan-2030 19:30:35,04-Jan-2030 19:31:35,60,NaN,NaN
Ground_Point_38,SAT_41,4,07-Jan-2030 07:54:50,07-Jan-2030 07:55:55,65,NaN,NaN
Ground_Point_39,SAT_41,1,01-Jan-2030 20:37:55,01-Jan-2030 20:38:25,30,NaN,NaN
Ground_Point_39,SAT_41,2,02-Jan-2030 09:43:05,02-Jan-2030 09:43:55,50,NaN,NaN
Ground_Point_39,SAT_41,3,05-Jan-2030 20:44:30,05-Jan-2030 20:45:40,70,NaN,NaN
Ground_Point_39,SAT_41,4,07-Jan-2030 09:28:15,07-Jan-2030 09:29:15,60,NaN,NaN
Ground_Point_40,SAT_41,1,01-Jan-2030 10:04:00,01-Jan-2030 10:04:45,45,NaN,NaN
Ground_Point_40,SAT_41,2,02-Jan-2030 09:42:25,02-Jan-2030 09:43:05,40,NaN,NaN
Ground_Point_40,SAT_41,3,04-Jan-2030 21:07:10,04-Jan-2030 21:08:30,80,NaN,NaN
Ground_Point_40,SAT_41,4,06-Jan-2030 09:49:05,06-Jan-2030 09:50:15,70,NaN,NaN
Ground_Point_41,SAT_41,1,01-Jan-2030 10:01:15,01-Jan-2030 10:02:35,80,NaN,NaN
Ground_Point_41,SAT_41,2,01-Jan-2030 20:41:15,01-Jan-2030 20:42:15,60,NaN,NaN
Ground_Point_41,SAT_41,3,05-Jan-2030 10:08:10,05-Jan-2030 10:09:25,75,NaN,NaN
Ground_Point_41,SAT_41,4,05-Jan-2030 20:48:05,05-Jan-2030 20:49:20,75,NaN,NaN
Ground_Point_42,SAT_41,1,01-Jan-2030 06:53:45,01-Jan-2030 06:54:15,30,NaN,NaN
Ground_Point_42,SAT_41,2,04-Jan-2030 07:22:20,04-Jan-2030 07:22:45,25,NaN,NaN
Ground_Point_42,SAT_41,3,04-Jan-2030 17:59:50,04-Jan-2030 18:01:00,70,NaN,NaN
Ground_Point_42,SAT_41,4,05-Jan-2030 07:00:25,05-Jan-2030 07:01:25,60,NaN,NaN
Ground_Point_43,SAT_41,1,01-Jan-2030 06:52:40,01-Jan-2030 06:53:50,70,NaN,NaN
Ground_Point_43,SAT_41,2,01-Jan-2030 17:31:30,01-Jan-2030 17:32:40,70,NaN,NaN
Ground_Point_43,SAT_41,3,05-Jan-2030 06:59:50,05-Jan-2030 07:00:35,45,NaN,NaN
Ground_Point_43,SAT_41,4,05-Jan-2030 17:38:20,05-Jan-2030 17:39:40,80,NaN,NaN
Ground_Point_43,SAT_41,5,06-Jan-2030 06:38:05,06-Jan-2030 06:39:00,55,NaN,NaN
Ground_Point_44,SAT_41,1,02-Jan-2030 08:12:20,02-Jan-2030 08:13:25,65,NaN,NaN
Ground_Point_44,SAT_41,2,03-Jan-2030 19:49:45,03-Jan-2030 19:50:50,65,NaN,NaN
Ground_Point_44,SAT_41,3,06-Jan-2030 08:19:40,06-Jan-2030 08:19:55,15,NaN,NaN
Ground_Point_44,SAT_41,4,07-Jan-2030 19:57:00,07-Jan-2030 19:57:25,25,NaN,NaN
Ground_Point_45,SAT_41,1,02-Jan-2030 08:09:25,02-Jan-2030 08:10:40,75,NaN,NaN
Ground_Point_45,SAT_41,2,04-Jan-2030 19:30:40,04-Jan-2030 19:32:00,80,NaN,NaN
Ground_Point_45,SAT_41,3,06-Jan-2030 08:16:25,06-Jan-2030 08:17:30,65,NaN,NaN
Ground_Point_46,SAT_41,1,01-Jan-2030 09:33:35,01-Jan-2030 09:33:55,20,NaN,NaN
Ground_Point_46,SAT_41,2,02-Jan-2030 09:11:55,02-Jan-2030 09:12:25,30,NaN,NaN
Ground_Point_46,SAT_41,3,03-Jan-2030 21:59:45,03-Jan-2030 22:00:50,65,NaN,NaN
Ground_Point_46,SAT_41,4,06-Jan-2030 09:18:30,06-Jan-2030 09:19:35,65,NaN,NaN
Ground_Point_46,SAT_41,5,07-Jan-2030 22:07:05,07-Jan-2030 22:07:20,15,NaN,NaN
Ground_Point_47,SAT_41,1,02-Jan-2030 22:21:55,02-Jan-2030 22:23:00,65,NaN,NaN
Ground_Point_47,SAT_41,2,04-Jan-2030 10:02:00,04-Jan-2030 10:03:10,70,NaN,NaN
Ground_Point_47,SAT_41,3,06-Jan-2030 22:28:45,06-Jan-2030 22:30:00,75,NaN,NaN
Ground_Point_48,SAT_41,1,02-Jan-2030 10:47:45,02-Jan-2030 10:48:45,60,NaN,NaN
Ground_Point_48,SAT_41,2,03-Jan-2030 23:32:45,03-Jan-2030 23:33:10,25,NaN,NaN
Ground_Point_48,SAT_41,3,04-Jan-2030 23:11:00,04-Jan-2030 23:11:40,40,NaN,NaN
Ground_Point_48,SAT_41,4,07-Jan-2030 10:33:05,07-Jan-2030 10:34:00,55,NaN,NaN
Ground_Point_49,SAT_41,1,02-Jan-2030 10:47:25,02-Jan-2030 10:48:25,60,NaN,NaN
Ground_Point_49,SAT_41,2,03-Jan-2030 23:33:00,03-Jan-2030 23:34:15,75,NaN,NaN
Ground_Point_49,SAT_41,3,06-Jan-2030 10:54:10,06-Jan-2030 10:55:30,80,NaN,NaN
Ground_Point_49,SAT_41,4,07-Jan-2030 23:40:00,07-Jan-2030 23:41:05,65,NaN,NaN
Ground_Point_50,SAT_41,1,03-Jan-2030 11:44:55,03-Jan-2030 11:46:15,80,NaN,NaN
Ground_Point_50,SAT_41,2,05-Jan-2030 23:04:20,05-Jan-2030 23:05:15,55,NaN,NaN
Ground_Point_50,SAT_41,3,07-Jan-2030 11:51:55,07-Jan-2030 11:53:00,65,NaN,NaN
Ground_Point_51,SAT_41,1,04-Jan-2030 01:13:45,04-Jan-2030 01:14:55,70,NaN,NaN
Ground_Point_51,SAT_41,2,04-Jan-2030 13:06:15,04-Jan-2030 13:07:25,70,NaN,NaN
Ground_Point_52,SAT_41,1,01-Jan-2030 04:02:15,01-Jan-2030 04:03:05,50,NaN,NaN
Ground_Point_52,SAT_41,2,02-Jan-2030 16:51:30,02-Jan-2030 16:51:45,15,NaN,NaN
Ground_Point_52,SAT_41,3,03-Jan-2030 16:29:50,03-Jan-2030 16:30:15,25,NaN,NaN
Ground_Point_52,SAT_41,4,05-Jan-2030 04:08:55,05-Jan-2030 04:10:10,75,NaN,NaN
Ground_Point_52,SAT_41,5,07-Jan-2030 16:36:20,07-Jan-2030 16:37:30,70,NaN,NaN
Ground_Point_53,SAT_41,1,01-Jan-2030 04:01:45,01-Jan-2030 04:02:55,70,NaN,NaN
Ground_Point_53,SAT_41,2,03-Jan-2030 16:29:25,03-Jan-2030 16:30:40,75,NaN,NaN
Ground_Point_53,SAT_41,3,05-Jan-2030 04:08:55,05-Jan-2030 04:09:30,35,NaN,NaN
Ground_Point_53,SAT_41,4,07-Jan-2030 16:36:30,07-Jan-2030 16:37:20,50,NaN,NaN
Ground_Point_54,SAT_41,1,03-Jan-2030 04:55:35,03-Jan-2030 04:56:45,70,NaN,NaN
Ground_Point_54,SAT_41,2,04-Jan-2030 17:38:55,04-Jan-2030 17:40:15,80,NaN,NaN
Ground_Point_54,SAT_41,3,07-Jan-2030 05:02:45,07-Jan-2030 05:03:25,40,NaN,NaN
Ground_Point_55,SAT_41,1,01-Jan-2030 05:39:05,01-Jan-2030 05:40:20,75,NaN,NaN
Ground_Point_55,SAT_41,2,02-Jan-2030 18:23:05,02-Jan-2030 18:24:20,75,NaN,NaN
Ground_Point_55,SAT_41,3,05-Jan-2030 05:46:00,05-Jan-2030 05:47:10,70,NaN,NaN
Ground_Point_55,SAT_41,4,06-Jan-2030 18:30:00,06-Jan-2030 18:31:15,75,NaN,NaN
Ground_Point_1,SAT_42,1,01-Jan-2030 04:29:20,01-Jan-2030 04:30:35,75,NaN,NaN
Ground_Point_1,SAT_42,2,02-Jan-2030 17:11:15,02-Jan-2030 17:12:30,75,NaN,NaN
Ground_Point_1,SAT_42,3,05-Jan-2030 04:36:25,05-Jan-2030 04:37:20,55,NaN,NaN
Ground_Point_1,SAT_42,4,06-Jan-2030 04:15:00,06-Jan-2030 04:15:30,30,NaN,NaN
Ground_Point_1,SAT_42,5,06-Jan-2030 17:18:10,06-Jan-2030 17:19:25,75,NaN,NaN
Ground_Point_2,SAT_42,1,01-Jan-2030 04:28:50,01-Jan-2030 04:29:40,50,NaN,NaN
Ground_Point_2,SAT_42,2,02-Jan-2030 04:07:25,02-Jan-2030 04:07:50,25,NaN,NaN
Ground_Point_2,SAT_42,3,02-Jan-2030 17:11:50,02-Jan-2030 17:12:55,65,NaN,NaN
Ground_Point_2,SAT_42,4,06-Jan-2030 04:14:00,06-Jan-2030 04:15:05,65,NaN,NaN
Ground_Point_2,SAT_42,5,06-Jan-2030 17:19:00,06-Jan-2030 17:19:35,35,NaN,NaN
Ground_Point_2,SAT_42,6,07-Jan-2030 16:57:20,07-Jan-2030 16:58:00,40,NaN,NaN
Ground_Point_3,SAT_42,1,01-Jan-2030 04:29:15,01-Jan-2030 04:30:35,80,NaN,NaN
Ground_Point_3,SAT_42,2,02-Jan-2030 17:11:20,02-Jan-2030 17:12:30,70,NaN,NaN
Ground_Point_3,SAT_42,3,05-Jan-2030 04:36:20,05-Jan-2030 04:37:20,60,NaN,NaN
Ground_Point_3,SAT_42,4,06-Jan-2030 17:18:10,06-Jan-2030 17:19:30,80,NaN,NaN
Ground_Point_4,SAT_42,1,03-Jan-2030 03:45:05,03-Jan-2030 03:46:05,60,NaN,NaN
Ground_Point_4,SAT_42,2,04-Jan-2030 16:27:55,04-Jan-2030 16:29:05,70,NaN,NaN
Ground_Point_5,SAT_42,1,02-Jan-2030 04:07:00,02-Jan-2030 04:07:20,20,NaN,NaN
Ground_Point_5,SAT_42,2,03-Jan-2030 03:45:10,03-Jan-2030 03:46:00,50,NaN,NaN
Ground_Point_5,SAT_42,3,03-Jan-2030 16:50:10,03-Jan-2030 16:51:00,50,NaN,NaN
Ground_Point_5,SAT_42,4,04-Jan-2030 16:28:45,04-Jan-2030 16:29:10,25,NaN,NaN
Ground_Point_5,SAT_42,5,07-Jan-2030 03:51:55,07-Jan-2030 03:53:05,70,NaN,NaN
Ground_Point_6,SAT_42,1,03-Jan-2030 03:45:00,03-Jan-2030 03:46:15,75,NaN,NaN
Ground_Point_6,SAT_42,2,04-Jan-2030 16:28:15,04-Jan-2030 16:29:15,60,NaN,NaN
Ground_Point_6,SAT_42,3,07-Jan-2030 03:51:55,07-Jan-2030 03:53:10,75,NaN,NaN
Ground_Point_7,SAT_42,1,04-Jan-2030 04:59:00,04-Jan-2030 05:00:10,70,NaN,NaN
Ground_Point_7,SAT_42,2,04-Jan-2030 18:01:20,04-Jan-2030 18:02:35,75,NaN,NaN
Ground_Point_8,SAT_42,1,01-Jan-2030 17:34:45,01-Jan-2030 17:36:00,75,NaN,NaN
Ground_Point_8,SAT_42,2,04-Jan-2030 04:56:30,04-Jan-2030 04:57:45,75,NaN,NaN
Ground_Point_8,SAT_42,3,05-Jan-2030 17:41:45,05-Jan-2030 17:42:45,60,NaN,NaN
Ground_Point_9,SAT_42,1,02-Jan-2030 05:38:10,02-Jan-2030 05:38:55,45,NaN,NaN
Ground_Point_9,SAT_42,2,04-Jan-2030 18:06:05,04-Jan-2030 18:06:50,45,NaN,NaN
Ground_Point_9,SAT_42,3,07-Jan-2030 05:23:25,07-Jan-2030 05:24:20,55,NaN,NaN
Ground_Point_10,SAT_42,1,02-Jan-2030 05:38:05,02-Jan-2030 05:38:50,45,NaN,NaN
Ground_Point_10,SAT_42,2,04-Jan-2030 18:06:10,04-Jan-2030 18:06:50,40,NaN,NaN
Ground_Point_10,SAT_42,3,07-Jan-2030 05:23:20,07-Jan-2030 05:24:15,55,NaN,NaN
Ground_Point_11,SAT_42,1,01-Jan-2030 17:36:30,01-Jan-2030 17:37:20,50,NaN,NaN
Ground_Point_11,SAT_42,2,04-Jan-2030 04:54:55,04-Jan-2030 04:56:10,75,NaN,NaN
Ground_Point_11,SAT_42,3,06-Jan-2030 17:21:45,06-Jan-2030 17:22:40,55,NaN,NaN
Ground_Point_12,SAT_42,1,03-Jan-2030 18:33:35,03-Jan-2030 18:34:15,40,NaN,NaN
Ground_Point_12,SAT_42,2,04-Jan-2030 06:23:10,04-Jan-2030 06:24:30,80,NaN,NaN
Ground_Point_13,SAT_42,1,02-Jan-2030 18:52:05,02-Jan-2030 18:53:00,55,NaN,NaN
Ground_Point_13,SAT_42,2,04-Jan-2030 06:26:30,04-Jan-2030 06:27:45,75,NaN,NaN
Ground_Point_13,SAT_42,3,07-Jan-2030 18:37:40,07-Jan-2030 18:38:05,25,NaN,NaN
Ground_Point_14,SAT_42,1,01-Jan-2030 05:57:10,01-Jan-2030 05:57:55,45,NaN,NaN
Ground_Point_14,SAT_42,2,04-Jan-2030 18:09:40,04-Jan-2030 18:09:55,15,NaN,NaN
Ground_Point_14,SAT_42,3,05-Jan-2030 06:03:50,05-Jan-2030 06:05:05,75,NaN,NaN
Ground_Point_15,SAT_42,1,04-Jan-2030 06:21:10,04-Jan-2030 06:22:20,70,NaN,NaN
Ground_Point_15,SAT_42,2,04-Jan-2030 18:13:30,04-Jan-2030 18:14:40,70,NaN,NaN
Ground_Point_16,SAT_42,1,02-Jan-2030 17:17:30,02-Jan-2030 17:18:30,60,NaN,NaN
Ground_Point_16,SAT_42,2,03-Jan-2030 05:14:05,03-Jan-2030 05:15:05,60,NaN,NaN
Ground_Point_16,SAT_42,3,06-Jan-2030 17:24:15,06-Jan-2030 17:25:30,75,NaN,NaN
Ground_Point_17,SAT_42,1,03-Jan-2030 18:33:00,03-Jan-2030 18:34:15,75,NaN,NaN
Ground_Point_17,SAT_42,2,04-Jan-2030 06:23:55,04-Jan-2030 06:24:50,55,NaN,NaN
Ground_Point_17,SAT_42,3,07-Jan-2030 18:39:55,07-Jan-2030 18:41:05,70,NaN,NaN
Ground_Point_18,SAT_42,1,01-Jan-2030 20:47:10,01-Jan-2030 20:48:00,50,NaN,NaN
Ground_Point_18,SAT_42,2,03-Jan-2030 08:24:20,03-Jan-2030 08:25:15,55,NaN,NaN
Ground_Point_18,SAT_42,3,06-Jan-2030 20:32:30,06-Jan-2030 20:33:20,50,NaN,NaN
Ground_Point_19,SAT_42,1,02-Jan-2030 20:22:45,02-Jan-2030 20:23:55,70,NaN,NaN
Ground_Point_19,SAT_42,2,04-Jan-2030 08:05:20,04-Jan-2030 08:05:35,15,NaN,NaN
Ground_Point_19,SAT_42,3,05-Jan-2030 07:43:30,05-Jan-2030 07:44:10,40,NaN,NaN
Ground_Point_19,SAT_42,4,06-Jan-2030 20:29:40,06-Jan-2030 20:30:55,75,NaN,NaN
Ground_Point_20,SAT_42,1,02-Jan-2030 20:27:10,02-Jan-2030 20:27:25,15,NaN,NaN
Ground_Point_20,SAT_42,2,04-Jan-2030 08:00:50,04-Jan-2030 08:02:05,75,NaN,NaN
Ground_Point_20,SAT_42,3,07-Jan-2030 20:12:05,07-Jan-2030 20:13:05,60,NaN,NaN
Ground_Point_21,SAT_42,1,01-Jan-2030 01:44:30,01-Jan-2030 01:44:55,25,NaN,NaN
Ground_Point_21,SAT_42,2,01-Jan-2030 12:26:05,01-Jan-2030 12:27:05,60,NaN,NaN
Ground_Point_21,SAT_42,3,04-Jan-2030 02:12:50,04-Jan-2030 02:13:50,60,NaN,NaN
Ground_Point_21,SAT_42,4,04-Jan-2030 12:54:55,04-Jan-2030 12:55:25,30,NaN,NaN
Ground_Point_21,SAT_42,5,05-Jan-2030 01:51:10,05-Jan-2030 01:52:10,60,NaN,NaN
Ground_Point_21,SAT_42,6,05-Jan-2030 12:32:55,05-Jan-2030 12:34:05,70,NaN,NaN
Ground_Point_22,SAT_42,1,01-Jan-2030 01:44:40,01-Jan-2030 01:45:55,75,NaN,NaN
Ground_Point_22,SAT_42,2,01-Jan-2030 12:25:10,01-Jan-2030 12:26:25,75,NaN,NaN
Ground_Point_22,SAT_42,3,05-Jan-2030 01:51:35,05-Jan-2030 01:52:50,75,NaN,NaN
Ground_Point_22,SAT_42,4,05-Jan-2030 12:32:05,05-Jan-2030 12:33:25,80,NaN,NaN
Ground_Point_23,SAT_42,1,01-Jan-2030 01:43:40,01-Jan-2030 01:44:55,75,NaN,NaN
Ground_Point_23,SAT_42,2,01-Jan-2030 12:26:00,01-Jan-2030 12:27:05,65,NaN,NaN
Ground_Point_23,SAT_42,3,02-Jan-2030 12:04:25,02-Jan-2030 12:05:25,60,NaN,NaN
Ground_Point_23,SAT_42,4,05-Jan-2030 01:50:40,05-Jan-2030 01:51:50,70,NaN,NaN
Ground_Point_23,SAT_42,5,05-Jan-2030 12:33:10,05-Jan-2030 12:33:50,40,NaN,NaN
Ground_Point_23,SAT_42,6,06-Jan-2030 01:29:15,06-Jan-2030 01:29:55,40,NaN,NaN
Ground_Point_23,SAT_42,7,06-Jan-2030 12:11:15,06-Jan-2030 12:12:25,70,NaN,NaN
Ground_Point_24,SAT_42,1,01-Jan-2030 01:44:05,01-Jan-2030 01:45:20,75,NaN,NaN
Ground_Point_24,SAT_42,2,01-Jan-2030 12:25:35,01-Jan-2030 12:26:50,75,NaN,NaN
Ground_Point_24,SAT_42,3,02-Jan-2030 12:04:30,02-Jan-2030 12:04:40,10,NaN,NaN
Ground_Point_24,SAT_42,4,05-Jan-2030 01:51:05,05-Jan-2030 01:52:10,65,NaN,NaN
Ground_Point_24,SAT_42,5,05-Jan-2030 12:32:35,05-Jan-2030 12:33:40,65,NaN,NaN
Ground_Point_24,SAT_42,6,06-Jan-2030 01:29:35,06-Jan-2030 01:30:20,45,NaN,NaN
Ground_Point_24,SAT_42,7,06-Jan-2030 12:11:00,06-Jan-2030 12:12:00,60,NaN,NaN
Ground_Point_25,SAT_42,1,02-Jan-2030 01:22:25,02-Jan-2030 01:23:45,80,NaN,NaN
Ground_Point_25,SAT_42,2,02-Jan-2030 12:03:30,02-Jan-2030 12:04:50,80,NaN,NaN
Ground_Point_25,SAT_42,3,06-Jan-2030 01:29:20,06-Jan-2030 01:30:35,75,NaN,NaN
Ground_Point_25,SAT_42,4,06-Jan-2030 12:10:30,06-Jan-2030 12:11:45,75,NaN,NaN
Ground_Point_26,SAT_42,1,02-Jan-2030 01:21:50,02-Jan-2030 01:22:40,50,NaN,NaN
Ground_Point_26,SAT_42,2,03-Jan-2030 01:00:00,03-Jan-2030 01:01:10,70,NaN,NaN
Ground_Point_26,SAT_42,3,03-Jan-2030 11:42:15,03-Jan-2030 11:43:35,80,NaN,NaN
Ground_Point_26,SAT_42,4,07-Jan-2030 01:06:55,07-Jan-2030 01:08:10,75,NaN,NaN
Ground_Point_26,SAT_42,5,07-Jan-2030 11:49:15,07-Jan-2030 11:50:30,75,NaN,NaN
Ground_Point_27,SAT_42,1,02-Jan-2030 01:23:05,02-Jan-2030 01:23:45,40,NaN,NaN
Ground_Point_27,SAT_42,2,02-Jan-2030 12:03:00,02-Jan-2030 12:04:10,70,NaN,NaN
Ground_Point_27,SAT_42,3,03-Jan-2030 01:01:15,03-Jan-2030 01:02:20,65,NaN,NaN
Ground_Point_27,SAT_42,4,03-Jan-2030 11:41:40,03-Jan-2030 11:42:10,30,NaN,NaN
Ground_Point_27,SAT_42,5,06-Jan-2030 12:10:05,06-Jan-2030 12:10:55,50,NaN,NaN
Ground_Point_27,SAT_42,6,07-Jan-2030 01:08:05,07-Jan-2030 01:09:20,75,NaN,NaN
Ground_Point_27,SAT_42,7,07-Jan-2030 11:48:20,07-Jan-2030 11:49:25,65,NaN,NaN
Ground_Point_28,SAT_42,1,01-Jan-2030 01:47:40,01-Jan-2030 01:47:45,5,NaN,NaN
Ground_Point_28,SAT_42,2,03-Jan-2030 13:13:35,03-Jan-2030 13:14:40,65,NaN,NaN
Ground_Point_28,SAT_42,3,04-Jan-2030 02:16:05,04-Jan-2030 02:16:25,20,NaN,NaN
Ground_Point_28,SAT_42,4,05-Jan-2030 01:54:10,05-Jan-2030 01:55:05,55,NaN,NaN
Ground_Point_28,SAT_42,5,07-Jan-2030 13:20:50,07-Jan-2030 13:21:20,30,NaN,NaN
Ground_Point_29,SAT_42,1,01-Jan-2030 01:46:40,01-Jan-2030 01:47:45,65,NaN,NaN
Ground_Point_29,SAT_42,2,02-Jan-2030 01:25:25,02-Jan-2030 01:25:40,15,NaN,NaN
Ground_Point_29,SAT_42,3,04-Jan-2030 12:52:00,04-Jan-2030 12:53:00,60,NaN,NaN
Ground_Point_29,SAT_42,4,05-Jan-2030 01:53:55,05-Jan-2030 01:54:20,25,NaN,NaN
Ground_Point_29,SAT_42,5,05-Jan-2030 12:30:30,05-Jan-2030 12:31:10,40,NaN,NaN
Ground_Point_29,SAT_42,6,06-Jan-2030 01:32:00,06-Jan-2030 01:33:00,60,NaN,NaN
Ground_Point_30,SAT_42,1,02-Jan-2030 12:01:20,02-Jan-2030 12:02:35,75,NaN,NaN
Ground_Point_30,SAT_42,2,03-Jan-2030 01:02:40,03-Jan-2030 01:03:55,75,NaN,NaN
Ground_Point_30,SAT_42,3,06-Jan-2030 12:08:20,06-Jan-2030 12:09:25,65,NaN,NaN
Ground_Point_30,SAT_42,4,07-Jan-2030 01:09:45,07-Jan-2030 01:10:40,55,NaN,NaN
Ground_Point_31,SAT_42,1,02-Jan-2030 01:23:40,02-Jan-2030 01:24:45,65,NaN,NaN
Ground_Point_31,SAT_42,2,02-Jan-2030 12:02:25,02-Jan-2030 12:03:35,70,NaN,NaN
Ground_Point_31,SAT_42,3,03-Jan-2030 01:02:20,03-Jan-2030 01:02:50,30,NaN,NaN
Ground_Point_31,SAT_42,4,06-Jan-2030 01:30:50,06-Jan-2030 01:31:25,35,NaN,NaN
Ground_Point_31,SAT_42,5,06-Jan-2030 12:09:15,06-Jan-2030 12:10:35,80,NaN,NaN
Ground_Point_31,SAT_42,6,07-Jan-2030 01:09:00,07-Jan-2030 01:10:00,60,NaN,NaN
Ground_Point_32,SAT_42,1,04-Jan-2030 00:38:05,04-Jan-2030 00:39:20,75,NaN,NaN
Ground_Point_32,SAT_42,2,04-Jan-2030 11:20:20,04-Jan-2030 11:21:30,70,NaN,NaN
Ground_Point_32,SAT_42,3,05-Jan-2030 10:58:55,05-Jan-2030 10:59:35,40,NaN,NaN
Ground_Point_33,SAT_42,1,01-Jan-2030 06:30:55,01-Jan-2030 06:31:30,35,NaN,NaN
Ground_Point_33,SAT_42,2,03-Jan-2030 17:57:20,03-Jan-2030 17:58:15,55,NaN,NaN
Ground_Point_33,SAT_42,3,04-Jan-2030 17:35:50,04-Jan-2030 17:36:30,40,NaN,NaN
Ground_Point_33,SAT_42,4,05-Jan-2030 06:37:35,05-Jan-2030 06:38:40,65,NaN,NaN
Ground_Point_34,SAT_42,1,03-Jan-2030 17:56:50,03-Jan-2030 17:58:05,75,NaN,NaN
Ground_Point_34,SAT_42,2,04-Jan-2030 06:59:50,04-Jan-2030 07:00:55,65,NaN,NaN
Ground_Point_34,SAT_42,3,07-Jan-2030 18:03:45,07-Jan-2030 18:05:05,80,NaN,NaN
Ground_Point_35,SAT_42,1,01-Jan-2030 06:30:00,01-Jan-2030 06:31:20,80,NaN,NaN
Ground_Point_35,SAT_42,2,04-Jan-2030 17:35:50,04-Jan-2030 17:37:05,75,NaN,NaN
Ground_Point_35,SAT_42,3,05-Jan-2030 06:37:00,05-Jan-2030 06:38:15,75,NaN,NaN
Ground_Point_36,SAT_42,1,01-Jan-2030 18:41:20,01-Jan-2030 18:42:40,80,NaN,NaN
Ground_Point_36,SAT_42,2,02-Jan-2030 07:42:45,02-Jan-2030 07:44:00,75,NaN,NaN
Ground_Point_36,SAT_42,3,05-Jan-2030 18:48:20,05-Jan-2030 18:49:30,70,NaN,NaN
Ground_Point_36,SAT_42,4,06-Jan-2030 07:49:50,06-Jan-2030 07:50:45,55,NaN,NaN
Ground_Point_36,SAT_42,5,07-Jan-2030 07:28:25,07-Jan-2030 07:28:55,30,NaN,NaN
Ground_Point_37,SAT_42,1,01-Jan-2030 08:07:05,01-Jan-2030 08:08:20,75,NaN,NaN
Ground_Point_37,SAT_42,2,03-Jan-2030 19:29:40,03-Jan-2030 19:30:55,75,NaN,NaN
Ground_Point_37,SAT_42,3,05-Jan-2030 08:14:05,05-Jan-2030 08:15:15,70,NaN,NaN
Ground_Point_37,SAT_42,4,07-Jan-2030 19:36:50,07-Jan-2030 19:37:40,50,NaN,NaN
Ground_Point_38,SAT_42,1,01-Jan-2030 08:08:00,01-Jan-2030 08:08:50,50,NaN,NaN
Ground_Point_38,SAT_42,2,03-Jan-2030 19:28:55,03-Jan-2030 19:30:00,65,NaN,NaN
Ground_Point_38,SAT_42,3,06-Jan-2030 07:53:15,06-Jan-2030 07:54:15,60,NaN,NaN
Ground_Point_38,SAT_42,4,07-Jan-2030 19:36:15,07-Jan-2030 19:36:30,15,NaN,NaN
Ground_Point_39,SAT_42,1,01-Jan-2030 09:41:20,01-Jan-2030 09:42:20,60,NaN,NaN
Ground_Point_39,SAT_42,2,04-Jan-2030 20:42:55,04-Jan-2030 20:43:55,60,NaN,NaN
Ground_Point_39,SAT_42,3,06-Jan-2030 09:26:40,06-Jan-2030 09:27:35,55,NaN,NaN
Ground_Point_40,SAT_42,1,01-Jan-2030 09:40:55,01-Jan-2030 09:41:15,20,NaN,NaN
Ground_Point_40,SAT_42,2,03-Jan-2030 21:05:35,03-Jan-2030 21:06:50,75,NaN,NaN
Ground_Point_40,SAT_42,3,05-Jan-2030 09:47:30,05-Jan-2030 09:48:35,65,NaN,NaN
Ground_Point_40,SAT_42,4,07-Jan-2030 21:12:35,07-Jan-2030 21:13:40,65,NaN,NaN
Ground_Point_41,SAT_42,1,03-Jan-2030 21:08:30,03-Jan-2030 21:08:55,25,NaN,NaN
Ground_Point_41,SAT_42,2,04-Jan-2030 10:06:30,04-Jan-2030 10:07:50,80,NaN,NaN
Ground_Point_41,SAT_42,3,04-Jan-2030 20:46:25,04-Jan-2030 20:47:40,75,NaN,NaN
Ground_Point_42,SAT_42,1,02-Jan-2030 18:20:20,02-Jan-2030 18:20:35,15,NaN,NaN
Ground_Point_42,SAT_42,2,03-Jan-2030 07:20:35,03-Jan-2030 07:21:15,40,NaN,NaN
Ground_Point_42,SAT_42,3,03-Jan-2030 17:58:15,03-Jan-2030 17:59:20,65,NaN,NaN
Ground_Point_42,SAT_42,4,04-Jan-2030 06:58:50,04-Jan-2030 06:59:45,55,NaN,NaN
Ground_Point_42,SAT_42,5,07-Jan-2030 18:05:05,07-Jan-2030 18:06:20,75,NaN,NaN
Ground_Point_43,SAT_42,1,04-Jan-2030 06:58:05,04-Jan-2030 06:59:00,55,NaN,NaN
Ground_Point_43,SAT_42,2,04-Jan-2030 17:36:45,04-Jan-2030 17:38:00,75,NaN,NaN
Ground_Point_43,SAT_42,3,05-Jan-2030 06:36:30,05-Jan-2030 06:37:20,50,NaN,NaN
Ground_Point_44,SAT_42,1,01-Jan-2030 08:10:40,01-Jan-2030 08:11:50,70,NaN,NaN
Ground_Point_44,SAT_42,2,02-Jan-2030 19:48:00,02-Jan-2030 19:49:15,75,NaN,NaN
Ground_Point_44,SAT_42,3,05-Jan-2030 08:17:50,05-Jan-2030 08:18:25,35,NaN,NaN
Ground_Point_44,SAT_42,4,06-Jan-2030 19:55:15,06-Jan-2030 19:55:55,40,NaN,NaN
Ground_Point_45,SAT_42,1,01-Jan-2030 08:07:45,01-Jan-2030 08:09:05,80,NaN,NaN
Ground_Point_45,SAT_42,2,03-Jan-2030 19:29:05,03-Jan-2030 19:30:20,75,NaN,NaN
Ground_Point_45,SAT_42,3,05-Jan-2030 08:14:45,05-Jan-2030 08:15:55,70,NaN,NaN
Ground_Point_45,SAT_42,4,07-Jan-2030 19:36:00,07-Jan-2030 19:37:15,75,NaN,NaN
Ground_Point_46,SAT_42,1,02-Jan-2030 21:58:05,02-Jan-2030 21:59:15,70,NaN,NaN
Ground_Point_46,SAT_42,2,05-Jan-2030 09:16:55,05-Jan-2030 09:17:55,60,NaN,NaN
Ground_Point_46,SAT_42,3,06-Jan-2030 22:05:15,06-Jan-2030 22:05:50,35,NaN,NaN
Ground_Point_47,SAT_42,1,01-Jan-2030 22:20:20,01-Jan-2030 22:21:20,60,NaN,NaN
Ground_Point_47,SAT_42,2,03-Jan-2030 10:00:20,03-Jan-2030 10:01:35,75,NaN,NaN
Ground_Point_47,SAT_42,3,05-Jan-2030 22:27:05,05-Jan-2030 22:28:20,75,NaN,NaN
Ground_Point_47,SAT_42,4,07-Jan-2030 10:07:25,07-Jan-2030 10:08:20,55,NaN,NaN
Ground_Point_48,SAT_42,1,01-Jan-2030 10:46:05,01-Jan-2030 10:47:10,65,NaN,NaN
Ground_Point_48,SAT_42,2,02-Jan-2030 23:30:55,02-Jan-2030 23:31:40,45,NaN,NaN
Ground_Point_48,SAT_42,3,03-Jan-2030 23:09:30,03-Jan-2030 23:09:50,20,NaN,NaN
Ground_Point_48,SAT_42,4,05-Jan-2030 10:53:30,05-Jan-2030 10:53:35,5,NaN,NaN
Ground_Point_48,SAT_42,5,06-Jan-2030 10:31:30,06-Jan-2030 10:32:20,50,NaN,NaN
Ground_Point_48,SAT_42,6,07-Jan-2030 23:16:05,07-Jan-2030 23:17:10,65,NaN,NaN
Ground_Point_49,SAT_42,1,01-Jan-2030 10:45:50,01-Jan-2030 10:46:40,50,NaN,NaN
Ground_Point_49,SAT_42,2,02-Jan-2030 23:31:20,02-Jan-2030 23:32:40,80,NaN,NaN
Ground_Point_49,SAT_42,3,05-Jan-2030 10:52:35,05-Jan-2030 10:53:50,75,NaN,NaN
Ground_Point_49,SAT_42,4,06-Jan-2030 23:38:20,06-Jan-2030 23:39:30,70,NaN,NaN
Ground_Point_50,SAT_42,1,02-Jan-2030 11:43:15,02-Jan-2030 11:44:35,80,NaN,NaN
Ground_Point_50,SAT_42,2,04-Jan-2030 23:02:45,04-Jan-2030 23:03:35,50,NaN,NaN
Ground_Point_50,SAT_42,3,06-Jan-2030 11:50:15,06-Jan-2030 11:51:25,70,NaN,NaN
Ground_Point_51,SAT_42,1,03-Jan-2030 01:12:05,03-Jan-2030 01:13:20,75,NaN,NaN
Ground_Point_51,SAT_42,2,03-Jan-2030 13:04:35,03-Jan-2030 13:05:50,75,NaN,NaN
Ground_Point_51,SAT_42,3,07-Jan-2030 01:19:15,07-Jan-2030 01:20:00,45,NaN,NaN
Ground_Point_51,SAT_42,4,07-Jan-2030 13:11:40,07-Jan-2030 13:12:35,55,NaN,NaN
Ground_Point_52,SAT_42,1,01-Jan-2030 16:49:40,01-Jan-2030 16:50:20,40,NaN,NaN
Ground_Point_52,SAT_42,2,04-Jan-2030 04:07:20,04-Jan-2030 04:08:30,70,NaN,NaN
Ground_Point_52,SAT_42,3,06-Jan-2030 16:34:50,06-Jan-2030 16:35:50,60,NaN,NaN
Ground_Point_53,SAT_42,1,02-Jan-2030 16:27:45,02-Jan-2030 16:29:00,75,NaN,NaN
Ground_Point_53,SAT_42,2,04-Jan-2030 04:07:10,04-Jan-2030 04:08:00,50,NaN,NaN
Ground_Point_53,SAT_42,3,06-Jan-2030 16:34:50,06-Jan-2030 16:35:45,55,NaN,NaN
Ground_Point_54,SAT_42,1,02-Jan-2030 04:53:55,02-Jan-2030 04:55:05,70,NaN,NaN
Ground_Point_54,SAT_42,2,03-Jan-2030 17:37:20,03-Jan-2030 17:38:35,75,NaN,NaN
Ground_Point_54,SAT_42,3,06-Jan-2030 05:01:00,06-Jan-2030 05:01:50,50,NaN,NaN
Ground_Point_54,SAT_42,4,07-Jan-2030 04:39:40,07-Jan-2030 04:39:55,15,NaN,NaN
Ground_Point_54,SAT_42,5,07-Jan-2030 17:44:20,07-Jan-2030 17:45:25,65,NaN,NaN
Ground_Point_55,SAT_42,1,01-Jan-2030 18:21:25,01-Jan-2030 18:22:45,80,NaN,NaN
Ground_Point_55,SAT_42,2,04-Jan-2030 05:44:20,04-Jan-2030 05:45:35,75,NaN,NaN
Ground_Point_55,SAT_42,3,05-Jan-2030 18:28:20,05-Jan-2030 18:29:35,75,NaN,NaN
Ground_Point_1,SAT_43,1,01-Jan-2030 17:09:40,01-Jan-2030 17:10:50,70,NaN,NaN
Ground_Point_1,SAT_43,2,04-Jan-2030 04:34:45,04-Jan-2030 04:35:45,60,NaN,NaN
Ground_Point_1,SAT_43,3,05-Jan-2030 17:16:35,05-Jan-2030 17:17:50,75,NaN,NaN
Ground_Point_2,SAT_43,1,01-Jan-2030 17:10:10,01-Jan-2030 17:11:20,70,NaN,NaN
Ground_Point_2,SAT_43,2,05-Jan-2030 04:12:25,05-Jan-2030 04:13:25,60,NaN,NaN
Ground_Point_2,SAT_43,3,05-Jan-2030 17:17:20,05-Jan-2030 17:18:05,45,NaN,NaN
Ground_Point_2,SAT_43,4,06-Jan-2030 16:55:50,06-Jan-2030 16:56:15,25,NaN,NaN
Ground_Point_3,SAT_43,1,01-Jan-2030 17:09:45,01-Jan-2030 17:10:50,65,NaN,NaN
Ground_Point_3,SAT_43,2,04-Jan-2030 04:34:40,04-Jan-2030 04:35:45,65,NaN,NaN
Ground_Point_3,SAT_43,3,05-Jan-2030 17:16:35,05-Jan-2030 17:17:50,75,NaN,NaN
Ground_Point_4,SAT_43,1,02-Jan-2030 03:43:25,02-Jan-2030 03:44:30,65,NaN,NaN
Ground_Point_4,SAT_43,2,03-Jan-2030 16:26:15,03-Jan-2030 16:27:30,75,NaN,NaN
Ground_Point_4,SAT_43,3,06-Jan-2030 03:50:40,06-Jan-2030 03:51:10,30,NaN,NaN
Ground_Point_4,SAT_43,4,07-Jan-2030 03:28:55,07-Jan-2030 03:29:45,50,NaN,NaN
Ground_Point_4,SAT_43,5,07-Jan-2030 16:33:20,07-Jan-2030 16:34:20,60,NaN,NaN
Ground_Point_5,SAT_43,1,01-Jan-2030 04:05:15,01-Jan-2030 04:05:50,35,NaN,NaN
Ground_Point_5,SAT_43,2,02-Jan-2030 03:43:35,02-Jan-2030 03:44:15,40,NaN,NaN
Ground_Point_5,SAT_43,3,02-Jan-2030 16:48:30,02-Jan-2030 16:49:25,55,NaN,NaN
Ground_Point_5,SAT_43,4,06-Jan-2030 03:50:20,06-Jan-2030 03:51:30,70,NaN,NaN
Ground_Point_5,SAT_43,5,07-Jan-2030 16:33:45,07-Jan-2030 16:34:45,60,NaN,NaN
Ground_Point_6,SAT_43,1,02-Jan-2030 03:43:20,02-Jan-2030 03:44:35,75,NaN,NaN
Ground_Point_6,SAT_43,2,03-Jan-2030 16:26:40,03-Jan-2030 16:27:35,55,NaN,NaN
Ground_Point_6,SAT_43,3,06-Jan-2030 03:50:15,06-Jan-2030 03:51:35,80,NaN,NaN
Ground_Point_6,SAT_43,4,07-Jan-2030 16:33:30,07-Jan-2030 16:34:40,70,NaN,NaN
Ground_Point_7,SAT_43,1,02-Jan-2030 05:19:20,02-Jan-2030 05:19:45,25,NaN,NaN
Ground_Point_7,SAT_43,2,03-Jan-2030 04:57:25,03-Jan-2030 04:58:25,60,NaN,NaN
Ground_Point_7,SAT_43,3,03-Jan-2030 17:59:40,03-Jan-2030 18:01:00,80,NaN,NaN
Ground_Point_7,SAT_43,4,07-Jan-2030 05:04:15,07-Jan-2030 05:05:30,75,NaN,NaN
Ground_Point_7,SAT_43,5,07-Jan-2030 18:06:40,07-Jan-2030 18:07:55,75,NaN,NaN
Ground_Point_8,SAT_43,1,03-Jan-2030 04:54:50,03-Jan-2030 04:56:10,80,NaN,NaN
Ground_Point_8,SAT_43,2,04-Jan-2030 17:40:05,04-Jan-2030 17:41:10,65,NaN,NaN
Ground_Point_8,SAT_43,3,07-Jan-2030 05:01:55,07-Jan-2030 05:03:00,65,NaN,NaN
Ground_Point_9,SAT_43,1,01-Jan-2030 05:36:25,01-Jan-2030 05:37:20,55,NaN,NaN
Ground_Point_9,SAT_43,2,03-Jan-2030 18:04:20,03-Jan-2030 18:05:20,60,NaN,NaN
Ground_Point_9,SAT_43,3,06-Jan-2030 05:21:50,06-Jan-2030 05:22:40,50,NaN,NaN
Ground_Point_10,SAT_43,1,01-Jan-2030 05:36:20,01-Jan-2030 05:37:15,55,NaN,NaN
Ground_Point_10,SAT_43,2,03-Jan-2030 18:04:25,03-Jan-2030 18:05:20,55,NaN,NaN
Ground_Point_10,SAT_43,3,06-Jan-2030 05:21:45,06-Jan-2030 05:22:35,50,NaN,NaN
Ground_Point_11,SAT_43,1,03-Jan-2030 04:53:20,03-Jan-2030 04:54:30,70,NaN,NaN
Ground_Point_11,SAT_43,2,05-Jan-2030 17:20:15,05-Jan-2030 17:21:00,45,NaN,NaN
Ground_Point_11,SAT_43,3,07-Jan-2030 05:00:15,07-Jan-2030 05:01:35,80,NaN,NaN
Ground_Point_12,SAT_43,1,02-Jan-2030 18:31:50,02-Jan-2030 18:32:45,55,NaN,NaN
Ground_Point_12,SAT_43,2,03-Jan-2030 06:21:35,03-Jan-2030 06:22:50,75,NaN,NaN
Ground_Point_12,SAT_43,3,07-Jan-2030 06:28:30,07-Jan-2030 06:29:45,75,NaN,NaN
Ground_Point_12,SAT_43,4,07-Jan-2030 18:17:25,07-Jan-2030 18:17:50,25,NaN,NaN
Ground_Point_13,SAT_43,1,01-Jan-2030 18:50:25,01-Jan-2030 18:51:25,60,NaN,NaN
Ground_Point_13,SAT_43,2,03-Jan-2030 06:24:55,03-Jan-2030 06:26:05,70,NaN,NaN
Ground_Point_13,SAT_43,3,07-Jan-2030 06:31:50,07-Jan-2030 06:33:05,75,NaN,NaN
Ground_Point_14,SAT_43,1,02-Jan-2030 18:29:40,02-Jan-2030 18:29:50,10,NaN,NaN
Ground_Point_14,SAT_43,2,04-Jan-2030 06:02:15,04-Jan-2030 06:03:25,70,NaN,NaN
Ground_Point_14,SAT_43,3,07-Jan-2030 18:14:35,07-Jan-2030 18:15:35,60,NaN,NaN
Ground_Point_15,SAT_43,1,03-Jan-2030 06:19:30,03-Jan-2030 06:20:40,70,NaN,NaN
Ground_Point_15,SAT_43,2,03-Jan-2030 18:11:50,03-Jan-2030 18:13:05,75,NaN,NaN
Ground_Point_15,SAT_43,3,07-Jan-2030 06:26:45,07-Jan-2030 06:27:20,35,NaN,NaN
Ground_Point_15,SAT_43,4,07-Jan-2030 18:19:05,07-Jan-2030 18:19:45,40,NaN,NaN
Ground_Point_16,SAT_43,1,01-Jan-2030 17:15:55,01-Jan-2030 17:16:45,50,NaN,NaN
Ground_Point_16,SAT_43,2,02-Jan-2030 05:12:25,02-Jan-2030 05:13:30,65,NaN,NaN
Ground_Point_16,SAT_43,3,05-Jan-2030 17:22:40,05-Jan-2030 17:23:55,75,NaN,NaN
Ground_Point_16,SAT_43,4,07-Jan-2030 04:58:10,07-Jan-2030 04:58:25,15,NaN,NaN
Ground_Point_17,SAT_43,1,02-Jan-2030 18:31:20,02-Jan-2030 18:32:35,75,NaN,NaN
Ground_Point_17,SAT_43,2,03-Jan-2030 06:22:25,03-Jan-2030 06:23:05,40,NaN,NaN
Ground_Point_17,SAT_43,3,06-Jan-2030 18:38:15,06-Jan-2030 18:39:30,75,NaN,NaN
Ground_Point_17,SAT_43,4,07-Jan-2030 06:29:05,07-Jan-2030 06:30:20,75,NaN,NaN
Ground_Point_18,SAT_43,1,02-Jan-2030 08:22:40,02-Jan-2030 08:23:45,65,NaN,NaN
Ground_Point_18,SAT_43,2,05-Jan-2030 20:31:00,05-Jan-2030 20:31:35,35,NaN,NaN
Ground_Point_18,SAT_43,3,07-Jan-2030 08:08:15,07-Jan-2030 08:08:50,35,NaN,NaN
Ground_Point_19,SAT_43,1,01-Jan-2030 20:21:10,01-Jan-2030 20:22:15,65,NaN,NaN
Ground_Point_19,SAT_43,2,03-Jan-2030 08:03:30,03-Jan-2030 08:04:05,35,NaN,NaN
Ground_Point_19,SAT_43,3,04-Jan-2030 07:42:00,04-Jan-2030 07:42:25,25,NaN,NaN
Ground_Point_19,SAT_43,4,05-Jan-2030 20:28:00,05-Jan-2030 20:29:15,75,NaN,NaN
Ground_Point_20,SAT_43,1,01-Jan-2030 20:25:20,01-Jan-2030 20:25:55,35,NaN,NaN
Ground_Point_20,SAT_43,2,03-Jan-2030 07:59:10,03-Jan-2030 08:00:25,75,NaN,NaN
Ground_Point_20,SAT_43,3,06-Jan-2030 20:10:35,06-Jan-2030 20:11:25,50,NaN,NaN
Ground_Point_20,SAT_43,4,07-Jan-2030 08:06:10,07-Jan-2030 08:07:25,75,NaN,NaN
Ground_Point_21,SAT_43,1,03-Jan-2030 02:11:10,03-Jan-2030 02:12:10,60,NaN,NaN
Ground_Point_21,SAT_43,2,03-Jan-2030 12:53:10,03-Jan-2030 12:53:55,45,NaN,NaN
Ground_Point_21,SAT_43,3,04-Jan-2030 01:49:35,04-Jan-2030 01:50:30,55,NaN,NaN
Ground_Point_21,SAT_43,4,04-Jan-2030 12:31:15,04-Jan-2030 12:32:30,75,NaN,NaN
Ground_Point_21,SAT_43,5,07-Jan-2030 02:18:20,07-Jan-2030 02:18:55,35,NaN,NaN
Ground_Point_22,SAT_43,1,04-Jan-2030 01:50:00,04-Jan-2030 01:51:15,75,NaN,NaN
Ground_Point_22,SAT_43,2,04-Jan-2030 12:30:25,04-Jan-2030 12:31:45,80,NaN,NaN
Ground_Point_23,SAT_43,1,01-Jan-2030 12:02:50,01-Jan-2030 12:03:40,50,NaN,NaN
Ground_Point_23,SAT_43,2,04-Jan-2030 01:49:00,04-Jan-2030 01:50:15,75,NaN,NaN
Ground_Point_23,SAT_43,3,04-Jan-2030 12:31:30,04-Jan-2030 12:32:20,50,NaN,NaN
Ground_Point_23,SAT_43,4,05-Jan-2030 01:27:40,05-Jan-2030 01:28:15,35,NaN,NaN
Ground_Point_23,SAT_43,5,05-Jan-2030 12:09:40,05-Jan-2030 12:10:50,70,NaN,NaN
Ground_Point_24,SAT_43,1,04-Jan-2030 01:49:25,04-Jan-2030 01:50:35,70,NaN,NaN
Ground_Point_24,SAT_43,2,04-Jan-2030 12:31:00,04-Jan-2030 12:32:05,65,NaN,NaN
Ground_Point_24,SAT_43,3,05-Jan-2030 01:28:05,05-Jan-2030 01:28:40,35,NaN,NaN
Ground_Point_24,SAT_43,4,05-Jan-2030 12:09:30,05-Jan-2030 12:10:20,50,NaN,NaN
Ground_Point_25,SAT_43,1,01-Jan-2030 01:20:45,01-Jan-2030 01:22:05,80,NaN,NaN
Ground_Point_25,SAT_43,2,01-Jan-2030 12:01:55,01-Jan-2030 12:03:10,75,NaN,NaN
Ground_Point_25,SAT_43,3,05-Jan-2030 01:27:45,05-Jan-2030 01:29:00,75,NaN,NaN
Ground_Point_25,SAT_43,4,05-Jan-2030 12:08:50,05-Jan-2030 12:10:10,80,NaN,NaN
Ground_Point_26,SAT_43,1,01-Jan-2030 01:20:10,01-Jan-2030 01:21:05,55,NaN,NaN
Ground_Point_26,SAT_43,2,02-Jan-2030 00:58:25,02-Jan-2030 00:59:30,65,NaN,NaN
Ground_Point_26,SAT_43,3,02-Jan-2030 11:40:40,02-Jan-2030 11:41:55,75,NaN,NaN
Ground_Point_26,SAT_43,4,05-Jan-2030 01:27:30,05-Jan-2030 01:27:40,10,NaN,NaN
Ground_Point_26,SAT_43,5,06-Jan-2030 01:05:20,06-Jan-2030 01:06:35,75,NaN,NaN
Ground_Point_26,SAT_43,6,06-Jan-2030 11:47:35,06-Jan-2030 11:48:55,80,NaN,NaN
Ground_Point_27,SAT_43,1,01-Jan-2030 01:21:20,01-Jan-2030 01:22:10,50,NaN,NaN
Ground_Point_27,SAT_43,2,01-Jan-2030 12:01:20,01-Jan-2030 12:02:30,70,NaN,NaN
Ground_Point_27,SAT_43,3,02-Jan-2030 00:59:35,02-Jan-2030 01:00:40,65,NaN,NaN
Ground_Point_27,SAT_43,4,02-Jan-2030 11:40:15,02-Jan-2030 11:40:20,5,NaN,NaN
Ground_Point_27,SAT_43,5,05-Jan-2030 12:08:25,05-Jan-2030 12:09:20,55,NaN,NaN
Ground_Point_27,SAT_43,6,06-Jan-2030 01:06:30,06-Jan-2030 01:07:45,75,NaN,NaN
Ground_Point_27,SAT_43,7,06-Jan-2030 11:46:45,06-Jan-2030 11:47:45,60,NaN,NaN
Ground_Point_28,SAT_43,1,02-Jan-2030 13:11:55,02-Jan-2030 13:13:05,70,NaN,NaN
Ground_Point_28,SAT_43,2,03-Jan-2030 02:14:20,03-Jan-2030 02:14:55,35,NaN,NaN
Ground_Point_28,SAT_43,3,04-Jan-2030 01:52:35,04-Jan-2030 01:53:25,50,NaN,NaN
Ground_Point_28,SAT_43,4,06-Jan-2030 13:19:05,06-Jan-2030 13:19:50,45,NaN,NaN
Ground_Point_28,SAT_43,5,07-Jan-2030 12:57:25,07-Jan-2030 12:58:15,50,NaN,NaN
Ground_Point_29,SAT_43,1,03-Jan-2030 12:50:20,03-Jan-2030 12:51:25,65,NaN,NaN
Ground_Point_29,SAT_43,2,04-Jan-2030 01:52:10,04-Jan-2030 01:52:50,40,NaN,NaN
Ground_Point_29,SAT_43,3,04-Jan-2030 12:29:00,04-Jan-2030 12:29:25,25,NaN,NaN
Ground_Point_29,SAT_43,4,05-Jan-2030 01:30:25,05-Jan-2030 01:31:20,55,NaN,NaN
Ground_Point_29,SAT_43,5,07-Jan-2030 12:57:40,07-Jan-2030 12:58:00,20,NaN,NaN
Ground_Point_30,SAT_43,1,01-Jan-2030 11:59:40,01-Jan-2030 12:00:55,75,NaN,NaN
Ground_Point_30,SAT_43,2,02-Jan-2030 01:01:05,02-Jan-2030 01:02:20,75,NaN,NaN
Ground_Point_30,SAT_43,3,05-Jan-2030 12:06:40,05-Jan-2030 12:07:50,70,NaN,NaN
Ground_Point_30,SAT_43,4,06-Jan-2030 01:08:05,06-Jan-2030 01:09:10,65,NaN,NaN
Ground_Point_30,SAT_43,5,07-Jan-2030 00:46:50,07-Jan-2030 00:47:10,20,NaN,NaN
Ground_Point_31,SAT_43,1,01-Jan-2030 01:22:00,01-Jan-2030 01:23:10,70,NaN,NaN
Ground_Point_31,SAT_43,2,01-Jan-2030 12:00:45,01-Jan-2030 12:01:55,70,NaN,NaN
Ground_Point_31,SAT_43,3,02-Jan-2030 01:00:50,02-Jan-2030 01:01:00,10,NaN,NaN
Ground_Point_31,SAT_43,4,05-Jan-2030 01:29:10,05-Jan-2030 01:29:50,40,NaN,NaN
Ground_Point_31,SAT_43,5,05-Jan-2030 12:07:40,05-Jan-2030 12:08:55,75,NaN,NaN
Ground_Point_31,SAT_43,6,06-Jan-2030 01:07:25,06-Jan-2030 01:08:20,55,NaN,NaN
Ground_Point_32,SAT_43,1,03-Jan-2030 00:36:25,03-Jan-2030 00:37:45,80,NaN,NaN
Ground_Point_32,SAT_43,2,03-Jan-2030 11:18:40,03-Jan-2030 11:19:55,75,NaN,NaN
Ground_Point_32,SAT_43,3,04-Jan-2030 10:57:20,04-Jan-2030 10:57:55,35,NaN,NaN
Ground_Point_32,SAT_43,4,07-Jan-2030 00:43:25,07-Jan-2030 00:44:40,75,NaN,NaN
Ground_Point_32,SAT_43,5,07-Jan-2030 11:25:45,07-Jan-2030 11:26:45,60,NaN,NaN
Ground_Point_33,SAT_43,1,02-Jan-2030 17:55:40,02-Jan-2030 17:56:40,60,NaN,NaN
Ground_Point_33,SAT_43,2,03-Jan-2030 06:58:05,03-Jan-2030 06:58:10,5,NaN,NaN
Ground_Point_33,SAT_43,3,03-Jan-2030 17:34:20,03-Jan-2030 17:34:45,25,NaN,NaN
Ground_Point_33,SAT_43,4,04-Jan-2030 06:36:00,04-Jan-2030 06:37:05,65,NaN,NaN
Ground_Point_33,SAT_43,5,06-Jan-2030 18:03:05,06-Jan-2030 18:03:15,10,NaN,NaN
Ground_Point_33,SAT_43,6,07-Jan-2030 17:41:00,07-Jan-2030 17:42:05,65,NaN,NaN
Ground_Point_34,SAT_43,1,02-Jan-2030 17:55:15,02-Jan-2030 17:56:25,70,NaN,NaN
Ground_Point_34,SAT_43,2,03-Jan-2030 06:58:10,03-Jan-2030 06:59:20,70,NaN,NaN
Ground_Point_34,SAT_43,3,06-Jan-2030 18:02:10,06-Jan-2030 18:03:30,80,NaN,NaN
Ground_Point_34,SAT_43,4,07-Jan-2030 07:05:15,07-Jan-2030 07:06:10,55,NaN,NaN
Ground_Point_35,SAT_43,1,03-Jan-2030 17:34:10,03-Jan-2030 17:35:30,80,NaN,NaN
Ground_Point_35,SAT_43,2,04-Jan-2030 06:35:20,04-Jan-2030 06:36:35,75,NaN,NaN
Ground_Point_35,SAT_43,3,07-Jan-2030 17:41:10,07-Jan-2030 17:42:25,75,NaN,NaN
Ground_Point_36,SAT_43,1,01-Jan-2030 07:41:05,01-Jan-2030 07:42:20,75,NaN,NaN
Ground_Point_36,SAT_43,2,04-Jan-2030 18:46:40,04-Jan-2030 18:47:55,75,NaN,NaN
Ground_Point_36,SAT_43,3,05-Jan-2030 07:48:10,05-Jan-2030 07:49:10,60,NaN,NaN
Ground_Point_36,SAT_43,4,06-Jan-2030 07:26:55,06-Jan-2030 07:27:10,15,NaN,NaN
Ground_Point_37,SAT_43,1,02-Jan-2030 19:28:00,02-Jan-2030 19:29:20,80,NaN,NaN
Ground_Point_37,SAT_43,2,04-Jan-2030 08:12:25,04-Jan-2030 08:13:35,70,NaN,NaN
Ground_Point_37,SAT_43,3,06-Jan-2030 19:35:10,06-Jan-2030 19:36:05,55,NaN,NaN
Ground_Point_38,SAT_43,1,02-Jan-2030 19:27:15,02-Jan-2030 19:28:25,70,NaN,NaN
Ground_Point_38,SAT_43,2,05-Jan-2030 07:51:40,05-Jan-2030 07:52:30,50,NaN,NaN
Ground_Point_38,SAT_43,3,06-Jan-2030 19:34:30,06-Jan-2030 19:35:05,35,NaN,NaN
Ground_Point_38,SAT_43,4,07-Jan-2030 19:12:55,07-Jan-2030 19:13:25,30,NaN,NaN
Ground_Point_39,SAT_43,1,02-Jan-2030 21:03:20,02-Jan-2030 21:03:30,10,NaN,NaN
Ground_Point_39,SAT_43,2,03-Jan-2030 20:41:20,03-Jan-2030 20:42:15,55,NaN,NaN
Ground_Point_39,SAT_43,3,04-Jan-2030 09:46:55,04-Jan-2030 09:47:20,25,NaN,NaN
Ground_Point_39,SAT_43,4,05-Jan-2030 09:25:10,05-Jan-2030 09:25:55,45,NaN,NaN
Ground_Point_39,SAT_43,5,07-Jan-2030 20:48:10,07-Jan-2030 20:49:25,75,NaN,NaN
Ground_Point_40,SAT_43,1,02-Jan-2030 21:03:55,02-Jan-2030 21:05:15,80,NaN,NaN
Ground_Point_40,SAT_43,2,03-Jan-2030 10:07:55,03-Jan-2030 10:08:10,15,NaN,NaN
Ground_Point_40,SAT_43,3,04-Jan-2030 09:45:55,04-Jan-2030 09:46:50,55,NaN,NaN
Ground_Point_40,SAT_43,4,06-Jan-2030 21:10:55,06-Jan-2030 21:12:05,70,NaN,NaN
Ground_Point_41,SAT_43,1,02-Jan-2030 21:06:45,02-Jan-2030 21:07:20,35,NaN,NaN
Ground_Point_41,SAT_43,2,03-Jan-2030 10:04:55,03-Jan-2030 10:06:10,75,NaN,NaN
Ground_Point_41,SAT_43,3,03-Jan-2030 20:44:50,03-Jan-2030 20:46:00,70,NaN,NaN
Ground_Point_41,SAT_43,4,07-Jan-2030 10:11:55,07-Jan-2030 10:13:05,70,NaN,NaN
Ground_Point_41,SAT_43,5,07-Jan-2030 20:51:45,07-Jan-2030 20:53:00,75,NaN,NaN
Ground_Point_42,SAT_43,1,01-Jan-2030 18:18:30,01-Jan-2030 18:19:05,35,NaN,NaN
Ground_Point_42,SAT_43,2,02-Jan-2030 07:18:50,02-Jan-2030 07:19:40,50,NaN,NaN
Ground_Point_42,SAT_43,3,02-Jan-2030 17:56:40,02-Jan-2030 17:57:40,60,NaN,NaN
Ground_Point_42,SAT_43,4,03-Jan-2030 06:57:15,03-Jan-2030 06:58:05,50,NaN,NaN
Ground_Point_42,SAT_43,5,06-Jan-2030 18:03:30,06-Jan-2030 18:04:45,75,NaN,NaN
Ground_Point_42,SAT_43,6,07-Jan-2030 07:04:00,07-Jan-2030 07:05:10,70,NaN,NaN
Ground_Point_43,SAT_43,1,03-Jan-2030 06:56:25,03-Jan-2030 06:57:25,60,NaN,NaN
Ground_Point_43,SAT_43,2,03-Jan-2030 17:35:05,03-Jan-2030 17:36:20,75,NaN,NaN
Ground_Point_43,SAT_43,3,04-Jan-2030 06:34:55,04-Jan-2030 06:35:40,45,NaN,NaN
Ground_Point_43,SAT_43,4,07-Jan-2030 07:03:45,07-Jan-2030 07:04:00,15,NaN,NaN
Ground_Point_43,SAT_43,5,07-Jan-2030 17:42:00,07-Jan-2030 17:43:20,80,NaN,NaN
Ground_Point_44,SAT_43,1,01-Jan-2030 19:46:20,01-Jan-2030 19:47:35,75,NaN,NaN
Ground_Point_44,SAT_43,2,04-Jan-2030 08:16:05,04-Jan-2030 08:16:55,50,NaN,NaN
Ground_Point_44,SAT_43,3,05-Jan-2030 19:53:30,05-Jan-2030 19:54:25,55,NaN,NaN
Ground_Point_45,SAT_43,1,02-Jan-2030 19:27:25,02-Jan-2030 19:28:40,75,NaN,NaN
Ground_Point_45,SAT_43,2,04-Jan-2030 08:13:05,04-Jan-2030 08:14:20,75,NaN,NaN
Ground_Point_45,SAT_43,3,06-Jan-2030 19:34:25,06-Jan-2030 19:35:40,75,NaN,NaN
Ground_Point_46,SAT_43,1,01-Jan-2030 21:56:25,01-Jan-2030 21:57:40,75,NaN,NaN
Ground_Point_46,SAT_43,2,04-Jan-2030 09:15:20,04-Jan-2030 09:16:15,55,NaN,NaN
Ground_Point_46,SAT_43,3,05-Jan-2030 22:03:35,05-Jan-2030 22:04:20,45,NaN,NaN
Ground_Point_47,SAT_43,1,02-Jan-2030 09:58:40,02-Jan-2030 09:59:55,75,NaN,NaN
Ground_Point_47,SAT_43,2,04-Jan-2030 22:25:30,04-Jan-2030 22:26:45,75,NaN,NaN
Ground_Point_47,SAT_43,3,06-Jan-2030 10:05:45,06-Jan-2030 10:06:45,60,NaN,NaN
Ground_Point_48,SAT_43,1,01-Jan-2030 23:29:15,01-Jan-2030 23:30:05,50,NaN,NaN
Ground_Point_48,SAT_43,2,04-Jan-2030 10:51:40,04-Jan-2030 10:52:10,30,NaN,NaN
Ground_Point_48,SAT_43,3,05-Jan-2030 10:30:00,05-Jan-2030 10:30:40,40,NaN,NaN
Ground_Point_48,SAT_43,4,06-Jan-2030 23:14:30,06-Jan-2030 23:15:30,60,NaN,NaN
Ground_Point_49,SAT_43,1,01-Jan-2030 23:29:45,01-Jan-2030 23:31:00,75,NaN,NaN
Ground_Point_49,SAT_43,2,04-Jan-2030 10:51:00,04-Jan-2030 10:52:10,70,NaN,NaN
Ground_Point_49,SAT_43,3,05-Jan-2030 23:36:40,05-Jan-2030 23:37:55,75,NaN,NaN
Ground_Point_50,SAT_43,1,01-Jan-2030 11:41:40,01-Jan-2030 11:42:55,75,NaN,NaN
Ground_Point_50,SAT_43,2,02-Jan-2030 23:23:05,02-Jan-2030 23:23:10,5,NaN,NaN
Ground_Point_50,SAT_43,3,03-Jan-2030 23:01:15,03-Jan-2030 23:01:50,35,NaN,NaN
Ground_Point_50,SAT_43,4,05-Jan-2030 11:48:40,05-Jan-2030 11:49:50,70,NaN,NaN
Ground_Point_50,SAT_43,5,07-Jan-2030 23:07:55,07-Jan-2030 23:09:00,65,NaN,NaN
Ground_Point_51,SAT_43,1,02-Jan-2030 01:10:25,02-Jan-2030 01:11:40,75,NaN,NaN
Ground_Point_51,SAT_43,2,02-Jan-2030 13:02:55,02-Jan-2030 13:04:10,75,NaN,NaN
Ground_Point_51,SAT_43,3,06-Jan-2030 01:17:30,06-Jan-2030 01:18:30,60,NaN,NaN
Ground_Point_51,SAT_43,4,06-Jan-2030 13:10:00,06-Jan-2030 13:11:00,60,NaN,NaN
Ground_Point_52,SAT_43,1,03-Jan-2030 04:05:45,03-Jan-2030 04:06:50,65,NaN,NaN
Ground_Point_52,SAT_43,2,05-Jan-2030 16:33:15,05-Jan-2030 16:34:10,55,NaN,NaN
Ground_Point_52,SAT_43,3,07-Jan-2030 04:12:35,07-Jan-2030 04:13:50,75,NaN,NaN
Ground_Point_53,SAT_43,1,01-Jan-2030 16:26:05,01-Jan-2030 16:27:25,80,NaN,NaN
Ground_Point_53,SAT_43,2,03-Jan-2030 04:05:30,03-Jan-2030 04:06:25,55,NaN,NaN
Ground_Point_53,SAT_43,3,05-Jan-2030 16:33:10,05-Jan-2030 16:34:15,65,NaN,NaN
Ground_Point_54,SAT_43,1,01-Jan-2030 04:52:15,01-Jan-2030 04:53:30,75,NaN,NaN
Ground_Point_54,SAT_43,2,02-Jan-2030 17:35:40,02-Jan-2030 17:37:00,80,NaN,NaN
Ground_Point_54,SAT_43,3,05-Jan-2030 04:59:20,05-Jan-2030 05:00:20,60,NaN,NaN
Ground_Point_54,SAT_43,4,06-Jan-2030 17:42:40,06-Jan-2030 17:43:50,70,NaN,NaN
Ground_Point_55,SAT_43,1,03-Jan-2030 05:42:40,03-Jan-2030 05:44:00,80,NaN,NaN
Ground_Point_55,SAT_43,2,04-Jan-2030 18:26:45,04-Jan-2030 18:28:00,75,NaN,NaN
Ground_Point_55,SAT_43,3,07-Jan-2030 05:49:45,07-Jan-2030 05:50:45,60,NaN,NaN
Ground_Point_1,SAT_44,1,03-Jan-2030 04:33:00,03-Jan-2030 04:34:10,70,NaN,NaN
Ground_Point_1,SAT_44,2,04-Jan-2030 17:14:55,04-Jan-2030 17:16:10,75,NaN,NaN
Ground_Point_1,SAT_44,3,07-Jan-2030 04:40:20,07-Jan-2030 04:40:55,35,NaN,NaN
Ground_Point_2,SAT_44,1,03-Jan-2030 04:32:40,03-Jan-2030 04:33:05,25,NaN,NaN
Ground_Point_2,SAT_44,2,04-Jan-2030 04:10:50,04-Jan-2030 04:11:45,55,NaN,NaN
Ground_Point_2,SAT_44,3,04-Jan-2030 17:15:35,04-Jan-2030 17:16:30,55,NaN,NaN
Ground_Point_3,SAT_44,1,03-Jan-2030 04:33:00,03-Jan-2030 04:34:10,70,NaN,NaN
Ground_Point_3,SAT_44,2,04-Jan-2030 17:15:00,04-Jan-2030 17:16:15,75,NaN,NaN
Ground_Point_3,SAT_44,3,07-Jan-2030 04:40:15,07-Jan-2030 04:40:55,40,NaN,NaN
Ground_Point_4,SAT_44,1,01-Jan-2030 03:41:45,01-Jan-2030 03:42:55,70,NaN,NaN
Ground_Point_4,SAT_44,2,02-Jan-2030 16:24:35,02-Jan-2030 16:25:50,75,NaN,NaN
Ground_Point_4,SAT_44,3,05-Jan-2030 03:48:55,05-Jan-2030 03:49:40,45,NaN,NaN
Ground_Point_4,SAT_44,4,06-Jan-2030 03:27:20,06-Jan-2030 03:28:05,45,NaN,NaN
Ground_Point_4,SAT_44,5,06-Jan-2030 16:31:40,06-Jan-2030 16:32:45,65,NaN,NaN
Ground_Point_5,SAT_44,1,01-Jan-2030 03:42:05,01-Jan-2030 03:42:30,25,NaN,NaN
Ground_Point_5,SAT_44,2,01-Jan-2030 16:46:45,01-Jan-2030 16:47:50,65,NaN,NaN
Ground_Point_5,SAT_44,3,05-Jan-2030 03:48:40,05-Jan-2030 03:49:50,70,NaN,NaN
Ground_Point_5,SAT_44,4,05-Jan-2030 16:54:10,05-Jan-2030 16:54:20,10,NaN,NaN
Ground_Point_5,SAT_44,5,06-Jan-2030 16:32:15,06-Jan-2030 16:33:05,50,NaN,NaN
Ground_Point_6,SAT_44,1,01-Jan-2030 03:41:45,01-Jan-2030 03:42:55,70,NaN,NaN
Ground_Point_6,SAT_44,2,01-Jan-2030 16:46:55,01-Jan-2030 16:47:15,20,NaN,NaN
Ground_Point_6,SAT_44,3,02-Jan-2030 16:25:05,02-Jan-2030 16:25:55,50,NaN,NaN
Ground_Point_6,SAT_44,4,05-Jan-2030 03:48:40,05-Jan-2030 03:50:00,80,NaN,NaN
Ground_Point_6,SAT_44,5,06-Jan-2030 16:31:50,06-Jan-2030 16:33:05,75,NaN,NaN
Ground_Point_7,SAT_44,1,01-Jan-2030 05:17:35,01-Jan-2030 05:18:15,40,NaN,NaN
Ground_Point_7,SAT_44,2,02-Jan-2030 04:55:50,02-Jan-2030 04:56:45,55,NaN,NaN
Ground_Point_7,SAT_44,3,02-Jan-2030 17:58:05,02-Jan-2030 17:59:20,75,NaN,NaN
Ground_Point_7,SAT_44,4,06-Jan-2030 05:02:40,06-Jan-2030 05:03:55,75,NaN,NaN
Ground_Point_7,SAT_44,5,06-Jan-2030 18:05:05,06-Jan-2030 18:06:20,75,NaN,NaN
Ground_Point_8,SAT_44,1,02-Jan-2030 04:53:15,02-Jan-2030 04:54:30,75,NaN,NaN
Ground_Point_8,SAT_44,2,03-Jan-2030 17:38:25,03-Jan-2030 17:39:35,70,NaN,NaN
Ground_Point_8,SAT_44,3,06-Jan-2030 05:00:15,06-Jan-2030 05:01:25,70,NaN,NaN
Ground_Point_8,SAT_44,4,07-Jan-2030 17:45:40,07-Jan-2030 17:46:20,40,NaN,NaN
Ground_Point_9,SAT_44,1,02-Jan-2030 18:02:40,02-Jan-2030 18:03:45,65,NaN,NaN
Ground_Point_9,SAT_44,2,05-Jan-2030 05:20:20,05-Jan-2030 05:20:55,35,NaN,NaN
Ground_Point_9,SAT_44,3,07-Jan-2030 17:48:20,07-Jan-2030 17:48:45,25,NaN,NaN
Ground_Point_10,SAT_44,1,02-Jan-2030 18:02:45,02-Jan-2030 18:03:45,60,NaN,NaN
Ground_Point_10,SAT_44,2,05-Jan-2030 05:20:15,05-Jan-2030 05:20:50,35,NaN,NaN
Ground_Point_10,SAT_44,3,07-Jan-2030 17:48:20,07-Jan-2030 17:48:55,35,NaN,NaN
Ground_Point_11,SAT_44,1,02-Jan-2030 04:51:45,02-Jan-2030 04:52:50,65,NaN,NaN
Ground_Point_11,SAT_44,2,03-Jan-2030 17:40:30,03-Jan-2030 17:40:40,10,NaN,NaN
Ground_Point_11,SAT_44,3,04-Jan-2030 17:18:45,04-Jan-2030 17:19:15,30,NaN,NaN
Ground_Point_11,SAT_44,4,06-Jan-2030 04:58:40,06-Jan-2030 04:59:55,75,NaN,NaN
Ground_Point_12,SAT_44,1,01-Jan-2030 18:30:10,01-Jan-2030 18:31:10,60,NaN,NaN
Ground_Point_12,SAT_44,2,02-Jan-2030 06:19:55,02-Jan-2030 06:21:10,75,NaN,NaN
Ground_Point_12,SAT_44,3,06-Jan-2030 06:26:55,06-Jan-2030 06:28:10,75,NaN,NaN
Ground_Point_13,SAT_44,1,02-Jan-2030 06:23:20,02-Jan-2030 06:24:25,65,NaN,NaN
Ground_Point_13,SAT_44,2,04-Jan-2030 18:56:00,04-Jan-2030 18:56:30,30,NaN,NaN
Ground_Point_13,SAT_44,3,06-Jan-2030 06:30:10,06-Jan-2030 06:31:30,80,NaN,NaN
Ground_Point_14,SAT_44,1,01-Jan-2030 18:27:45,01-Jan-2030 18:28:25,40,NaN,NaN
Ground_Point_14,SAT_44,2,03-Jan-2030 06:00:40,03-Jan-2030 06:01:45,65,NaN,NaN
Ground_Point_14,SAT_44,3,06-Jan-2030 18:13:05,06-Jan-2030 18:13:55,50,NaN,NaN
Ground_Point_14,SAT_44,4,07-Jan-2030 06:07:35,07-Jan-2030 06:08:50,75,NaN,NaN
Ground_Point_15,SAT_44,1,02-Jan-2030 06:17:50,02-Jan-2030 06:19:05,75,NaN,NaN
Ground_Point_15,SAT_44,2,02-Jan-2030 18:10:10,02-Jan-2030 18:11:25,75,NaN,NaN
Ground_Point_15,SAT_44,3,06-Jan-2030 06:25:00,06-Jan-2030 06:25:50,50,NaN,NaN
Ground_Point_15,SAT_44,4,06-Jan-2030 18:17:20,06-Jan-2030 18:18:15,55,NaN,NaN
Ground_Point_16,SAT_44,1,01-Jan-2030 05:10:40,01-Jan-2030 05:11:50,70,NaN,NaN
Ground_Point_16,SAT_44,2,04-Jan-2030 17:21:05,04-Jan-2030 17:22:15,70,NaN,NaN
Ground_Point_16,SAT_44,3,05-Jan-2030 05:18:00,05-Jan-2030 05:18:30,30,NaN,NaN
Ground_Point_17,SAT_44,1,01-Jan-2030 18:29:45,01-Jan-2030 18:30:55,70,NaN,NaN
Ground_Point_17,SAT_44,2,02-Jan-2030 06:20:55,02-Jan-2030 06:21:20,25,NaN,NaN
Ground_Point_17,SAT_44,3,05-Jan-2030 18:36:40,05-Jan-2030 18:37:55,75,NaN,NaN
Ground_Point_17,SAT_44,4,06-Jan-2030 06:27:30,06-Jan-2030 06:28:40,70,NaN,NaN
Ground_Point_18,SAT_44,1,01-Jan-2030 08:21:00,01-Jan-2030 08:22:05,65,NaN,NaN
Ground_Point_18,SAT_44,2,04-Jan-2030 20:29:30,04-Jan-2030 20:29:45,15,NaN,NaN
Ground_Point_18,SAT_44,3,05-Jan-2030 08:28:20,05-Jan-2030 08:28:45,25,NaN,NaN
Ground_Point_19,SAT_44,1,02-Jan-2030 08:01:45,02-Jan-2030 08:02:35,50,NaN,NaN
Ground_Point_19,SAT_44,2,04-Jan-2030 20:26:25,04-Jan-2030 20:27:40,75,NaN,NaN
Ground_Point_19,SAT_44,3,07-Jan-2030 07:47:00,07-Jan-2030 07:48:05,65,NaN,NaN
Ground_Point_20,SAT_44,1,02-Jan-2030 07:57:35,02-Jan-2030 07:58:45,70,NaN,NaN
Ground_Point_20,SAT_44,2,05-Jan-2030 20:09:00,05-Jan-2030 20:09:40,40,NaN,NaN
Ground_Point_20,SAT_44,3,06-Jan-2030 08:04:30,06-Jan-2030 08:05:45,75,NaN,NaN
Ground_Point_21,SAT_44,1,02-Jan-2030 02:09:30,02-Jan-2030 02:10:35,65,NaN,NaN
Ground_Point_21,SAT_44,2,02-Jan-2030 12:51:25,02-Jan-2030 12:52:20,55,NaN,NaN
Ground_Point_21,SAT_44,3,03-Jan-2030 01:48:00,03-Jan-2030 01:48:50,50,NaN,NaN
Ground_Point_21,SAT_44,4,03-Jan-2030 12:29:40,03-Jan-2030 12:30:50,70,NaN,NaN
Ground_Point_21,SAT_44,5,06-Jan-2030 02:16:40,06-Jan-2030 02:17:25,45,NaN,NaN
Ground_Point_21,SAT_44,6,07-Jan-2030 01:54:50,07-Jan-2030 01:56:00,70,NaN,NaN
Ground_Point_21,SAT_44,7,07-Jan-2030 12:36:35,07-Jan-2030 12:37:55,80,NaN,NaN
Ground_Point_22,SAT_44,1,03-Jan-2030 01:48:20,03-Jan-2030 01:49:35,75,NaN,NaN
Ground_Point_22,SAT_44,2,03-Jan-2030 12:28:50,03-Jan-2030 12:30:05,75,NaN,NaN
Ground_Point_22,SAT_44,3,07-Jan-2030 01:55:20,07-Jan-2030 01:56:30,70,NaN,NaN
Ground_Point_22,SAT_44,4,07-Jan-2030 12:35:50,07-Jan-2030 12:37:05,75,NaN,NaN
Ground_Point_23,SAT_44,1,03-Jan-2030 01:47:20,03-Jan-2030 01:48:35,75,NaN,NaN
Ground_Point_23,SAT_44,2,03-Jan-2030 12:29:45,03-Jan-2030 12:30:40,55,NaN,NaN
Ground_Point_23,SAT_44,3,04-Jan-2030 01:26:10,04-Jan-2030 01:26:30,20,NaN,NaN
Ground_Point_23,SAT_44,4,04-Jan-2030 12:08:05,04-Jan-2030 12:09:10,65,NaN,NaN
Ground_Point_23,SAT_44,5,07-Jan-2030 01:54:25,07-Jan-2030 01:55:30,65,NaN,NaN
Ground_Point_24,SAT_44,1,03-Jan-2030 01:47:45,03-Jan-2030 01:49:00,75,NaN,NaN
Ground_Point_24,SAT_44,2,03-Jan-2030 12:29:15,03-Jan-2030 12:30:30,75,NaN,NaN
Ground_Point_24,SAT_44,3,04-Jan-2030 01:26:35,04-Jan-2030 01:26:50,15,NaN,NaN
Ground_Point_24,SAT_44,4,04-Jan-2030 12:07:55,04-Jan-2030 12:08:35,40,NaN,NaN
Ground_Point_24,SAT_44,5,07-Jan-2030 01:54:50,07-Jan-2030 01:55:50,60,NaN,NaN
Ground_Point_24,SAT_44,6,07-Jan-2030 12:36:30,07-Jan-2030 12:37:20,50,NaN,NaN
Ground_Point_25,SAT_44,1,04-Jan-2030 01:26:05,04-Jan-2030 01:27:25,80,NaN,NaN
Ground_Point_25,SAT_44,2,04-Jan-2030 12:07:15,04-Jan-2030 12:08:30,75,NaN,NaN
Ground_Point_26,SAT_44,1,01-Jan-2030 00:56:45,01-Jan-2030 00:57:50,65,NaN,NaN
Ground_Point_26,SAT_44,2,01-Jan-2030 11:39:00,01-Jan-2030 11:40:15,75,NaN,NaN
Ground_Point_26,SAT_44,3,04-Jan-2030 01:25:40,04-Jan-2030 01:26:10,30,NaN,NaN
Ground_Point_26,SAT_44,4,05-Jan-2030 01:03:40,05-Jan-2030 01:04:55,75,NaN,NaN
Ground_Point_26,SAT_44,5,05-Jan-2030 11:46:00,05-Jan-2030 11:47:20,80,NaN,NaN
Ground_Point_27,SAT_44,1,01-Jan-2030 00:58:00,01-Jan-2030 00:58:55,55,NaN,NaN
Ground_Point_27,SAT_44,2,04-Jan-2030 12:06:45,04-Jan-2030 12:07:45,60,NaN,NaN
Ground_Point_27,SAT_44,3,05-Jan-2030 01:04:50,05-Jan-2030 01:06:05,75,NaN,NaN
Ground_Point_27,SAT_44,4,05-Jan-2030 11:45:10,05-Jan-2030 11:46:05,55,NaN,NaN
Ground_Point_28,SAT_44,1,01-Jan-2030 13:10:15,01-Jan-2030 13:11:25,70,NaN,NaN
Ground_Point_28,SAT_44,2,02-Jan-2030 02:12:35,02-Jan-2030 02:13:20,45,NaN,NaN
Ground_Point_28,SAT_44,3,03-Jan-2030 01:51:00,03-Jan-2030 01:51:45,45,NaN,NaN
Ground_Point_28,SAT_44,4,05-Jan-2030 13:17:25,05-Jan-2030 13:18:20,55,NaN,NaN
Ground_Point_28,SAT_44,5,06-Jan-2030 12:55:55,06-Jan-2030 12:56:35,40,NaN,NaN
Ground_Point_28,SAT_44,6,07-Jan-2030 01:57:45,07-Jan-2030 01:58:55,70,NaN,NaN
Ground_Point_29,SAT_44,1,02-Jan-2030 12:48:40,02-Jan-2030 12:49:45,65,NaN,NaN
Ground_Point_29,SAT_44,2,03-Jan-2030 01:50:25,03-Jan-2030 01:51:15,50,NaN,NaN
Ground_Point_29,SAT_44,3,04-Jan-2030 01:28:50,04-Jan-2030 01:29:35,45,NaN,NaN
Ground_Point_29,SAT_44,4,06-Jan-2030 12:55:55,06-Jan-2030 12:56:30,35,NaN,NaN
Ground_Point_29,SAT_44,5,07-Jan-2030 12:34:05,07-Jan-2030 12:35:05,60,NaN,NaN
Ground_Point_30,SAT_44,1,01-Jan-2030 00:59:25,01-Jan-2030 01:00:40,75,NaN,NaN
Ground_Point_30,SAT_44,2,04-Jan-2030 12:05:00,04-Jan-2030 12:06:15,75,NaN,NaN
Ground_Point_30,SAT_44,3,05-Jan-2030 01:06:25,05-Jan-2030 01:07:35,70,NaN,NaN
Ground_Point_31,SAT_44,1,04-Jan-2030 01:27:25,04-Jan-2030 01:28:20,55,NaN,NaN
Ground_Point_31,SAT_44,2,04-Jan-2030 12:06:00,04-Jan-2030 12:07:20,80,NaN,NaN
Ground_Point_31,SAT_44,3,05-Jan-2030 01:05:50,05-Jan-2030 01:06:40,50,NaN,NaN
Ground_Point_32,SAT_44,1,02-Jan-2030 00:34:45,02-Jan-2030 00:36:05,80,NaN,NaN
Ground_Point_32,SAT_44,2,02-Jan-2030 11:17:00,02-Jan-2030 11:18:15,75,NaN,NaN
Ground_Point_32,SAT_44,3,03-Jan-2030 10:55:50,03-Jan-2030 10:56:05,15,NaN,NaN
Ground_Point_32,SAT_44,4,06-Jan-2030 00:41:45,06-Jan-2030 00:43:05,80,NaN,NaN
Ground_Point_32,SAT_44,5,06-Jan-2030 11:24:05,06-Jan-2030 11:25:10,65,NaN,NaN
Ground_Point_32,SAT_44,6,07-Jan-2030 11:02:30,07-Jan-2030 11:03:30,60,NaN,NaN
Ground_Point_33,SAT_44,1,01-Jan-2030 17:53:55,01-Jan-2030 17:55:05,70,NaN,NaN
Ground_Point_33,SAT_44,2,02-Jan-2030 06:56:15,02-Jan-2030 06:56:45,30,NaN,NaN
Ground_Point_33,SAT_44,3,03-Jan-2030 06:34:25,03-Jan-2030 06:35:20,55,NaN,NaN
Ground_Point_33,SAT_44,4,05-Jan-2030 18:01:15,05-Jan-2030 18:01:50,35,NaN,NaN
Ground_Point_33,SAT_44,5,06-Jan-2030 17:39:25,06-Jan-2030 17:40:25,60,NaN,NaN
Ground_Point_33,SAT_44,6,07-Jan-2030 06:41:15,07-Jan-2030 06:42:30,75,NaN,NaN
Ground_Point_34,SAT_44,1,01-Jan-2030 17:53:40,01-Jan-2030 17:54:45,65,NaN,NaN
Ground_Point_34,SAT_44,2,02-Jan-2030 06:56:30,02-Jan-2030 06:57:45,75,NaN,NaN
Ground_Point_34,SAT_44,3,05-Jan-2030 18:00:30,05-Jan-2030 18:01:50,80,NaN,NaN
Ground_Point_34,SAT_44,4,06-Jan-2030 07:03:35,06-Jan-2030 07:04:35,60,NaN,NaN
Ground_Point_35,SAT_44,1,02-Jan-2030 17:32:30,02-Jan-2030 17:33:50,80,NaN,NaN
Ground_Point_35,SAT_44,2,03-Jan-2030 06:33:40,03-Jan-2030 06:35:00,80,NaN,NaN
Ground_Point_35,SAT_44,3,06-Jan-2030 17:39:35,06-Jan-2030 17:40:50,75,NaN,NaN
Ground_Point_35,SAT_44,4,07-Jan-2030 06:40:45,07-Jan-2030 06:41:55,70,NaN,NaN
Ground_Point_36,SAT_44,1,03-Jan-2030 18:45:00,03-Jan-2030 18:46:15,75,NaN,NaN
Ground_Point_36,SAT_44,2,04-Jan-2030 07:46:30,04-Jan-2030 07:47:35,65,NaN,NaN
Ground_Point_36,SAT_44,3,07-Jan-2030 18:52:10,07-Jan-2030 18:53:10,60,NaN,NaN
Ground_Point_37,SAT_44,1,01-Jan-2030 19:26:20,01-Jan-2030 19:27:40,80,NaN,NaN
Ground_Point_37,SAT_44,2,03-Jan-2030 08:10:45,03-Jan-2030 08:12:00,75,NaN,NaN
Ground_Point_37,SAT_44,3,05-Jan-2030 19:33:25,05-Jan-2030 19:34:35,70,NaN,NaN
Ground_Point_37,SAT_44,4,07-Jan-2030 08:17:55,07-Jan-2030 08:18:50,55,NaN,NaN
Ground_Point_38,SAT_44,1,01-Jan-2030 19:25:35,01-Jan-2030 19:26:45,70,NaN,NaN
Ground_Point_38,SAT_44,2,03-Jan-2030 08:12:00,03-Jan-2030 08:12:10,10,NaN,NaN
Ground_Point_38,SAT_44,3,04-Jan-2030 07:50:10,04-Jan-2030 07:50:50,40,NaN,NaN
Ground_Point_38,SAT_44,4,05-Jan-2030 19:32:45,05-Jan-2030 19:33:35,50,NaN,NaN
Ground_Point_39,SAT_44,1,01-Jan-2030 21:01:30,01-Jan-2030 21:02:05,35,NaN,NaN
Ground_Point_39,SAT_44,2,02-Jan-2030 20:39:50,02-Jan-2030 20:40:30,40,NaN,NaN
Ground_Point_39,SAT_44,3,03-Jan-2030 09:45:10,03-Jan-2030 09:45:50,40,NaN,NaN
Ground_Point_39,SAT_44,4,04-Jan-2030 09:23:40,04-Jan-2030 09:24:10,30,NaN,NaN
Ground_Point_39,SAT_44,5,06-Jan-2030 20:46:35,06-Jan-2030 20:47:45,70,NaN,NaN
Ground_Point_40,SAT_44,1,01-Jan-2030 21:02:15,01-Jan-2030 21:03:35,80,NaN,NaN
Ground_Point_40,SAT_44,2,02-Jan-2030 10:06:05,02-Jan-2030 10:06:40,35,NaN,NaN
Ground_Point_40,SAT_44,3,03-Jan-2030 09:44:20,03-Jan-2030 09:45:10,50,NaN,NaN
Ground_Point_40,SAT_44,4,05-Jan-2030 21:09:15,05-Jan-2030 21:10:30,75,NaN,NaN
Ground_Point_40,SAT_44,5,07-Jan-2030 09:51:10,07-Jan-2030 09:52:20,70,NaN,NaN
Ground_Point_41,SAT_44,1,01-Jan-2030 21:05:00,01-Jan-2030 21:05:50,50,NaN,NaN
Ground_Point_41,SAT_44,2,02-Jan-2030 10:03:15,02-Jan-2030 10:04:35,80,NaN,NaN
Ground_Point_41,SAT_44,3,02-Jan-2030 20:43:15,02-Jan-2030 20:44:20,65,NaN,NaN
Ground_Point_41,SAT_44,4,06-Jan-2030 10:10:15,06-Jan-2030 10:11:30,75,NaN,NaN
Ground_Point_41,SAT_44,5,06-Jan-2030 20:50:10,06-Jan-2030 20:51:25,75,NaN,NaN
Ground_Point_42,SAT_44,1,01-Jan-2030 07:17:10,01-Jan-2030 07:18:05,55,NaN,NaN
Ground_Point_42,SAT_44,2,01-Jan-2030 17:55:00,01-Jan-2030 17:56:00,60,NaN,NaN
Ground_Point_42,SAT_44,3,02-Jan-2030 06:55:40,02-Jan-2030 06:56:20,40,NaN,NaN
Ground_Point_42,SAT_44,4,05-Jan-2030 18:01:55,05-Jan-2030 18:03:05,70,NaN,NaN
Ground_Point_42,SAT_44,5,06-Jan-2030 07:02:25,06-Jan-2030 07:03:35,70,NaN,NaN
Ground_Point_43,SAT_44,1,02-Jan-2030 06:54:45,02-Jan-2030 06:55:50,65,NaN,NaN
Ground_Point_43,SAT_44,2,02-Jan-2030 17:33:30,02-Jan-2030 17:34:40,70,NaN,NaN
Ground_Point_43,SAT_44,3,03-Jan-2030 06:33:25,03-Jan-2030 06:33:55,30,NaN,NaN
Ground_Point_43,SAT_44,4,06-Jan-2030 07:02:00,06-Jan-2030 07:02:35,35,NaN,NaN
Ground_Point_43,SAT_44,5,06-Jan-2030 17:40:25,06-Jan-2030 17:41:45,80,NaN,NaN
Ground_Point_43,SAT_44,6,07-Jan-2030 06:40:05,07-Jan-2030 06:41:10,65,NaN,NaN
Ground_Point_44,SAT_44,1,03-Jan-2030 08:14:25,03-Jan-2030 08:15:20,55,NaN,NaN
Ground_Point_44,SAT_44,2,04-Jan-2030 19:51:50,04-Jan-2030 19:52:50,60,NaN,NaN
Ground_Point_45,SAT_44,1,01-Jan-2030 19:25:50,01-Jan-2030 19:27:00,70,NaN,NaN
Ground_Point_45,SAT_44,2,03-Jan-2030 08:11:25,03-Jan-2030 08:12:40,75,NaN,NaN
Ground_Point_45,SAT_44,3,05-Jan-2030 19:32:45,05-Jan-2030 19:34:05,80,NaN,NaN
Ground_Point_45,SAT_44,4,07-Jan-2030 08:18:35,07-Jan-2030 08:19:35,60,NaN,NaN
Ground_Point_46,SAT_44,1,03-Jan-2030 09:13:45,03-Jan-2030 09:14:30,45,NaN,NaN
Ground_Point_46,SAT_44,2,04-Jan-2030 22:01:50,04-Jan-2030 22:02:50,60,NaN,NaN
Ground_Point_46,SAT_44,3,07-Jan-2030 09:20:30,07-Jan-2030 09:21:45,75,NaN,NaN
Ground_Point_47,SAT_44,1,01-Jan-2030 09:57:00,01-Jan-2030 09:58:15,75,NaN,NaN
Ground_Point_47,SAT_44,2,03-Jan-2030 22:23:55,03-Jan-2030 22:25:05,70,NaN,NaN
Ground_Point_47,SAT_44,3,05-Jan-2030 10:04:05,05-Jan-2030 10:05:10,65,NaN,NaN
Ground_Point_47,SAT_44,4,07-Jan-2030 22:30:50,07-Jan-2030 22:32:05,75,NaN,NaN
Ground_Point_48,SAT_44,1,03-Jan-2030 10:49:55,03-Jan-2030 10:50:40,45,NaN,NaN
Ground_Point_48,SAT_44,2,04-Jan-2030 10:28:30,04-Jan-2030 10:28:50,20,NaN,NaN
Ground_Point_48,SAT_44,3,05-Jan-2030 23:13:00,05-Jan-2030 23:13:50,50,NaN,NaN
Ground_Point_49,SAT_44,1,03-Jan-2030 10:49:20,03-Jan-2030 10:50:30,70,NaN,NaN
Ground_Point_49,SAT_44,2,04-Jan-2030 23:35:05,04-Jan-2030 23:36:20,75,NaN,NaN
Ground_Point_49,SAT_44,3,07-Jan-2030 10:56:15,07-Jan-2030 10:57:35,80,NaN,NaN
Ground_Point_50,SAT_44,1,01-Jan-2030 23:21:10,01-Jan-2030 23:21:45,35,NaN,NaN
Ground_Point_50,SAT_44,2,02-Jan-2030 22:59:50,02-Jan-2030 22:59:55,5,NaN,NaN
Ground_Point_50,SAT_44,3,04-Jan-2030 11:47:00,04-Jan-2030 11:48:15,75,NaN,NaN
Ground_Point_50,SAT_44,4,06-Jan-2030 23:06:20,06-Jan-2030 23:07:25,65,NaN,NaN
Ground_Point_51,SAT_44,1,01-Jan-2030 01:08:45,01-Jan-2030 01:10:00,75,NaN,NaN
Ground_Point_51,SAT_44,2,01-Jan-2030 13:01:15,01-Jan-2030 13:02:35,80,NaN,NaN
Ground_Point_51,SAT_44,3,05-Jan-2030 01:15:50,05-Jan-2030 01:16:55,65,NaN,NaN
Ground_Point_51,SAT_44,4,05-Jan-2030 13:08:20,05-Jan-2030 13:09:25,65,NaN,NaN
Ground_Point_52,SAT_44,1,02-Jan-2030 04:04:10,02-Jan-2030 04:05:05,55,NaN,NaN
Ground_Point_52,SAT_44,2,04-Jan-2030 16:31:40,04-Jan-2030 16:32:30,50,NaN,NaN
Ground_Point_52,SAT_44,3,06-Jan-2030 04:11:00,06-Jan-2030 04:12:15,75,NaN,NaN
Ground_Point_53,SAT_44,1,02-Jan-2030 04:03:45,02-Jan-2030 04:04:50,65,NaN,NaN
Ground_Point_53,SAT_44,2,04-Jan-2030 16:31:30,04-Jan-2030 16:32:40,70,NaN,NaN
Ground_Point_53,SAT_44,3,06-Jan-2030 04:11:15,06-Jan-2030 04:11:20,5,NaN,NaN
Ground_Point_53,SAT_44,4,07-Jan-2030 03:49:30,07-Jan-2030 03:49:50,20,NaN,NaN
Ground_Point_54,SAT_44,1,01-Jan-2030 17:34:00,01-Jan-2030 17:35:20,80,NaN,NaN
Ground_Point_54,SAT_44,2,04-Jan-2030 04:57:40,04-Jan-2030 04:58:45,65,NaN,NaN
Ground_Point_54,SAT_44,3,05-Jan-2030 17:41:00,05-Jan-2030 17:42:15,75,NaN,NaN
Ground_Point_55,SAT_44,1,02-Jan-2030 05:41:05,02-Jan-2030 05:42:20,75,NaN,NaN
Ground_Point_55,SAT_44,2,03-Jan-2030 18:25:05,03-Jan-2030 18:26:25,80,NaN,NaN
Ground_Point_55,SAT_44,3,06-Jan-2030 05:48:05,06-Jan-2030 05:49:15,70,NaN,NaN
Ground_Point_55,SAT_44,4,07-Jan-2030 18:32:10,07-Jan-2030 18:33:15,65,NaN,NaN
Ground_Point_1,SAT_45,1,01-Jan-2030 06:27:25,01-Jan-2030 06:28:40,75,NaN,NaN
Ground_Point_1,SAT_45,2,02-Jan-2030 19:09:25,02-Jan-2030 19:10:30,65,NaN,NaN
Ground_Point_1,SAT_45,3,05-Jan-2030 06:34:25,05-Jan-2030 06:35:30,65,NaN,NaN
Ground_Point_1,SAT_45,4,06-Jan-2030 19:16:15,06-Jan-2030 19:17:35,80,NaN,NaN
Ground_Point_2,SAT_45,1,01-Jan-2030 06:26:50,01-Jan-2030 06:27:50,60,NaN,NaN
Ground_Point_2,SAT_45,2,02-Jan-2030 19:09:55,02-Jan-2030 19:11:05,70,NaN,NaN
Ground_Point_2,SAT_45,3,05-Jan-2030 06:34:15,05-Jan-2030 06:34:20,5,NaN,NaN
Ground_Point_2,SAT_45,4,06-Jan-2030 06:12:10,06-Jan-2030 06:13:10,60,NaN,NaN
Ground_Point_2,SAT_45,5,06-Jan-2030 19:17:00,06-Jan-2030 19:17:50,50,NaN,NaN
Ground_Point_2,SAT_45,6,07-Jan-2030 18:55:35,07-Jan-2030 18:56:00,25,NaN,NaN
Ground_Point_3,SAT_45,1,01-Jan-2030 06:27:25,01-Jan-2030 06:28:40,75,NaN,NaN
Ground_Point_3,SAT_45,2,02-Jan-2030 19:09:30,02-Jan-2030 19:10:35,65,NaN,NaN
Ground_Point_3,SAT_45,3,05-Jan-2030 06:34:25,05-Jan-2030 06:35:35,70,NaN,NaN
Ground_Point_3,SAT_45,4,06-Jan-2030 19:16:20,06-Jan-2030 19:17:35,75,NaN,NaN
Ground_Point_4,SAT_45,1,03-Jan-2030 05:43:10,03-Jan-2030 05:44:20,70,NaN,NaN
Ground_Point_4,SAT_45,2,04-Jan-2030 18:26:00,04-Jan-2030 18:27:15,75,NaN,NaN
Ground_Point_4,SAT_45,3,07-Jan-2030 05:50:20,07-Jan-2030 05:51:00,40,NaN,NaN
Ground_Point_5,SAT_45,1,02-Jan-2030 06:04:55,02-Jan-2030 06:05:40,45,NaN,NaN
Ground_Point_5,SAT_45,2,03-Jan-2030 05:43:25,03-Jan-2030 05:44:00,35,NaN,NaN
Ground_Point_5,SAT_45,3,03-Jan-2030 18:48:10,03-Jan-2030 18:49:10,60,NaN,NaN
Ground_Point_5,SAT_45,4,07-Jan-2030 05:50:00,07-Jan-2030 05:51:10,70,NaN,NaN
Ground_Point_6,SAT_45,1,03-Jan-2030 05:43:10,03-Jan-2030 05:44:20,70,NaN,NaN
Ground_Point_6,SAT_45,2,04-Jan-2030 18:26:25,04-Jan-2030 18:27:20,55,NaN,NaN
Ground_Point_6,SAT_45,3,07-Jan-2030 05:50:00,07-Jan-2030 05:51:20,80,NaN,NaN
Ground_Point_7,SAT_45,1,03-Jan-2030 07:19:00,03-Jan-2030 07:19:35,35,NaN,NaN
Ground_Point_7,SAT_45,2,04-Jan-2030 06:57:15,04-Jan-2030 06:58:10,55,NaN,NaN
Ground_Point_7,SAT_45,3,04-Jan-2030 19:59:25,04-Jan-2030 20:00:45,80,NaN,NaN
Ground_Point_8,SAT_45,1,01-Jan-2030 19:32:50,01-Jan-2030 19:34:05,75,NaN,NaN
Ground_Point_8,SAT_45,2,04-Jan-2030 06:54:35,04-Jan-2030 06:55:55,80,NaN,NaN
Ground_Point_8,SAT_45,3,05-Jan-2030 19:39:50,05-Jan-2030 19:40:55,65,NaN,NaN
Ground_Point_9,SAT_45,1,02-Jan-2030 07:36:10,02-Jan-2030 07:37:10,60,NaN,NaN
Ground_Point_9,SAT_45,2,04-Jan-2030 20:04:05,04-Jan-2030 20:05:05,60,NaN,NaN
Ground_Point_9,SAT_45,3,07-Jan-2030 07:21:35,07-Jan-2030 07:22:20,45,NaN,NaN
Ground_Point_10,SAT_45,1,02-Jan-2030 07:36:05,02-Jan-2030 07:37:05,60,NaN,NaN
Ground_Point_10,SAT_45,2,04-Jan-2030 20:04:10,04-Jan-2030 20:05:05,55,NaN,NaN
Ground_Point_10,SAT_45,3,07-Jan-2030 07:21:35,07-Jan-2030 07:22:15,40,NaN,NaN
Ground_Point_11,SAT_45,1,01-Jan-2030 19:34:30,01-Jan-2030 19:35:30,60,NaN,NaN
Ground_Point_11,SAT_45,2,04-Jan-2030 06:53:05,04-Jan-2030 06:54:15,70,NaN,NaN
Ground_Point_11,SAT_45,3,06-Jan-2030 19:20:00,06-Jan-2030 19:20:40,40,NaN,NaN
Ground_Point_12,SAT_45,1,03-Jan-2030 20:31:35,03-Jan-2030 20:32:30,55,NaN,NaN
Ground_Point_12,SAT_45,2,04-Jan-2030 08:21:20,04-Jan-2030 08:22:35,75,NaN,NaN
Ground_Point_13,SAT_45,1,02-Jan-2030 20:50:10,02-Jan-2030 20:51:15,65,NaN,NaN
Ground_Point_13,SAT_45,2,04-Jan-2030 08:24:40,04-Jan-2030 08:25:50,70,NaN,NaN
Ground_Point_13,SAT_45,3,06-Jan-2030 20:57:30,06-Jan-2030 20:57:40,10,NaN,NaN
Ground_Point_14,SAT_45,1,01-Jan-2030 07:55:35,01-Jan-2030 07:55:45,10,NaN,NaN
Ground_Point_14,SAT_45,2,03-Jan-2030 20:29:20,03-Jan-2030 20:29:40,20,NaN,NaN
Ground_Point_14,SAT_45,3,05-Jan-2030 08:02:00,05-Jan-2030 08:03:10,70,NaN,NaN
Ground_Point_15,SAT_45,1,04-Jan-2030 08:19:15,04-Jan-2030 08:20:30,75,NaN,NaN
Ground_Point_15,SAT_45,2,04-Jan-2030 20:11:35,04-Jan-2030 20:12:50,75,NaN,NaN
Ground_Point_16,SAT_45,1,02-Jan-2030 19:15:40,02-Jan-2030 19:16:30,50,NaN,NaN
Ground_Point_16,SAT_45,2,03-Jan-2030 07:12:05,03-Jan-2030 07:13:15,70,NaN,NaN
Ground_Point_16,SAT_45,3,06-Jan-2030 19:22:25,06-Jan-2030 19:23:35,70,NaN,NaN
Ground_Point_16,SAT_45,4,07-Jan-2030 07:19:30,07-Jan-2030 07:19:45,15,NaN,NaN
Ground_Point_17,SAT_45,1,03-Jan-2030 20:31:05,03-Jan-2030 20:32:20,75,NaN,NaN
Ground_Point_17,SAT_45,2,04-Jan-2030 08:22:10,04-Jan-2030 08:22:50,40,NaN,NaN
Ground_Point_17,SAT_45,3,07-Jan-2030 20:38:00,07-Jan-2030 20:39:15,75,NaN,NaN
Ground_Point_18,SAT_45,1,01-Jan-2030 22:45:10,01-Jan-2030 22:46:10,60,NaN,NaN
Ground_Point_18,SAT_45,2,03-Jan-2030 10:22:25,03-Jan-2030 10:23:30,65,NaN,NaN
Ground_Point_18,SAT_45,3,06-Jan-2030 22:30:45,06-Jan-2030 22:31:15,30,NaN,NaN
Ground_Point_19,SAT_45,1,02-Jan-2030 22:20:55,02-Jan-2030 22:22:00,65,NaN,NaN
Ground_Point_19,SAT_45,2,04-Jan-2030 10:03:10,04-Jan-2030 10:03:55,45,NaN,NaN
Ground_Point_19,SAT_45,3,05-Jan-2030 09:41:50,05-Jan-2030 09:42:00,10,NaN,NaN
Ground_Point_19,SAT_45,4,06-Jan-2030 22:27:45,06-Jan-2030 22:29:00,75,NaN,NaN
Ground_Point_20,SAT_45,1,02-Jan-2030 22:25:00,02-Jan-2030 22:25:45,45,NaN,NaN
Ground_Point_20,SAT_45,2,04-Jan-2030 09:58:55,04-Jan-2030 10:00:10,75,NaN,NaN
Ground_Point_20,SAT_45,3,07-Jan-2030 22:10:15,07-Jan-2030 22:11:05,50,NaN,NaN
Ground_Point_21,SAT_45,1,01-Jan-2030 14:24:15,01-Jan-2030 14:25:05,50,NaN,NaN
Ground_Point_21,SAT_45,2,04-Jan-2030 04:10:55,04-Jan-2030 04:11:55,60,NaN,NaN
Ground_Point_21,SAT_45,3,04-Jan-2030 14:52:50,04-Jan-2030 14:53:40,50,NaN,NaN
Ground_Point_21,SAT_45,4,05-Jan-2030 03:49:20,05-Jan-2030 03:50:15,55,NaN,NaN
Ground_Point_21,SAT_45,5,05-Jan-2030 14:31:05,05-Jan-2030 14:32:10,65,NaN,NaN
Ground_Point_22,SAT_45,1,01-Jan-2030 03:42:45,01-Jan-2030 03:44:00,75,NaN,NaN
Ground_Point_22,SAT_45,2,01-Jan-2030 14:23:20,01-Jan-2030 14:24:25,65,NaN,NaN
Ground_Point_22,SAT_45,3,05-Jan-2030 03:49:40,05-Jan-2030 03:51:00,80,NaN,NaN
Ground_Point_22,SAT_45,4,05-Jan-2030 14:30:10,05-Jan-2030 14:31:30,80,NaN,NaN
Ground_Point_23,SAT_45,1,01-Jan-2030 03:41:45,01-Jan-2030 03:43:05,80,NaN,NaN
Ground_Point_23,SAT_45,2,01-Jan-2030 14:24:05,01-Jan-2030 14:25:15,70,NaN,NaN
Ground_Point_23,SAT_45,3,02-Jan-2030 14:02:40,02-Jan-2030 14:03:25,45,NaN,NaN
Ground_Point_23,SAT_45,4,05-Jan-2030 03:48:45,05-Jan-2030 03:49:55,70,NaN,NaN
Ground_Point_23,SAT_45,5,05-Jan-2030 14:31:10,05-Jan-2030 14:32:05,55,NaN,NaN
Ground_Point_23,SAT_45,6,06-Jan-2030 03:27:25,06-Jan-2030 03:27:55,30,NaN,NaN
Ground_Point_23,SAT_45,7,06-Jan-2030 14:09:25,06-Jan-2030 14:10:30,65,NaN,NaN
Ground_Point_24,SAT_45,1,01-Jan-2030 03:42:10,01-Jan-2030 03:43:30,80,NaN,NaN
Ground_Point_24,SAT_45,2,01-Jan-2030 14:23:40,01-Jan-2030 14:24:55,75,NaN,NaN
Ground_Point_24,SAT_45,3,05-Jan-2030 03:49:10,05-Jan-2030 03:50:20,70,NaN,NaN
Ground_Point_24,SAT_45,4,05-Jan-2030 14:30:40,05-Jan-2030 14:31:50,70,NaN,NaN
Ground_Point_24,SAT_45,5,06-Jan-2030 03:27:50,06-Jan-2030 03:28:20,30,NaN,NaN
Ground_Point_24,SAT_45,6,06-Jan-2030 14:09:15,06-Jan-2030 14:10:00,45,NaN,NaN
Ground_Point_25,SAT_45,1,02-Jan-2030 03:20:30,02-Jan-2030 03:21:50,80,NaN,NaN
Ground_Point_25,SAT_45,2,02-Jan-2030 14:01:40,02-Jan-2030 14:02:55,75,NaN,NaN
Ground_Point_25,SAT_45,3,06-Jan-2030 03:27:30,06-Jan-2030 03:28:45,75,NaN,NaN
Ground_Point_25,SAT_45,4,06-Jan-2030 14:08:35,06-Jan-2030 14:09:55,80,NaN,NaN
Ground_Point_26,SAT_45,1,02-Jan-2030 03:19:55,02-Jan-2030 03:20:50,55,NaN,NaN
Ground_Point_26,SAT_45,2,03-Jan-2030 02:58:10,03-Jan-2030 02:59:15,65,NaN,NaN
Ground_Point_26,SAT_45,3,03-Jan-2030 13:40:25,03-Jan-2030 13:41:40,75,NaN,NaN
Ground_Point_26,SAT_45,4,06-Jan-2030 03:27:10,06-Jan-2030 03:27:25,15,NaN,NaN
Ground_Point_26,SAT_45,5,07-Jan-2030 03:05:00,07-Jan-2030 03:06:15,75,NaN,NaN
Ground_Point_26,SAT_45,6,07-Jan-2030 13:47:20,07-Jan-2030 13:48:40,80,NaN,NaN
Ground_Point_27,SAT_45,1,02-Jan-2030 03:21:05,02-Jan-2030 03:21:55,50,NaN,NaN
Ground_Point_27,SAT_45,2,02-Jan-2030 14:01:05,02-Jan-2030 14:02:20,75,NaN,NaN
Ground_Point_27,SAT_45,3,03-Jan-2030 02:59:25,03-Jan-2030 03:00:25,60,NaN,NaN
Ground_Point_27,SAT_45,4,06-Jan-2030 14:08:05,06-Jan-2030 14:09:05,60,NaN,NaN
Ground_Point_27,SAT_45,5,07-Jan-2030 03:06:15,07-Jan-2030 03:07:25,70,NaN,NaN
Ground_Point_27,SAT_45,6,07-Jan-2030 13:46:30,07-Jan-2030 13:47:25,55,NaN,NaN
Ground_Point_28,SAT_45,1,03-Jan-2030 15:11:40,03-Jan-2030 15:12:50,70,NaN,NaN
Ground_Point_28,SAT_45,2,04-Jan-2030 04:14:00,04-Jan-2030 04:14:40,40,NaN,NaN
Ground_Point_28,SAT_45,3,05-Jan-2030 03:52:20,05-Jan-2030 03:53:10,50,NaN,NaN
Ground_Point_28,SAT_45,4,07-Jan-2030 15:18:45,07-Jan-2030 15:19:35,50,NaN,NaN
Ground_Point_29,SAT_45,1,01-Jan-2030 03:44:45,01-Jan-2030 03:45:50,65,NaN,NaN
Ground_Point_29,SAT_45,2,04-Jan-2030 14:50:05,04-Jan-2030 14:51:10,65,NaN,NaN
Ground_Point_29,SAT_45,3,05-Jan-2030 03:51:55,05-Jan-2030 03:52:35,40,NaN,NaN
Ground_Point_29,SAT_45,4,05-Jan-2030 14:28:55,05-Jan-2030 14:29:05,10,NaN,NaN
Ground_Point_29,SAT_45,5,06-Jan-2030 03:30:10,06-Jan-2030 03:31:00,50,NaN,NaN
Ground_Point_30,SAT_45,1,02-Jan-2030 13:59:25,02-Jan-2030 14:00:40,75,NaN,NaN
Ground_Point_30,SAT_45,2,03-Jan-2030 03:00:50,03-Jan-2030 03:02:05,75,NaN,NaN
Ground_Point_30,SAT_45,3,06-Jan-2030 14:06:25,06-Jan-2030 14:07:35,70,NaN,NaN
Ground_Point_30,SAT_45,4,07-Jan-2030 03:07:50,07-Jan-2030 03:08:55,65,NaN,NaN
Ground_Point_31,SAT_45,1,01-Jan-2030 14:22:25,01-Jan-2030 14:23:05,40,NaN,NaN
Ground_Point_31,SAT_45,2,02-Jan-2030 03:21:45,02-Jan-2030 03:22:55,70,NaN,NaN
Ground_Point_31,SAT_45,3,02-Jan-2030 14:00:35,02-Jan-2030 14:01:40,65,NaN,NaN
Ground_Point_31,SAT_45,4,06-Jan-2030 03:28:50,06-Jan-2030 03:29:35,45,NaN,NaN
Ground_Point_31,SAT_45,5,06-Jan-2030 14:07:25,06-Jan-2030 14:08:40,75,NaN,NaN
Ground_Point_31,SAT_45,6,07-Jan-2030 03:07:05,07-Jan-2030 03:08:05,60,NaN,NaN
Ground_Point_32,SAT_45,1,04-Jan-2030 02:36:10,04-Jan-2030 02:37:30,80,NaN,NaN
Ground_Point_32,SAT_45,2,04-Jan-2030 13:18:20,04-Jan-2030 13:19:40,80,NaN,NaN
Ground_Point_32,SAT_45,3,05-Jan-2030 12:57:10,05-Jan-2030 12:57:35,25,NaN,NaN
Ground_Point_33,SAT_45,1,01-Jan-2030 08:29:10,01-Jan-2030 08:29:25,15,NaN,NaN
Ground_Point_33,SAT_45,2,03-Jan-2030 19:55:25,03-Jan-2030 19:56:25,60,NaN,NaN
Ground_Point_33,SAT_45,3,04-Jan-2030 08:57:45,04-Jan-2030 08:58:00,15,NaN,NaN
Ground_Point_33,SAT_45,4,04-Jan-2030 19:34:10,04-Jan-2030 19:34:25,15,NaN,NaN
Ground_Point_33,SAT_45,5,05-Jan-2030 08:35:45,05-Jan-2030 08:36:45,60,NaN,NaN
Ground_Point_33,SAT_45,6,07-Jan-2030 20:02:40,07-Jan-2030 20:03:05,25,NaN,NaN
Ground_Point_34,SAT_45,1,03-Jan-2030 19:55:00,03-Jan-2030 19:56:10,70,NaN,NaN
Ground_Point_34,SAT_45,2,04-Jan-2030 08:57:55,04-Jan-2030 08:59:05,70,NaN,NaN
Ground_Point_34,SAT_45,3,07-Jan-2030 20:01:55,07-Jan-2030 20:03:10,75,NaN,NaN
Ground_Point_35,SAT_45,1,01-Jan-2030 08:28:10,01-Jan-2030 08:29:25,75,NaN,NaN
Ground_Point_35,SAT_45,2,04-Jan-2030 19:33:55,04-Jan-2030 19:35:15,80,NaN,NaN
Ground_Point_35,SAT_45,3,05-Jan-2030 08:35:05,05-Jan-2030 08:36:20,75,NaN,NaN
Ground_Point_36,SAT_45,1,01-Jan-2030 20:39:25,01-Jan-2030 20:40:45,80,NaN,NaN
Ground_Point_36,SAT_45,2,02-Jan-2030 09:40:50,02-Jan-2030 09:42:05,75,NaN,NaN
Ground_Point_36,SAT_45,3,05-Jan-2030 20:46:25,05-Jan-2030 20:47:40,75,NaN,NaN
Ground_Point_36,SAT_45,4,06-Jan-2030 09:47:55,06-Jan-2030 09:48:55,60,NaN,NaN
Ground_Point_36,SAT_45,5,07-Jan-2030 09:26:45,07-Jan-2030 09:26:50,5,NaN,NaN
Ground_Point_37,SAT_45,1,01-Jan-2030 10:05:10,01-Jan-2030 10:06:30,80,NaN,NaN
Ground_Point_37,SAT_45,2,03-Jan-2030 21:27:45,03-Jan-2030 21:29:05,80,NaN,NaN
Ground_Point_37,SAT_45,3,05-Jan-2030 10:12:10,05-Jan-2030 10:13:20,70,NaN,NaN
Ground_Point_37,SAT_45,4,07-Jan-2030 21:34:50,07-Jan-2030 21:35:50,60,NaN,NaN
Ground_Point_38,SAT_45,1,01-Jan-2030 10:06:00,01-Jan-2030 10:07:00,60,NaN,NaN
Ground_Point_38,SAT_45,2,03-Jan-2030 21:27:00,03-Jan-2030 21:28:10,70,NaN,NaN
Ground_Point_38,SAT_45,3,06-Jan-2030 09:51:25,06-Jan-2030 09:52:15,50,NaN,NaN
Ground_Point_38,SAT_45,4,07-Jan-2030 21:34:10,07-Jan-2030 21:34:50,40,NaN,NaN
Ground_Point_39,SAT_45,1,01-Jan-2030 11:39:25,01-Jan-2030 11:40:30,65,NaN,NaN
Ground_Point_39,SAT_45,2,03-Jan-2030 23:03:00,03-Jan-2030 23:03:20,20,NaN,NaN
Ground_Point_39,SAT_45,3,04-Jan-2030 22:41:10,04-Jan-2030 22:42:00,50,NaN,NaN
Ground_Point_39,SAT_45,4,05-Jan-2030 11:46:35,05-Jan-2030 11:47:10,35,NaN,NaN
Ground_Point_39,SAT_45,5,06-Jan-2030 11:24:55,06-Jan-2030 11:25:35,40,NaN,NaN
Ground_Point_40,SAT_45,1,03-Jan-2030 23:03:40,03-Jan-2030 23:05:00,80,NaN,NaN
Ground_Point_40,SAT_45,2,04-Jan-2030 12:07:35,04-Jan-2030 12:07:55,20,NaN,NaN
Ground_Point_40,SAT_45,3,05-Jan-2030 11:45:40,05-Jan-2030 11:46:35,55,NaN,NaN
Ground_Point_40,SAT_45,4,07-Jan-2030 23:10:40,07-Jan-2030 23:11:50,70,NaN,NaN
Ground_Point_41,SAT_45,1,03-Jan-2030 23:06:25,03-Jan-2030 23:07:10,45,NaN,NaN
Ground_Point_41,SAT_45,2,04-Jan-2030 12:04:40,04-Jan-2030 12:05:55,75,NaN,NaN
Ground_Point_41,SAT_45,3,04-Jan-2030 22:44:35,04-Jan-2030 22:45:40,65,NaN,NaN
Ground_Point_42,SAT_45,1,02-Jan-2030 20:18:10,02-Jan-2030 20:18:55,45,NaN,NaN
Ground_Point_42,SAT_45,2,03-Jan-2030 09:18:35,03-Jan-2030 09:19:25,50,NaN,NaN
Ground_Point_42,SAT_45,3,03-Jan-2030 19:56:25,03-Jan-2030 19:57:25,60,NaN,NaN
Ground_Point_42,SAT_45,4,04-Jan-2030 08:57:00,04-Jan-2030 08:57:45,45,NaN,NaN
Ground_Point_42,SAT_45,5,07-Jan-2030 20:03:15,07-Jan-2030 20:04:30,75,NaN,NaN
Ground_Point_43,SAT_45,1,04-Jan-2030 08:56:10,04-Jan-2030 08:57:10,60,NaN,NaN
Ground_Point_43,SAT_45,2,04-Jan-2030 19:34:50,04-Jan-2030 19:36:05,75,NaN,NaN
Ground_Point_43,SAT_45,3,05-Jan-2030 08:34:40,05-Jan-2030 08:35:20,40,NaN,NaN
Ground_Point_44,SAT_45,1,01-Jan-2030 10:08:40,01-Jan-2030 10:09:55,75,NaN,NaN
Ground_Point_44,SAT_45,2,02-Jan-2030 21:46:05,02-Jan-2030 21:47:25,80,NaN,NaN
Ground_Point_44,SAT_45,3,05-Jan-2030 10:15:50,05-Jan-2030 10:16:40,50,NaN,NaN
Ground_Point_44,SAT_45,4,06-Jan-2030 21:53:15,06-Jan-2030 21:54:10,55,NaN,NaN
Ground_Point_45,SAT_45,1,01-Jan-2030 10:05:55,01-Jan-2030 10:07:10,75,NaN,NaN
Ground_Point_45,SAT_45,2,03-Jan-2030 21:27:10,03-Jan-2030 21:28:25,75,NaN,NaN
Ground_Point_45,SAT_45,3,05-Jan-2030 10:12:50,05-Jan-2030 10:14:05,75,NaN,NaN
Ground_Point_45,SAT_45,4,07-Jan-2030 21:34:05,07-Jan-2030 21:35:25,80,NaN,NaN
Ground_Point_46,SAT_45,1,02-Jan-2030 23:56:10,02-Jan-2030 23:57:25,75,NaN,NaN
Ground_Point_46,SAT_45,2,05-Jan-2030 11:15:05,05-Jan-2030 11:15:55,50,NaN,NaN
Ground_Point_46,SAT_45,3,07-Jan-2030 00:03:15,07-Jan-2030 00:04:05,50,NaN,NaN
Ground_Point_47,SAT_45,1,02-Jan-2030 00:18:30,02-Jan-2030 00:19:20,50,NaN,NaN
Ground_Point_47,SAT_45,2,03-Jan-2030 11:58:25,03-Jan-2030 11:59:40,75,NaN,NaN
Ground_Point_47,SAT_45,3,06-Jan-2030 00:25:15,06-Jan-2030 00:26:30,75,NaN,NaN
Ground_Point_47,SAT_45,4,07-Jan-2030 12:05:25,07-Jan-2030 12:06:30,65,NaN,NaN
Ground_Point_48,SAT_45,1,01-Jan-2030 12:44:10,01-Jan-2030 12:45:20,70,NaN,NaN
Ground_Point_48,SAT_45,2,03-Jan-2030 01:29:00,03-Jan-2030 01:29:50,50,NaN,NaN
Ground_Point_48,SAT_45,3,05-Jan-2030 12:51:20,05-Jan-2030 12:52:00,40,NaN,NaN
Ground_Point_48,SAT_45,4,06-Jan-2030 12:29:45,06-Jan-2030 12:30:20,35,NaN,NaN
Ground_Point_49,SAT_45,1,01-Jan-2030 12:44:05,01-Jan-2030 12:44:40,35,NaN,NaN
Ground_Point_49,SAT_45,2,03-Jan-2030 01:29:30,03-Jan-2030 01:30:45,75,NaN,NaN
Ground_Point_49,SAT_45,3,05-Jan-2030 12:50:45,05-Jan-2030 12:51:55,70,NaN,NaN
Ground_Point_49,SAT_45,4,07-Jan-2030 01:36:25,07-Jan-2030 01:37:40,75,NaN,NaN
Ground_Point_50,SAT_45,1,02-Jan-2030 13:41:25,02-Jan-2030 13:42:40,75,NaN,NaN
Ground_Point_50,SAT_45,2,04-Jan-2030 01:22:40,04-Jan-2030 01:23:05,25,NaN,NaN
Ground_Point_50,SAT_45,3,05-Jan-2030 01:01:05,05-Jan-2030 01:01:30,25,NaN,NaN
Ground_Point_50,SAT_45,4,06-Jan-2030 13:48:20,06-Jan-2030 13:49:35,75,NaN,NaN
Ground_Point_51,SAT_45,1,03-Jan-2030 03:10:10,03-Jan-2030 03:11:25,75,NaN,NaN
Ground_Point_51,SAT_45,2,03-Jan-2030 15:02:40,03-Jan-2030 15:03:55,75,NaN,NaN
Ground_Point_51,SAT_45,3,07-Jan-2030 03:17:15,07-Jan-2030 03:18:15,60,NaN,NaN
Ground_Point_51,SAT_45,4,07-Jan-2030 15:09:45,07-Jan-2030 15:10:45,60,NaN,NaN
Ground_Point_52,SAT_45,1,01-Jan-2030 18:47:40,01-Jan-2030 18:48:35,55,NaN,NaN
Ground_Point_52,SAT_45,2,04-Jan-2030 06:05:30,04-Jan-2030 06:06:30,60,NaN,NaN
Ground_Point_52,SAT_45,3,06-Jan-2030 18:33:00,06-Jan-2030 18:33:55,55,NaN,NaN
Ground_Point_53,SAT_45,1,02-Jan-2030 18:25:50,02-Jan-2030 18:27:10,80,NaN,NaN
Ground_Point_53,SAT_45,2,04-Jan-2030 06:05:10,04-Jan-2030 06:06:10,60,NaN,NaN
Ground_Point_53,SAT_45,3,06-Jan-2030 18:32:50,06-Jan-2030 18:34:00,70,NaN,NaN
Ground_Point_54,SAT_45,1,02-Jan-2030 06:52:00,02-Jan-2030 06:53:15,75,NaN,NaN
Ground_Point_54,SAT_45,2,03-Jan-2030 19:35:25,03-Jan-2030 19:36:40,75,NaN,NaN
Ground_Point_54,SAT_45,3,06-Jan-2030 06:59:00,06-Jan-2030 07:00:05,65,NaN,NaN
Ground_Point_54,SAT_45,4,07-Jan-2030 19:42:25,07-Jan-2030 19:43:35,70,NaN,NaN
Ground_Point_55,SAT_45,1,01-Jan-2030 20:19:35,01-Jan-2030 20:20:50,75,NaN,NaN
Ground_Point_55,SAT_45,2,04-Jan-2030 07:42:25,04-Jan-2030 07:43:40,75,NaN,NaN
Ground_Point_55,SAT_45,3,05-Jan-2030 20:26:30,05-Jan-2030 20:27:45,75,NaN,NaN
Ground_Point_1,SAT_46,1,01-Jan-2030 19:07:50,01-Jan-2030 19:08:50,60,NaN,NaN
Ground_Point_1,SAT_46,2,04-Jan-2030 06:32:45,04-Jan-2030 06:33:55,70,NaN,NaN
Ground_Point_1,SAT_46,3,05-Jan-2030 19:14:35,05-Jan-2030 19:15:50,75,NaN,NaN
Ground_Point_2,SAT_46,1,01-Jan-2030 19:08:10,01-Jan-2030 19:09:25,75,NaN,NaN
Ground_Point_2,SAT_46,2,04-Jan-2030 06:32:20,04-Jan-2030 06:32:55,35,NaN,NaN
Ground_Point_2,SAT_46,3,05-Jan-2030 06:10:35,05-Jan-2030 06:11:20,45,NaN,NaN
Ground_Point_2,SAT_46,4,05-Jan-2030 19:15:15,05-Jan-2030 19:16:10,55,NaN,NaN
Ground_Point_3,SAT_46,1,01-Jan-2030 19:07:55,01-Jan-2030 19:08:50,55,NaN,NaN
Ground_Point_3,SAT_46,2,04-Jan-2030 06:32:40,04-Jan-2030 06:33:55,75,NaN,NaN
Ground_Point_3,SAT_46,3,05-Jan-2030 19:14:40,05-Jan-2030 19:15:55,75,NaN,NaN
Ground_Point_4,SAT_46,1,02-Jan-2030 05:41:25,02-Jan-2030 05:42:40,75,NaN,NaN
Ground_Point_4,SAT_46,2,03-Jan-2030 18:24:20,03-Jan-2030 18:25:35,75,NaN,NaN
Ground_Point_4,SAT_46,3,06-Jan-2030 05:48:35,06-Jan-2030 05:49:20,45,NaN,NaN
Ground_Point_4,SAT_46,4,07-Jan-2030 05:27:05,07-Jan-2030 05:27:35,30,NaN,NaN
Ground_Point_4,SAT_46,5,07-Jan-2030 18:31:15,07-Jan-2030 18:32:25,70,NaN,NaN
Ground_Point_5,SAT_46,1,01-Jan-2030 06:03:10,01-Jan-2030 06:04:05,55,NaN,NaN
Ground_Point_5,SAT_46,2,02-Jan-2030 05:41:55,02-Jan-2030 05:42:05,10,NaN,NaN
Ground_Point_5,SAT_46,3,02-Jan-2030 18:46:30,02-Jan-2030 18:47:35,65,NaN,NaN
Ground_Point_5,SAT_46,4,06-Jan-2030 05:48:25,06-Jan-2030 05:49:25,60,NaN,NaN
Ground_Point_5,SAT_46,5,06-Jan-2030 18:53:45,06-Jan-2030 18:54:05,20,NaN,NaN
Ground_Point_5,SAT_46,6,07-Jan-2030 18:31:50,07-Jan-2030 18:32:40,50,NaN,NaN
Ground_Point_6,SAT_46,1,02-Jan-2030 05:41:30,02-Jan-2030 05:42:35,65,NaN,NaN
Ground_Point_6,SAT_46,2,02-Jan-2030 18:46:35,02-Jan-2030 18:47:00,25,NaN,NaN
Ground_Point_6,SAT_46,3,03-Jan-2030 18:24:50,03-Jan-2030 18:25:35,45,NaN,NaN
Ground_Point_6,SAT_46,4,06-Jan-2030 05:48:20,06-Jan-2030 05:49:35,75,NaN,NaN
Ground_Point_6,SAT_46,5,07-Jan-2030 18:31:30,07-Jan-2030 18:32:40,70,NaN,NaN
Ground_Point_7,SAT_46,1,02-Jan-2030 07:17:15,02-Jan-2030 07:18:05,50,NaN,NaN
Ground_Point_7,SAT_46,2,03-Jan-2030 06:55:35,03-Jan-2030 06:56:25,50,NaN,NaN
Ground_Point_7,SAT_46,3,03-Jan-2030 19:57:45,03-Jan-2030 19:59:00,75,NaN,NaN
Ground_Point_7,SAT_46,4,07-Jan-2030 07:02:20,07-Jan-2030 07:03:30,70,NaN,NaN
Ground_Point_7,SAT_46,5,07-Jan-2030 20:04:40,07-Jan-2030 20:05:55,75,NaN,NaN
Ground_Point_8,SAT_46,1,03-Jan-2030 06:52:55,03-Jan-2030 06:54:15,80,NaN,NaN
Ground_Point_8,SAT_46,2,04-Jan-2030 19:38:10,04-Jan-2030 19:39:20,70,NaN,NaN
Ground_Point_8,SAT_46,3,07-Jan-2030 06:59:55,07-Jan-2030 07:01:05,70,NaN,NaN
Ground_Point_9,SAT_46,1,01-Jan-2030 07:34:25,01-Jan-2030 07:35:35,70,NaN,NaN
Ground_Point_9,SAT_46,2,03-Jan-2030 20:02:20,03-Jan-2030 20:03:25,65,NaN,NaN
Ground_Point_9,SAT_46,3,05-Jan-2030 07:41:45,05-Jan-2030 07:42:05,20,NaN,NaN
Ground_Point_9,SAT_46,4,06-Jan-2030 07:20:05,06-Jan-2030 07:20:30,25,NaN,NaN
Ground_Point_9,SAT_46,5,07-Jan-2030 20:09:40,07-Jan-2030 20:09:50,10,NaN,NaN
Ground_Point_10,SAT_46,1,01-Jan-2030 07:34:25,01-Jan-2030 07:35:30,65,NaN,NaN
Ground_Point_10,SAT_46,2,03-Jan-2030 20:02:25,03-Jan-2030 20:03:25,60,NaN,NaN
Ground_Point_10,SAT_46,3,05-Jan-2030 07:41:45,05-Jan-2030 07:41:55,10,NaN,NaN
Ground_Point_10,SAT_46,4,06-Jan-2030 07:20:00,06-Jan-2030 07:20:25,25,NaN,NaN
Ground_Point_11,SAT_46,1,03-Jan-2030 06:51:30,03-Jan-2030 06:52:35,65,NaN,NaN
Ground_Point_11,SAT_46,2,04-Jan-2030 19:40:05,04-Jan-2030 19:40:25,20,NaN,NaN
Ground_Point_11,SAT_46,3,05-Jan-2030 19:18:30,05-Jan-2030 19:18:50,20,NaN,NaN
Ground_Point_11,SAT_46,4,07-Jan-2030 06:58:15,07-Jan-2030 06:59:35,80,NaN,NaN
Ground_Point_12,SAT_46,1,02-Jan-2030 20:29:50,02-Jan-2030 20:30:55,65,NaN,NaN
Ground_Point_12,SAT_46,2,03-Jan-2030 08:19:40,03-Jan-2030 08:20:50,70,NaN,NaN
Ground_Point_12,SAT_46,3,07-Jan-2030 08:26:30,07-Jan-2030 08:27:45,75,NaN,NaN
Ground_Point_13,SAT_46,1,01-Jan-2030 20:48:25,01-Jan-2030 20:49:35,70,NaN,NaN
Ground_Point_13,SAT_46,2,03-Jan-2030 08:23:05,03-Jan-2030 08:24:05,60,NaN,NaN
Ground_Point_13,SAT_46,3,05-Jan-2030 20:55:35,05-Jan-2030 20:56:10,35,NaN,NaN
Ground_Point_13,SAT_46,4,07-Jan-2030 08:29:50,07-Jan-2030 08:31:05,75,NaN,NaN
Ground_Point_14,SAT_46,1,02-Jan-2030 20:27:30,02-Jan-2030 20:28:10,40,NaN,NaN
Ground_Point_14,SAT_46,2,04-Jan-2030 08:00:25,04-Jan-2030 08:01:25,60,NaN,NaN
Ground_Point_14,SAT_46,3,07-Jan-2030 20:12:45,07-Jan-2030 20:13:30,45,NaN,NaN
Ground_Point_15,SAT_46,1,03-Jan-2030 08:17:35,03-Jan-2030 08:18:50,75,NaN,NaN
Ground_Point_15,SAT_46,2,03-Jan-2030 20:09:55,03-Jan-2030 20:11:10,75,NaN,NaN
Ground_Point_15,SAT_46,3,07-Jan-2030 08:24:40,07-Jan-2030 08:25:30,50,NaN,NaN
Ground_Point_15,SAT_46,4,07-Jan-2030 20:16:55,07-Jan-2030 20:17:50,55,NaN,NaN
Ground_Point_16,SAT_46,1,01-Jan-2030 19:14:10,01-Jan-2030 19:14:45,35,NaN,NaN
Ground_Point_16,SAT_46,2,02-Jan-2030 07:10:25,02-Jan-2030 07:11:35,70,NaN,NaN
Ground_Point_16,SAT_46,3,05-Jan-2030 19:20:45,05-Jan-2030 19:21:55,70,NaN,NaN
Ground_Point_16,SAT_46,4,06-Jan-2030 07:17:35,06-Jan-2030 07:18:15,40,NaN,NaN
Ground_Point_17,SAT_46,1,02-Jan-2030 20:29:30,02-Jan-2030 20:30:35,65,NaN,NaN
Ground_Point_17,SAT_46,2,03-Jan-2030 08:20:45,03-Jan-2030 08:20:55,10,NaN,NaN
Ground_Point_17,SAT_46,3,06-Jan-2030 20:36:20,06-Jan-2030 20:37:35,75,NaN,NaN
Ground_Point_17,SAT_46,4,07-Jan-2030 08:27:10,07-Jan-2030 08:28:15,65,NaN,NaN
Ground_Point_18,SAT_46,1,02-Jan-2030 10:20:40,02-Jan-2030 10:21:50,70,NaN,NaN
Ground_Point_18,SAT_46,2,04-Jan-2030 22:50:50,04-Jan-2030 22:51:00,10,NaN,NaN
Ground_Point_18,SAT_46,3,06-Jan-2030 10:27:55,06-Jan-2030 10:28:30,35,NaN,NaN
Ground_Point_19,SAT_46,1,01-Jan-2030 22:19:20,01-Jan-2030 22:20:15,55,NaN,NaN
Ground_Point_19,SAT_46,2,03-Jan-2030 10:01:25,03-Jan-2030 10:02:20,55,NaN,NaN
Ground_Point_19,SAT_46,3,05-Jan-2030 22:26:05,05-Jan-2030 22:27:20,75,NaN,NaN
Ground_Point_20,SAT_46,1,01-Jan-2030 22:23:15,01-Jan-2030 22:24:10,55,NaN,NaN
Ground_Point_20,SAT_46,2,03-Jan-2030 09:57:15,03-Jan-2030 09:58:30,75,NaN,NaN
Ground_Point_20,SAT_46,3,06-Jan-2030 22:08:40,06-Jan-2030 22:09:20,40,NaN,NaN
Ground_Point_20,SAT_46,4,07-Jan-2030 10:04:10,07-Jan-2030 10:05:25,75,NaN,NaN
Ground_Point_21,SAT_46,1,03-Jan-2030 04:09:10,03-Jan-2030 04:10:20,70,NaN,NaN
Ground_Point_21,SAT_46,2,03-Jan-2030 14:51:05,03-Jan-2030 14:52:05,60,NaN,NaN
Ground_Point_21,SAT_46,3,04-Jan-2030 03:47:40,04-Jan-2030 03:48:30,50,NaN,NaN
Ground_Point_21,SAT_46,4,04-Jan-2030 14:29:25,04-Jan-2030 14:30:30,65,NaN,NaN
Ground_Point_21,SAT_46,5,07-Jan-2030 04:16:15,07-Jan-2030 04:17:00,45,NaN,NaN
Ground_Point_22,SAT_46,1,04-Jan-2030 03:48:00,04-Jan-2030 03:49:20,80,NaN,NaN
Ground_Point_22,SAT_46,2,04-Jan-2030 14:28:30,04-Jan-2030 14:29:45,75,NaN,NaN
Ground_Point_23,SAT_46,1,01-Jan-2030 14:01:05,01-Jan-2030 14:01:40,35,NaN,NaN
Ground_Point_23,SAT_46,2,04-Jan-2030 03:47:05,04-Jan-2030 03:48:15,70,NaN,NaN
Ground_Point_23,SAT_46,3,04-Jan-2030 14:29:25,04-Jan-2030 14:30:25,60,NaN,NaN
Ground_Point_23,SAT_46,4,05-Jan-2030 03:25:50,05-Jan-2030 03:26:05,15,NaN,NaN
Ground_Point_23,SAT_46,5,05-Jan-2030 14:07:45,05-Jan-2030 14:08:50,65,NaN,NaN
Ground_Point_24,SAT_46,1,04-Jan-2030 03:47:30,04-Jan-2030 03:48:40,70,NaN,NaN
Ground_Point_24,SAT_46,2,04-Jan-2030 14:29:00,04-Jan-2030 14:30:10,70,NaN,NaN
Ground_Point_24,SAT_46,3,05-Jan-2030 03:26:20,05-Jan-2030 03:26:30,10,NaN,NaN
Ground_Point_24,SAT_46,4,05-Jan-2030 14:07:40,05-Jan-2030 14:08:15,35,NaN,NaN
Ground_Point_25,SAT_46,1,01-Jan-2030 03:18:55,01-Jan-2030 03:20:10,75,NaN,NaN
Ground_Point_25,SAT_46,2,01-Jan-2030 14:00:00,01-Jan-2030 14:01:15,75,NaN,NaN
Ground_Point_25,SAT_46,3,05-Jan-2030 03:25:45,05-Jan-2030 03:27:05,80,NaN,NaN
Ground_Point_25,SAT_46,4,05-Jan-2030 14:06:55,05-Jan-2030 14:08:10,75,NaN,NaN
Ground_Point_26,SAT_46,1,01-Jan-2030 03:18:10,01-Jan-2030 03:19:15,65,NaN,NaN
Ground_Point_26,SAT_46,2,02-Jan-2030 02:56:35,02-Jan-2030 02:57:30,55,NaN,NaN
Ground_Point_26,SAT_46,3,02-Jan-2030 13:38:45,02-Jan-2030 13:40:00,75,NaN,NaN
Ground_Point_26,SAT_46,4,05-Jan-2030 03:25:20,05-Jan-2030 03:25:50,30,NaN,NaN
Ground_Point_26,SAT_46,5,06-Jan-2030 03:03:20,06-Jan-2030 03:04:35,75,NaN,NaN
Ground_Point_26,SAT_46,6,06-Jan-2030 13:45:40,06-Jan-2030 13:46:55,75,NaN,NaN
Ground_Point_27,SAT_46,1,01-Jan-2030 03:19:25,01-Jan-2030 03:20:20,55,NaN,NaN
Ground_Point_27,SAT_46,2,01-Jan-2030 13:59:20,01-Jan-2030 14:00:40,80,NaN,NaN
Ground_Point_27,SAT_46,3,02-Jan-2030 02:57:45,02-Jan-2030 02:58:40,55,NaN,NaN
Ground_Point_27,SAT_46,4,05-Jan-2030 14:06:25,05-Jan-2030 14:07:30,65,NaN,NaN
Ground_Point_27,SAT_46,5,06-Jan-2030 03:04:30,06-Jan-2030 03:05:45,75,NaN,NaN
Ground_Point_27,SAT_46,6,06-Jan-2030 13:44:55,06-Jan-2030 13:45:40,45,NaN,NaN
Ground_Point_28,SAT_46,1,02-Jan-2030 15:09:55,02-Jan-2030 15:11:10,75,NaN,NaN
Ground_Point_28,SAT_46,2,03-Jan-2030 04:12:15,03-Jan-2030 04:13:05,50,NaN,NaN
Ground_Point_28,SAT_46,3,04-Jan-2030 03:50:40,04-Jan-2030 03:51:25,45,NaN,NaN
Ground_Point_28,SAT_46,4,06-Jan-2030 15:17:00,06-Jan-2030 15:18:00,60,NaN,NaN
Ground_Point_28,SAT_46,5,07-Jan-2030 14:55:35,07-Jan-2030 14:56:10,35,NaN,NaN
Ground_Point_29,SAT_46,1,03-Jan-2030 14:48:20,03-Jan-2030 14:49:30,70,NaN,NaN
Ground_Point_29,SAT_46,2,04-Jan-2030 03:50:05,04-Jan-2030 03:51:00,55,NaN,NaN
Ground_Point_29,SAT_46,3,05-Jan-2030 03:28:30,05-Jan-2030 03:29:15,45,NaN,NaN
Ground_Point_29,SAT_46,4,07-Jan-2030 14:55:30,07-Jan-2030 14:56:10,40,NaN,NaN
Ground_Point_30,SAT_46,1,01-Jan-2030 13:57:45,01-Jan-2030 13:59:00,75,NaN,NaN
Ground_Point_30,SAT_46,2,02-Jan-2030 02:59:05,02-Jan-2030 03:00:25,80,NaN,NaN
Ground_Point_30,SAT_46,3,05-Jan-2030 14:04:40,05-Jan-2030 14:05:55,75,NaN,NaN
Ground_Point_30,SAT_46,4,06-Jan-2030 03:06:05,06-Jan-2030 03:07:15,70,NaN,NaN
Ground_Point_31,SAT_46,1,01-Jan-2030 03:20:05,01-Jan-2030 03:21:15,70,NaN,NaN
Ground_Point_31,SAT_46,2,01-Jan-2030 13:58:55,01-Jan-2030 13:59:55,60,NaN,NaN
Ground_Point_31,SAT_46,3,05-Jan-2030 03:27:05,05-Jan-2030 03:28:00,55,NaN,NaN
Ground_Point_31,SAT_46,4,05-Jan-2030 14:05:45,05-Jan-2030 14:07:00,75,NaN,NaN
Ground_Point_31,SAT_46,5,06-Jan-2030 03:05:30,06-Jan-2030 03:06:20,50,NaN,NaN
Ground_Point_32,SAT_46,1,03-Jan-2030 02:34:30,03-Jan-2030 02:35:45,75,NaN,NaN
Ground_Point_32,SAT_46,2,03-Jan-2030 13:16:40,03-Jan-2030 13:18:00,80,NaN,NaN
Ground_Point_32,SAT_46,3,07-Jan-2030 02:41:25,07-Jan-2030 02:42:40,75,NaN,NaN
Ground_Point_32,SAT_46,4,07-Jan-2030 13:23:40,07-Jan-2030 13:24:50,70,NaN,NaN
Ground_Point_33,SAT_46,1,02-Jan-2030 19:53:40,02-Jan-2030 19:54:50,70,NaN,NaN
Ground_Point_33,SAT_46,2,03-Jan-2030 08:55:55,03-Jan-2030 08:56:30,35,NaN,NaN
Ground_Point_33,SAT_46,3,04-Jan-2030 08:34:05,04-Jan-2030 08:35:00,55,NaN,NaN
Ground_Point_33,SAT_46,4,06-Jan-2030 20:00:50,06-Jan-2030 20:01:30,40,NaN,NaN
Ground_Point_33,SAT_46,5,07-Jan-2030 19:39:05,07-Jan-2030 19:40:00,55,NaN,NaN
Ground_Point_34,SAT_46,1,02-Jan-2030 19:53:25,02-Jan-2030 19:54:30,65,NaN,NaN
Ground_Point_34,SAT_46,2,03-Jan-2030 08:56:10,03-Jan-2030 08:57:25,75,NaN,NaN
Ground_Point_34,SAT_46,3,06-Jan-2030 20:00:10,06-Jan-2030 20:01:30,80,NaN,NaN
Ground_Point_34,SAT_46,4,07-Jan-2030 09:03:10,07-Jan-2030 09:04:15,65,NaN,NaN
Ground_Point_35,SAT_46,1,03-Jan-2030 19:32:15,03-Jan-2030 19:33:30,75,NaN,NaN
Ground_Point_35,SAT_46,2,04-Jan-2030 08:33:25,04-Jan-2030 08:34:40,75,NaN,NaN
Ground_Point_35,SAT_46,3,07-Jan-2030 19:39:10,07-Jan-2030 19:40:25,75,NaN,NaN
Ground_Point_36,SAT_46,1,01-Jan-2030 09:39:10,01-Jan-2030 09:40:30,80,NaN,NaN
Ground_Point_36,SAT_46,2,04-Jan-2030 20:44:45,04-Jan-2030 20:46:00,75,NaN,NaN
Ground_Point_36,SAT_46,3,05-Jan-2030 09:46:10,05-Jan-2030 09:47:20,70,NaN,NaN
Ground_Point_37,SAT_46,1,02-Jan-2030 21:26:05,02-Jan-2030 21:27:25,80,NaN,NaN
Ground_Point_37,SAT_46,2,04-Jan-2030 10:10:30,04-Jan-2030 10:11:40,70,NaN,NaN
Ground_Point_37,SAT_46,3,06-Jan-2030 21:33:05,06-Jan-2030 21:34:15,70,NaN,NaN
Ground_Point_38,SAT_46,1,02-Jan-2030 21:25:15,02-Jan-2030 21:26:30,75,NaN,NaN
Ground_Point_38,SAT_46,2,04-Jan-2030 10:11:35,04-Jan-2030 10:11:55,20,NaN,NaN
Ground_Point_38,SAT_46,3,05-Jan-2030 09:49:50,05-Jan-2030 09:50:25,35,NaN,NaN
Ground_Point_38,SAT_46,4,06-Jan-2030 21:32:20,06-Jan-2030 21:33:15,55,NaN,NaN
Ground_Point_39,SAT_46,1,02-Jan-2030 23:01:10,02-Jan-2030 23:01:50,40,NaN,NaN
Ground_Point_39,SAT_46,2,03-Jan-2030 22:39:35,03-Jan-2030 22:40:10,35,NaN,NaN
Ground_Point_39,SAT_46,3,04-Jan-2030 11:44:50,04-Jan-2030 11:45:35,45,NaN,NaN
Ground_Point_39,SAT_46,4,05-Jan-2030 11:23:20,05-Jan-2030 11:23:45,25,NaN,NaN
Ground_Point_39,SAT_46,5,07-Jan-2030 22:46:10,07-Jan-2030 22:47:20,70,NaN,NaN
Ground_Point_40,SAT_46,1,02-Jan-2030 23:02:00,02-Jan-2030 23:03:15,75,NaN,NaN
Ground_Point_40,SAT_46,2,03-Jan-2030 12:05:45,03-Jan-2030 12:06:25,40,NaN,NaN
Ground_Point_40,SAT_46,3,04-Jan-2030 11:44:05,04-Jan-2030 11:44:50,45,NaN,NaN
Ground_Point_40,SAT_46,4,06-Jan-2030 23:08:55,06-Jan-2030 23:10:10,75,NaN,NaN
Ground_Point_41,SAT_46,1,02-Jan-2030 23:04:40,02-Jan-2030 23:05:35,55,NaN,NaN
Ground_Point_41,SAT_46,2,03-Jan-2030 12:03:00,03-Jan-2030 12:04:15,75,NaN,NaN
Ground_Point_41,SAT_46,3,03-Jan-2030 22:43:00,03-Jan-2030 22:44:00,60,NaN,NaN
Ground_Point_41,SAT_46,4,07-Jan-2030 12:09:55,07-Jan-2030 12:11:10,75,NaN,NaN
Ground_Point_41,SAT_46,5,07-Jan-2030 22:49:45,07-Jan-2030 22:51:00,75,NaN,NaN
Ground_Point_42,SAT_46,1,01-Jan-2030 20:16:25,01-Jan-2030 20:17:20,55,NaN,NaN
Ground_Point_42,SAT_46,2,02-Jan-2030 09:16:50,02-Jan-2030 09:17:50,60,NaN,NaN
Ground_Point_42,SAT_46,3,02-Jan-2030 19:54:50,02-Jan-2030 19:55:40,50,NaN,NaN
Ground_Point_42,SAT_46,4,03-Jan-2030 08:55:25,03-Jan-2030 08:56:00,35,NaN,NaN
Ground_Point_42,SAT_46,5,06-Jan-2030 20:01:30,06-Jan-2030 20:02:45,75,NaN,NaN
Ground_Point_42,SAT_46,6,07-Jan-2030 09:02:05,07-Jan-2030 09:03:10,65,NaN,NaN
Ground_Point_43,SAT_46,1,02-Jan-2030 19:55:15,02-Jan-2030 19:55:40,25,NaN,NaN
Ground_Point_43,SAT_46,2,03-Jan-2030 08:54:25,03-Jan-2030 08:55:30,65,NaN,NaN
Ground_Point_43,SAT_46,3,03-Jan-2030 19:33:15,03-Jan-2030 19:34:20,65,NaN,NaN
Ground_Point_43,SAT_46,4,04-Jan-2030 08:33:05,04-Jan-2030 08:33:35,30,NaN,NaN
Ground_Point_43,SAT_46,5,07-Jan-2030 09:01:35,07-Jan-2030 09:02:10,35,NaN,NaN
Ground_Point_43,SAT_46,6,07-Jan-2030 19:40:05,07-Jan-2030 19:41:20,75,NaN,NaN
Ground_Point_44,SAT_46,1,01-Jan-2030 21:44:25,01-Jan-2030 21:45:45,80,NaN,NaN
Ground_Point_44,SAT_46,2,04-Jan-2030 10:14:05,04-Jan-2030 10:15:05,60,NaN,NaN
Ground_Point_44,SAT_46,3,05-Jan-2030 21:51:25,05-Jan-2030 21:52:30,65,NaN,NaN
Ground_Point_45,SAT_46,1,02-Jan-2030 21:25:35,02-Jan-2030 21:26:45,70,NaN,NaN
Ground_Point_45,SAT_46,2,04-Jan-2030 10:11:10,04-Jan-2030 10:12:25,75,NaN,NaN
Ground_Point_45,SAT_46,3,06-Jan-2030 21:32:25,06-Jan-2030 21:33:40,75,NaN,NaN
Ground_Point_46,SAT_46,1,01-Jan-2030 23:54:30,01-Jan-2030 23:55:45,75,NaN,NaN
Ground_Point_46,SAT_46,2,04-Jan-2030 11:13:30,04-Jan-2030 11:14:10,40,NaN,NaN
Ground_Point_46,SAT_46,3,06-Jan-2030 00:01:30,06-Jan-2030 00:02:30,60,NaN,NaN
Ground_Point_47,SAT_46,1,01-Jan-2030 00:17:00,01-Jan-2030 00:17:35,35,NaN,NaN
Ground_Point_47,SAT_46,2,02-Jan-2030 11:56:45,02-Jan-2030 11:58:00,75,NaN,NaN
Ground_Point_47,SAT_46,3,05-Jan-2030 00:23:35,05-Jan-2030 00:24:45,70,NaN,NaN
Ground_Point_47,SAT_46,4,06-Jan-2030 12:03:40,06-Jan-2030 12:04:50,70,NaN,NaN
Ground_Point_48,SAT_46,1,02-Jan-2030 01:27:15,02-Jan-2030 01:28:15,60,NaN,NaN
Ground_Point_48,SAT_46,2,04-Jan-2030 12:49:30,04-Jan-2030 12:50:25,55,NaN,NaN
Ground_Point_48,SAT_46,3,07-Jan-2030 01:12:35,07-Jan-2030 01:13:25,50,NaN,NaN
Ground_Point_49,SAT_46,1,02-Jan-2030 01:27:50,02-Jan-2030 01:29:00,70,NaN,NaN
Ground_Point_49,SAT_46,2,04-Jan-2030 12:49:05,04-Jan-2030 12:50:10,65,NaN,NaN
Ground_Point_49,SAT_46,3,06-Jan-2030 01:34:45,06-Jan-2030 01:36:00,75,NaN,NaN
Ground_Point_50,SAT_46,1,01-Jan-2030 13:39:45,01-Jan-2030 13:41:00,75,NaN,NaN
Ground_Point_50,SAT_46,2,03-Jan-2030 01:20:50,03-Jan-2030 01:21:35,45,NaN,NaN
Ground_Point_50,SAT_46,3,05-Jan-2030 13:46:40,05-Jan-2030 13:47:55,75,NaN,NaN
Ground_Point_51,SAT_46,1,02-Jan-2030 03:08:30,02-Jan-2030 03:09:45,75,NaN,NaN
Ground_Point_51,SAT_46,2,02-Jan-2030 15:01:00,02-Jan-2030 15:02:15,75,NaN,NaN
Ground_Point_51,SAT_46,3,06-Jan-2030 03:15:30,06-Jan-2030 03:16:35,65,NaN,NaN
Ground_Point_51,SAT_46,4,06-Jan-2030 15:08:00,06-Jan-2030 15:09:05,65,NaN,NaN
Ground_Point_52,SAT_46,1,03-Jan-2030 06:03:55,03-Jan-2030 06:04:50,55,NaN,NaN
Ground_Point_52,SAT_46,2,05-Jan-2030 18:31:25,05-Jan-2030 18:32:05,40,NaN,NaN
Ground_Point_52,SAT_46,3,07-Jan-2030 06:10:35,07-Jan-2030 06:11:50,75,NaN,NaN
Ground_Point_53,SAT_46,1,01-Jan-2030 18:24:10,01-Jan-2030 18:25:30,80,NaN,NaN
Ground_Point_53,SAT_46,2,03-Jan-2030 06:03:25,03-Jan-2030 06:04:35,70,NaN,NaN
Ground_Point_53,SAT_46,3,05-Jan-2030 18:31:10,05-Jan-2030 18:32:20,70,NaN,NaN
Ground_Point_53,SAT_46,4,07-Jan-2030 06:10:45,07-Jan-2030 06:11:05,20,NaN,NaN
Ground_Point_54,SAT_46,1,01-Jan-2030 06:50:20,01-Jan-2030 06:51:35,75,NaN,NaN
Ground_Point_54,SAT_46,2,02-Jan-2030 19:33:45,02-Jan-2030 19:35:00,75,NaN,NaN
Ground_Point_54,SAT_46,3,05-Jan-2030 06:57:20,05-Jan-2030 06:58:25,65,NaN,NaN
Ground_Point_54,SAT_46,4,06-Jan-2030 19:40:40,06-Jan-2030 19:41:55,75,NaN,NaN
Ground_Point_55,SAT_46,1,03-Jan-2030 07:40:45,03-Jan-2030 07:42:05,80,NaN,NaN
Ground_Point_55,SAT_46,2,04-Jan-2030 20:24:45,04-Jan-2030 20:26:05,80,NaN,NaN
Ground_Point_55,SAT_46,3,07-Jan-2030 07:47:45,07-Jan-2030 07:48:50,65,NaN,NaN
Ground_Point_1,SAT_47,1,03-Jan-2030 06:31:05,03-Jan-2030 06:32:20,75,NaN,NaN
Ground_Point_1,SAT_47,2,04-Jan-2030 19:13:05,04-Jan-2030 19:14:20,75,NaN,NaN
Ground_Point_1,SAT_47,3,07-Jan-2030 06:38:20,07-Jan-2030 06:39:10,50,NaN,NaN
Ground_Point_2,SAT_47,1,03-Jan-2030 06:30:40,03-Jan-2030 06:31:25,45,NaN,NaN
Ground_Point_2,SAT_47,2,04-Jan-2030 06:09:10,04-Jan-2030 06:09:45,35,NaN,NaN
Ground_Point_2,SAT_47,3,04-Jan-2030 19:13:40,04-Jan-2030 19:14:45,65,NaN,NaN
Ground_Point_3,SAT_47,1,03-Jan-2030 06:31:05,03-Jan-2030 06:32:20,75,NaN,NaN
Ground_Point_3,SAT_47,2,04-Jan-2030 19:13:10,04-Jan-2030 19:14:20,70,NaN,NaN
Ground_Point_3,SAT_47,3,07-Jan-2030 06:38:15,07-Jan-2030 06:39:15,60,NaN,NaN
Ground_Point_4,SAT_47,1,01-Jan-2030 05:39:45,01-Jan-2030 05:41:05,80,NaN,NaN
Ground_Point_4,SAT_47,2,02-Jan-2030 18:22:45,02-Jan-2030 18:24:00,75,NaN,NaN
Ground_Point_4,SAT_47,3,05-Jan-2030 05:47:00,05-Jan-2030 05:47:55,55,NaN,NaN
Ground_Point_4,SAT_47,4,06-Jan-2030 05:25:45,06-Jan-2030 05:26:00,15,NaN,NaN
Ground_Point_4,SAT_47,5,06-Jan-2030 18:29:45,06-Jan-2030 18:31:00,75,NaN,NaN
Ground_Point_5,SAT_47,1,01-Jan-2030 18:44:50,01-Jan-2030 18:46:00,70,NaN,NaN
Ground_Point_5,SAT_47,2,05-Jan-2030 05:46:55,05-Jan-2030 05:47:55,60,NaN,NaN
Ground_Point_5,SAT_47,3,05-Jan-2030 18:52:05,05-Jan-2030 18:52:45,40,NaN,NaN
Ground_Point_5,SAT_47,4,06-Jan-2030 18:30:30,06-Jan-2030 18:31:10,40,NaN,NaN
Ground_Point_6,SAT_47,1,01-Jan-2030 05:39:55,01-Jan-2030 05:40:55,60,NaN,NaN
Ground_Point_6,SAT_47,2,01-Jan-2030 18:44:50,01-Jan-2030 18:45:35,45,NaN,NaN
Ground_Point_6,SAT_47,3,02-Jan-2030 18:23:20,02-Jan-2030 18:23:55,35,NaN,NaN
Ground_Point_6,SAT_47,4,05-Jan-2030 05:46:50,05-Jan-2030 05:48:05,75,NaN,NaN
Ground_Point_6,SAT_47,5,06-Jan-2030 18:30:05,06-Jan-2030 18:31:10,65,NaN,NaN
Ground_Point_7,SAT_47,1,01-Jan-2030 07:15:35,01-Jan-2030 07:16:30,55,NaN,NaN
Ground_Point_7,SAT_47,2,02-Jan-2030 06:54:05,02-Jan-2030 06:54:45,40,NaN,NaN
Ground_Point_7,SAT_47,3,02-Jan-2030 19:56:10,02-Jan-2030 19:57:25,75,NaN,NaN
Ground_Point_7,SAT_47,4,06-Jan-2030 07:00:55,06-Jan-2030 07:02:00,65,NaN,NaN
Ground_Point_7,SAT_47,5,06-Jan-2030 20:03:10,06-Jan-2030 20:04:30,80,NaN,NaN
Ground_Point_8,SAT_47,1,02-Jan-2030 06:51:20,02-Jan-2030 06:52:35,75,NaN,NaN
Ground_Point_8,SAT_47,2,03-Jan-2030 19:36:35,03-Jan-2030 19:37:45,70,NaN,NaN
Ground_Point_8,SAT_47,3,06-Jan-2030 06:58:25,06-Jan-2030 06:59:40,75,NaN,NaN
Ground_Point_8,SAT_47,4,07-Jan-2030 19:43:45,07-Jan-2030 19:44:35,50,NaN,NaN
Ground_Point_9,SAT_47,1,02-Jan-2030 20:00:45,02-Jan-2030 20:01:55,70,NaN,NaN
Ground_Point_9,SAT_47,2,04-Jan-2030 07:40:00,04-Jan-2030 07:40:40,40,NaN,NaN
Ground_Point_9,SAT_47,3,06-Jan-2030 20:08:00,06-Jan-2030 20:08:35,35,NaN,NaN
Ground_Point_10,SAT_47,1,02-Jan-2030 20:00:50,02-Jan-2030 20:01:55,65,NaN,NaN
Ground_Point_10,SAT_47,2,04-Jan-2030 07:40:00,04-Jan-2030 07:40:35,35,NaN,NaN
Ground_Point_10,SAT_47,3,06-Jan-2030 20:08:10,06-Jan-2030 20:08:35,25,NaN,NaN
Ground_Point_11,SAT_47,1,02-Jan-2030 06:49:55,02-Jan-2030 06:50:55,60,NaN,NaN
Ground_Point_11,SAT_47,2,03-Jan-2030 19:38:25,03-Jan-2030 19:39:00,35,NaN,NaN
Ground_Point_11,SAT_47,3,06-Jan-2030 06:56:50,06-Jan-2030 06:58:05,75,NaN,NaN
Ground_Point_12,SAT_47,1,01-Jan-2030 20:28:10,01-Jan-2030 20:29:20,70,NaN,NaN
Ground_Point_12,SAT_47,2,02-Jan-2030 08:18:05,02-Jan-2030 08:19:15,70,NaN,NaN
Ground_Point_12,SAT_47,3,05-Jan-2030 20:35:30,05-Jan-2030 20:36:00,30,NaN,NaN
Ground_Point_12,SAT_47,4,06-Jan-2030 08:25:00,06-Jan-2030 08:26:20,80,NaN,NaN
Ground_Point_13,SAT_47,1,02-Jan-2030 08:21:30,02-Jan-2030 08:22:25,55,NaN,NaN
Ground_Point_13,SAT_47,2,04-Jan-2030 20:54:00,04-Jan-2030 20:54:50,50,NaN,NaN
Ground_Point_13,SAT_47,3,06-Jan-2030 08:28:20,06-Jan-2030 08:29:40,80,NaN,NaN
Ground_Point_14,SAT_47,1,01-Jan-2030 20:25:45,01-Jan-2030 20:26:40,55,NaN,NaN
Ground_Point_14,SAT_47,2,03-Jan-2030 07:58:55,03-Jan-2030 07:59:45,50,NaN,NaN
Ground_Point_14,SAT_47,3,06-Jan-2030 20:11:20,06-Jan-2030 20:11:55,35,NaN,NaN
Ground_Point_14,SAT_47,4,07-Jan-2030 08:05:45,07-Jan-2030 08:07:00,75,NaN,NaN
Ground_Point_15,SAT_47,1,02-Jan-2030 08:15:55,02-Jan-2030 08:17:15,80,NaN,NaN
Ground_Point_15,SAT_47,2,02-Jan-2030 20:08:20,02-Jan-2030 20:09:35,75,NaN,NaN
Ground_Point_15,SAT_47,3,06-Jan-2030 08:23:05,06-Jan-2030 08:24:05,60,NaN,NaN
Ground_Point_15,SAT_47,4,06-Jan-2030 20:15:25,06-Jan-2030 20:16:30,65,NaN,NaN
Ground_Point_16,SAT_47,1,01-Jan-2030 07:08:45,01-Jan-2030 07:10:00,75,NaN,NaN
Ground_Point_16,SAT_47,2,04-Jan-2030 19:19:15,04-Jan-2030 19:20:20,65,NaN,NaN
Ground_Point_16,SAT_47,3,05-Jan-2030 07:16:00,05-Jan-2030 07:16:50,50,NaN,NaN
Ground_Point_17,SAT_47,1,01-Jan-2030 08:40:40,01-Jan-2030 08:40:55,15,NaN,NaN
Ground_Point_17,SAT_47,2,01-Jan-2030 20:27:55,01-Jan-2030 20:28:55,60,NaN,NaN
Ground_Point_17,SAT_47,3,05-Jan-2030 20:34:50,05-Jan-2030 20:36:05,75,NaN,NaN
Ground_Point_17,SAT_47,4,06-Jan-2030 08:25:45,06-Jan-2030 08:26:45,60,NaN,NaN
Ground_Point_18,SAT_47,1,01-Jan-2030 10:19:00,01-Jan-2030 10:20:15,75,NaN,NaN
Ground_Point_18,SAT_47,2,03-Jan-2030 22:49:05,03-Jan-2030 22:49:40,35,NaN,NaN
Ground_Point_18,SAT_47,3,05-Jan-2030 10:26:15,05-Jan-2030 10:27:05,50,NaN,NaN
Ground_Point_19,SAT_47,1,02-Jan-2030 09:59:45,02-Jan-2030 10:00:45,60,NaN,NaN
Ground_Point_19,SAT_47,2,04-Jan-2030 22:24:35,04-Jan-2030 22:25:45,70,NaN,NaN
Ground_Point_19,SAT_47,3,07-Jan-2030 09:45:15,07-Jan-2030 09:46:10,55,NaN,NaN
Ground_Point_20,SAT_47,1,02-Jan-2030 09:55:45,02-Jan-2030 09:56:50,65,NaN,NaN
Ground_Point_20,SAT_47,2,05-Jan-2030 22:07:25,05-Jan-2030 22:07:40,15,NaN,NaN
Ground_Point_20,SAT_47,3,06-Jan-2030 10:02:40,06-Jan-2030 10:03:55,75,NaN,NaN
Ground_Point_21,SAT_47,1,02-Jan-2030 04:07:35,02-Jan-2030 04:08:45,70,NaN,NaN
Ground_Point_21,SAT_47,2,02-Jan-2030 14:49:30,02-Jan-2030 14:50:30,60,NaN,NaN
Ground_Point_21,SAT_47,3,03-Jan-2030 03:46:10,03-Jan-2030 03:46:50,40,NaN,NaN
Ground_Point_21,SAT_47,4,03-Jan-2030 14:27:50,03-Jan-2030 14:28:50,60,NaN,NaN
Ground_Point_21,SAT_47,5,06-Jan-2030 04:14:45,06-Jan-2030 04:15:35,50,NaN,NaN
Ground_Point_21,SAT_47,6,06-Jan-2030 14:56:50,06-Jan-2030 14:57:15,25,NaN,NaN
Ground_Point_21,SAT_47,7,07-Jan-2030 03:53:00,07-Jan-2030 03:54:05,65,NaN,NaN
Ground_Point_21,SAT_47,8,07-Jan-2030 14:34:45,07-Jan-2030 14:36:00,75,NaN,NaN
Ground_Point_22,SAT_47,1,02-Jan-2030 14:49:10,02-Jan-2030 14:49:20,10,NaN,NaN
Ground_Point_22,SAT_47,2,03-Jan-2030 03:46:25,03-Jan-2030 03:47:45,80,NaN,NaN
Ground_Point_22,SAT_47,3,03-Jan-2030 14:27:00,03-Jan-2030 14:28:10,70,NaN,NaN
Ground_Point_22,SAT_47,4,07-Jan-2030 03:53:30,07-Jan-2030 03:54:45,75,NaN,NaN
Ground_Point_22,SAT_47,5,07-Jan-2030 14:34:00,07-Jan-2030 14:35:15,75,NaN,NaN
Ground_Point_23,SAT_47,1,03-Jan-2030 03:45:25,03-Jan-2030 03:46:45,80,NaN,NaN
Ground_Point_23,SAT_47,2,03-Jan-2030 14:27:50,03-Jan-2030 14:28:55,65,NaN,NaN
Ground_Point_23,SAT_47,3,04-Jan-2030 14:06:15,04-Jan-2030 14:07:15,60,NaN,NaN
Ground_Point_23,SAT_47,4,07-Jan-2030 03:52:35,07-Jan-2030 03:53:40,65,NaN,NaN
Ground_Point_23,SAT_47,5,07-Jan-2030 14:35:10,07-Jan-2030 14:35:40,30,NaN,NaN
Ground_Point_24,SAT_47,1,03-Jan-2030 03:45:50,03-Jan-2030 03:47:05,75,NaN,NaN
Ground_Point_24,SAT_47,2,03-Jan-2030 14:27:25,03-Jan-2030 14:28:40,75,NaN,NaN
Ground_Point_24,SAT_47,3,04-Jan-2030 14:06:10,04-Jan-2030 14:06:35,25,NaN,NaN
Ground_Point_24,SAT_47,4,07-Jan-2030 03:53:00,07-Jan-2030 03:54:05,65,NaN,NaN
Ground_Point_24,SAT_47,5,07-Jan-2030 14:34:35,07-Jan-2030 14:35:35,60,NaN,NaN
Ground_Point_25,SAT_47,1,04-Jan-2030 03:24:15,04-Jan-2030 03:25:30,75,NaN,NaN
Ground_Point_25,SAT_47,2,04-Jan-2030 14:05:20,04-Jan-2030 14:06:40,80,NaN,NaN
Ground_Point_26,SAT_47,1,01-Jan-2030 02:54:55,01-Jan-2030 02:55:50,55,NaN,NaN
Ground_Point_26,SAT_47,2,01-Jan-2030 13:37:05,01-Jan-2030 13:38:25,80,NaN,NaN
Ground_Point_26,SAT_47,3,04-Jan-2030 03:23:45,04-Jan-2030 03:24:25,40,NaN,NaN
Ground_Point_26,SAT_47,4,05-Jan-2030 03:01:50,05-Jan-2030 03:03:00,70,NaN,NaN
Ground_Point_26,SAT_47,5,05-Jan-2030 13:44:10,05-Jan-2030 13:45:25,75,NaN,NaN
Ground_Point_27,SAT_47,1,01-Jan-2030 02:56:10,01-Jan-2030 02:57:00,50,NaN,NaN
Ground_Point_27,SAT_47,2,04-Jan-2030 03:25:00,04-Jan-2030 03:25:25,25,NaN,NaN
Ground_Point_27,SAT_47,3,04-Jan-2030 14:04:50,04-Jan-2030 14:06:00,70,NaN,NaN
Ground_Point_27,SAT_47,4,05-Jan-2030 03:03:00,05-Jan-2030 03:04:10,70,NaN,NaN
Ground_Point_27,SAT_47,5,05-Jan-2030 13:43:30,05-Jan-2030 13:44:05,35,NaN,NaN
Ground_Point_28,SAT_47,1,01-Jan-2030 15:08:20,01-Jan-2030 15:09:35,75,NaN,NaN
Ground_Point_28,SAT_47,2,02-Jan-2030 04:10:35,02-Jan-2030 04:11:35,60,NaN,NaN
Ground_Point_28,SAT_47,3,03-Jan-2030 03:49:15,03-Jan-2030 03:49:45,30,NaN,NaN
Ground_Point_28,SAT_47,4,05-Jan-2030 15:15:30,05-Jan-2030 15:16:30,60,NaN,NaN
Ground_Point_28,SAT_47,5,06-Jan-2030 14:54:15,06-Jan-2030 14:54:30,15,NaN,NaN
Ground_Point_28,SAT_47,6,07-Jan-2030 03:56:00,07-Jan-2030 03:57:05,65,NaN,NaN
Ground_Point_29,SAT_47,1,02-Jan-2030 14:46:45,02-Jan-2030 14:47:55,70,NaN,NaN
Ground_Point_29,SAT_47,2,03-Jan-2030 03:48:30,03-Jan-2030 03:49:25,55,NaN,NaN
Ground_Point_29,SAT_47,3,04-Jan-2030 03:27:05,04-Jan-2030 03:27:35,30,NaN,NaN
Ground_Point_29,SAT_47,4,06-Jan-2030 14:53:55,06-Jan-2030 14:54:50,55,NaN,NaN
Ground_Point_29,SAT_47,5,07-Jan-2030 14:32:20,07-Jan-2030 14:33:10,50,NaN,NaN
Ground_Point_30,SAT_47,1,01-Jan-2030 02:57:30,01-Jan-2030 02:58:45,75,NaN,NaN
Ground_Point_30,SAT_47,2,04-Jan-2030 14:03:05,04-Jan-2030 14:04:25,80,NaN,NaN
Ground_Point_30,SAT_47,3,05-Jan-2030 03:04:35,05-Jan-2030 03:05:45,70,NaN,NaN
Ground_Point_31,SAT_47,1,04-Jan-2030 03:25:30,04-Jan-2030 03:26:30,60,NaN,NaN
Ground_Point_31,SAT_47,2,04-Jan-2030 14:04:15,04-Jan-2030 14:05:25,70,NaN,NaN
Ground_Point_31,SAT_47,3,05-Jan-2030 03:04:00,05-Jan-2030 03:04:45,45,NaN,NaN
Ground_Point_32,SAT_47,1,02-Jan-2030 02:32:55,02-Jan-2030 02:34:10,75,NaN,NaN
Ground_Point_32,SAT_47,2,02-Jan-2030 13:15:05,02-Jan-2030 13:16:25,80,NaN,NaN
Ground_Point_32,SAT_47,3,06-Jan-2030 02:39:55,06-Jan-2030 02:41:10,75,NaN,NaN
Ground_Point_32,SAT_47,4,06-Jan-2030 13:22:10,06-Jan-2030 13:23:20,70,NaN,NaN
Ground_Point_32,SAT_47,5,07-Jan-2030 13:00:45,07-Jan-2030 13:01:35,50,NaN,NaN
Ground_Point_33,SAT_47,1,01-Jan-2030 19:52:00,01-Jan-2030 19:53:15,75,NaN,NaN
Ground_Point_33,SAT_47,2,02-Jan-2030 08:54:15,02-Jan-2030 08:55:00,45,NaN,NaN
Ground_Point_33,SAT_47,3,03-Jan-2030 08:32:35,03-Jan-2030 08:33:25,50,NaN,NaN
Ground_Point_33,SAT_47,4,05-Jan-2030 19:59:15,05-Jan-2030 20:00:05,50,NaN,NaN
Ground_Point_33,SAT_47,5,06-Jan-2030 19:37:40,06-Jan-2030 19:38:25,45,NaN,NaN
Ground_Point_33,SAT_47,6,07-Jan-2030 08:39:25,07-Jan-2030 08:40:40,75,NaN,NaN
Ground_Point_34,SAT_47,1,01-Jan-2030 19:51:50,01-Jan-2030 19:52:50,60,NaN,NaN
Ground_Point_34,SAT_47,2,02-Jan-2030 08:54:35,02-Jan-2030 08:55:50,75,NaN,NaN
Ground_Point_34,SAT_47,3,05-Jan-2030 19:58:45,05-Jan-2030 20:00:00,75,NaN,NaN
Ground_Point_34,SAT_47,4,06-Jan-2030 09:01:40,06-Jan-2030 09:02:45,65,NaN,NaN
Ground_Point_35,SAT_47,1,02-Jan-2030 19:30:40,02-Jan-2030 19:31:55,75,NaN,NaN
Ground_Point_35,SAT_47,2,03-Jan-2030 08:31:50,03-Jan-2030 08:33:05,75,NaN,NaN
Ground_Point_35,SAT_47,3,06-Jan-2030 19:37:40,06-Jan-2030 19:39:00,80,NaN,NaN
Ground_Point_35,SAT_47,4,07-Jan-2030 08:38:55,07-Jan-2030 08:40:05,70,NaN,NaN
Ground_Point_36,SAT_47,1,03-Jan-2030 20:43:10,03-Jan-2030 20:44:25,75,NaN,NaN
Ground_Point_36,SAT_47,2,04-Jan-2030 09:44:35,04-Jan-2030 09:45:45,70,NaN,NaN
Ground_Point_36,SAT_47,3,07-Jan-2030 20:50:15,07-Jan-2030 20:51:25,70,NaN,NaN
Ground_Point_37,SAT_47,1,01-Jan-2030 21:24:30,01-Jan-2030 21:25:45,75,NaN,NaN
Ground_Point_37,SAT_47,2,03-Jan-2030 10:08:55,03-Jan-2030 10:10:10,75,NaN,NaN
Ground_Point_37,SAT_47,3,05-Jan-2030 21:31:35,05-Jan-2030 21:32:45,70,NaN,NaN
Ground_Point_37,SAT_47,4,07-Jan-2030 10:16:00,07-Jan-2030 10:17:05,65,NaN,NaN
Ground_Point_38,SAT_47,1,01-Jan-2030 21:23:40,01-Jan-2030 21:24:55,75,NaN,NaN
Ground_Point_38,SAT_47,2,03-Jan-2030 10:09:55,03-Jan-2030 10:10:30,35,NaN,NaN
Ground_Point_38,SAT_47,3,04-Jan-2030 09:48:30,04-Jan-2030 09:48:45,15,NaN,NaN
Ground_Point_38,SAT_47,4,05-Jan-2030 21:30:50,05-Jan-2030 21:31:50,60,NaN,NaN
Ground_Point_39,SAT_47,1,01-Jan-2030 22:59:25,01-Jan-2030 23:00:20,55,NaN,NaN
Ground_Point_39,SAT_47,2,02-Jan-2030 22:38:10,02-Jan-2030 22:38:25,15,NaN,NaN
Ground_Point_39,SAT_47,3,03-Jan-2030 11:43:10,03-Jan-2030 11:44:05,55,NaN,NaN
Ground_Point_39,SAT_47,4,06-Jan-2030 22:44:45,06-Jan-2030 22:45:50,65,NaN,NaN
Ground_Point_40,SAT_47,1,01-Jan-2030 23:00:25,01-Jan-2030 23:01:40,75,NaN,NaN
Ground_Point_40,SAT_47,2,02-Jan-2030 12:04:05,02-Jan-2030 12:04:55,50,NaN,NaN
Ground_Point_40,SAT_47,3,03-Jan-2030 11:42:35,03-Jan-2030 11:43:10,35,NaN,NaN
Ground_Point_40,SAT_47,4,05-Jan-2030 23:07:25,05-Jan-2030 23:08:40,75,NaN,NaN
Ground_Point_40,SAT_47,5,07-Jan-2030 11:49:20,07-Jan-2030 11:50:30,70,NaN,NaN
Ground_Point_41,SAT_47,1,01-Jan-2030 23:03:00,01-Jan-2030 23:04:00,60,NaN,NaN
Ground_Point_41,SAT_47,2,02-Jan-2030 12:01:25,02-Jan-2030 12:02:40,75,NaN,NaN
Ground_Point_41,SAT_47,3,02-Jan-2030 22:41:25,02-Jan-2030 22:42:20,55,NaN,NaN
Ground_Point_41,SAT_47,4,05-Jan-2030 23:10:30,05-Jan-2030 23:10:35,5,NaN,NaN
Ground_Point_41,SAT_47,5,06-Jan-2030 12:08:25,06-Jan-2030 12:09:40,75,NaN,NaN
Ground_Point_41,SAT_47,6,06-Jan-2030 22:48:20,06-Jan-2030 22:49:30,70,NaN,NaN
Ground_Point_42,SAT_47,1,01-Jan-2030 09:15:10,01-Jan-2030 09:16:15,65,NaN,NaN
Ground_Point_42,SAT_47,2,01-Jan-2030 19:53:15,01-Jan-2030 19:54:00,45,NaN,NaN
Ground_Point_42,SAT_47,3,02-Jan-2030 08:53:55,02-Jan-2030 08:54:20,25,NaN,NaN
Ground_Point_42,SAT_47,4,05-Jan-2030 09:22:30,05-Jan-2030 09:23:00,30,NaN,NaN
Ground_Point_42,SAT_47,5,05-Jan-2030 20:00:05,05-Jan-2030 20:01:15,70,NaN,NaN
Ground_Point_42,SAT_47,6,06-Jan-2030 09:00:35,06-Jan-2030 09:01:40,65,NaN,NaN
Ground_Point_43,SAT_47,1,01-Jan-2030 19:53:30,01-Jan-2030 19:54:10,40,NaN,NaN
Ground_Point_43,SAT_47,2,02-Jan-2030 08:52:50,02-Jan-2030 08:54:00,70,NaN,NaN
Ground_Point_43,SAT_47,3,02-Jan-2030 19:31:40,02-Jan-2030 19:32:45,65,NaN,NaN
Ground_Point_43,SAT_47,4,06-Jan-2030 09:00:00,06-Jan-2030 09:00:50,50,NaN,NaN
Ground_Point_43,SAT_47,5,06-Jan-2030 19:38:35,06-Jan-2030 19:39:55,80,NaN,NaN
Ground_Point_43,SAT_47,6,07-Jan-2030 08:38:20,07-Jan-2030 08:39:15,55,NaN,NaN
Ground_Point_44,SAT_47,1,03-Jan-2030 10:12:25,03-Jan-2030 10:13:35,70,NaN,NaN
Ground_Point_44,SAT_47,2,04-Jan-2030 21:49:55,04-Jan-2030 21:51:05,70,NaN,NaN
Ground_Point_44,SAT_47,3,07-Jan-2030 10:19:55,07-Jan-2030 10:20:10,15,NaN,NaN
Ground_Point_45,SAT_47,1,01-Jan-2030 21:24:00,01-Jan-2030 21:25:05,65,NaN,NaN
Ground_Point_45,SAT_47,2,03-Jan-2030 10:09:35,03-Jan-2030 10:10:50,75,NaN,NaN
Ground_Point_45,SAT_47,3,05-Jan-2030 21:30:55,05-Jan-2030 21:32:10,75,NaN,NaN
Ground_Point_45,SAT_47,4,07-Jan-2030 10:16:40,07-Jan-2030 10:17:45,65,NaN,NaN
Ground_Point_46,SAT_47,1,02-Jan-2030 11:33:35,02-Jan-2030 11:34:05,30,NaN,NaN
Ground_Point_46,SAT_47,2,03-Jan-2030 11:12:05,03-Jan-2030 11:12:25,20,NaN,NaN
Ground_Point_46,SAT_47,3,04-Jan-2030 23:59:55,05-Jan-2030 00:01:00,65,NaN,NaN
Ground_Point_46,SAT_47,4,07-Jan-2030 11:18:45,07-Jan-2030 11:19:50,65,NaN,NaN
Ground_Point_47,SAT_47,1,01-Jan-2030 11:55:05,01-Jan-2030 11:56:25,80,NaN,NaN
Ground_Point_47,SAT_47,2,04-Jan-2030 00:22:05,04-Jan-2030 00:23:10,65,NaN,NaN
Ground_Point_47,SAT_47,3,05-Jan-2030 12:02:10,05-Jan-2030 12:03:25,75,NaN,NaN
Ground_Point_48,SAT_47,1,01-Jan-2030 01:25:35,01-Jan-2030 01:26:40,65,NaN,NaN
Ground_Point_48,SAT_47,2,03-Jan-2030 12:47:55,03-Jan-2030 12:48:55,60,NaN,NaN
Ground_Point_48,SAT_47,3,05-Jan-2030 01:32:55,05-Jan-2030 01:33:20,25,NaN,NaN
Ground_Point_48,SAT_47,4,06-Jan-2030 01:11:15,06-Jan-2030 01:11:50,35,NaN,NaN
Ground_Point_49,SAT_47,1,01-Jan-2030 01:26:15,01-Jan-2030 01:27:20,65,NaN,NaN
Ground_Point_49,SAT_47,2,03-Jan-2030 12:47:35,03-Jan-2030 12:48:30,55,NaN,NaN
Ground_Point_49,SAT_47,3,05-Jan-2030 01:33:10,05-Jan-2030 01:34:30,80,NaN,NaN
Ground_Point_49,SAT_47,4,07-Jan-2030 12:54:25,07-Jan-2030 12:55:45,80,NaN,NaN
Ground_Point_50,SAT_47,1,02-Jan-2030 01:19:10,02-Jan-2030 01:20:05,55,NaN,NaN
Ground_Point_50,SAT_47,2,04-Jan-2030 13:45:05,04-Jan-2030 13:46:25,80,NaN,NaN
Ground_Point_50,SAT_47,3,07-Jan-2030 01:04:35,07-Jan-2030 01:05:30,55,NaN,NaN
Ground_Point_51,SAT_47,1,01-Jan-2030 03:06:55,01-Jan-2030 03:08:10,75,NaN,NaN
Ground_Point_51,SAT_47,2,01-Jan-2030 14:59:25,01-Jan-2030 15:00:40,75,NaN,NaN
Ground_Point_51,SAT_47,3,05-Jan-2030 03:13:55,05-Jan-2030 03:15:05,70,NaN,NaN
Ground_Point_51,SAT_47,4,05-Jan-2030 15:06:25,05-Jan-2030 15:07:40,75,NaN,NaN
Ground_Point_52,SAT_47,1,02-Jan-2030 06:02:25,02-Jan-2030 06:03:05,40,NaN,NaN
Ground_Point_52,SAT_47,2,03-Jan-2030 18:51:40,03-Jan-2030 18:52:00,20,NaN,NaN
Ground_Point_52,SAT_47,3,04-Jan-2030 18:30:00,04-Jan-2030 18:30:25,25,NaN,NaN
Ground_Point_52,SAT_47,4,06-Jan-2030 06:09:10,06-Jan-2030 06:10:20,70,NaN,NaN
Ground_Point_53,SAT_47,1,02-Jan-2030 06:01:50,02-Jan-2030 06:03:00,70,NaN,NaN
Ground_Point_53,SAT_47,2,04-Jan-2030 18:29:35,04-Jan-2030 18:30:50,75,NaN,NaN
Ground_Point_53,SAT_47,3,06-Jan-2030 06:09:05,06-Jan-2030 06:09:45,40,NaN,NaN
Ground_Point_54,SAT_47,1,01-Jan-2030 19:32:10,01-Jan-2030 19:33:25,75,NaN,NaN
Ground_Point_54,SAT_47,2,04-Jan-2030 06:55:45,04-Jan-2030 06:56:55,70,NaN,NaN
Ground_Point_54,SAT_47,3,05-Jan-2030 19:39:10,05-Jan-2030 19:40:25,75,NaN,NaN
Ground_Point_55,SAT_47,1,02-Jan-2030 07:39:10,02-Jan-2030 07:40:25,75,NaN,NaN
Ground_Point_55,SAT_47,2,03-Jan-2030 20:23:15,03-Jan-2030 20:24:30,75,NaN,NaN
Ground_Point_55,SAT_47,3,06-Jan-2030 07:46:15,06-Jan-2030 07:47:25,70,NaN,NaN
Ground_Point_55,SAT_47,4,07-Jan-2030 20:30:20,07-Jan-2030 20:31:30,70,NaN,NaN
Ground_Point_1,SAT_48,1,02-Jan-2030 06:29:25,02-Jan-2030 06:30:40,75,NaN,NaN
Ground_Point_1,SAT_48,2,03-Jan-2030 19:11:20,03-Jan-2030 19:12:35,75,NaN,NaN
Ground_Point_1,SAT_48,3,06-Jan-2030 06:36:30,06-Jan-2030 06:37:30,60,NaN,NaN
Ground_Point_1,SAT_48,4,07-Jan-2030 06:15:10,07-Jan-2030 06:15:30,20,NaN,NaN
Ground_Point_1,SAT_48,5,07-Jan-2030 19:18:15,07-Jan-2030 19:19:30,75,NaN,NaN
Ground_Point_2,SAT_48,1,02-Jan-2030 06:28:50,02-Jan-2030 06:29:45,55,NaN,NaN
Ground_Point_2,SAT_48,2,03-Jan-2030 06:07:35,03-Jan-2030 06:07:50,15,NaN,NaN
Ground_Point_2,SAT_48,3,03-Jan-2030 19:11:55,03-Jan-2030 19:13:00,65,NaN,NaN
Ground_Point_2,SAT_48,4,07-Jan-2030 06:14:05,07-Jan-2030 06:15:10,65,NaN,NaN
Ground_Point_2,SAT_48,5,07-Jan-2030 19:19:05,07-Jan-2030 19:19:40,35,NaN,NaN
Ground_Point_3,SAT_48,1,02-Jan-2030 06:29:20,02-Jan-2030 06:30:40,80,NaN,NaN
Ground_Point_3,SAT_48,2,03-Jan-2030 19:11:25,03-Jan-2030 19:12:35,70,NaN,NaN
Ground_Point_3,SAT_48,3,06-Jan-2030 06:36:25,06-Jan-2030 06:37:30,65,NaN,NaN
Ground_Point_3,SAT_48,4,07-Jan-2030 19:18:20,07-Jan-2030 19:19:35,75,NaN,NaN
Ground_Point_4,SAT_48,1,01-Jan-2030 18:21:00,01-Jan-2030 18:22:15,75,NaN,NaN
Ground_Point_4,SAT_48,2,04-Jan-2030 05:45:10,04-Jan-2030 05:46:15,65,NaN,NaN
Ground_Point_4,SAT_48,3,05-Jan-2030 18:28:00,05-Jan-2030 18:29:15,75,NaN,NaN
Ground_Point_5,SAT_48,1,03-Jan-2030 06:07:00,03-Jan-2030 06:07:30,30,NaN,NaN
Ground_Point_5,SAT_48,2,04-Jan-2030 05:45:15,04-Jan-2030 05:46:05,50,NaN,NaN
Ground_Point_5,SAT_48,3,04-Jan-2030 18:50:15,04-Jan-2030 18:51:05,50,NaN,NaN
Ground_Point_5,SAT_48,4,05-Jan-2030 18:28:55,05-Jan-2030 18:29:10,15,NaN,NaN
Ground_Point_6,SAT_48,1,01-Jan-2030 18:21:50,01-Jan-2030 18:22:00,10,NaN,NaN
Ground_Point_6,SAT_48,2,04-Jan-2030 05:45:05,04-Jan-2030 05:46:20,75,NaN,NaN
Ground_Point_6,SAT_48,3,05-Jan-2030 18:28:20,05-Jan-2030 18:29:20,60,NaN,NaN
Ground_Point_7,SAT_48,1,01-Jan-2030 06:52:35,01-Jan-2030 06:52:55,20,NaN,NaN
Ground_Point_7,SAT_48,2,01-Jan-2030 19:54:30,01-Jan-2030 19:55:40,70,NaN,NaN
Ground_Point_7,SAT_48,3,04-Jan-2030 07:21:15,04-Jan-2030 07:21:25,10,NaN,NaN
Ground_Point_7,SAT_48,4,05-Jan-2030 06:59:10,05-Jan-2030 07:00:10,60,NaN,NaN
Ground_Point_7,SAT_48,5,05-Jan-2030 20:01:25,05-Jan-2030 20:02:40,75,NaN,NaN
Ground_Point_8,SAT_48,1,01-Jan-2030 06:49:40,01-Jan-2030 06:50:55,75,NaN,NaN
Ground_Point_8,SAT_48,2,02-Jan-2030 19:34:50,02-Jan-2030 19:36:05,75,NaN,NaN
Ground_Point_8,SAT_48,3,05-Jan-2030 06:56:35,05-Jan-2030 06:57:55,80,NaN,NaN
Ground_Point_8,SAT_48,4,06-Jan-2030 19:41:55,06-Jan-2030 19:42:55,60,NaN,NaN
Ground_Point_9,SAT_48,1,01-Jan-2030 19:59:00,01-Jan-2030 20:00:15,75,NaN,NaN
Ground_Point_9,SAT_48,2,03-Jan-2030 07:38:10,03-Jan-2030 07:39:05,55,NaN,NaN
Ground_Point_9,SAT_48,3,05-Jan-2030 20:06:10,05-Jan-2030 20:06:55,45,NaN,NaN
Ground_Point_10,SAT_48,1,01-Jan-2030 19:59:05,01-Jan-2030 20:00:15,70,NaN,NaN
Ground_Point_10,SAT_48,2,03-Jan-2030 07:38:10,03-Jan-2030 07:39:00,50,NaN,NaN
Ground_Point_10,SAT_48,3,05-Jan-2030 20:06:15,05-Jan-2030 20:06:55,40,NaN,NaN
Ground_Point_11,SAT_48,1,01-Jan-2030 06:48:20,01-Jan-2030 06:49:10,50,NaN,NaN
Ground_Point_11,SAT_48,2,02-Jan-2030 19:36:35,02-Jan-2030 19:37:25,50,NaN,NaN
Ground_Point_11,SAT_48,3,05-Jan-2030 06:55:05,05-Jan-2030 06:56:15,70,NaN,NaN
Ground_Point_11,SAT_48,4,07-Jan-2030 19:21:55,07-Jan-2030 19:22:45,50,NaN,NaN
Ground_Point_12,SAT_48,1,01-Jan-2030 08:16:30,01-Jan-2030 08:17:30,60,NaN,NaN
Ground_Point_12,SAT_48,2,04-Jan-2030 20:33:40,04-Jan-2030 20:34:25,45,NaN,NaN
Ground_Point_12,SAT_48,3,05-Jan-2030 08:23:15,05-Jan-2030 08:24:35,80,NaN,NaN
Ground_Point_13,SAT_48,1,01-Jan-2030 08:19:55,01-Jan-2030 08:20:40,45,NaN,NaN
Ground_Point_13,SAT_48,2,03-Jan-2030 20:52:10,03-Jan-2030 20:53:10,60,NaN,NaN
Ground_Point_13,SAT_48,3,05-Jan-2030 08:26:35,05-Jan-2030 08:27:50,75,NaN,NaN
Ground_Point_14,SAT_48,1,02-Jan-2030 07:57:20,02-Jan-2030 07:57:55,35,NaN,NaN
Ground_Point_14,SAT_48,2,06-Jan-2030 08:04:00,06-Jan-2030 08:05:10,70,NaN,NaN
Ground_Point_15,SAT_48,1,01-Jan-2030 08:14:15,01-Jan-2030 08:15:35,80,NaN,NaN
Ground_Point_15,SAT_48,2,01-Jan-2030 20:06:35,01-Jan-2030 20:07:50,75,NaN,NaN
Ground_Point_15,SAT_48,3,05-Jan-2030 08:21:15,05-Jan-2030 08:22:25,70,NaN,NaN
Ground_Point_15,SAT_48,4,05-Jan-2030 20:13:35,05-Jan-2030 20:14:45,70,NaN,NaN
Ground_Point_16,SAT_48,1,03-Jan-2030 19:17:35,03-Jan-2030 19:18:35,60,NaN,NaN
Ground_Point_16,SAT_48,2,04-Jan-2030 07:14:10,04-Jan-2030 07:15:10,60,NaN,NaN
Ground_Point_16,SAT_48,3,07-Jan-2030 19:24:20,07-Jan-2030 19:25:35,75,NaN,NaN
Ground_Point_17,SAT_48,1,04-Jan-2030 20:33:05,04-Jan-2030 20:34:20,75,NaN,NaN
Ground_Point_17,SAT_48,2,05-Jan-2030 08:24:00,05-Jan-2030 08:24:55,55,NaN,NaN
Ground_Point_18,SAT_48,1,02-Jan-2030 22:47:15,02-Jan-2030 22:48:05,50,NaN,NaN
Ground_Point_18,SAT_48,2,04-Jan-2030 10:24:25,04-Jan-2030 10:25:25,60,NaN,NaN
Ground_Point_18,SAT_48,3,07-Jan-2030 22:32:35,07-Jan-2030 22:33:25,50,NaN,NaN
Ground_Point_19,SAT_48,1,01-Jan-2030 09:58:00,01-Jan-2030 09:59:10,70,NaN,NaN
Ground_Point_19,SAT_48,2,03-Jan-2030 22:22:50,03-Jan-2030 22:24:00,70,NaN,NaN
Ground_Point_19,SAT_48,3,05-Jan-2030 10:05:20,05-Jan-2030 10:05:45,25,NaN,NaN
Ground_Point_19,SAT_48,4,06-Jan-2030 09:43:35,06-Jan-2030 09:44:15,40,NaN,NaN
Ground_Point_19,SAT_48,5,07-Jan-2030 22:29:45,07-Jan-2030 22:31:00,75,NaN,NaN
Ground_Point_20,SAT_48,1,01-Jan-2030 09:54:05,01-Jan-2030 09:55:05,60,NaN,NaN
Ground_Point_20,SAT_48,2,03-Jan-2030 22:27:10,03-Jan-2030 22:27:30,20,NaN,NaN
Ground_Point_20,SAT_48,3,05-Jan-2030 10:00:55,05-Jan-2030 10:02:10,75,NaN,NaN
Ground_Point_21,SAT_48,1,01-Jan-2030 04:05:50,01-Jan-2030 04:07:05,75,NaN,NaN
Ground_Point_21,SAT_48,2,01-Jan-2030 14:47:45,01-Jan-2030 14:48:50,65,NaN,NaN
Ground_Point_21,SAT_48,3,02-Jan-2030 03:44:35,02-Jan-2030 03:45:00,25,NaN,NaN
Ground_Point_21,SAT_48,4,02-Jan-2030 14:26:10,02-Jan-2030 14:27:05,55,NaN,NaN
Ground_Point_21,SAT_48,5,05-Jan-2030 04:12:55,05-Jan-2030 04:13:55,60,NaN,NaN
Ground_Point_21,SAT_48,6,05-Jan-2030 14:54:55,05-Jan-2030 14:55:35,40,NaN,NaN
Ground_Point_21,SAT_48,7,06-Jan-2030 03:51:15,06-Jan-2030 03:52:15,60,NaN,NaN
Ground_Point_21,SAT_48,8,06-Jan-2030 14:33:00,06-Jan-2030 14:34:10,70,NaN,NaN
Ground_Point_22,SAT_48,1,01-Jan-2030 14:47:15,01-Jan-2030 14:47:45,30,NaN,NaN
Ground_Point_22,SAT_48,2,02-Jan-2030 03:44:45,02-Jan-2030 03:46:00,75,NaN,NaN
Ground_Point_22,SAT_48,3,02-Jan-2030 14:25:15,02-Jan-2030 14:26:30,75,NaN,NaN
Ground_Point_22,SAT_48,4,06-Jan-2030 03:51:40,06-Jan-2030 03:52:55,75,NaN,NaN
Ground_Point_22,SAT_48,5,06-Jan-2030 14:32:10,06-Jan-2030 14:33:30,80,NaN,NaN
Ground_Point_23,SAT_48,1,02-Jan-2030 03:43:45,02-Jan-2030 03:45:00,75,NaN,NaN
Ground_Point_23,SAT_48,2,02-Jan-2030 14:26:05,02-Jan-2030 14:27:15,70,NaN,NaN
Ground_Point_23,SAT_48,3,03-Jan-2030 14:04:35,03-Jan-2030 14:05:25,50,NaN,NaN
Ground_Point_23,SAT_48,4,06-Jan-2030 03:50:45,06-Jan-2030 03:51:55,70,NaN,NaN
Ground_Point_23,SAT_48,5,06-Jan-2030 14:33:15,06-Jan-2030 14:34:00,45,NaN,NaN
Ground_Point_23,SAT_48,6,07-Jan-2030 03:29:20,07-Jan-2030 03:30:00,40,NaN,NaN
Ground_Point_23,SAT_48,7,07-Jan-2030 14:11:20,07-Jan-2030 14:12:35,75,NaN,NaN
Ground_Point_24,SAT_48,1,02-Jan-2030 03:44:10,02-Jan-2030 03:45:25,75,NaN,NaN
Ground_Point_24,SAT_48,2,02-Jan-2030 14:25:40,02-Jan-2030 14:26:55,75,NaN,NaN
Ground_Point_24,SAT_48,3,06-Jan-2030 03:51:10,06-Jan-2030 03:52:20,70,NaN,NaN
Ground_Point_24,SAT_48,4,06-Jan-2030 14:32:40,06-Jan-2030 14:33:45,65,NaN,NaN
Ground_Point_24,SAT_48,5,07-Jan-2030 03:29:45,07-Jan-2030 03:30:25,40,NaN,NaN
Ground_Point_24,SAT_48,6,07-Jan-2030 14:11:10,07-Jan-2030 14:12:05,55,NaN,NaN
Ground_Point_25,SAT_48,1,03-Jan-2030 03:22:30,03-Jan-2030 03:23:50,80,NaN,NaN
Ground_Point_25,SAT_48,2,03-Jan-2030 14:03:35,03-Jan-2030 14:04:55,80,NaN,NaN
Ground_Point_25,SAT_48,3,07-Jan-2030 03:29:30,07-Jan-2030 03:30:45,75,NaN,NaN
Ground_Point_25,SAT_48,4,07-Jan-2030 14:10:35,07-Jan-2030 14:11:50,75,NaN,NaN
Ground_Point_26,SAT_48,1,03-Jan-2030 03:21:55,03-Jan-2030 03:22:45,50,NaN,NaN
Ground_Point_26,SAT_48,2,04-Jan-2030 03:00:05,04-Jan-2030 03:01:15,70,NaN,NaN
Ground_Point_26,SAT_48,3,04-Jan-2030 13:42:20,04-Jan-2030 13:43:40,80,NaN,NaN
Ground_Point_27,SAT_48,1,03-Jan-2030 03:23:10,03-Jan-2030 03:23:50,40,NaN,NaN
Ground_Point_27,SAT_48,2,03-Jan-2030 14:03:05,03-Jan-2030 14:04:15,70,NaN,NaN
Ground_Point_27,SAT_48,3,04-Jan-2030 03:01:20,04-Jan-2030 03:02:25,65,NaN,NaN
Ground_Point_27,SAT_48,4,04-Jan-2030 13:41:50,04-Jan-2030 13:42:10,20,NaN,NaN
Ground_Point_27,SAT_48,5,07-Jan-2030 14:10:10,07-Jan-2030 14:11:05,55,NaN,NaN
Ground_Point_28,SAT_48,1,01-Jan-2030 04:08:50,01-Jan-2030 04:09:55,65,NaN,NaN
Ground_Point_28,SAT_48,2,04-Jan-2030 15:13:40,04-Jan-2030 15:14:50,70,NaN,NaN
Ground_Point_28,SAT_48,3,05-Jan-2030 04:16:10,05-Jan-2030 04:16:30,20,NaN,NaN
Ground_Point_28,SAT_48,4,06-Jan-2030 03:54:15,06-Jan-2030 03:55:15,60,NaN,NaN
Ground_Point_29,SAT_48,1,01-Jan-2030 14:45:00,01-Jan-2030 14:46:15,75,NaN,NaN
Ground_Point_29,SAT_48,2,02-Jan-2030 03:46:45,02-Jan-2030 03:47:50,65,NaN,NaN
Ground_Point_29,SAT_48,3,05-Jan-2030 14:52:05,05-Jan-2030 14:53:05,60,NaN,NaN
Ground_Point_29,SAT_48,4,06-Jan-2030 03:54:00,06-Jan-2030 03:54:25,25,NaN,NaN
Ground_Point_29,SAT_48,5,06-Jan-2030 14:30:40,06-Jan-2030 14:31:15,35,NaN,NaN
Ground_Point_29,SAT_48,6,07-Jan-2030 03:32:05,07-Jan-2030 03:33:05,60,NaN,NaN
Ground_Point_30,SAT_48,1,03-Jan-2030 14:01:25,03-Jan-2030 14:02:40,75,NaN,NaN
Ground_Point_30,SAT_48,2,04-Jan-2030 03:02:45,04-Jan-2030 03:04:00,75,NaN,NaN
Ground_Point_30,SAT_48,3,07-Jan-2030 14:08:25,07-Jan-2030 14:09:35,70,NaN,NaN
Ground_Point_31,SAT_48,1,02-Jan-2030 14:24:35,02-Jan-2030 14:24:50,15,NaN,NaN
Ground_Point_31,SAT_48,2,03-Jan-2030 03:23:45,03-Jan-2030 03:24:50,65,NaN,NaN
Ground_Point_31,SAT_48,3,03-Jan-2030 14:02:30,03-Jan-2030 14:03:40,70,NaN,NaN
Ground_Point_31,SAT_48,4,04-Jan-2030 03:02:25,04-Jan-2030 03:02:55,30,NaN,NaN
Ground_Point_31,SAT_48,5,07-Jan-2030 03:30:55,07-Jan-2030 03:31:30,35,NaN,NaN
Ground_Point_31,SAT_48,6,07-Jan-2030 14:09:25,07-Jan-2030 14:10:40,75,NaN,NaN
Ground_Point_32,SAT_48,1,01-Jan-2030 02:31:15,01-Jan-2030 02:32:30,75,NaN,NaN
Ground_Point_32,SAT_48,2,01-Jan-2030 13:13:25,01-Jan-2030 13:14:40,75,NaN,NaN
Ground_Point_32,SAT_48,3,05-Jan-2030 02:38:10,05-Jan-2030 02:39:25,75,NaN,NaN
Ground_Point_32,SAT_48,4,05-Jan-2030 13:20:25,05-Jan-2030 13:21:35,70,NaN,NaN
Ground_Point_32,SAT_48,5,06-Jan-2030 12:59:05,06-Jan-2030 12:59:40,35,NaN,NaN
Ground_Point_33,SAT_48,1,01-Jan-2030 08:52:30,01-Jan-2030 08:53:25,55,NaN,NaN
Ground_Point_33,SAT_48,2,02-Jan-2030 08:31:00,02-Jan-2030 08:31:35,35,NaN,NaN
Ground_Point_33,SAT_48,3,04-Jan-2030 19:57:25,04-Jan-2030 19:58:25,60,NaN,NaN
Ground_Point_33,SAT_48,4,05-Jan-2030 19:36:00,05-Jan-2030 19:36:35,35,NaN,NaN
Ground_Point_33,SAT_48,5,06-Jan-2030 08:37:40,06-Jan-2030 08:38:50,70,NaN,NaN
Ground_Point_34,SAT_48,1,01-Jan-2030 08:52:55,01-Jan-2030 08:54:10,75,NaN,NaN
Ground_Point_34,SAT_48,2,04-Jan-2030 19:57:00,04-Jan-2030 19:58:10,70,NaN,NaN
Ground_Point_34,SAT_48,3,05-Jan-2030 08:59:55,05-Jan-2030 09:01:05,70,NaN,NaN
Ground_Point_35,SAT_48,1,01-Jan-2030 19:29:00,01-Jan-2030 19:30:15,75,NaN,NaN
Ground_Point_35,SAT_48,2,02-Jan-2030 08:30:05,02-Jan-2030 08:31:25,80,NaN,NaN
Ground_Point_35,SAT_48,3,05-Jan-2030 19:35:55,05-Jan-2030 19:37:10,75,NaN,NaN
Ground_Point_35,SAT_48,4,06-Jan-2030 08:37:05,06-Jan-2030 08:38:20,75,NaN,NaN
Ground_Point_36,SAT_48,1,02-Jan-2030 20:41:25,02-Jan-2030 20:42:45,80,NaN,NaN
Ground_Point_36,SAT_48,2,03-Jan-2030 09:42:50,03-Jan-2030 09:44:05,75,NaN,NaN
Ground_Point_36,SAT_48,3,06-Jan-2030 20:48:25,06-Jan-2030 20:49:35,70,NaN,NaN
Ground_Point_36,SAT_48,4,07-Jan-2030 09:49:55,07-Jan-2030 09:50:55,60,NaN,NaN
Ground_Point_37,SAT_48,1,02-Jan-2030 10:07:10,02-Jan-2030 10:08:25,75,NaN,NaN
Ground_Point_37,SAT_48,2,04-Jan-2030 21:29:45,04-Jan-2030 21:31:00,75,NaN,NaN
Ground_Point_37,SAT_48,3,06-Jan-2030 10:14:10,06-Jan-2030 10:15:20,70,NaN,NaN
Ground_Point_38,SAT_48,1,02-Jan-2030 10:08:05,02-Jan-2030 10:08:55,50,NaN,NaN
Ground_Point_38,SAT_48,2,04-Jan-2030 21:29:00,04-Jan-2030 21:30:05,65,NaN,NaN
Ground_Point_38,SAT_48,3,07-Jan-2030 09:53:20,07-Jan-2030 09:54:20,60,NaN,NaN
Ground_Point_39,SAT_48,1,02-Jan-2030 11:41:25,02-Jan-2030 11:42:25,60,NaN,NaN
Ground_Point_39,SAT_48,2,05-Jan-2030 22:43:05,05-Jan-2030 22:44:00,55,NaN,NaN
Ground_Point_39,SAT_48,3,07-Jan-2030 11:26:50,07-Jan-2030 11:27:40,50,NaN,NaN
Ground_Point_40,SAT_48,1,01-Jan-2030 12:02:20,01-Jan-2030 12:03:15,55,NaN,NaN
Ground_Point_40,SAT_48,2,02-Jan-2030 11:41:05,02-Jan-2030 11:41:15,10,NaN,NaN
Ground_Point_40,SAT_48,3,04-Jan-2030 23:05:40,04-Jan-2030 23:06:55,75,NaN,NaN
Ground_Point_40,SAT_48,4,06-Jan-2030 11:47:35,06-Jan-2030 11:48:40,65,NaN,NaN
Ground_Point_41,SAT_48,1,01-Jan-2030 11:59:40,01-Jan-2030 12:00:55,75,NaN,NaN
Ground_Point_41,SAT_48,2,01-Jan-2030 22:39:50,01-Jan-2030 22:40:35,45,NaN,NaN
Ground_Point_41,SAT_48,3,04-Jan-2030 23:08:30,04-Jan-2030 23:09:05,35,NaN,NaN
Ground_Point_41,SAT_48,4,05-Jan-2030 12:06:40,05-Jan-2030 12:07:55,75,NaN,NaN
Ground_Point_41,SAT_48,5,05-Jan-2030 22:46:35,05-Jan-2030 22:47:45,70,NaN,NaN
Ground_Point_42,SAT_48,1,03-Jan-2030 20:20:20,03-Jan-2030 20:20:45,25,NaN,NaN
Ground_Point_42,SAT_48,2,04-Jan-2030 09:20:40,04-Jan-2030 09:21:20,40,NaN,NaN
Ground_Point_42,SAT_48,3,04-Jan-2030 19:58:20,04-Jan-2030 19:59:25,65,NaN,NaN
Ground_Point_42,SAT_48,4,05-Jan-2030 08:58:55,05-Jan-2030 08:59:50,55,NaN,NaN
Ground_Point_43,SAT_48,1,01-Jan-2030 08:51:05,01-Jan-2030 08:52:20,75,NaN,NaN
Ground_Point_43,SAT_48,2,01-Jan-2030 19:30:00,01-Jan-2030 19:31:00,60,NaN,NaN
Ground_Point_43,SAT_48,3,05-Jan-2030 08:58:10,05-Jan-2030 08:59:05,55,NaN,NaN
Ground_Point_43,SAT_48,4,05-Jan-2030 19:36:50,05-Jan-2030 19:38:05,75,NaN,NaN
Ground_Point_43,SAT_48,5,06-Jan-2030 08:36:35,06-Jan-2030 08:37:25,50,NaN,NaN
Ground_Point_44,SAT_48,1,02-Jan-2030 10:10:40,02-Jan-2030 10:11:55,75,NaN,NaN
Ground_Point_44,SAT_48,2,03-Jan-2030 21:48:05,03-Jan-2030 21:49:20,75,NaN,NaN
Ground_Point_44,SAT_48,3,06-Jan-2030 10:17:55,06-Jan-2030 10:18:35,40,NaN,NaN
Ground_Point_44,SAT_48,4,07-Jan-2030 21:55:20,07-Jan-2030 21:56:05,45,NaN,NaN
Ground_Point_45,SAT_48,1,02-Jan-2030 10:07:50,02-Jan-2030 10:09:10,80,NaN,NaN
Ground_Point_45,SAT_48,2,04-Jan-2030 21:29:10,04-Jan-2030 21:30:25,75,NaN,NaN
Ground_Point_45,SAT_48,3,06-Jan-2030 10:14:50,06-Jan-2030 10:16:00,70,NaN,NaN
Ground_Point_46,SAT_48,1,01-Jan-2030 11:31:45,01-Jan-2030 11:32:35,50,NaN,NaN
Ground_Point_46,SAT_48,2,03-Jan-2030 23:58:10,03-Jan-2030 23:59:20,70,NaN,NaN
Ground_Point_46,SAT_48,3,06-Jan-2030 11:17:00,06-Jan-2030 11:18:00,60,NaN,NaN
Ground_Point_47,SAT_48,1,03-Jan-2030 00:20:25,03-Jan-2030 00:21:25,60,NaN,NaN
Ground_Point_47,SAT_48,2,04-Jan-2030 12:00:25,04-Jan-2030 12:01:40,75,NaN,NaN
Ground_Point_47,SAT_48,3,07-Jan-2030 00:27:15,07-Jan-2030 00:28:30,75,NaN,NaN
Ground_Point_48,SAT_48,1,02-Jan-2030 12:46:10,02-Jan-2030 12:47:15,65,NaN,NaN
Ground_Point_48,SAT_48,2,04-Jan-2030 01:31:00,04-Jan-2030 01:31:45,45,NaN,NaN
Ground_Point_48,SAT_48,3,05-Jan-2030 01:09:40,05-Jan-2030 01:09:55,15,NaN,NaN
Ground_Point_48,SAT_48,4,06-Jan-2030 12:53:30,06-Jan-2030 12:53:50,20,NaN,NaN
Ground_Point_48,SAT_48,5,07-Jan-2030 12:31:40,07-Jan-2030 12:32:25,45,NaN,NaN
Ground_Point_49,SAT_48,1,02-Jan-2030 12:45:55,02-Jan-2030 12:46:45,50,NaN,NaN
Ground_Point_49,SAT_48,2,04-Jan-2030 01:31:30,04-Jan-2030 01:32:45,75,NaN,NaN
Ground_Point_49,SAT_48,3,06-Jan-2030 12:52:40,06-Jan-2030 12:53:55,75,NaN,NaN
Ground_Point_50,SAT_48,1,01-Jan-2030 01:17:25,01-Jan-2030 01:18:25,60,NaN,NaN
Ground_Point_50,SAT_48,2,03-Jan-2030 13:43:20,03-Jan-2030 13:44:40,80,NaN,NaN
Ground_Point_50,SAT_48,3,06-Jan-2030 01:02:55,06-Jan-2030 01:03:35,40,NaN,NaN
Ground_Point_50,SAT_48,4,07-Jan-2030 13:50:25,07-Jan-2030 13:51:30,65,NaN,NaN
Ground_Point_51,SAT_48,1,04-Jan-2030 03:12:10,04-Jan-2030 03:13:25,75,NaN,NaN
Ground_Point_51,SAT_48,2,04-Jan-2030 15:04:40,04-Jan-2030 15:05:55,75,NaN,NaN
Ground_Point_52,SAT_48,1,01-Jan-2030 06:00:50,01-Jan-2030 06:01:20,30,NaN,NaN
Ground_Point_52,SAT_48,2,02-Jan-2030 18:49:45,02-Jan-2030 18:50:25,40,NaN,NaN
Ground_Point_52,SAT_48,3,05-Jan-2030 06:07:25,05-Jan-2030 06:08:35,70,NaN,NaN
Ground_Point_52,SAT_48,4,07-Jan-2030 18:34:55,07-Jan-2030 18:35:55,60,NaN,NaN
Ground_Point_53,SAT_48,1,01-Jan-2030 06:00:05,01-Jan-2030 06:01:20,75,NaN,NaN
Ground_Point_53,SAT_48,2,03-Jan-2030 18:27:50,03-Jan-2030 18:29:05,75,NaN,NaN
Ground_Point_53,SAT_48,3,05-Jan-2030 06:07:15,05-Jan-2030 06:08:05,50,NaN,NaN
Ground_Point_53,SAT_48,4,07-Jan-2030 18:34:55,07-Jan-2030 18:35:55,60,NaN,NaN
Ground_Point_54,SAT_48,1,03-Jan-2030 06:54:00,03-Jan-2030 06:55:10,70,NaN,NaN
Ground_Point_54,SAT_48,2,04-Jan-2030 19:37:25,04-Jan-2030 19:38:40,75,NaN,NaN
Ground_Point_54,SAT_48,3,07-Jan-2030 07:01:05,07-Jan-2030 07:02:00,55,NaN,NaN
Ground_Point_55,SAT_48,1,01-Jan-2030 07:37:30,01-Jan-2030 07:38:45,75,NaN,NaN
Ground_Point_55,SAT_48,2,02-Jan-2030 20:21:30,02-Jan-2030 20:22:50,80,NaN,NaN
Ground_Point_55,SAT_48,3,05-Jan-2030 07:44:25,05-Jan-2030 07:45:40,75,NaN,NaN
Ground_Point_55,SAT_48,4,06-Jan-2030 20:28:30,06-Jan-2030 20:29:45,75,NaN,NaN
